title,matched_gif_title,similarity,description,category,body_part,target_muscle_gifsrc,equipment,difficulty_level,rating,gif_url,source_a_id,source_b_id
Barbell Ab Rollout - On Knees,Barbell Rollout,0.8573,"The barbell roll-out is an abdominal exercise that utilizes a barbell in the place of an ab roller. It is best performed with a barbell that has rotating collars, and is considered more difficult than other ab roller variations. Many lifters may not be able to perform a single rep at first, but once they can perform these for reps, they'll be rewarded with a seriously strong core.",Strength,Abdominals,abs,Barbell,Intermediate,,https://fitnessprogramer.com/wp-content/uploads/2021/08/Barbell-Rollout.gif,97e483fd-107f-476a-9740-fddb93e4bb19,a9f97cd0-7a73-4bd2-a4ec-166e666811e0
Barbell Side Bend,Barbell Side Bend,1.0,No description available,Strength,Abdominals,abs,Barbell,Beginner,,https://fitnessprogramer.com/wp-content/uploads/2021/09/Barbell-Side-Bend.gif,02b28cdc-f82e-4544-9050-027bb4fae73d,8f6862ac-c798-4d57-8d83-99f7e668d88c
Seated bar twist,Seated Barbell Twist,0.8233,"The seated bar twist is a core exercise meant to strengthen the obliques. It is often performed for high reps with relatively light weight, such as an empty barbell, a lightweight fixed-weight bar, or even a PVC pipe. It can be performed during a workout, at the end of a workout, or outside of the gym to build core strength and resiliency.",Strength,Abdominals,abs,Barbell,Intermediate,,https://fitnessprogramer.com/wp-content/uploads/2021/09/Barbell-Seated-Twist.gif,8ff24581-60b8-4e7e-9ed2-ea2ab9482902,d251971d-bad1-4481-8300-cd8570c1c84d
Kettlebell Windmill,Kettlebell Windmill,1.0,"The single-kettlebell windmill is a dynamic kettlebell exercise emphasizing core strength and shoulder and hip mobility and stability. It is often used as a functional warm-up or for multi-directional strength work. It doesn't work as well in a metcon or conditioning setting, and shouldn't be performed under intense fatigue.",Strength,Abdominals,shoulders,Kettlebells,Intermediate,,https://fitnessprogramer.com/wp-content/uploads/2021/09/Kettlebell-Windmill.gif,8d3b51eb-1249-4a31-8329-34ea8f5b084d,efe508c9-43df-4432-a58d-9305ddda5c97
Kettlebell swing,Kettlebell Swings,1.0,"The kettlebell swing is a popular lower-body exercise emphasizing the hamstrings, glutes, and back muscles. It is often used to train explosive power, for aerobic or cardiovascular conditioning, in circuit training, or as an accessory movement for the deadlift.",Strength,Abdominals,full-body,Kettlebells,Intermediate,,https://fitnessprogramer.com/wp-content/uploads/2021/09/Kettlebell-Swings.gif,782b4f78-81cc-4203-9d62-7cc4f03df94e,123ffd0e-0216-4115-9fdd-be7a566429ee
Dumbbell side bend,Dumbbell Side Bend,1.0,"The dumbbell side bend is a popular exercise for targeting the oblique muscles of the abdomen. It is usually performed for relatively high reps, at least 8-12 reps per set or more. It can be performed one side at a time or alternating sides.",Strength,Abdominals,abs,Dumbbell,Intermediate,,https://fitnessprogramer.com/wp-content/uploads/2021/05/Dumbbell-Side-Bend.gif,e90e82f3-f920-46b9-b7bb-1f13affdb3dc,4ed3514a-a2cb-4aa4-a416-b87d0fecb43d
Landmine twist,Landmine Twist,1.0,"The landmine twist is a rotational abdominal movement performed using an angled barbell anchored at floor level in a landmine device. It can also be performed by sticking a barbell in the corner of a room, preferably in a towel to protect the walls. It targets the deep muscles of the core, including both the obliques and the transversus abdominis. It can be done fast or slow, for time or reps, either in traditional muscle-focused rep ranges such as 8-12 reps per side or for higher rep ranges.",Strength,Abdominals,abs,Other,Intermediate,,https://fitnessprogramer.com/wp-content/uploads/2021/06/Landmine-Twist.gif,c9066ef1-57e6-480e-a098-da4da2638d2f,bb560ed4-5b18-457e-91b1-634770ece903
Suspended ab fall-out,Suspended Ab Fall-out,1.0,"The suspended ab fall-out is a dynamic abdominal exercise utilizing a suspension strap system or gymnastic rings. It is similar in form to an ab roller, but can more easily be scaled to be more or less difficult. It targets the muscles of the rectus abdominis or ""six-pack"" muscles, as well as the deep core muscles. It can be trained for low reps for strength or higher reps for muscle definition.",Strength,Abdominals,abs,Other,Intermediate,,https://fitnessprogramer.com/wp-content/uploads/2022/08/Suspended-Ab-Fall-out.gif,7df579e3-e664-4668-89f2-933e1e242c0d,c3f44609-0150-4f64-8ea9-83c28d9cefdd
Weighted Sit-Ups - With Bands,Weighted Sit-ups,0.8545,"The weighted sit-up is a more difficult version of a highly popular abdominal movement. The simple addition of a weight makes the sit-up far more difficult, providing a different stimulus to the core during training and helping build strong abs.",Strength,Abdominals,abs,Other,Intermediate,,https://fitnessprogramer.com/wp-content/uploads/2021/05/weightedsitups.gif,d5ad4350-c4fb-4964-b31c-b8d38017e0d1,3d02897b-1822-4670-a4c6-0e312f861eb4
Captain's chair leg raise,Captains Chair Leg Raise,0.9865,"The captain's chair leg raise is a bodyweight exercise that targets the abs. It is performed on an apparatus that allows the forearms to rest on pads and the upright torso to hang freely. Leg raise variations are often performed for moderate to high reps, such as 8-12 reps or more, as part of ab-focused training.",Strength,Abdominals,abs,Other,Intermediate,,https://fitnessprogramer.com/wp-content/uploads/2021/05/Captains-Chair-Leg-Raise.gif,fcbf603b-a5bf-4fa1-a935-aba7ee9e57f1,66ac6a17-5784-41b7-b0a8-a09e1493a4d1
Weighted Crunch - Gethin Variation,Weighted Crunch,0.834,"The weighted sit-up is a more difficult version of a highly popular abdominal movement. The simple addition of a weight makes the sit-up far more difficult, providing a different stimulus to the core during training and helping build strong abs.",Strength,Abdominals,abs,Other,Intermediate,,https://fitnessprogramer.com/wp-content/uploads/2021/05/Weighted-Crunch.gif,47db36a9-b09b-410c-be2b-6d5dd85e2d6f,6f91fb7a-e8f6-41bf-a49c-6b94a9fe805f
Standing cable low-to-high twist,Standing Cable Low-To-High Twist,1.0,"The standing cable low-to-high twist is a core exercise targeting the upper abdominals and the obliques. Take care to perform it with control, as opposed to violent twisting which can injure the back. It is usually performed for moderate to high reps, at least 8-15 per side, as part of the core-focused portion of a workout.",Strength,Abdominals,abs,Cable,Intermediate,,https://fitnessprogramer.com/wp-content/uploads/2021/04/Standing-Cable-low-to-high-Twist.gif,7f9d9b1c-6be3-429d-ba99-8fbae1a5aace,8dbe5797-78aa-4b5c-a819-72692758b944
Kneeling cable crunch,Kneeling Cable Crunch,1.0,"The kneeling cable crunch is a popular core isolation exercise using a rope attachment and cable stack while kneeling on the floor. It primarily targets the rectus abdominis or ""six-pack"" muscles, but also strengthens the deep core muscles. It is most commonly performed early in an ab workout, usually in moderate to high reps, such as 8-12 reps per set or higher.",Strength,Abdominals,abs,Cable,Intermediate,,https://fitnessprogramer.com/wp-content/uploads/2021/02/Kneeling-Cable-Crunch.gif,67e87e0f-58d1-4bf8-ad77-47ac4641bb8d,e26f0949-714c-4d8a-abc6-903cf985114f
Standing cable crunch,Standing Cable Crunch,1.0,"The standing cable crunch is a popular core isolation exercise using a rope attachment. It primarily targets the rectus abdominis or ""six-pack"" muscles, but also strengthens the deep core muscles. It is most commonly performed early in an ab workout, usually in moderate to high reps, such as 8-12 reps per set or higher.",Strength,Abdominals,abs,Cable,Intermediate,,https://fitnessprogramer.com/wp-content/uploads/2021/09/Standing-Cable-Crunch.gif,38863ecd-c790-49a3-8c05-bd0e3e03e379,dbfe1441-8491-453d-903f-83a9d418eaa5
Standing cable high-to-low twist,Standing Cable High-To-Low Twist,1.0,"The standing cable high-to-low twist is a core exercise targeting the lower abdominals and the obliques. Take care to perform it with control, as opposed to violent twisting which can injure the back. It is usually performed for moderate to high reps, at least 8-15 per side, as part of the core-focused portion of a workout.",Strength,Abdominals,abs,Cable,Intermediate,,https://fitnessprogramer.com/wp-content/uploads/2021/06/Standing-Cable-High-To-Low-Twist.gif,2e3051ec-10df-445d-a74f-fda7885f7847,69c866d0-9b81-4208-92c8-b9c1666f7c25
Bent-Over Reverse Cable Fly,Bent Over Reverse Cable Fly,1.0,No description available,Strength,Abdominals,trapezius,Cable,Intermediate,,https://fitnessprogramer.com/wp-content/uploads/2021/04/bent-over-reverse-cable-fly.gif,b8f74b7e-1da4-428c-bdbe-c2154a89e810,7316fda3-56e8-41d4-8321-493fde82bb9f
Standing cable twist,Standing Cable Twist,1.0,"The standing cable twist is a core exercise that targets the abdominals, particularly the obliques. Take care to perform it with control, as opposed to violent twisting which can injure the back. It is usually performed for moderate to high reps, at least 8-15 per side, as part of the core-focused portion of a workout.",Strength,Abdominals,abs,Cable,Intermediate,,https://fitnessprogramer.com/wp-content/uploads/2021/06/standing-cable-twist.gif,64d84bb6-28e7-4d35-a782-1810a29d9f68,f4cba0c9-0337-4d46-8e3a-ab68ec431162
Ab Crunch Machine,Seated Ab Crunch Machine,0.8632,"The machine crunch is a machine-based exercise targeting the abdominal muscles. It involves sitting upright in the machine and curling the torso down toward the chest against some pre-set level of resistance. On some machines, the knees also curl up torward the torso. Crunch machines usually use extra resistance in the form of selectorized weight stacks or plate loading, and are often performed for moderate to high reps, like 8-12 reps per set or higher, as part of the ab-focused portion of a workout.",Strength,Abdominals,abs,Machine,Intermediate,,https://fitnessprogramer.com/wp-content/uploads/2022/10/Seated-Ab-Crunch-Machine.gif,4dd8194c-fc02-4f8d-a0f7-a2cc14b2c323,700fdcb8-bd83-435f-8aeb-fc1ffbf66da1
Machine crunch,Seated Crunch Machine,0.8444,"The machine crunch is a machine-based exercise targeting the abdominal muscles. It involves sitting upright in the machine and curling the torso down against a pre-set level of resistance. On some machines, the knees also curl up toward the torso. Crunch machines usually use extra resistance in the form of selectorized weight stacks or plate loading, and are often performed for moderate to high reps, such as 8-12 reps per set or more, as part of the ab-focused portion of a workout.",Strength,Abdominals,abs,Machine,Intermediate,,https://fitnessprogramer.com/wp-content/uploads/2021/09/Seated-Crunch-Machine.gif,24813be3-e19d-4116-8128-cf7e6b604b8d,658eea7e-081d-4307-9e7e-a82483949dc2
Elbow plank,Plank Knee to Elbow,0.8514,"The elbow plank is a popular isometric abdominal exercise. It is common in all types of exercise programs, as well as in group fitness and yoga classes. It targets the muscles of the core, the deep core or transversus abdominis in particular. It is also often prescribed for time to help back pain or to teach proper bracing.",Strength,Abdominals,abs,Body Only,Intermediate,,https://fitnessprogramer.com/wp-content/uploads/2021/02/PLANK-KNEE-TO-ELBOW.gif,9eaf12aa-1541-4337-aba5-3f09bf894e87,ce1b89ae-3f58-4230-99b2-0c25b09427c7
Hanging leg raise,Hanging Knee Raises,0.8442,"The hanging leg raise is an exercise targeting the abs, but which also works the lats and hip flexors. Instead of resting your forearms on the pads of a captain's chair, you perform these hanging from a bar. Experienced lifters make these look easy, but beginners may need time to build up to sets of 8-12 reps.",Strength,Abdominals,abs,Body Only,Intermediate,,https://fitnessprogramer.com/wp-content/uploads/2021/02/Hanging-Knee-Raises.gif,a803f4c6-fe0d-4d06-aea5-0b929775408a,bd53d65d-e484-4630-8a59-ed5d166016c1
Mountain climber,Mountain Climber,1.0,"The mountain climber is a popular bodyweight exercise targeting the muscles of the core, as well as the shoulders, hips, and cardiovascular system. It involves lifting one knee to the chest at a time from a straight-arm plank position. It can be performed for time or reps as part of a dynamic warm-up, for bodyweight cardio or conditioning, or as no-equipment dynamic core training.",Plyometrics,Abdominals,abs,Body Only,Intermediate,,https://fitnessprogramer.com/wp-content/uploads/2021/02/Mountain-climber.gif,cd2c355f-96b8-4402-9ce3-155c9e2f7c54,90132da4-0e5f-4725-8e5b-2d7fb63e46a1
Reverse crunch,Reverse Crunch,1.0,"The reverse crunch is a popular exercise targeting the abdominals, particularly the lower half. It’s easy to perform on either the floor or a flat bench. Many lifters think of this as a companion to the crunch, which targets the upper abdominals more than the lower.",Strength,Abdominals,abs,Body Only,Intermediate,,https://fitnessprogramer.com/wp-content/uploads/2021/02/Reverse-Crunch-1.gif,a59816a6-2fba-4324-ab7e-38c710c29160,9f49a025-1ae3-4174-8d48-11cdbbecc17d
Crunches,Crunches,1.0,"The crunch is a popular core exercise targeting the rectus abdominis, or ""six-pack"" muscles, as well as the obliques. It has been the centerpiece of many ab-focused workouts, due to both its simplicity and the intense burn and mind-muscle connection it produces. It can be performed for time or reps as part of the ab-focused portion of any workout.",Strength,Abdominals,abs,Body Only,Intermediate,,https://fitnessprogramer.com/wp-content/uploads/2015/11/Crunch.gif,5cd7d5a4-5f50-412f-b413-abeaaf2f253a,fe439a4e-f76f-4b5a-9ccc-a5a19a23ff3c
Russian twist,Russian Twist,1.0,"The Russian twist is an exercise targeting the abdominals and the obliques. Beginning from a position that resembles stopping midway through a sit-up, it involves twisting side to side. It can be performed with body weight alone or while holding a weight plate or other object. It is performed by alternating sides with each rep and can be done for time or for a specific number of reps as part of the ab-focused portion of any workout.",Strength,Abdominals,abs,Body Only,Intermediate,,https://fitnessprogramer.com/wp-content/uploads/2021/02/Russian-Twist.gif,4d2a689c-d6b3-4a91-a408-f8e9c04949e8,27996618-c68f-4af1-80a4-98ce78236e68
Side Bridge,Side Bridge,1.0,"The side plank is a popular isometric abdominal exercise focusing on the oblique muscles, as well as the transversus abdominis or deep core muscles. It is sometimes paired with the curl up and bird dog as the “McGill big three” for core strength and stability. It is performed for time and can work in a warm-up or in the core-focused portion of any workout.",Strength,Abdominals,abs,Body Only,Intermediate,,https://fitnessprogramer.com/wp-content/uploads/2021/05/Side-Bridge.gif,6d206ae7-d354-49ac-88e7-e59341ad8f1c,0ddea2d7-c223-450d-8bf1-e96160c09e2f
Side Jackknife,Jackknife Sit-ups (V-Up),0.8543,No description available,Strength,Abdominals,abs,Body Only,Intermediate,,https://fitnessprogramer.com/wp-content/uploads/2021/02/Jackknife-Sit-ups.gif,471befe7-1421-48f8-b176-0fd195300625,4cfb4787-36ef-4673-adde-ec134bafbcac
Scissor Kick,Lying Scissor Kick,0.9068,No description available,Stretching,Abdominals,abs,Body Only,Intermediate,,https://fitnessprogramer.com/wp-content/uploads/2021/05/Lying-Scissor-Kick.gif,98e1fea9-7a27-4afa-aae9-e784f10cc5bb,f53f2658-0e39-4b71-ab13-5fa5098ec9f5
Cross Crunch,Cross Crunch,1.0,No description available,Strength,Abdominals,abs,Body Only,Beginner,,https://fitnessprogramer.com/wp-content/uploads/2022/07/Cross-Crunch.gif,79439254-4a5d-4fe8-81be-4facae743dc1,c5b18c8b-4d46-46c1-83f9-39305082cd9c
Crab toe-touch,Crab Twist Toe Touch,0.8669,"The crab toe-touch is a full-body exercise targeting the glutes, hamstrings, quads, and core. It is a challenging move that trains balance, core strength, and many muscle groups, making it work well in a time-efficient bodyweight circuit workout.",Strength,Abdominals,abs,Body Only,Intermediate,,https://fitnessprogramer.com/wp-content/uploads/2021/05/Crab-Twist-Toe-Touch.gif,5e845b2b-a788-4d36-a5d3-9c7cd12de111,171e5dc5-ee22-44fc-bad9-66300e32c258
Bear crawl,Bear Crawl,1.0,"The bear crawl is a popular bodyweight crawling exercise. While it looks simple, the bear crawl is an intense full-body movement that targets the cardiovascular system as well as a wide range of muscle groups, the shoulders, core, and legs in particular. It can be done as a full-body warm-up, in short bursts for power or circuit training, or for longer durations as cardiovascular conditioning.",Strength,Abdominals,abs,Body Only,Intermediate,,https://fitnessprogramer.com/wp-content/uploads/2021/02/Bear-Crawl.gif,7670f59b-8293-464a-bf00-57fbb74994ef,97ed2308-7c16-4dc6-ace3-93c1970951b2
Shoulder tap,Shoulder Tap Push-up,0.8895,"The shoulder tap is an exercise targeting the abdominals and core. The basic stance matches the top of a push-up position. From there, one hand is raised to tap its opposing shoulder. A tap with each hand to each opposing shoulder equals one rep.",Strength,Abdominals,chest,Body Only,Intermediate,,https://fitnessprogramer.com/wp-content/uploads/2022/08/Shoulder-Tap-Push-up.gif,3e999a63-417e-4e69-935f-a6583e018629,57045035-4b05-406f-9d5a-6621ab4d36c2
Double crunch,Double Crunches,0.8318,"The double crunch is a bodyweight exercise focused on the muscles of the core, the rectus abdominis or ""six-pack"" muscles in particular. It's a very simple exercise that involves ""crunching"" the knees and elbows toward each other using the abdominal muscles, while keeping the back flat against the ground.",Strength,Abdominals,abs,Body Only,Intermediate,,https://fitnessprogramer.com/wp-content/uploads/2021/02/Double-Crunches.gif,1f176fb6-c102-412f-8cfc-a8b119d290a1,7ed1337d-cde3-439f-93e5-9e72281f3066
Flutter kick,Flutter Kick,1.0,"The flutter kick is a core exercise where the legs are held off the ground as you flutter your feet over and under each other in small motions. It targets multiple muscles of the core, but particularly the rectus abdominis or ""six-pack"" muscles. It can be performed for time or reps in the ab-focused portion of any workout.",Strength,Abdominals,abs,Body Only,Intermediate,,https://fitnessprogramer.com/wp-content/uploads/2021/02/Flutter-Kicks.gif,33363579-f697-4960-9df8-7a37b62893ed,5d5abb08-0f7c-4ad2-9fa0-b58658670578
Spider plank jack,Spider Plank,0.8683,"The spider plank jack is a bodyweight core exercise that begins in a straight-arm plank, then combines a spider crunch and a plank jack into a single sequence. It can be performed as bodyweight core training or for conditioning in a fat-loss or athleticism-focused circuit.",Strength,Abdominals,abs,Body Only,Intermediate,,https://fitnessprogramer.com/wp-content/uploads/2021/05/Spider-Plank.gif,0405749a-1c03-4e62-a6af-78dab4a54977,0e2f0a13-c581-41bf-a607-e386b467bc9e
Plank leg raise,Side Plank Leg Raises,0.8682,"The plank leg raise is an isometric abdominal exercise that targets the muscles of the core, the deep core or transversus abdominis in particular. It also targets the muscles of the glutes and hips. It can be performed for time or reps in the ab-focused portion of any workout.",Strength,Abdominals,abs,Body Only,Intermediate,,https://fitnessprogramer.com/wp-content/uploads/2021/02/Side-Plank-Leg-Raises.gif,346ad3f6-ab58-4271-bc36-87552dbc8129,b76574c0-d74a-4908-8b8e-eddca609f05a
TBS Toes-to-bar,Toes to Bar,0.8496,"The hanging toes-to-bar is an advanced abdominal exercise in which the lifter touches their feet to a pull-up bar. There are many ways to perform this movement: strict or swinging, arms completely straight or slightly bent, legs straight or bent, each providing unique benefits and challenges. Initially, it may be a difficult move to do for a single rep, but once you build the requisite core, lat, and shoulder strength, it can be performed for higher reps.",Strength,Abdominals,abs,Body Only,Intermediate,,https://fitnessprogramer.com/wp-content/uploads/2022/01/Toes-to-Bar.gif,15bfa9b1-851c-4f31-a378-fa7e90a2507b,e0bee1ff-15f3-462a-b1ef-4ffc5fe6389d
FYR Mountain Climber,TRX Mountain Climber,0.8583,"The mountain climber is a popular bodyweight exercise targeting the muscles of the core, as well as the shoulders, hips, and cardiovascular system. It involves lifting one knee to the chest at a time from a straight-arm plank position. It can be performed for time or reps as part of a dynamic warm-up, for bodyweight cardio or conditioning, or as no-equipment dynamic core training.",Strength,Abdominals,abs,Body Only,Intermediate,,https://fitnessprogramer.com/wp-content/uploads/2022/08/TRX-Mountain-Climber.gif,e5d91c16-04c8-4eeb-977d-c1ae4de23b40,ea1c7839-b349-4fed-93d9-2dc2c850c7ba
Cross-body mountain climber,Cross Body Mountain Climber,1.0,"The cross-body mountain climber is a popular bodyweight exercise targeting the muscles of the core, as well as the shoulders, hips, and cardiovascular system. It is different from a traditional mountain climber because you bring the knee to the opposite side of the body rather than simply to the chest. It can be performed for time or reps as part of a dynamic warm-up, for bodyweight cardio or conditioning, or as no-equipment dynamic core training.",Strength,Abdominals,abs,Body Only,Intermediate,,https://fitnessprogramer.com/wp-content/uploads/2022/07/Cross-Body-Mountain-Climber.gif,9bb00e86-7868-440b-a6d3-caf848e8beca,d3d5f693-9106-4eb9-8530-3b725bccfe6d
HM Toe Touch,Push-up Toe Touch,0.8473,No description available,Strength,Abdominals,cardio,Body Only,Intermediate,,https://fitnessprogramer.com/wp-content/uploads/2022/02/Push-up-Toe-Touch.gif,c40aaffb-d8cd-4ef8-b497-f11c9314ca06,ec2d9f32-888d-48ce-96fa-758cc15d072a
HM Boat Pose,Boat Pose,0.9587,No description available,Strength,Abdominals,abs,Body Only,Intermediate,,https://fitnessprogramer.com/wp-content/uploads/2022/01/Boat-Pose-Stretch.gif,22e9c024-dd35-41d3-86ce-e20c51e1ef76,61a0cd4c-d29e-48d9-9a9a-758e51277d48
HM Seated Twist,Seated Cable Twist,0.8342,No description available,Strength,Abdominals,abs,Body Only,Intermediate,,https://fitnessprogramer.com/wp-content/uploads/2022/02/Seated-Cable-Twist.gif,992f7819-b5ff-4eaa-bb9e-1403dde4dd5d,4119a396-719e-45a3-8af7-a94bf51df47a
HM Dead Bug,Dead Bug,0.9486,No description available,Strength,Abdominals,abs,Body Only,Intermediate,,https://fitnessprogramer.com/wp-content/uploads/2021/05/Dead-Bug.gif,c4a373d7-950a-4e87-8177-042865a36af0,c59911a1-dd72-4393-a590-0cd7fd607121
HM Floor Wiper,Dumbbell Floor Wipers,0.8791,No description available,Strength,Abdominals,abs,Body Only,Intermediate,,https://fitnessprogramer.com/wp-content/uploads/2023/06/Dumbbell-Floor-Wipers.gif,cf13bc35-4825-4080-b589-949775235098,3b49e80a-f9e2-47a2-91b0-c0fc6b0b99d1
HM Hollow Hold,Hollow Hold,0.9653,No description available,Strength,Abdominals,abs,Body Only,Intermediate,,https://fitnessprogramer.com/wp-content/uploads/2021/02/HollowHold-360x360.png,e183af35-f408-41ec-9c02-d426f8d0aa92,3e75394b-2149-4c32-b763-d517d59b9ae8
HM Mountain Climber,Mountain Climber,0.98,No description available,Strength,Abdominals,cardio,Body Only,Intermediate,,https://fitnessprogramer.com/wp-content/uploads/2021/02/Mountain-climber.gif,1fdf3661-474b-4061-b238-8d040152cee8,357a8aea-a151-4f2d-9614-1e51eb83393b
HM Plank,Plank,0.8918,No description available,Strength,Abdominals,abs,Body Only,Intermediate,,https://fitnessprogramer.com/wp-content/uploads/2021/02/plank.gif,25d7c3f6-7c25-4611-aff1-4205018e24bb,66ce3f14-81f8-41ce-90e5-5ccc33d2e07f
Side plank,Side Plank,1.0,"The side plank is a popular isometric abdominal exercise focusing on the oblique muscles, as well as the transversus abdominis or deep core muscles. It is sometimes paired with the curl up and bird dog as the “McGill big three” for core strength and stability. It is performed for time and can work in a warm-up or in the core-focused portion of any workout.",Strength,Abdominals,abs,Body Only,Intermediate,,https://fitnessprogramer.com/wp-content/uploads/2021/02/Side-Plank-1-360x360.png,4560e3c3-539a-45d7-a7cd-844483023a54,10e1f9a9-80f3-4936-ba09-963a1b555514
Bird dog-,Bird Dog,1.0,"The bird dog is a core exercise designed to help strengthen and stabilize the posterior chain. It involves lifting an opposite-side arm and leg while in a bent-leg tabletop position. It is most commonly performed as part of a dynamic warm-up, or for mobility and muscle activation anytime.",Strength,Abdominals,erector-spinae,Body Only,Intermediate,,https://fitnessprogramer.com/wp-content/uploads/2022/07/Bird-Dog.gif,f3047f37-6d31-49f0-ab4d-29b65a6363ae,2a2415b6-2db1-4b63-90ed-08a454c7ae0a
UNS Inverted row,Inverted Row,0.8959,No description available,Strength,Abdominals,chest,Body Only,Intermediate,,https://fitnessprogramer.com/wp-content/uploads/2021/06/Inverted-Row.gif,db4195a4-3143-4ebc-9a97-6f95f8a86a2e,3f98a362-e907-45a6-b690-56674dc13c39
30 Flutter Kick,Seated Flutter Kick,0.8726,"The flutter kick is a core exercise where the legs are held off the ground as you flutter your feet over and under each other in small motions. It targets multiple muscles of the core, but particularly the rectus abdominis or ""six-pack"" muscles. It can be performed for time or reps in the ab-focused portion of any workout.",Strength,Abdominals,abs,Body Only,Intermediate,,https://fitnessprogramer.com/wp-content/uploads/2022/02/Seated-Flutter-Kick.gif,9f7da4e6-2eab-4ede-bdff-b8b4f76f2797,4db0c958-0c3f-42f4-b047-c0673f097ded
Toe-touch,Push-up Toe Touch,0.8876,"The toe-touch is a bodyweight movement that targets the muscles of the abs, the rectus abdominis or ""six-pack"" muscles in particular. It can be performed for time or reps in the ab-focused portion of any workout.",Strength,Abdominals,full-body,Body Only,Intermediate,,https://fitnessprogramer.com/wp-content/uploads/2022/02/Push-up-Toe-Touch.gif,28bf8ccc-5bb7-4aef-a56f-a03617895bbe,9c9b318f-e6cd-49d1-bf2b-a09cb9ac6522
Cat-cow,Cat Cow Pose,0.823,Cat-cow is a traditional yoga pose that is also popular in fitness and strength training. It targets spinal mobility and control of the vertebral column. It can be performed for time or reps as part of a dynamic warm-up or as a mobility or restorative exercise anytime. It can also work as part of a yoga or bodyweight sequence with other poses.,Strength,Abdominals,erector-spinae,Body Only,Intermediate,,https://fitnessprogramer.com/wp-content/uploads/2021/02/cat-cow.gif,3b61661d-aa5d-4035-bba1-d090c4563d65,44845702-eb72-4d19-99d7-6b06c6187b00
MetaBurn Side Plank Oblique Crunch,Side Plank Oblique Crunch,0.8507,No description available,Strength,Abdominals,abs,Body Only,Intermediate,,https://fitnessprogramer.com/wp-content/uploads/2022/11/Side-Plank-Oblique-Crunch.gif,6450f473-94fd-4b5e-85ee-a7b74bb69a77,f1d03da8-5818-4277-9933-02da7612bc7b
Medicine ball rotational throw,Medicine Ball Rotational Throw,1.0,"The medicine ball rotational throw is an explosive exercise targeting the abdominals, including the obliques, as well as the hips and upper back. It involves standing sideways to the wall and twisting the torso to hurl a medicine ball into the wall, then catching the ball on the ricochet. It can be performed for lower reps with a focus on power, or for higher reps with a focus on fat loss and conditioning.",Strength,Abdominals,abs,Medicine Ball,Intermediate,,https://fitnessprogramer.com/wp-content/uploads/2023/12/Medicine-Ball-Rotational-Throw.gif,6ca2d433-98de-411e-a593-36f25ab85736,8a8c053e-cb2e-4773-b4a9-fc0b3e289c80
30 Medicine Ball Slam,One Arm Medicine Ball Slam,0.8997,"The medicine ball slam is an explosive exercise for developing power, strength, and speed. Muscles worked include the abdominals, legs, triceps, shoulders, and lats. The slams are usually done in rapid succession to complete one set. It can also be a component of a power or athleticism-focused circuit workout.",Strength,Abdominals,shoulders,Medicine Ball,Intermediate,,https://fitnessprogramer.com/wp-content/uploads/2024/06/One-Arm-Medicine-Ball-Slam.gif,ff2c20df-176e-4f4f-ae00-24fa161911b8,ccbca40f-8cd5-4768-bc82-0600018e97c0
Decline sit-up,Decline Sit-up,1.0,"The decline sit-up is a bodyweight core exercise that works the rectus abdominis or ""six pack"" muscles. Sit-up variations are usually performed for moderate to high reps, such as 10-15 reps per set or more, as part of the core-focused portion of a workout.",Strength,Abdominals,abs,Bodyweight,Intermediate,,https://fitnessprogramer.com/wp-content/uploads/2021/05/Decline-Sit-up.gif,3a9c9b7e-4de0-4d60-84c7-20933e044771,bc343a3d-ee84-45bb-a574-959ce3b359ee
Hanging Windshield Wiper,Hanging Windshield Wiper,1.0,"The hanging windshield wiper is an advanced abdominal training exercise that is also extremely challenging to other muscles of the upper body, including the lats (latissimus dorsi), biceps, and grip. It requires—and builds—great strength in the rectus abdominis or ""six-pack"" muscles, as well as the obliques and deep core muscles. If you can't perform it hanging from a bar, the lying windshield wiper on the floor provides some of the same benefits.",Strength,Abdominals,abs,Bodyweight,Intermediate,,https://fitnessprogramer.com/wp-content/uploads/2022/01/Hanging-Windshield-Wiper.gif,4acf58b3-3e32-4e1c-a6e8-3180b31d20a4,5a04e2fb-0c9b-478d-9764-1de4c9b37661
Windmills,Dumbbell Windmill,0.8975,No description available,Stretching,Abductors,shoulders,Body Only,Intermediate,,https://fitnessprogramer.com/wp-content/uploads/2022/07/Dumbbell-Windmill.gif,4c506993-c830-4b84-9c98-836a00fef125,7e0c9e7f-05fa-40cc-a3e6-caf8ce48a129
Standing hip circle,Standing Leg Circles,0.8854,"The standing hip circle is a bodyweight exercise targeting the hips and abductor muscles. It is a classic way to ""limber up"" after sitting for a long period or before a lower-body workout or sports. It requires no equipment and can be helpful for everyone from beginners to advanced fitness enthusiasts.",Stretching,Abductors,leg,Body Only,Intermediate,,https://fitnessprogramer.com/wp-content/uploads/2023/10/Standing-Leg-Circles.gif,192c28fb-0d53-45a9-8976-cc8c2a062341,22b24553-e8e8-469d-89b6-f85cc434f664
Adductor/Groin,Seated Groin / Adductor Stretch,0.8532,No description available,Stretching,Adductors,leg,Bodyweight,Beginner,,https://fitnessprogramer.com/wp-content/uploads/2021/05/Seated-Adductor-Groin-Stretch.gif,c4938c81-b463-456c-8c64-43f216702b2f,49b3ab48-7ab7-4dfb-8508-0d5f6cd1f696
Brachialis SMR,Brachialis Pull-up,0.8602,"Brachialis self-myofascial release (SMR) is a self-administered soft-tissue treatment for the upper body, usually using a foam roller, lacrosse ball, or other ""trigger point"" massage tool. By applying pressure strategically to the biceps or brachialis muscles of the upper arm, some people find they can cause this often painful and tight muscle to relax or ""release."" Brachialis SMR is often accompanied by SMR on the triceps muscles or pectorals, or by stretches that target the biceps or pecs.",Stretching,Biceps,back,Foam Roll,Beginner,,https://fitnessprogramer.com/wp-content/uploads/2021/04/Brachialis-Pull-up.gif,4aa7ad45-8719-4a63-bf83-2ab47dc59401,496a3d04-ec1d-4ef7-87d8-13480955fdfa
Close-grip EZ-bar curl,Close Grip Z-Bar Curl,0.8992,"The close-grip EZ-bar curl is an exercise targeting the biceps, particularly the long head. The main difference between this exercise and standard EZ-bar curls is that the hands are positioned closer together on the bar. It is thought that this helps build the outer biceps head and the peak. This curl variation is usually performed for moderate to high reps, such as 8-12 reps per set.",Strength,Biceps,biceps,Barbell,Beginner,,https://fitnessprogramer.com/wp-content/uploads/2021/06/Close-Grip-Z-Bar-Curl.gif,3c2f86fb-d0c7-4b53-820e-3737aa661fcd,e0224ebc-6ddf-4c83-b2ed-207c80065f43
Preacher Curl,Lever Preacher Curl,0.8546,"The EZ-bar preacher curl is a classic exercise for building bigger biceps. This move is all about isolation. With the back of the upper arms against the pad, it’s next to impossible to cheat. Go light, get a great pump, and build that peak!",Strength,Biceps,biceps,Barbell,Intermediate,,https://fitnessprogramer.com/wp-content/uploads/2021/04/Lever-Preacher-Curl.gif,70e3d349-5da0-4efb-b8a0-51ddc546b43b,7b8973fe-7ba7-4168-a62e-10a8b6ed2530
Seated Close-Grip Concentration Barbell Curl,Seated Close-Grip Concentration Curl,0.952,No description available,Strength,Biceps,biceps,Barbell,Beginner,,https://fitnessprogramer.com/wp-content/uploads/2021/04/Seated-close-grip-concentration-curl.gif,0a1e58e2-706e-4788-95a3-c8234506643f,fbd7adc7-1379-42e2-8b86-54ef57d6c720
Close-grip barbell curl,Close Grip Barbell Curl,1.0,"The close-grip barbell curl is a curl variation where the hands are closer than shoulder width. It is thought that this helps build the outer biceps head and the peak. This curl variation is usually performed for moderate to high reps, such as 8-12 reps per set.",Strength,Biceps,biceps,Barbell,Beginner,,https://fitnessprogramer.com/wp-content/uploads/2022/07/close-grip-barbell-curl.gif,d5468b13-42ed-4410-8452-d1cdd4aba195,fd0ae69b-ea74-4e0e-bc68-b15d62a78b8c
Drag curl,Barbell Drag Curl,0.8353,"The drag curl is a biceps exercise that attempts to remove the influence of the front deltoids on the classic curl. With the elbows kept back, the barbell ""drags"" up the torso. It is usually performed for moderate to high reps, such as 8-15 reps per set, as part of an upper-body or arms-focused workout.",Strength,Biceps,biceps,Barbell,Beginner,,https://fitnessprogramer.com/wp-content/uploads/2022/12/Barbell-Drag-Curl.gif,5ea5d6a5-1a7d-4b21-af29-b5723a9221e2,a22ab1da-471e-4328-9282-7b3fa8318053
Reverse-grip barbell curl,Barbell Reverse Curl,0.8841,"The reverse-grip barbell curl is a variation on the biceps curl where the palms face downward. The switch from an underhand to an overhand grip brings the forearm and brachialis muscles more into the exercise. If it is uncomfortable to the wrists, try performing it on the angles of an EZ-curl bar.",Strength,Biceps,forearm,Barbell,Intermediate,,https://fitnessprogramer.com/wp-content/uploads/2021/02/Barbell-Reverse-Curl.gif,3980f860-466d-402b-b018-a6714310e31d,fa30adc9-467c-4a20-8621-68c0d5295ffa
Lying High Bench Barbell Curl,Lying High Bench Barbell Curl,1.0,No description available,Strength,Biceps,biceps,Barbell,Beginner,,https://fitnessprogramer.com/wp-content/uploads/2022/04/Lying-High-Bench-Barbell-Curl.gif,37efff2a-ddc5-408a-86ba-7be074df218b,8e59a531-767e-4d8f-af4e-510cc5e41c80
Reverse-grip EZ-bar curl,Reverse Grip EZ-Bar Curl,1.0,"The reverse-grip EZ-bar curl is an exercise targeting the biceps and forearms. Because grip strength is a limitation with this move, it is often performed for moderate to high reps as part of an upper-body or arm-focused workout.",Strength,Biceps,biceps,Barbell,Intermediate,,https://fitnessprogramer.com/wp-content/uploads/2021/08/Reverse-Grip-EZ-Bar-Curl.gif,6fc8e476-3bff-4c93-a2cf-338014b662c4,05e2bf0c-247f-47af-bcea-2b40f282fcb5
Barbell curl-,Barbell Curl,1.0,"The barbell curl is an arm exercise that is also one of the most recognizable movements in all of bodybuilding and fitness. It helps build sleeve-popping biceps and allows heavier loading than many other curl variations. It is usually performed in moderate to high reps, such as 8-12 reps per set, as part of the arm-focused portion of any workout.",Strength,Biceps,biceps,Barbell,Intermediate,,https://fitnessprogramer.com/wp-content/uploads/2021/02/Barbell-Curl.gif,62bcc2cf-db0d-41f1-8895-2060613e91d6,c7f44a83-b6bf-43e7-aa1b-c85bed684261
EZ-bar preacher curl,EZ Bar Preacher Curl,1.0,"The EZ-bar preacher curl is a classic exercise for building bigger biceps. This move is all about isolation. With the back of the upper arms against the pad, it's next to impossible to use momentum which forces the muscles to work harder.",Strength,Biceps,biceps,Barbell,Intermediate,,https://fitnessprogramer.com/wp-content/uploads/2021/02/Z-Bar-Preacher-Curl.gif,fa42cf91-f872-40e4-b0f4-872fedab99af,b2ddc6c8-ab03-46c0-97cc-88fb76f2a053
Hammer Curls,Seated Hammer Curl,0.8268,"This curl is performed simultaneously with dumbbells but without wrist supination. Throughout each rep, the wrists remain neutral, like a carpenter hammering a nail.",Strength,Biceps,forearm,Dumbbell,Intermediate,,https://fitnessprogramer.com/wp-content/uploads/2021/04/Seated-Hammer-Curl.gif,cb6abf33-abef-4539-8a4c-b1e1aa89d3b4,722bc02c-fc84-463f-a72c-aa17c41d49bd
Concentration curl,Concentration Curl,1.0,"The concentration curl is a classic exercise for building the biceps one arm at a time. It can be performed bent over or kneeling, but is more often performed seated on a bench. It's great for emphasizing the biceps peak and is often used to finish a biceps workout. Like most curl variations, these are usually performed for moderate to high reps, such as 8-12 reps per set or more.",Strength,Biceps,biceps,Dumbbell,Intermediate,,https://fitnessprogramer.com/wp-content/uploads/2021/02/Concentration-Curl.gif,011a2f44-0d79-4798-b117-6a089dd89044,4c7d8abf-fe2d-46ad-bb3a-727d6e9f01a7
Flexor Incline Dumbbell Curls,Flexor Incline Dumbbell Curls,1.0,No description available,Strength,Biceps,biceps,Dumbbell,Beginner,,https://fitnessprogramer.com/wp-content/uploads/2022/02/Flexor-Incline-Dumbbell-Curls.gif,848bd9ba-bbe3-4a3a-83b6-08b05c2a9954,384ffe6f-be8b-42be-a25a-a2421a33f59d
Dumbbell Alternate Bicep Curl,Barbell Alternate Biceps Curl,0.8482,"The alternating biceps curl is a single-joint exercise for building bigger and stronger biceps one arm at a time. Popular among gym goers of all experience levels, this move can be done seated or standing. It is generally performed for moderate to high reps, such as 8-12 reps or higher, as part of the arm-focused portion of a workout.",Strength,Biceps,biceps,Dumbbell,Intermediate,,https://fitnessprogramer.com/wp-content/uploads/2022/02/Barbell-Alternate-Biceps-Curl.gif,1e4c79ad-7182-494d-9f46-b119b6985eca,873cae78-4639-44ae-ab01-16748e92fd84
Single-arm dumbbell preacher curl,Single Arm Cable Preacher Curl,0.8529,"The single-arm dumbbell preacher curl is an exercise that focuses on building the biceps, particularly the biceps peak. Most people will go light on this movement, performing it for moderate to high reps as part of an upper-body or arms-focused workout.",Strength,Biceps,biceps,Dumbbell,Intermediate,,https://fitnessprogramer.com/wp-content/uploads/2021/04/cable-preacher-curls.gif,e6f7a9de-3753-40f2-975d-a88e182614d7,689feada-ae5b-45d0-a09a-3bbff994c2fe
Standing concentration curl,Standing Barbell Concentration Curl,0.9418,"The standing concentration curl is a variation on the more common seated concentration curl, which is a staple of bodybuilding arm routines. It can serve as a substitute for preacher curl variations if a preacher bench is unavailable and is also a classic way to focus in on the biceps peak. It is usually performed for moderate to high reps, such as 8-10 reps per set, with a focus on strict form and controlled tempo.",Strength,Biceps,biceps,Dumbbell,Beginner,,https://fitnessprogramer.com/wp-content/uploads/2023/10/Standing-Barbell-Concentration-Curl.gif,a489f1b6-42b9-4ad0-8723-6686c37db5e8,c545f5c2-fbc7-4a59-9bf4-8b3a6c30103b
Preacher Hammer Dumbbell Curl,Dumbbell Preacher Hammer (Scott) Curl,1.0,No description available,Strength,Biceps,biceps,Dumbbell,Beginner,,https://fitnessprogramer.com/wp-content/uploads/2022/02/Dumbbell-Preacher-Hammer-Curl.gif,cf8c787a-1398-462f-a940-3bb4910db64a,ffb095ce-1659-4a9f-81eb-ba3d1a849dc6
Dumbbell preacher curl,Dumbbell Preacher Curl,1.0,"The dumbbell preacher curl is an exercise that focuses on building the biceps, particularly the biceps peak. All you need is a pair of dumbbells and a preacher bench. It's usually performed for moderate to high reps as part of an upper-body or arms-focused workout.",Strength,Biceps,biceps,Dumbbell,Intermediate,,https://fitnessprogramer.com/wp-content/uploads/2021/02/Dumbbell-Preacher-Curl.gif,f184ca57-a36e-4109-8ba8-8ba57190e1cc,166145ef-0a96-49c7-af9d-c653f5347275
Seated hammer curl,Seated Hammer Curl,1.0,"The seated hammer curl is a popular exercise for building bigger biceps and forearms. The movement resembles hammering a nail—hence the name. While curls can effectively be performed standing as well, performing them seated can enforce strict form and perhaps boost the mind-muscle connection. Like most curl variations, these are usually performed for moderate to high reps, such as 8-12 reps per set or more.",Strength,Biceps,biceps,Dumbbell,Intermediate,,https://fitnessprogramer.com/wp-content/uploads/2021/04/Seated-Hammer-Curl.gif,1fc4a8c1-cee8-4057-b15d-cc335f84b99c,3ad3a6d0-4572-42b7-8d88-e52252c077f5
Reverse-grip dumbbell curl,Dumbbell Reverse Curl,0.8784,"With the reverse-grip dumbbell curl, the palms face down, not up. This unorthodox wrist position simultaneously targets the biceps while also building forearm and grip strength. The move can be performed standing or seated. Because grip is a limiting factor, it is usually performed for moderate to high reps, such as 8-10 reps per set.",Strength,Biceps,biceps,Dumbbell,Intermediate,,https://fitnessprogramer.com/wp-content/uploads/2021/04/dumbbell-reverse-curl.gif,3cb7204a-694e-42fd-b550-f58cbf62aafd,0380f0a9-fcb8-4359-8c1d-9ce8bc550c7f
Hammer curl,Hammer Curl,1.0,"The hammer curl is a dumbbell movement that focuses on the biceps, brachialis, and forearm muscles. Throughout each rep, the wrists remain neutral, like a carpenter hammering a nail. It is generally performed for moderate to high reps, such as 8-12 reps or more, as part of the arm-focused portion of a workout.",Strength,Biceps,biceps,Dumbbell,Intermediate,,https://fitnessprogramer.com/wp-content/uploads/2021/02/Hammer-Curl.gif,5ec3dd6c-3a31-4851-b1be-ac6d49c57533,ed0a49a2-0641-4072-949c-b8a19ed1ff1c
Overhead cable curl,Overhead Cable Curl,1.0,"Also known as a crucifix curl, the overhead cable curl is a biceps-focused exercise performed between two cable stacks, using a pair of D-handles. The arms and elbows are held at shoulder height throughout the movement, and both hands curl in toward the ears. This position is designed to eliminate shoulder involvement and momentum, while targeting the biceps peak. This movement is generally done for moderate to high reps, such as 8-12 reps per set or more, as part of arm-focused training.",Strength,Biceps,biceps,Cable,Intermediate,,https://fitnessprogramer.com/wp-content/uploads/2021/04/overhead-cable-curl.gif,03379c70-2b83-4cc3-ab85-da5381fd2aa1,7c7caef2-1a91-45f3-ab33-511f5b8d3e52
Cable rope hammer curl,Cable Rope Hammer Curl,1.0,"The cable rope hammer curl is a popular arm-focused exercise performed with a rope handle attached by a cable to a weight stack. It uses a neutral (palms facing one another) grip, which targets the forearms and brachialis muscles in addition to the biceps. Because grip is a limitation, it is usually performed for moderate to high reps, such as 8-12 reps per set or more.",Strength,Biceps,biceps,Cable,Intermediate,,https://fitnessprogramer.com/wp-content/uploads/2021/06/rope-bicep-curls.gif,b8bc9a22-f1a1-45eb-97b3-691ff7b65822,52c3168c-865d-478f-ad1e-b8dfc1fd43ad
Single-arm cable biceps curl,High Cable Single Arm Bicep Curl,0.9002,"The single-arm cable biceps curl is a single-joint isolation exercise for building the biceps. This move is intended to be strict and deliberate; this is not an exercise for using momentum or otherwise cheating. It is usually performed for moderate to high reps, such as 8-12 reps or more per set, as part of an arm-focused workout.",Strength,Biceps,biceps,Cable,Intermediate,,https://fitnessprogramer.com/wp-content/uploads/2021/04/High-Cable-Single-Arm-Bicep-Curl.gif,cb4a6956-8edf-4aab-a532-caa213e4e041,34f84b21-603e-4b3d-9018-133abb2601a8
30 Arms Cable Concentration Curl,Cable Concentration Curl,0.9219,No description available,Strength,Biceps,biceps,Cable,Intermediate,,https://fitnessprogramer.com/wp-content/uploads/2021/04/Cable-Concentration-Curl.gif,91e4a0aa-1af0-4f8b-91cb-b2df6b8b174e,dc41726d-7b9c-45d6-b71b-96d5534228a0
Machine Bicep Curl,Biceps Curl Machine,1.0,No description available,Strength,Biceps,biceps,Machine,Beginner,,https://fitnessprogramer.com/wp-content/uploads/2021/09/Bicep-Curl-Machine.gif,06b553ca-e8c8-43ff-8e20-2f04a37980f6,69f2142b-6324-41f1-a75c-1eb361bdb4d2
Seated Biceps,Seated Biceps Curl,0.8938,No description available,Stretching,Biceps,biceps,Body Only,Beginner,,https://fitnessprogramer.com/wp-content/uploads/2021/04/seated-biceps-curl.gif,1a4f54d2-e804-4913-b358-782b8ac9698e,1b788552-3136-4aa6-be18-d590456eda0e
Posterior Tibialis Stretch,Posterior Tibialis Stretch,1.0,No description available,Stretching,Calves,calf,Bands,Intermediate,,https://fitnessprogramer.com/wp-content/uploads/2022/02/Posterior-Tibialis-Stretch.gif,2f1034fd-4f0f-443f-8342-d7cb6eeab28b,dc2688d9-7fdf-4ba3-985e-8d9ab189d269
Standing barbell calf raise,Standing Barbell Calf Raise,1.0,"The standing barbell calf raise is a popular exercise to target the calf muscles of the lower leg, particularly the gastrocnemius muscle. It can be performed for time or for reps, either using a barbell or Smith machine bar if balance is a problem.",Strength,Calves,calf,Barbell,Beginner,,https://fitnessprogramer.com/wp-content/uploads/2022/04/Standing-Barbell-Calf-Raise.gif,4567e8ef-ed9d-478d-96cf-c61a73b7afcb,c176711f-c1a6-4e2f-8ed3-630dade85be1
Barbell Seated Calf Raise,Barbell Seated Calf Raise,1.0,No description available,Strength,Calves,calf,Barbell,Beginner,,https://fitnessprogramer.com/wp-content/uploads/2021/09/Barbell-Seated-Calf-Raise.gif,ccfc3675-4ff4-499d-969f-329c99e7eeb4,5d250624-ba89-4108-a53d-763e6ab2e23e
Weighted donkey calf raise,Weighted Donkey Calf Raise,1.0,"The weighted donkey calk raise is a strength and muscle-building exercise focused on the muscles of the lower leg, most prominently the gastrocnemius muscle. While traditional donkey calf raises involved either a specific machine or carrying another person on one's back, this method uses a weight belt. It can be done in traditional muscle-building rep ranges, or for higher reps as part of lower-body training.",Strength,Calves,calf,Other,Intermediate,,https://fitnessprogramer.com/wp-content/uploads/2022/04/Weighted-Donkey-Calf-Raise.gif,db0fcf87-1954-4404-8cf6-ba30ba3c63db,ed0d92ff-ded5-4069-8ba1-50a07c8e3402
Single-leg machine seated calf raise,Single Calf Raise on Leg Press Machine,0.8232,"The single-leg machine seated calf raise is an exercise targeting the calf muscles of the lower leg, particularly the soleus muscle. It is usually performed for moderate to high reps, such as 8-12 reps per set, but occasionally for higher reps of 20 per set or more.",Strength,Calves,calf,Other,Intermediate,,https://fitnessprogramer.com/wp-content/uploads/2022/02/Single-Calf-Raise-on-Leg-Press-Machine.gif,861efd8b-f3df-46e6-af33-85a189e9fd3f,360d3146-4dbe-4291-a7e5-dd55784dd81f
Standing Calf Raises,Standing Calf Raise,1.0,"The standing calf raise is a popular movement to target the calf muscles of the lower leg, and in particular the gastrocnemius muscles. When unweighted, it is usually performed for high reps or for time.",Strength,Calves,calf,Machine,Beginner,,https://fitnessprogramer.com/wp-content/uploads/2021/06/Standing-Calf-Raise.gif,83789588-a5d1-4d51-bb69-14b229142c4c,1341abcd-8451-496b-a262-71b24ca69476
Seated Calf Raise,Lever Seated Calf Raise,0.8393,"The machine seated calf raise is an exercise targeting the calf muscles of the lower leg, particularly the soleus muscle. It is usually performed for moderate to high reps, such as 8-12 reps per set, and occasionally for very high burnout-focused sets of 50-100 total reps.",Strength,Calves,calf,Machine,Intermediate,,https://fitnessprogramer.com/wp-content/uploads/2021/06/Lever-Seated-Calf-Raise.gif,a0ccad3d-e87d-4d1c-bc57-a5c3d37a9ecd,f10ba177-1ac1-42cb-a46c-6801c2d78c76
Calf Press On The Leg Press Machine,Seated Calf Press on Leg Press Machine,0.8501,"The leg press calf raise is an exercise that uses the leg press machine to work the calves. With the toes and balls of your feet on the platform but heels off, you push forward to work the calves.",Strength,Calves,calf,Machine,Intermediate,,https://fitnessprogramer.com/wp-content/uploads/2022/02/Seated-Calf-Press-on-Leg-Press-Machine.gif,25bbddcf-81d6-4934-9863-a3ec38ac8e4d,86131c04-9a3e-4c57-a623-ffcfc0b6dbd3
Donkey Calf Raise - Gethin Variation,Donkey Calf Raise,0.8739,"The donkey calk raise is a strength and muscle-building exercise focused on the muscles of the lower leg, most prominently the gastrocnemius muscle. While traditional donkey calf raises involved either a specific machine or carrying another person on one's back, this method uses a weight belt. It can be done in traditional muscle-building rep ranges, or for higher reps as part of lower-body training.",Strength,Calves,calf,Machine,Intermediate,,https://fitnessprogramer.com/wp-content/uploads/2021/09/Donkey-Calf-Raise.gif,16837986-e48e-4bda-b026-2aaaac2cda7c,d47d1a05-44d8-4b1f-b391-25c71cb08e19
Hack squat calf raise,Hack Squat Calf Raise,1.0,"The hack squat calf raise is a variation of the standing calf raise performed in a hack squat machine. This allows for heavy loading, but also shoulder comfort from the pads of the hack squat. Calf raise variations are often performed for relatively high reps, such as 10-20 reps per set or more.",Strength,Calves,calf,Machine,Intermediate,,https://fitnessprogramer.com/wp-content/uploads/2021/05/Hack-Squat-Calf-Raise.gif,0a56f257-e28f-486e-8084-d2738b718f96,5b98b778-b6d5-4372-b18d-b704e5fe2ffc
Leg press calf raise,Leg Press Calf Raise,1.0,"The leg press calf raise is a variation of the standing calf raise performed in a leg press machine. This allows for heavy loading, but also shoulder comfort from the pads of the leg press. Calf raise variations are often performed for relatively high reps, such as 10-20 reps per set or more.",Strength,Calves,calf,Machine,Intermediate,,https://fitnessprogramer.com/wp-content/uploads/2021/05/Leg-Press-Calf-Raise.gif,d102ccca-0146-4f67-9ad5-21c63741c66a,78ff22bb-f578-4f1f-9a7b-d1a57bd14b4f
Knee Circles,Knee Circles,1.0,No description available,Stretching,Calves,leg,Body Only,Beginner,,https://fitnessprogramer.com/wp-content/uploads/2022/06/Knee-Circles.gif,d0ab249e-ea97-4aed-93ae-cb8757cb172b,a0a263eb-e20f-4bb2-bc76-1018512ba68c
Standing Gastrocnemius Calf Stretch,Standing Gastrocnemius Calf Stretch,1.0,No description available,Stretching,Calves,calf,Body Only,Intermediate,,https://fitnessprogramer.com/wp-content/uploads/2022/02/Standing-Gastrocnemius-Calf-Stretch.gif,d43d435e-0a5a-4f63-be14-45fb7516cf86,b9f2271f-c5f7-4858-bf9f-34b3c1bbff9e
Wall calf stretch,Standing Wall Calf Stretch,0.8326,The wall calf stretch is a stretch targeting the calf muscles. This is a simple way to stretch these often-tight muscles without any equipment needed.,Stretching,Calves,calf,Body Only,Intermediate,,https://fitnessprogramer.com/wp-content/uploads/2022/02/Standing-Wall-Calf-Stretch.gif,03db2c93-492b-4cc5-ad7a-713ce3ab2e9e,187dfb1b-aa86-4a65-8291-2b77f72f14d9
Close-grip bench press,Close Grip Bench Press,1.0,"The close-grip bench press is a popular exercise targeting the triceps and chest. The main difference between this exercise and the standard bench press is that the hands and elbows are placed closer together, which places more of an emphasis on the triceps. The close-grip bench press is often used as an accessory movement for the traditional bench press, or as a triceps builder for arm training. Similar to the bench press, it can be trained in low reps for strength or higher reps for muscle or strength endurance.",Strength,Chest,chest,Barbell,Intermediate,,https://fitnessprogramer.com/wp-content/uploads/2021/02/Close-Grip-Bench-Press.gif,11c89ff2-f79f-451b-8f9b-d532a20ece10,c4cdbb53-fa05-4382-8e60-7605c2908f81
Decline barbell bench press,Decline Barbell Bench Press,1.0,"The decline barbell bench press is a popular upper-body exercise targeting the lower pectoral muscles. While it can be a strength-focused movement, it is usually performed for moderate to high reps, such as 8-12 reps per set or more, as part of upper-body or chest-focused training.",Strength,Chest,chest,Barbell,Intermediate,,https://fitnessprogramer.com/wp-content/uploads/2021/03/Decline-Barbell-Bench-Press.gif,cf6c96f9-f383-416c-8e9e-3fefdc9f5102,45fdfe0d-909e-4737-9f03-9b7524f87700
Wide-grip bench press,Wide Grip Bench Press,1.0,"The wide-grip bench press is a compound exercise targeting the chest and, to a lesser extent, the triceps. The main difference between this exercise and the standard bench press is that the hands are placed farther apart on the bar. Many lifters find they can handle more weight going wide than with narrower grips, although it's also worth noting that plenty of banged-up lifters have said benching with a wide grip may also have contributed to their shoulder injuries and pain. The wide-grip bench is often used as a chest-building movement in chest or upper-body workouts, or as an accessory movement for the traditional bench press.",Strength,Chest,chest,Barbell,Beginner,,https://fitnessprogramer.com/wp-content/uploads/2021/07/Wide-Grip-Barbell-Bench-Press.gif,63ddd1e5-b241-434a-85c9-ffc4d1309c5e,fd106560-0d12-44c9-be46-ecd8508e2e45
Bench press,Bench Press,1.0,"The bench press is a popular barbell exercise that builds strength and muscle in the chest, triceps, and shoulders. It is a popular way to measure overall upper-body strength, and is contested in the sport of powerlifting. When many people think of lifting, the bench press is often the first exercise that comes to mind. It can be performed for low reps for strength, higher reps for muscle, or for higher reps to build or measure strength endurance, like in the 225-pound bench press rep test in the NFL combine.",Strength,Chest,chest,Barbell,Intermediate,,https://fitnessprogramer.com/wp-content/uploads/2021/02/Barbell-Bench-Press.gif,312a7031-a330-4922-ad89-d604be7b37e1,aaacf4e0-c08e-456b-82c8-82b721c4695f
UP Close-Grip Bench Press,Close Grip Bench Press,0.9813,The close-grip bench pressis a compound exercise targeting the triceps and chest. The main difference between this exercise and the standard bench press is that the hands and elbows are placed closer together.,Strength,Chest,triceps,Barbell,Intermediate,,https://fitnessprogramer.com/wp-content/uploads/2021/02/Close-Grip-Bench-Press.gif,c7bf4494-19b1-4eca-bb9a-f64f51accba2,6c8a65c5-05b1-4d04-a157-5fbee445e6a6
30 Chest Incline Barbell Bench Press,Incline Barbell Bench Press,0.8682,No description available,Strength,Chest,chest,Barbell,Intermediate,,https://fitnessprogramer.com/wp-content/uploads/2021/02/Incline-Barbell-Bench-Press.gif,6c32287f-6e24-451a-8143-f0a7f3aaf7f7,04e098f8-49e1-4fb6-b01f-c87d4520e055
Incline Push-Up,Incline Push-up,1.0,"The hands-elevated push-up is a variation on the push-up, a body-weight standard. The hands are elevated, so that your body is aligned at an angle to the floor rather than parallel.",Strength,Chest,chest,Body Only,Intermediate,,https://fitnessprogramer.com/wp-content/uploads/2021/06/Incline-Push-Up.gif,5c2ff1ae-a93a-4e1f-9b09-690d1d6ff8c4,198b769e-5a53-4984-b73e-71dade2d9a25
Decline Push-Up,Decline Push-up,1.0,"The feet-elevated push-up is a variation on the push-up, a body-weight standard. The feet are elevated, so that your body is aligned at an angle to the floor rather than parallel.",Strength,Chest,chest,Body Only,Intermediate,,https://fitnessprogramer.com/wp-content/uploads/2015/07/Decline-Push-Up.gif,5a066cef-9d43-4bb9-8ee3-f6bf0da9c45f,64b1cb6b-153c-47a0-b062-2de0e4e82c80
Single-Arm Push-Up,Single Arm Push-up,1.0,No description available,Strength,Chest,chest,Body Only,Beginner,,https://fitnessprogramer.com/wp-content/uploads/2021/09/Single-Arm-Push-up.gif,f614ebab-bad8-4f67-880c-753b26406988,71f95eb8-44f9-4a70-beec-921b0bb64d42
Suspended push-up,Suspended Push-Up,1.0,"The suspended push-up is a bodyweight pushing exercise performed on a suspension strap system or gymnastic rings. It targets the chest, shoulders, and triceps, but is also challenging to the core and upper back. It can work in traditional strength and muscle-building rep ranges or for higher reps.",Strength,Chest,chest,Body Only,Intermediate,,https://fitnessprogramer.com/wp-content/uploads/2022/08/Suspended-Push-Up.gif,f7bde724-ec20-4965-b034-db82986c91ce,3839571d-2c85-44c7-9787-4773bce5a636
Diamond push-up,Diamond Push-up,1.0,"The diamond push-up is an advanced variation of the push-up exercise performed with the hands in a diamond shape. It increases the challenge to the triceps, but also targets the chest and shoulders.",Strength,Chest,chest,Body Only,Intermediate,,https://fitnessprogramer.com/wp-content/uploads/2021/02/Diamond-Push-up.gif,e941b533-ea02-42a2-94ff-395dd3369919,61549b69-c07b-4b9c-a9b2-11aaf2b5b55a
Swimming,Swimming,1.0,No description available,Cardio,Chest,trapezius,Body Only,Intermediate,,https://fitnessprogramer.com/wp-content/uploads/2021/05/Swimming.gif,b36212f5-7dd5-42a2-844b-52ac55b4415b,70f1265f-7684-4bc0-9d9a-42b0662049d3
AM Chest Dips,Chest Dips,0.9204,The chest dip is a chest-building exercise in which the lifter hangs between two parallel handles. Leaning the torso slightly forward shifts the emphasis from the triceps to the chest.,Strength,Chest,chest,Body Only,Intermediate,,https://fitnessprogramer.com/wp-content/uploads/2021/06/Chest-Dips.gif,d9c2ccc2-e412-4ffc-8a58-d292f5e6d3cd,64ea7c7a-56df-4861-84ee-344428acf9dd
Push-up,Push-Up,1.0,"The push-up is a popular bodyweight exercise that is commonly used in military and tactical physical fitness tests. It’s a classic movement to build upper-body muscle and strength, emphasizing the chest, triceps, and shoulders, but also working the upper back and core.",Strength,Chest,chest,Body Only,Intermediate,,https://fitnessprogramer.com/wp-content/uploads/2021/02/Push-Up.gif,6c46ea08-8dfe-4e04-8bc0-7b2a52a9590b,c84d33be-4464-41d0-8e87-3fcfe9570ce8
Butterfly,Butterfly Sit-up,0.9287,"The machine chest fly is an exercise targeting the chest. The motion is often compared to bear-hugging a tree trunk. In chest workouts, this exercise often follows compound moves such as the bench press.",Strength,Chest,abs,Machine,Intermediate,,https://fitnessprogramer.com/wp-content/uploads/2022/07/Butterfly-Sit-up.gif,cc07bd81-b9f1-48fe-9269-39d66191882c,81089467-2f74-48a6-92d9-b57a5d2cda00
Smith machine bench press,Smith Machine Decline Bench Press,0.8529,"The Smith machine bench press is a machine-based movement targeting the chest. The Smith machine mimics a barbell but provides more stability. This movement can be programmed in low reps for strength or higher reps for muscle and strength endurance. It is often performed for moderate to high reps, such as 8-12 reps per set or more, as part of a chest or upper-body focused workout.",Strength,Chest,chest,Machine,Intermediate,,https://fitnessprogramer.com/wp-content/uploads/2021/06/Smith-Machine-Decline-Bench-Press.gif,9999cdf6-10ad-4aa2-8524-4cadb2f23594,7362cb27-0da1-4b78-8d73-fb486f9e88f6
Machine chest press,Chest Press Machine,1.0,"The machine chest press is a machine-based exercise targeting the chest. It approximates the motion of a bench press but is usually performed facing forward and seated upright. Many machines offer multiple grip options, such as overhand, neutral (palms facing), or underhand. The chest press is often performed for moderate to high reps, such as 8-12 reps per set or more, as part of a pre-exhaust or muscle-building upper-body workout.",Strength,Chest,chest,Machine,Intermediate,,https://fitnessprogramer.com/wp-content/uploads/2021/02/Chest-Press-Machine.gif,e309a06d-6822-4b7b-9a5d-b4760fbf6f31,7a1df1da-21aa-47b9-8513-a6a453011883
Smith Machine Incline Bench Press,Smith Machine Bench Press,0.874,"The Smith machine incline bench press is a machine-based movement targeting the chest, particularly the upper chest. The Smith machine mimics a barbell but provides more stability. This movement can be programmed in low reps for strength or higher reps for muscle and strength endurance. It is often performed for moderate to high reps, such as 8-12 reps per set or more, as part of a chest or upper-body focused workout.",Strength,Chest,chest,Machine,Intermediate,,https://fitnessprogramer.com/wp-content/uploads/2021/06/Smith-Machine-Bench-Press.gif,27016fc8-c168-42ac-8e65-8ff61980d845,d706fb39-d1c5-4bf3-b764-57ff79547e24
Machine chest fly,Incline Chest Fly Machine,0.8397,"The machine chest fly is a machine-based exercise targeting the chest. It approximates the motion of a dumbbell fly or cable fly, but is usually performed facing forward and seated upright. The motion is often compared to bear-hugging a tree trunk. The chest fly is usually performed for moderate to high reps, such as 8-12 reps per set or more, as part of a pre-exhaust or muscle-building upper-body workout.",Strength,Chest,chest,Machine,Intermediate,,https://fitnessprogramer.com/wp-content/uploads/2023/06/Incline-Chest-Fly-Machine.gif,f6b924dc-a680-46bb-8b3f-f299df8729c6,bdc512c5-722c-4b8a-8721-35b0591b7f9b
Smith machine incline bench press-,Smith Machine Incline Bench Press,1.0,"The Smith machine incline bench press is a machine-based movement targeting the chest, particularly the upper chest. The Smith machine mimics a barbell but provides more stability. This movement can be programmed in low reps for strength or higher reps for muscle and strength endurance. It is often performed for moderate to high reps, such as 8-12 reps per set or more, as part of a chest or upper-body focused workout.",Strength,Chest,chest,Machine,Intermediate,,https://fitnessprogramer.com/wp-content/uploads/2021/06/Smith-Machine-Incline-Bench-Press.gif,8a1c1b2e-bf62-4edc-9658-0adbd1908947,5e3ea358-0d26-40bf-ad75-7a15e9b8fd61
30 Chest Machine Incline Chest Press,Incline Chest Press Machine,0.9327,No description available,Strength,Chest,chest,Machine,Intermediate,,https://fitnessprogramer.com/wp-content/uploads/2021/02/Incline-Chest-Press-Machine.gif,d627ecdc-59e4-4c47-b752-df25a5dae772,e89b0c4b-3a29-47b4-9034-329d720788dc
Cable Crossover,Cable Crossover,1.0,"The cable cross-over is an isolation movement that uses a cable stack to build bigger and stronger pectoral muscles. Since it's done using adjustable pulleys, you can target different parts of your chest by setting the pulleys at different levels. It is common in upper body and chest-focused muscle-building workouts, often as a pre-exhaust at the beginning of a workout, or a finishing movement at the end. It is often in combination with other presses or flyes to target the chest from different angles.",Strength,Chest,chest,Cable,Intermediate,,https://fitnessprogramer.com/wp-content/uploads/2021/02/Cable-Crossover.gif,6be2ec7c-7c9a-43a1-88e9-0aa9a0ff6575,16b0008b-3326-459d-b823-b0d9c4e84ffc
Cable Chest Press,One-Arm Cable Chest Press,0.8481,No description available,Strength,Chest,chest,Cable,Beginner,,https://fitnessprogramer.com/wp-content/uploads/2021/12/One-Arm-Cable-Chest-Press.gif,1dcf3743-1850-4b10-adb6-c29e5388df14,c50e9192-ca8b-4e8f-999f-42b798ae1e19
Standing Cable Chest Press,Band Standing Chest Press,0.8248,No description available,Strength,Chest,chest,Cable,Beginner,,https://fitnessprogramer.com/wp-content/uploads/2022/01/Band-Standing-Chest-Press.gif,31230a8e-fbce-4e7c-a2a9-ce4def4ce637,715537c6-770a-4d1d-9e91-48d1c63311c1
Lying cable chest fly,Lying Cable Fly,0.832,"The lying cable chest fly is an isolation movement that uses a cable stack and a flat bench to build bigger and stronger pectoral muscles. It is common in upper-body and chest-focused muscle-building workouts, often as a pre-exhaust at the beginning of a workout or as a finishing movement at the end. It is often used in combination with other presses or flyes to target the chest from different angles.",Strength,Chest,chest,Cable,Intermediate,,https://fitnessprogramer.com/wp-content/uploads/2021/06/Lying-Cable-Fly.gif,5eaa8f96-9bc6-42a5-9da4-382617270cf1,1757fa21-1711-4e90-a711-5055d9a7e7d0
Seated cable chest fly,Seated Cable Chest Press,0.8279,"The seated cable chest fly is an isolation movement that uses a cable stack and an upright bench to target the pectoral muscles. Being able to brace against a seat can help you stabilize your torso and focus on isolating the pecs, feeling them stretch and contract. It is usually used in combination with other presses or flyes to target the chest from different angles.",Strength,Chest,chest,Cable,Intermediate,,https://fitnessprogramer.com/wp-content/uploads/2022/02/Seated-Cable-Chest-Press.gif,ebfef829-edb6-4d58-826c-9af7ddea3558,26ff774d-79de-4d42-934a-42d27dbec065
Medicine Ball Chest Pass,Standing Medicine Ball Chest Pass,0.8965,"The medicine ball pass is a simple partner-based exercise that involves throwing a weighted ball back-and-forth. It can be part of a dynamic warm-up for lifting or athletics, but can also work as active rest or as a component of circuit training.",Plyometrics,Chest,chest,Medicine Ball,Intermediate,,https://fitnessprogramer.com/wp-content/uploads/2023/08/Standing-Medicine-Ball-Chest-Pass.gif,4d05248d-3e05-4763-ac55-3d022302628f,f2ebd95e-ed6b-425d-bb54-a15d2705426c
Medicine ball push-up,Medicine Ball Push-Up,1.0,"The medicine ball push-up is a simple way to make a classic bodyweight exercise more difficult. It targets all the same muscles as the push-up: chest, triceps, shoulders, upper back, and core. The addition of the medicine ball adds a degree of difficulty and can increase chest and triceps activation.",Strength,Chest,chest,Medicine Ball,Intermediate,,https://fitnessprogramer.com/wp-content/uploads/2022/08/Medicine-Ball-Push-Up.gif,c9df1b58-dcea-4533-9e08-9b8b6e9ea21b,6ad39ba3-06df-4de5-a41e-4067da4730b7
Reverse-grip incline dumbbell bench press,Reverse Grip Incline Dumbbell Press,0.9178,"The reverse-grip incline dumbbell bench press is an upper-body exercise targeting the pectoral muscles. Pressing with a reverse grip targets the upper chest in particular, especially when performed on an incline. This press variation is usually performed for moderate to high reps, such as 8-12 reps per set or more, as part of upper-body or chest-focused training.",Strength,Chest,chest,Dumbbell,Beginner,,https://fitnessprogramer.com/wp-content/uploads/2021/09/Reverse-Grip-Incline-Dumbbell-Press.gif,63de06d9-4286-4ae1-87e8-599f14cf8584,65ba4d9a-e749-469a-ad46-162f5a67a08f
Decline dumbbell bench press,Decline Dumbbell Press,0.8765,"The decline dumbbell bench press is a popular upper-body exercise targeting the lower pectoral muscles. While it can be a strength-focused movement, it is usually performed for moderate to high reps, such as 8-12 reps per set or more, as part of upper-body or chest-focused training.",Strength,Chest,chest,Dumbbell,Intermediate,,https://fitnessprogramer.com/wp-content/uploads/2021/02/Decline-Dumbbell-Press.gif,47ac4345-e421-49bc-8ea3-55366c78c56f,1af980fa-c59d-4d56-83b7-de4e9ba4ebf5
Close-grip dumbbell bench press,Close-Grip Dumbbell Press,0.891,"The close-grip dumbbell bench press is a popular variation of the dumbbell bench press in which the dumbbells are held closer than shoulder width. This places more emphasis on the triceps, and perhaps also the inner chest. The close-grip dumbbell bench press can be performed in lower reps for strength or higher reps for muscle growth.",Strength,Chest,chest,Dumbbell,Intermediate,,https://fitnessprogramer.com/wp-content/uploads/2021/10/Close-Grip-Dumbbell-Press.gif,dc0eef32-e371-4d37-a5a3-339c2236aa17,112ee795-a32c-4537-9a51-745a4a5f4d4a
Dumbbell bench press-,Dumbbell Bench Press,1.0,"The dumbbell bench press is a mainstay of lifters worldwide. It's a classic move for building a bigger, stronger chest and triceps. It's often placed first in mass-building chest workouts, but can also be utilized as an accessory movement for the barbell bench press in strength training. It can be performed in lower strength-focused rep ranges, or for higher reps to build muscle.",Strength,Chest,chest,Dumbbell,Intermediate,,https://fitnessprogramer.com/wp-content/uploads/2021/02/Dumbbell-Press-1.gif,ec44c826-2ed0-462d-8eba-859acd17b9d1,b7b863d7-949a-4fcd-862c-49ef37f3238d
Machine rear delt fly,Rear Delt Fly Machine,1.0,"The machine rear delt fly is an exercise targeting the rear head of the shoulder muscle or deltoids, as well as the muscles of the upper back. It's sort of the reverse of the machine chest fly, and is sometimes performed on the same machine, but facing the opposite direction. Because it targets such small muscles, this exercise is usually performed with light weight for high reps, such as 10-15 reps per set or more.",Strength,Chest,trapezius,Dumbbell,Intermediate,,https://fitnessprogramer.com/wp-content/uploads/2021/02/Rear-Delt-Machine-Flys.gif,a51cd730-de1d-48ae-8c85-e7d5d3009dd2,a66b391d-a906-47bf-a6bd-23bf692e109f
UP Incline Dumbbell Press,Incline Dumbbell Press,0.9756,The incline dumbbell bench press is an upper body exercise targeting the upper pectoral muscles.,Strength,Chest,chest,Dumbbell,Intermediate,,https://fitnessprogramer.com/wp-content/uploads/2021/02/Incline-Dumbbell-Press.gif,3a2222cb-7b3b-4341-b972-7b1a71032c74,c61fa4c1-4db4-4270-a339-99b22a41f8c8
UP Incline Dumbbell Fly,Incline Dumbbell Fly,0.9758,"The incline dumbbell chest fly is an upper body isolation exercise targeting the upper chest and is typically used with aesthetic goals in mind. It will require less weight than an incline press, which makes it a great hypertrophy exercise with high reps.",Strength,Chest,chest,Dumbbell,Intermediate,,https://fitnessprogramer.com/wp-content/uploads/2021/02/Incline-dumbbell-Fly.gif,4bc028b2-e882-4504-b729-e11694f1e9ae,4e3f7022-8d71-4857-9a48-887f7462e56e
Drop Push,Drop Push-Up,0.9712,No description available,Plyometrics,Chest,chest,Other,Beginner,,https://fitnessprogramer.com/wp-content/uploads/2021/06/Drop-Push-Up.gif,40c0f9bd-728a-45e2-a1d2-bc67b629a8b5,bce0dd59-7150-426d-ae11-8ef5cedd22f2
Weighted Push-Up,Weighted Push-up,1.0,"The plate-weighted push-up is a simple way to make a classic bodyweight exercise more difficult. It targets all the same muscles as the push-up: chest, triceps, shoulders, upper back, and core. You can balance a plate on your upper back yourself, but it's easier and safer to have someone else put it there. If you stack a few plates up, be sure to have a spotter close at hand.",Strength,Chest,chest,Other,Intermediate,,https://fitnessprogramer.com/wp-content/uploads/2022/04/Weighted-Push-up.gif,148d0c46-ddc3-4aa5-a234-62c823060b29,8f50dc95-4d81-4736-8147-63a63316ade5
Svend press,Svend Press,1.0,The Svend press is an exercise where the chest is targeted by performing presses while squeezing two weight plates together. It is usually performed for relatively high reps with light weights as an accessory movement to the bench press or as a burnout movement on chest day.,Strength,Chest,chest,Other,Beginner,,https://fitnessprogramer.com/wp-content/uploads/2021/06/Svend-Press.gif,173ec1b1-ffb0-4d3e-a081-783f7eb88bad,b10e956b-035c-4774-99f2-22c5073f08bb
Bosu Ball Push-Up,Bosu Ball Push-Up,1.0,No description available,Strength,Chest,chest,Exercise Ball,Beginner,,https://fitnessprogramer.com/wp-content/uploads/2022/07/Bosu-Ball-Push-Up.gif,ecaa9797-35ca-487c-8484-583fe94edf55,e09b3b8b-c141-43ad-b6f1-ec4cf36516f7
Standing behind-the-back wrist curl,Behind The Back Barbell Wrist Curl,0.8286,"The standing behind-the-back wrist curl is a popular exercise to target the muscles in the forearms, wrists, and fingers. It is generally performed for moderate to high reps, such as 8-15 reps per set, and can work as isolated forearm training or as part of an arms-focused workout.",Strength,Forearms,forearm,Barbell,Beginner,,https://fitnessprogramer.com/wp-content/uploads/2021/06/Behind-The-Back-Barbell-Wrist-Curl.gif,da435b0d-9045-4017-b19a-f51081b494c4,c94f431d-ef56-479b-bc40-255365eada64
Dumbbell farmer's walk,Farmer's Walk,0.9168,"The dumbbell farmer's walk is an exercise with roots in competitive strongman training, but which is also popular in CrossFit and functional training. It can be a challenging finisher to any workout, or work well in fat-loss circuit training or as an accessory movement to heavy lifts like the deadlift.",Strongman,Forearms,full-body,Other,Intermediate,,https://fitnessprogramer.com/wp-content/uploads/2022/02/Farmers-walk_Cardio.gif,703a82cf-e2db-428c-a854-2732a145dda2,ac44d4f2-f179-4089-89ab-e8f0b2313fb5
Wrist Roller,Wrist Roller,1.0,No description available,Strength,Forearms,forearm,Other,Beginner,,https://fitnessprogramer.com/wp-content/uploads/2021/08/wrist-roller.gif,c8df2d95-dae4-4ebd-84a3-3a76ab3c5f4d,2bfeaf34-8d0e-416e-b849-5058e003a521
Cable Wrist Curl,Wrist Curl,0.8695,No description available,Strength,Forearms,forearm,Cable,Beginner,,https://fitnessprogramer.com/wp-content/uploads/2021/02/barbell-Wrist-Curl.gif,f1aaaada-708a-4eff-a683-b5ff4dd9a35e,9e712cec-7689-473b-8485-dd97385b62f9
Wrist Circles,Wrist Circles Stretch,0.8762,No description available,Stretching,Forearms,forearm,Body Only,Beginner,,https://fitnessprogramer.com/wp-content/uploads/2021/06/Wrist-Circles-Stretch.gif,76593b21-ec17-4953-b846-e80add828078,8ccd7b43-896f-425d-9f68-574881c3bc6e
Piriformis SMR,Piriformis Stretch,0.8459,"Piriformis self-myofascial release (SMR) is a self-administered soft-tissue treatment for the lower body, usually using a foam roller, lacrosse ball, or other ""trigger point"" massage tool. By applying pressure strategically to the piriformis muscles in the upper gluteal region, some people find they can cause this often painful and tight muscle to relax or ""release."" Piriformis SMR is often accompanied by SMR on the iliotibial (IT) band or tensor fascia lata (TFL muscles), or by stretches that target the glutes and hips.",Stretching,Glutes,leg,Foam Roll,Intermediate,,https://fitnessprogramer.com/wp-content/uploads/2021/02/Piriformis-Stretch.gif,83b83720-64f0-453c-aa09-ab847c016080,b7b40546-b638-4115-af35-804d2564f6db
Kneeling Jump Squat,Kneeling Jump Squat,1.0,No description available,Olympic Weightlifting,Glutes,leg,Barbell,Beginner,,https://fitnessprogramer.com/wp-content/uploads/2022/02/Kneeling-Jump-Squat.gif,83a02e39-f214-4886-bc1f-0d7de31434a5,6c45e664-c82f-4f38-8f04-3761645ae472
Kettlebell thruster,Kettlebell Thruster,1.0,"The kettlebell thruster is a popular kettlebell movement that combines a kettlebell front squat with a kettlebell press, while holding the bell in a goblet or bottoms-up grip. It is preceded by a clean at the start of each set, and you can perform a clean between each rep if you choose. It can be trained in traditional strength or muscle-building rep ranges, in circuit or fat-loss training, or as part of a larger kettlebell combination or complex.",Strength,Glutes,shoulders,Kettlebells,Intermediate,,https://fitnessprogramer.com/wp-content/uploads/2021/05/Kettlebell-Thruster.gif,b3ee323b-c6bb-43cc-9694-e1d2601aff1f,c7703abb-dea6-4316-8819-febd8b6369db
Pull Through,Dumbbell Pull Through,0.8948,No description available,Strength,Glutes,erector-spinae,Cable,Beginner,,https://fitnessprogramer.com/wp-content/uploads/2022/10/Dumbbell-Pull-Through.gif,46980a16-75df-4a81-8068-5f7429660385,b90dfc0d-375d-4d54-8f7e-469551971b63
Glute bridge,Glute Bridge,1.0,"The glute bridge is a popular lower-body bodyweight exercise that primarily targets the glutes, but also activates the lower back and hamstrings. It can be performed with body weight alone, or with added resistance such as barbells, dumbbells, or bands. It can be performed for time or reps and works perfectly in a dynamic warm-up for lower-body training, but can also be performed for glute activation anytime.",Strength,Glutes,abs,Body Only,Intermediate,,https://fitnessprogramer.com/wp-content/uploads/2021/02/Glute-Bridge-.gif,0a2ea85d-1f4b-4935-b34d-02cfd87139ca,54541ca6-21d1-4057-b468-32ae59a3cb46
Step-up with knee raise,Step Up with Knee Raises,1.0,"The step-up with knee raise is a lower-body exercise targeting the quads, glutes, and hamstrings. It differs from a traditional step-up in that at the top, you lift the trailing leg up to full hip flexion. This gives the exercise a greater range of motion and more of a focus on powerful hip extension in the working leg. When performed with body weight, these are usually performed for high reps as part of a dynamic warm-up, as cardio acceleration, or as part of the lower-body portion of a workout or circuit.",Strength,Glutes,leg,Body Only,Intermediate,,https://fitnessprogramer.com/wp-content/uploads/2021/02/Step-up.gif,d6258f4e-7008-4394-b896-031ee3d67b08,abaa8280-0993-4c94-a219-3256397cfede
Lying glute stretch,Lying Glute Stretch,1.0,"The lying glute stretch is a stretch to help increase flexibility in the glutes and hips. It involves rotating a single leg over the body while lying flat on the back, and reaching around the leg to facilitate a stretch. It is commonly included in dynamic warm-ups or cool-downs, but can also be performed as full-body mobility work anytime.",Stretching,Glutes,leg,Body Only,Intermediate,,https://fitnessprogramer.com/wp-content/uploads/2021/08/Lying-glute-stretch.gif,4345956f-4ce8-4a00-a36c-ab164891f7e3,2516bde7-9e07-46e9-ae77-028873aee13f
Curtsy lunge,Curtsy Lunge,1.0,"The curtsy lunge is a lower-body bodyweight movement that targets the muscles of the hips and glutes. It is usually performed for moderate to high reps, at least 8-12 reps per leg.",Strength,Glutes,leg,Body Only,Intermediate,,https://fitnessprogramer.com/wp-content/uploads/2023/09/curtsy-lunge.gif,d0449c91-5c3f-4fd1-a648-4b2d46ed196e,0bd4d1c7-dfdf-4e4a-8dd4-502a5dbd30cb
Walking lunge,Walking,0.8355,"The walking lunge is a lower-body exercise that targets the glutes, quads, and hamstrings while challenging stability and balance. It can be performed for reps, time, or distance in the lower-body portion of any workout.",Strength,Glutes,cardio,Body Only,Intermediate,,https://fitnessprogramer.com/wp-content/uploads/2021/09/Walking.gif,7303b806-420e-494e-a434-7fd2460335f6,a26f4c1a-9672-47a7-b14b-ba627c32825c
Dumbbell single-leg hip thrust,Single Leg Hip Thrust Jump,0.8321,"The dumbbell single-leg hip thrust is a single-sided exercise that targets the posterior chain, particularly the glutes and hamstrings. It involves balancing on one foot and fully extending your hips while holding a dumbbell across the front of your hip. It is a great movement to activate the glutes prior to other lower-body training, but can also be performed in the main part of a workout, or for high reps as a glute burnout.",Strength,Glutes,cardio,Body Only,Intermediate,,https://fitnessprogramer.com/wp-content/uploads/2022/02/Single-Leg-Hip-Thrust-Jump.gif,808e3a9a-133e-4d93-bdd3-8da8917e943e,4ac0350b-1b48-4327-a814-b6b97f19fa48
Band Good Morning (Pull Through),Dumbbell Good Morning,0.8537,No description available,Powerlifting,Hamstrings,erector-spinae,Bands,Beginner,,https://fitnessprogramer.com/wp-content/uploads/2023/10/Dumbbell-Good-Morning.gif,2fd2c02a-038c-4ff5-97a5-78bea1da6227,34c245f2-22e1-48e8-ae11-b85d4444a380
Standing Hamstring and Calf Stretch,Standing Hamstring Stretch,0.9004,No description available,Stretching,Hamstrings,leg,Bands,Intermediate,,https://fitnessprogramer.com/wp-content/uploads/2021/05/Standing-Hamstring-Stretch.gif,cf1b1a6b-b092-4ae2-b175-167e7a35842c,547a4c84-8f29-4b08-9fb6-dcb604f1af13
Barbell Deadlift,Barbell Single Leg Deadlift,0.8213,"The barbell deadlift is a compound exercise used to develop overall strength and size in the posterior chain. It is a competition lift in the sport of powerlifting, but is also considered a classic benchmark of overall strength. When performed with the hands outside the knees, it is often called a ""conventional"" deadlift. When the feet are wide and the hands are inside the knees, it is a sumo deadlift.",Strength,Hamstrings,erector-spinae,Barbell,Intermediate,,https://fitnessprogramer.com/wp-content/uploads/2022/09/Barbell-Single-Leg-Deadlift.gif,f5ddc2c8-12de-4fa2-b20a-c90744345ec8,3e5cc359-7781-4b4c-aff9-5c29e5eb5af5
Sumo deadlift,Sumo Deadlift,1.0,"The sumo deadlift is a compound movement in which the feet are set in a wide stance with toes pointed out and grip is placed inside of the legs. It is allowed to be performed instead of conventional deadlifts in most powerlifting competitions. The sumo deadlift targets the hamstrings, glutes, and upper back/traps, but also has a greater emphasis on stretching and strengthening the adductor and hip muscles due to the wide stance.",Powerlifting,Hamstrings,back,Barbell,Beginner,,https://fitnessprogramer.com/wp-content/uploads/2021/04/Barbell-Sumo-Deadlift.gif,71ae803c-1323-4eac-a2bc-34e9846868cc,89b29d62-2e61-48f1-8670-8c9e806f3de6
Power clean,Power Clean,1.0,"The power clean is a full-body movement in which the bar is pulled from the floor and caught in the front rack position in three pulls or phases. The bar is received in the ""power"" position, with the hips higher than a full-depth squat position. The power clean can be used as a component of the clean and press or clean and jerk, but is also a valuable lift to build explosive power and strength.",Strength,Hamstrings,full-body,Barbell,Intermediate,,https://fitnessprogramer.com/wp-content/uploads/2021/04/Power-Clean-.gif,9f37f285-e713-4124-ab35-3ae9a9b90641,8ee75d4d-7f60-45a6-a316-5297b76ff263
Good Morning,Good Morning,1.0,"The barbell good morning is an exercise that targets glute, hamstring, and lower back development. It is often trained as an accessory movement to the deadlift, but also has value on its own. It is sometimes performed for reps in traditional strength-focused rep ranges such as 5-8 reps per set, but due to the risk posed to the lower back, is rarely treated as a max-effort single-rep lift.",Powerlifting,Hamstrings,erector-spinae,Barbell,Intermediate,,https://fitnessprogramer.com/wp-content/uploads/2021/02/Barbell-Good-Morning.gif,7e71bd0c-726d-4348-80db-0c9b984f4171,38208f0a-3c31-47d6-8c6d-2f673711602a
Romanian Deadlift,Romanian Deadlift,1.0,"The barbell stiff-legged deadlift targets the hamstrings, glutes, lower and upper back, as well as the core. It is a popular accessory movement for the deadlift, but also a muscle-building hamstring movement.",Strength,Hamstrings,back,Barbell,Intermediate,,https://fitnessprogramer.com/wp-content/uploads/2021/02/Barbell-Romanian-Deadlift.gif,f8347e9d-dc41-47bf-b30a-86c4dff041d0,9e92a19f-35b0-4eb8-b429-57b5d84ce7a2
Sumo Deadlift with Bands,Sumo Deadlift,0.853,No description available,Powerlifting,Hamstrings,erector-spinae,Barbell,Beginner,,https://fitnessprogramer.com/wp-content/uploads/2021/04/Barbell-Sumo-Deadlift.gif,5fa54ac3-5e53-492d-9b31-7ec9eaaf067c,c94a7aea-d9a1-4c47-aa33-7b6d875bf8ee
Muscle Snatch,Muscle Snatch,1.0,No description available,Olympic Weightlifting,Hamstrings,full-body,Barbell,Beginner,,https://fitnessprogramer.com/wp-content/uploads/2022/02/Barbell-Muscle-Snatch.gif,7e2e2b78-8ac4-41db-a2eb-3e6b6add7687,111d45da-b75a-4e15-9467-4271a7621152
30 Legs Sumo Deadlift,Sumo Deadlift,0.8359,No description available,Strength,Hamstrings,leg,Barbell,Intermediate,,https://fitnessprogramer.com/wp-content/uploads/2021/04/Barbell-Sumo-Deadlift.gif,272b478e-aa0b-4b82-a1bd-166ffe2d349d,611e65ca-7690-4b1b-aeae-6755445b424a
Single-leg kettlebell deadlift,Kettlebell Single Leg Deadlift,1.0,"The kettlebell single-leg deadlift is a variation on the kettlebell deadlift where one foot stays planted on the ground while the other raises into the air at the bottom of the movement. It's popular in lower-body training for strength and muscle building, but also trains balance, grip, and the core muscles.",Strength,Hamstrings,erector-spinae,Kettlebells,Intermediate,,https://fitnessprogramer.com/wp-content/uploads/2021/05/Kettlebell-Single-Leg-Deadlift.gif,2357a2c2-5d13-4fe9-9a48-d023c90c3fdc,b0ecbf7a-a85c-4047-ab53-7358ed44cf81
Single-arm kettlebell swing,Kettlebell Swings,0.8394,"The single-arm kettlebell swing is a popular exercise emphasizing the muscles of the hamstrings, glutes, and back. Because you are only swinging with one arm at a time, it is also uniquely challenging to the grip and core muscles. It is often used to train explosive power, for aerobic or cardiovascular conditioning, or in circuit training.",Strength,Hamstrings,leg,Kettlebells,Intermediate,,https://fitnessprogramer.com/wp-content/uploads/2021/09/Kettlebell-Swings.gif,5113a64e-2031-405a-b881-580938428ad8,722b5900-e72e-47a0-90fc-e8aa6faf3133
Kettlebell Hang Clean,Kettlebell Hang Clean,1.0,No description available,Strength,Hamstrings,full-body,Kettlebells,Beginner,,https://fitnessprogramer.com/wp-content/uploads/2022/07/Kettlebell-Hang-Clean.gif,4b4319d3-39ec-4650-b6e3-3b3c8901f344,eb6b4504-c4c1-4878-823c-113fad036f93
Romanian Deadlift With Dumbbells,Dumbbell Romanian Deadlift,0.9512,"The dumbbell stiff-legged deadlift targets the hamstrings, glutes, low and upper back, as well as the core. The purpose of the stiff-legged, as opposed to Romanian deadlift with slightly bent knees, is to engage the hamstrings and low back to an even greater degree.",Strength,Hamstrings,erector-spinae,Dumbbell,Beginner,,https://fitnessprogramer.com/wp-content/uploads/2021/02/Dumbbell-Romanian-Deadlift.gif,d8d82eae-ee48-42c7-a291-58276bab677c,6846d04c-f985-4de2-8872-80d6e99685c5
Box jump,Box Jump 2 to 1,0.8322,"The box jump is an explosive exercise that strengthens the muscles of the lower body, including the quads, glutes, calves, and hamstrings. They also develop power in the lower body while revving the heart rate. Box jumps can be performed for low reps to focus on strength and power, or for higher reps for metabolic conditioning. Most coaches recommend stepping down rather than jumping down between reps.",Plyometrics,Hamstrings,leg,Other,Beginner,,https://fitnessprogramer.com/wp-content/uploads/2023/02/Box-Jump-2-to-1.gif,81a0498b-971d-4ffd-b1a3-512efc413f62,c3b25944-b331-4787-8451-c01b2dbd182e
Box Jump (Multiple Response),Box Jump 1 to 2,0.8322,"The box jump is a plyometric exercise that strengthens the muscles of the lower body, including the quads, glutes, calves and hamstrings. They also develop power in the lower-body while revving the heart rate.",Plyometrics,Hamstrings,leg,Other,Intermediate,,https://fitnessprogramer.com/wp-content/uploads/2023/02/Box-Jump-1-to-2.gif,4f443126-5015-4f0e-bb4b-85ba486ff367,af650adf-03c4-4b21-8951-8a3e970e4cc4
Seated Hamstring and Calf Stretch,Seated Hamstring Stretch,0.8887,No description available,Stretching,Hamstrings,erector-spinae,Other,Beginner,,https://fitnessprogramer.com/wp-content/uploads/2021/05/Seated-Hamstring-Stretch.gif,318e0237-4b8c-4f44-aa02-1b2d60c98dd9,6f10e9c7-f602-4241-b59a-cb77120853d5
Lying cable leg curl,Lying Cable Curl,0.9243,"The lying cable leg curl is a classic machine exercise for building greater muscle size and strength in the hamstrings. It's easy to learn, easy to master, and poses little in the way of injury risk. It is usually performed for moderate to high reps, at least 8-12 reps per set, as part of lower-body training.",Strength,Hamstrings,biceps,Cable,Intermediate,,https://fitnessprogramer.com/wp-content/uploads/2021/04/lying-cable-curl.gif,0f6e74e7-3112-49a1-9748-ad9394daf803,318951e1-ba73-47ad-a1f9-f6428f540c77
Lying Leg Curls,Lying Dumbbell Leg Curl,0.8375,"The lying leg curl is a popular machine-based exercise for the legs, particularly the hamstrings. It is similar to the seated leg curl, but the open hip angle in the lying leg curl may incorporate more glute and calf activation. It is usually performed for moderate to high reps, such as 8-12 reps per set or more, as part of a leg pre-exhaust or as a muscle-building movement for lower-body training.",Strength,Hamstrings,leg,Machine,Beginner,,https://fitnessprogramer.com/wp-content/uploads/2022/04/Lying-Dumbbell-Leg-Curl.gif,bc76ffc3-6e1d-4a9c-8548-312432944a36,230e7da9-26b9-4059-a58d-7cc2a4064ed0
Glute Ham Raise,Glute Ham Raise,1.0,The glute ham raise is an exercise targeting the glutes and hamstrings on a GHD.,Powerlifting,Hamstrings,erector-spinae,Machine,Intermediate,,https://fitnessprogramer.com/wp-content/uploads/2023/07/Glute-Ham-Raise.gif,41eb05a6-ed82-432a-b754-98083de59a29,c63de3a2-7fbe-4a04-bdb4-61b265c9a5ef
Reverse Hyperextension,Frog Reverse Hyperextension,0.9123,No description available,Strength,Hamstrings,erector-spinae,Machine,Beginner,,https://fitnessprogramer.com/wp-content/uploads/2021/09/Reverse-Hyperextensions.gif,db6e220f-d0b5-44d2-8735-5aae11955e6e,75961454-9f33-4fea-b8f9-028d2ae6664a
Seated Leg Curl,Seated Leg Curl,1.0,"The leg curl is a popular machine-based exercise for the legs, particularly the hamstrings. It comes in seated and lying varieties, but the seated leg curl machine is more common in commercial gyms. Leg curl variations are usually performed for moderate to high reps, such as 8-12 reps per set or more, as part of a leg pre-exhaust or as a muscle-building movement for lower-body training.",Strength,Hamstrings,leg,Machine,Intermediate,,https://fitnessprogramer.com/wp-content/uploads/2021/08/Seated-Leg-Curl.gif,2da7717b-8b0f-44c9-a4c2-359d51c1556a,ecbaf005-1493-4f88-984b-c19756594983
Leg curl,Leg Curl,1.0,"The leg curl is a popular machine-based exercise for the legs, particularly the hamstrings. It comes in seated and lying varieties, but the seated leg curl machine is more common in commercial gyms. Leg curl variations are usually performed for moderate to high reps, such as 8-12 reps per set or more, as part of a leg pre-exhaust or as a muscle-building movement for lower-body training.",Strength,Hamstrings,leg,Machine,Intermediate,,https://fitnessprogramer.com/wp-content/uploads/2021/02/Leg-Curl.gif,37825909-b49e-4053-9956-7ce89c4f1b1f,33c9e91f-3964-4901-a75a-d27a072071f6
Inchworm,Inchworm,1.0,The inchworm is a popular bodyweight exercise that involves “walking” the hands on the floor from a bent-over toe-touch position into a straight-arm plank. It is usually performed as part of a dynamic warm-up to help raise core body temperature and “limber up” the body from head to toe.,Stretching,Hamstrings,abs,Body Only,Beginner,,https://fitnessprogramer.com/wp-content/uploads/2022/01/Inchworm.gif,b04e639b-8fcc-4040-adcc-bda676c563cc,b660e9f4-424a-4679-8665-b8ccc76c495b
Standing hamstring stretch,Standing Hamstring Stretch,1.0,"The standing hamstring stretch is an exercise that stretches the hamstrings, the muscles that cover the back of the thighs. It involves looping a band around one foot and then pulling it, which produces an intense stretch in the hamstrings. It can be performed prior to training the lower body or playing sports, or as a restorative stretch anytime.",Stretching,Hamstrings,calf,Body Only,Intermediate,,https://fitnessprogramer.com/wp-content/uploads/2021/05/Standing-Hamstring-Stretch.gif,766faf73-cad8-42f4-a7cc-55f205f10faf,fc324a91-b4c5-447c-b065-e75390404feb
Reverse lunge,Reverse Lunge,1.0,"The reverse lunge is a lower-body exercise targeting the quads, glutes, and hamstrings. The reverse lunge places more emphasis on the glutes than other lunge variations.",Stretching,Hamstrings,leg,Body Only,Intermediate,,https://fitnessprogramer.com/wp-content/uploads/2022/08/bodyweight-reverse-lunge.gif,046091b3-e05b-4b04-ad09-06e7c3ef2c79,2f210d2d-d80d-4f77-a364-8d59b1730747
Glute ham raise-,Glute Ham Raise,1.0,"The glute ham raise is an exercise targeting the glutes and hamstrings on a GHD, or glute ham developer bench. The unassisted version of the movement requires serious hamstring strength, so it is more common to see versions that use a band or PVC pipe for assistance. It is commonly performed as an accessory movement for heavy barbell lifts. While a single rep may be a struggle at first, with time, strong athletes can build up to doing them for 8-12 reps per set.",Strength,Hamstrings,leg,Bodyweight,Beginner,,https://fitnessprogramer.com/wp-content/uploads/2023/07/Glute-Ham-Raise.gif,493e73e5-f985-4c5f-b88c-916a51915b81,a3573e30-12e0-4e4f-935b-7e8953af149e
Lying hamstring stretch with band,Lying Hamstring Stretch,0.9054,"The lying hamstring stretch with band is a simple way to stretch a chronically tight muscle group of the lower body. It is common in stretching and yoga classes but can also be performed individually as part of a warm-up, paired with movements in a workout, or as part of a cool-down or recovery strategy.",Stretching,Hamstrings,leg,Bodyweight,Beginner,,https://fitnessprogramer.com/wp-content/uploads/2021/05/Hamstrings-Lying-Stretch.gif,de79f940-5856-46ae-9f9a-73198131edec,880b961e-df1a-4075-8f26-421e16e4cc81
Seated Hamstring,Seated Hamstring Stretch,0.8773,No description available,Stretching,Hamstrings,leg,Bodyweight,Beginner,,https://fitnessprogramer.com/wp-content/uploads/2021/05/Seated-Hamstring-Stretch.gif,67b7265a-5162-4041-88df-9fc0a7965dbb,2b6e30ee-11f9-4e22-b4cc-c640873f72cc
Band-assisted pull-up,Band Assisted Pull-up,1.0,"The band-assisted pull-up is a variation of the pull-up exercise in which the reps are performed with an elastic band looped around the feet or knees. This reduces weight and resistance at the bottom of the rep, while increasing it toward the top. Like other pull-up variations, it builds strength and muscle in the upper back, biceps, and core, and is often used as a way to help people boost their pull-up numbers or perform their first rep.",Strength,Lats,back,Bands,Intermediate,,https://fitnessprogramer.com/wp-content/uploads/2022/08/band-assisted-pull-up.gif,b4b54f82-425a-44c6-80f5-ff9cfad287f2,4c37c0b1-7d47-46cf-8440-2897a41d4d67
Reverse Barbell Row,Reverse Grip Barbell Row,0.8783,No description available,Strength,Lats,back,Barbell,Intermediate,,https://fitnessprogramer.com/wp-content/uploads/2021/04/Reverse-Grip-Barbell-Row.gif,509dc19c-e734-4509-9564-0f659268c06c,633f092e-e79d-4547-8fd2-3d2012b0b6d2
Dumbbell seal row,Dumbbell Seal Row,1.0,"The dumbbell seal row is a weighted exercise targeting the muscles of the middle back, including the lats (latissimus dorsi) and rhomboids. It can be performed on a special elevated bench, on a bench placed on top of boxes or benches, or on a bench with a slight incline. The higher the bench, the greater the range of motion and stretch at the bottom of the movement. It is usually performed as an assistance movement for back strength and muscle growth, in rep ranges of 8-12 reps per set or higher.",Strength,Lats,back,Dumbbell,Intermediate,,https://fitnessprogramer.com/wp-content/uploads/2022/11/Dumbbell-Seal-Row.gif,f6d999b8-3ea0-40eb-96b3-7b2fb8db9cf4,2afa1ed9-2f50-4531-9971-3c7bda5a8513
Dumbbell renegade row,Dumbbell Renegade Row,1.0,"The dumbbell renegade row combines rowing and core training into a single difficult movement. It's popular in time-efficient strength and muscle-building workouts, as well as in circuit-style training.",Strength,Lats,full-body,Dumbbell,Intermediate,,https://fitnessprogramer.com/wp-content/uploads/2021/01/dumbbell-renegade-row-1.gif,65726a70-3d8b-4180-b669-6ff45437e3a4,63372d1f-c99a-4aac-ae1a-6883e61190e2
Weighted pull-up,Weighted Pull-up,1.0,"The weighted pull-up is a more advanced variation of the pull-up exercise in which the lifter adds extra weight to their body. Options for adding weight include a dip belt, weighted vest, chains, a dumbbell placed between the feet or legs, or looping a kettlebell over the foot. Like other pull-up variations, the weighted pull-up builds strength and muscle in the upper back, biceps, and core.",Strength,Lats,back,Other,Intermediate,,https://fitnessprogramer.com/wp-content/uploads/2021/04/Weighted-Pull-up.gif,ebd8601f-cc27-412a-86bf-7b1e3f8bfcc6,90b90480-754b-442a-8961-628fc3a76646
AM T-Bar Row,T-Bar Row,0.8305,No description available,Strength,Lats,erector-spinae,Other,Intermediate,,https://fitnessprogramer.com/wp-content/uploads/2021/04/t-bar-rows.gif,02381e9b-4421-4db6-8e89-c599973090a7,8f378268-3122-4599-8cef-a836eb491549
Shotgun row,Shotgun Row,1.0,"The shotgun row is a single-arm row variation utilizing a cable stack in a staggered stance. It targets the muscles of the middle back, like the lats (latissimus dorsi) and rhomboids, but also the core. It is usually performed for moderate to high-reps, at least 8-15 reps per set, in the later stages of a back or upper-body workout.",Strength,Lats,back,Cable,Intermediate,,https://fitnessprogramer.com/wp-content/uploads/2021/06/shotgun-row.gif,40a2ddec-a0e2-4821-811e-0db5bdfac396,7ed7371d-c2cf-4838-8125-ba94eaac2187
Close-Grip Front Lat Pulldown,Close Grip Lat-Pulldown,0.9108,"The close-grip pull-down is a variation on the lat pull-down, acable-based exercise machine that’s ubiquitous in gyms around the world. This back builder is easy to learn and highly effective, allowing for variable resistance depending on where you place the pin in the stack.",Strength,Lats,back,Cable,Intermediate,,https://fitnessprogramer.com/wp-content/uploads/2021/06/Close-Grip-Lat-Pulldown.gif,4e93cafe-beb0-42df-afa5-5c050314dedb,560dd856-8736-4df8-b8ac-1f21d9ea3768
Straight-Arm Pulldown,Cable Straight Arm Pulldown,0.9312,"The straight-arm bar pull-down is a variation of the straight-arm lat pull-down performed using a cable stack machine. It can either be performed in an athletic upright stance, or slightly bent-over. It both stretches and contracts the muscles of the lats (latissimus dorsi) as well as providing additional activation to the other upper back muscles and the core. Because the triceps are also isometrically involved in the movement, it is usually performed for higher reps, like 8-15 reps or above.",Strength,Lats,back,Cable,Intermediate,,https://fitnessprogramer.com/wp-content/uploads/2021/05/Cable-Straight-Arm-Pulldown.gif,463e737a-4676-4ee3-ad55-0cc33e4dbf0d,ca7e3ac2-2028-4adc-b4f5-a007297126d5
Full Range-Of-Motion Lat Pulldown,Full Range Of Motion Lat Pulldown,1.0,No description available,Strength,Lats,shoulders,Cable,Beginner,,https://fitnessprogramer.com/wp-content/uploads/2022/04/Full-Range-Of-Motion-Lat-Pulldown.gif,204ff127-c968-4578-88dd-df1b83613b39,8f3c3a18-f5e8-41c1-a4b8-d0e5cedd81ff
Behind-the-neck pull-down,Behind The Neck Pull-up,0.9074,"The behind-the-neck pull-down is a cable exercise intended to target the muscles of the upper and middle back. If you have the requisite shoulder mobility, it can help you target the upper back muscles, including the trapezius and rhomboids, as well as the lats (latissimus dorsi). It is popular among elite bodybuilders and physique athletes, but some coaches consider it unsafe to the shoulder joint, particularly for people with existing shoulder problems.",Strength,Lats,back,Cable,Intermediate,,https://fitnessprogramer.com/wp-content/uploads/2022/01/Behind-The-Neck-Pull-up.gif,b9c7f9ef-f384-438d-8a14-60b01fc97d80,3b4eedf8-3c11-4a78-9aba-91fdbe33a97c
Machine seated row,Seated Row Machine,1.0,"The machine seated row is a popular exercise targeting the back muscles, particularly the lats (latissimus dorsi), rhomboids, and middle and lower trapezius. There is a wide variety of seated row machines, but most of them approximate the motion of a free-weight row, but in an upright, forward-facing position. Machine row variations are often performed for moderate to high reps, such as 8-12 reps per set or more, as part of an upper-body or back-focused portion of a workout.",Strength,Lats,back,Machine,Beginner,,https://fitnessprogramer.com/wp-content/uploads/2021/02/Seated-Row-Machine.gif,b913407c-3c11-4683-84e7-4d3049549c22,94d47c6f-0a4a-4557-8f6e-d9d0d419a878
Pull-up,Pull-Up,1.0,"The pull-up is a multijoint bodyweight exercise that builds strength and muscle in the upper back, biceps, and core. It is often used as a measurement tool in military or tactical fitness tests, and is an excellent gauge of ""relative strength"" which is strength in relation to body weight.",Strength,Lats,back,Body Only,Beginner,,https://fitnessprogramer.com/wp-content/uploads/2021/02/Pull-up.gif,a64b2387-1a4c-4789-8a7b-c98ecb4bd12f,1017a89f-1cbd-4b8f-acf1-a6c161db2a5e
Muscle Up,Muscle-Up,1.0,No description available,Strength,Lats,full-body,Body Only,Intermediate,,https://fitnessprogramer.com/wp-content/uploads/2021/05/Muscle-up-vertical-bar.gif,401ea2b9-cd0a-4402-bab9-0b1160afc0be,8b472284-38c8-4b50-be0c-8e957921ee97
Neutral-grip pull-up,Neutral Grip Pull-up,1.0,"The neutral-grip pull-up is a multijoint bodyweight exercise in which the reps are performed with the palms facing one another. Like other pull-up variations, it builds strength and muscle in the upper back, biceps, and core. It can be used as a more shoulder-friendly alternative to straight-bar pull-ups, or to help perform more reps than you can perform overhand.",Strength,Lats,back,Body Only,Intermediate,,https://fitnessprogramer.com/wp-content/uploads/2022/08/neutral-grip-pull-up.gif,2f4b1f52-6cbf-409e-972b-eb298a0136fc,b6abaeda-9c1b-48e3-adb9-864d94751e25
Standing side bend stretch,Standing Side Bend Stretch,1.0,"The standing side bend stretch is a stretching exercise targeting the obliques, the muscles that run along the side of the core. It is a common inclusion in dynamic warm-ups for the upper body, but can also be performed to help ""limber up"" for lifting or athletics anytime.",Stretching,Lats,back,Body Only,Intermediate,,https://fitnessprogramer.com/wp-content/uploads/2021/09/Standing-Side-Bend-Stretch.gif,54bdd5f0-f9f4-40fb-b3c2-23fadfbe192b,da5853c7-b543-4cad-b06c-bdfa54108904
Chin-Up,Chin-Up,1.0,"The a chin-up is a variation of the pull-up exercise in which the reps are performed with the palms facing toward the body, in an underhand position, with a grip that is narrower than shoulder-width. Like other pull-up variations, it builds strength and muscle in the upper back, biceps, and core, but it utilizes the biceps slightly more than overhand pull-ups. It can be used as a more shoulder-friendly alternative to straight-bar pull-ups, or to help perform more reps than you can perform overhand.",Strength,Lats,back,Body Only,Intermediate,,https://fitnessprogramer.com/wp-content/uploads/2021/03/Chin-Up.gif,7721387a-39ec-49b6-b326-c6193299793c,370bf782-7320-4dae-ab7a-394d233f5756
UP Chin-Up,Chin-Up,0.959,No description available,Strength,Lats,biceps,Body Only,Intermediate,,https://fitnessprogramer.com/wp-content/uploads/2021/03/Chin-Up.gif,004d9af1-bdb9-48cc-8ede-767298a1e30d,fa343fde-ae14-44cc-8d12-73d364bf5b03
Medicine ball slam,One Arm Medicine Ball Slam,0.921,"The medicine ball slam is an explosive exercise for developing power, strength, and speed. Muscles worked include the abdominals, legs, triceps, shoulders, and lats. The slams are usually done in rapid succession to complete one set. It can also be a component of a power or athleticism-focused circuit workout.",Plyometrics,Lats,full-body,Medicine Ball,Intermediate,,https://fitnessprogramer.com/wp-content/uploads/2024/06/One-Arm-Medicine-Ball-Slam.gif,dfa4fd51-63cd-49d2-923a-11198204f349,fdf4682a-9f75-4ed4-9d11-1c29a947f04c
Dynamic Back Stretch,Dynamic Chest Stretch,0.8752,No description available,Stretching,Lats,chest,Bodyweight,Beginner,,https://fitnessprogramer.com/wp-content/uploads/2021/06/Dynamic-Chest-Stretch.gif,531234ca-9837-48d1-b076-6a59ded4acaa,d8a49d40-1c35-449c-9d81-207b70654b61
Band good morning-,Dumbbell Good Morning,0.8537,"The band good morning is an exercise targeting the hamstrings and glutes. It is often performed in powerlifting-style training for high reps, or in the place of barbell good mornings.",Strength,Lower Back,leg,Bands,Intermediate,,https://fitnessprogramer.com/wp-content/uploads/2023/10/Dumbbell-Good-Morning.gif,19256ffd-c265-480f-941f-ba59c4ff2c67,e5ecc42c-4106-47f3-b638-add58db0fb2d
Band deadlift,Deadlift,0.8697,The band deadlift is a lower-body exercise that mainly targets the hamstrings while also benefiting the glutes and lats using a proper hip-hinging motion.,Strength,Lower Back,back,Bands,Intermediate,,https://fitnessprogramer.com/wp-content/uploads/2021/02/Barbell-Deadlift.gif,5dead07d-5d3e-404b-a200-8cc6c9bdcf06,23a6248d-0e2d-40d2-912c-2c4b0a934b0c
Rack pull,Rack Pull,1.0,"The rack pull is a variation of the deadlift performed from an elevated height, either using boxes, safety pins, or the safeties in a squat rack. It targets all the same muscles as the deadlift, including the glutes, hamstrings, upper back, lower back, and grip. It can be used to strengthen deadlift lockout, but also as a deadlift alternative for people who can't deadlift from the floor without pain.",Powerlifting,Lower Back,leg,Barbell,Intermediate,,https://fitnessprogramer.com/wp-content/uploads/2023/08/barbell-rack-pull.gif,295fa975-cae1-4620-9700-fec2ee223d6c,9d625760-79b2-4bfd-bfbf-5eeca19273d0
TBS Romanian Deadlift,Romanian Deadlift,0.9152,"The barbell stiff-legged deadlift targets the hamstrings, glutes, lower and upper back, as well as the core. It is a popular accessory movement for the deadlift, but also a muscle-building hamstring movement.",Strength,Lower Back,leg,Barbell,Intermediate,,https://fitnessprogramer.com/wp-content/uploads/2021/02/Barbell-Romanian-Deadlift.gif,befb590c-5f2d-48bd-b0b2-e7f469690340,23bdc8de-2591-4f47-8f7a-75035044dda4
Barbell deadlift-,Barbell Single Leg Deadlift,0.8213,"The barbell deadlift is a compound exercise used to develop overall strength and size in the posterior chain. It is a competition lift in the sport of powerlifting, but is also considered a classic benchmark of overall strength. When performed with the hands outside the knees, it is often called a ""conventional"" deadlift. When the feet are wide and the hands are inside the knees, it is a sumo deadlift.",Strength,Lower Back,leg,Barbell,Intermediate,,https://fitnessprogramer.com/wp-content/uploads/2022/09/Barbell-Single-Leg-Deadlift.gif,3277e45d-23a6-494e-93e9-e38d45687fc6,83ed8ce5-e19f-4bb4-8465-1d36502359b5
Kettlebell deadlift,Kettlebell Deadlift,1.0,"The kettlebell deadlift is a foundational movement in kettlebell training. It's often taught as a buildup or regression to the kettlebell swing, as well as to instruct the ""hip hinge"" motion in a more approachable manner than with a barbell.",Strength,Lower Back,erector-spinae,Kettlebells,Intermediate,,https://fitnessprogramer.com/wp-content/uploads/2021/06/kettlebell-deadlift.gif,b532624f-c147-4aa4-a20e-5609fd6890e7,0e9b1f7f-b5c1-43fa-bb02-019ff293a7d2
HM Kettlebell Swing,Kettlebell Swings,0.9631,No description available,Strength,Lower Back,shoulders,Kettlebells,Intermediate,,https://fitnessprogramer.com/wp-content/uploads/2021/09/Kettlebell-Swings.gif,c5b96455-ab40-4148-b290-7afc7f4e4287,1cd0757b-5d31-446e-be19-9bedfd4519fb
Dumbbell Fix Dumbbell Deadlift,Dumbbell Deadlift,0.8621,No description available,Strength,Lower Back,leg,Dumbbell,Intermediate,,https://fitnessprogramer.com/wp-content/uploads/2023/09/dumbbell-deadlifts.gif,240ff629-cffc-4e9c-a47e-0fab204f198e,c4fd5678-27d7-463c-8e58-4b2f4b39978b
TBS Dumbbell Romanian Deadlift,Romanian Deadlift,0.8598,"The dumbbell stiff-legged deadlift targets the hamstrings, glutes, low and upper back, as well as the core. The purpose of the stiff-legged, as opposed to Romanian deadlift with slightly bent knees, is to engage the hamstrings and low back to an even greater degree.",Strength,Lower Back,erector-spinae,Dumbbell,Intermediate,,https://fitnessprogramer.com/wp-content/uploads/2021/02/Barbell-Romanian-Deadlift.gif,2dbcf11b-464f-47ba-8016-19218cf40451,d42172a4-8cd3-4ecb-93d2-328a218e43e5
UNS Dumbbell Romanian Deadlift,Dumbbell Romanian Deadlift,0.9268,No description available,Strength,Lower Back,leg,Dumbbell,Intermediate,,https://fitnessprogramer.com/wp-content/uploads/2021/02/Dumbbell-Romanian-Deadlift.gif,988be98d-2cee-4c98-be35-98ec6edf0d57,f68c4a2e-f745-4f5b-b402-71f921e2a3d4
FYR2 Dumbbell Deadlift,Dumbbell Deadlift,0.8705,No description available,Strength,Lower Back,erector-spinae,Dumbbell,Intermediate,,https://fitnessprogramer.com/wp-content/uploads/2023/09/dumbbell-deadlifts.gif,8cb535d4-550d-4476-8b7c-4e8ae7433a29,b0234551-f0c4-4bd2-8ba8-77cbcc0a95eb
Holman Deadlift,Deadlift,0.8468,No description available,Strength,Lower Back,leg,Other,Intermediate,,https://fitnessprogramer.com/wp-content/uploads/2021/02/Barbell-Deadlift.gif,b4bd1cba-bbd0-48de-abe5-ff3e41290659,609abb58-7504-4571-a289-a495e9e7e450
Seated Back Extension,Seated Back Extension,1.0,No description available,Strength,Lower Back,erector-spinae,Machine,Beginner,,https://fitnessprogramer.com/wp-content/uploads/2021/06/seated-back-extension.gif,bb41bb26-dea2-4e8f-9b6a-b18049f970ce,6bc42132-a544-4672-95b3-047a396f5565
Hyperextensions With No Hyperextension Bench,Hyperextension,0.9448,No description available,Strength,Lower Back,erector-spinae,Body Only,Beginner,,https://fitnessprogramer.com/wp-content/uploads/2021/02/hyperextension.gif,3917116e-7738-43e6-ac79-a1cea335400a,0b87d340-568b-4cf9-a7f8-924dc29731e9
Superman,Superman,1.0,"The Superman is a bodyweight exercise that consists of isometric holds in an extended spine position. It targets the muscles of the posterior chain, including the muscles of the glutes, spinal erectors, and upper back. It can be performed as part of a dynamic warm-up, or for muscle activation or mobility anytime.",Stretching,Lower Back,erector-spinae,Body Only,Intermediate,,https://fitnessprogramer.com/wp-content/uploads/2021/02/Superman-exercise.gif,d86a0a48-4cc6-4891-b161-7cda74ce7fec,7010c01a-0994-4934-904b-6fec4158d80f
HM Cobra,Cobra Push-up,0.8642,No description available,Strength,Lower Back,chest,Body Only,Intermediate,,https://fitnessprogramer.com/wp-content/uploads/2022/08/Cobra-Push-up.gif,39a800c6-2039-473f-bc62-a22a4d1d5ebe,cba6b072-1ce4-4e98-9040-6da7f80cb9fa
HM Good Morning,Good Morning,0.9717,No description available,Strength,Lower Back,leg,Body Only,Intermediate,,https://fitnessprogramer.com/wp-content/uploads/2021/02/Barbell-Good-Morning.gif,6af86967-8cbd-48c4-b099-9659d3c9ed6d,28932789-b204-492a-8be6-dcbf6d8f1b95
Superman-,Superman,1.0,"The Superman is a bodyweight exercise that consists of isometric holds in an extended spine position. It targets the muscles of the posterior chain, including the muscles of the glutes, spinal erectors, and upper back. It can be performed as part of a dynamic warm-up, or for muscle activation or mobility anytime.",Strength,Lower Back,neck,Body Only,Intermediate,,https://fitnessprogramer.com/wp-content/uploads/2021/02/Superman-exercise.gif,ac13ba7c-7545-4ee3-9148-5163189a9e59,66c8fe4a-5b18-4c98-89a7-7f80816d2e07
Weighted back extension,Weighted Back Extension,1.0,"The weighted back extension is an exercise targeting the spinal erectors, as well as the glutes and hamstrings. Back extensions are often done for high reps without weight, but when done with weight, they can be an excellent accessory movement for deadlift strength as well as an overall posterior-chain strength builder. Because your back is the limiting factor, it's still an exercise that is usually done for moderate to high reps, such as 8-12 reps per set or higher. You can weight it with a plate or by holding a dumbbell or other weight in your hands.",Strength,Lower Back,erector-spinae,Body Only,Intermediate,,https://fitnessprogramer.com/wp-content/uploads/2021/06/Weighted-Back-Extension.gif,c277117c-9599-4af3-8bbb-786c682e7141,259f42cb-7eb8-4313-8b65-6f6553cff0e7
30 Back Band-Assisted Pull-Up,Assisted Pull-up,0.8362,No description available,Strength,Middle Back,back,Bands,Intermediate,,https://fitnessprogramer.com/wp-content/uploads/2021/04/Assisted-Pull-up.gif,2fcb7871-590a-4d1c-9f8d-4af88b514436,81f9ef10-4632-4f74-9aab-4114b1461041
Reverse-grip bent-over row,Dumbbell Bent Over Reverse Grip Row,0.9113,"The reverse-grip bent-over row is a compound exercise used to build strength and size in both the lower and upper back. It targets nearly all of the muscles in the back, but particularly the lats, rhomboids, and lower back. It is thought to target the biceps and lats a bit more directly than overhand barbell rows. Because it can be loaded heavily, it is a popular movement in strength and muscle-focused upper-body workouts.",Strength,Middle Back,back,Barbell,Intermediate,,https://fitnessprogramer.com/wp-content/uploads/2021/10/Dumbbell-Bent-Over-Reverse-Row.gif,47130928-533e-4bbb-b0fb-747cecf4cffc,47a74974-3c69-4b57-9993-d68359524dda
Bent Over Barbell Row,Barbell Bent Over Row,1.0,"The barbell bent-over row is a compound exercise used to build strength and size in both the lower and upper back. It targets nearly all of the muscles in the back, but particularly the lats, rhomboids, and lower back. It is commonly utilized as an accessory movement for the deadlift in powerlifting, but is also popular in strength and muscle-focused upper-body workouts.",Strength,Middle Back,back,Barbell,Intermediate,,https://fitnessprogramer.com/wp-content/uploads/2021/02/Barbell-Bent-Over-Row.gif,a3ff0c75-0ed9-4406-a261-38c7dbb79815,2c1cfcc1-2e01-49c9-bf6d-09127d589397
Pendlay Row,Barbell Pendlay Row,0.9115,"The Pendlay row, named after the well-known strength coach Glenn Pendlay, is a bent-over row variation where each rep starts with the barbell resting on the ground. This eliminates the stretch reflex and forces the lifter to pull with power and a bent-over spine. The Pendlay row can be performed heavy for low reps, but is usually performed for moderate reps, such as 5-8 per set.",Strength,Middle Back,back,Barbell,Intermediate,,https://fitnessprogramer.com/wp-content/uploads/2022/07/Barbell-Pendlay-Row.gif,926d1ab5-d021-4eac-bc92-b07c49191368,342f33b0-e5dc-45e6-bfea-0c9e91de4d71
Barbell bent-over row,Barbell Bent Over Row,1.0,"The barbell bent-over row is a compound exercise used to build strength and size in both the lower and upper back. It targets nearly all of the muscles in the back, but particularly the lats, rhomboids, and lower back. It is commonly utilized as an accessory movement for the deadlift in powerlifting, but is also popular in strength and muscle-focused upper-body workouts.",Strength,Middle Back,full-body,Barbell,Intermediate,,https://fitnessprogramer.com/wp-content/uploads/2021/02/Barbell-Bent-Over-Row.gif,c6363376-44e4-4f2e-81ed-4dbf1648cf30,1da43821-5b3a-4ee6-b068-0a59b5dadd72
30 Back Bent-Over Barbell Row,Barbell Bent Over Row,0.8681,No description available,Strength,Middle Back,erector-spinae,Barbell,Intermediate,,https://fitnessprogramer.com/wp-content/uploads/2021/02/Barbell-Bent-Over-Row.gif,4b13d135-3517-4ee1-be36-1416d6b3c74f,9223b5f4-0567-4530-81f2-da6bb9473605
Kettlebell alternating renegade row,Kettlebell Renegade Row,0.8313,"The kettlebell alternating renegade row combines rowing and core training into a single difficult movement. It's popular in time-efficient strength and muscle-building workouts, as well as in circuit-style training.",Strength,Middle Back,full-body,Kettlebells,Intermediate,,https://fitnessprogramer.com/wp-content/uploads/2022/07/Kettlebell-Renegade-Row.gif,c388376b-2140-4169-bead-938e88458d09,53edf4af-353e-471e-920e-15bba717911c
Kettlebell bent-over row to clean,Kettlebell Bent Over Row,0.837,"The kettlebell bent-over row to clean is a combination kettlebell exercise that targets many of the muscles of the upper body including the lats (latissimus dorsi), biceps, shoulders, and core. It also strengthens and trains power output of the lower body. It can be done for reps or for time as a strength or muscle-focused complex, or in circuit-style training for conditioning or fat loss.",Strength,Middle Back,back,Kettlebells,Intermediate,,https://fitnessprogramer.com/wp-content/uploads/2021/06/Kettlebell-Bent-Over-Row.gif,2b6ea075-4c33-4dfa-8837-f88eb36455db,c0cfb19a-3f9a-4825-bf84-a2ac3a300375
Dumbbell bent-over row,Bent Over Dumbbell Row,1.0,"The dumbbell bent-over row is a popular exercise to develop and strengthen the muscles of the upper and middle back, like the latissimus (lat), lower trapezius, and rear deltoids. It can work equally well in strength, muscle-building, or circuit-style fat-loss workouts.",Strength,Middle Back,full-body,Dumbbell,Intermediate,,https://fitnessprogramer.com/wp-content/uploads/2021/02/Bent-Over-Dumbbell-Row.gif,43932343-5b3f-440c-9045-c1bf89f1a3bd,e1d9004e-037a-42bf-a541-e9837b1f2678
Decline dumbbell chest fly,Decline Dumbbell Fly,0.8664,"The decline dumbbell chest fly is an upper-body exercise targeting the muscles of the chest, particularly the lower chest. It will require less weight than a decline press, which makes it a great hypertrophy exercise with high reps. Fly variations are usually performed for moderate to high reps, such as 8-12 reps per set or more.",Strength,Middle Back,chest,Dumbbell,Intermediate,,https://fitnessprogramer.com/wp-content/uploads/2021/06/Decline-Dumbbell-Fly.gif,afbd19c2-cb0c-4cea-9d03-1a55f177e068,db99c826-d4ef-4ff8-ba74-83c1ab691cdf
HM Bent-Over Dumbbell Row,Bent Over Dumbbell Row,0.9557,No description available,Strength,Middle Back,back,Dumbbell,Intermediate,,https://fitnessprogramer.com/wp-content/uploads/2021/02/Bent-Over-Dumbbell-Row.gif,571c13cd-4d08-467b-a936-84e23e5e7824,c6c72535-f749-4f54-b198-cfdd16214b3f
UN Bent-Over Dumbbell Row,Bent Over Dumbbell Row,0.9231,No description available,Strength,Middle Back,erector-spinae,Dumbbell,Intermediate,,https://fitnessprogramer.com/wp-content/uploads/2021/02/Bent-Over-Dumbbell-Row.gif,ec0e1d9f-7318-40d1-a97d-51433135e778,983fad67-adc3-4d83-a85b-c8d654a3a049
T-Bar Row,T-Bar Row,1.0,No description available,Strength,Middle Back,back,Other,Intermediate,,https://fitnessprogramer.com/wp-content/uploads/2021/04/t-bar-rows.gif,5046b439-716d-43aa-a126-9703a1250a67,412ae39c-1e72-4e1d-bc9e-45012a020fbb
Upside-down pull-up,Upside Down Pull-up,1.0,"The upside-down pull-up is an advanced bodyweight exercise that is normally performed on a pair of gymnastic rings. It involves pulling the body toward the ceiling in an inverted position. It targets the same muscles as traditional pull-ups, including the lats (latissimus dorsi), biceps, and core. However, the pulling angle is more akin to a bent-over row or upright row, depending on the angle of your hips.",Strength,Middle Back,back,Other,Intermediate,,https://fitnessprogramer.com/wp-content/uploads/2021/09/Upside-Down-Pull-up.gif,c67208f6-3323-4e7e-9ffd-33f7e2adfb0c,0c8f7191-e73a-4374-bb9e-310ec7656a50
Suspended row,Suspended Push-Up,0.8774,"The suspended row is a bodyweight pulling exercise that focuses on the muscles of the middle and upper back, as well as the biceps. It can be trained in traditional muscle-building rep ranges or for higher reps. It can also work as part of a dynamic warm-up for a pressing or pulling-focused workout.",Strength,Middle Back,triceps,Other,Intermediate,,https://fitnessprogramer.com/wp-content/uploads/2022/08/Suspended-Push-Up.gif,509fce8b-3492-404d-9c67-8ac0f930144f,1429609d-8496-4253-b0c2-15a3d34fdf37
One Arm Chin-Up,One Arm Chin-Up,1.0,No description available,Strength,Middle Back,back,Other,Beginner,,https://fitnessprogramer.com/wp-content/uploads/2022/01/One-Arm-Chin-Up.gif,4891518c-141c-4283-97ab-31b2d7cbff0f,41430cd7-b41a-45cd-abcd-9050256980ca
UN Cable Pull-Through,Cable Pull Through,0.9478,No description available,Strength,Middle Back,erector-spinae,Cable,Intermediate,,https://fitnessprogramer.com/wp-content/uploads/2021/06/Cable-Pull-Through.gif,f0324b38-21be-4899-bda2-49451ca60c46,05208fa1-f93a-4a79-b8cf-4aa52ca4d56e
Smith machine bent-over row,Smith Machine Bent Over Row,1.0,"The Smith machine bent-over row is an upper-body exercise targeting the muscles of the back, particularly the lats (latissimus dorsi). This movement can be programmed in low reps for strength or higher reps for muscle and strength endurance. It is often performed for moderate to high reps, such as 8-12 reps per set or more, as part of an upper-body or back-focused workout.",Strength,Middle Back,back,Machine,Intermediate,,https://fitnessprogramer.com/wp-content/uploads/2021/06/Smith-Machine-Bent-Over-Row.gif,ea7c255e-288a-4432-aba5-3da3f15b50f3,a6c2a8c9-73ee-4413-bac9-d729a926c7ed
Upper Back Stretch,Upper Back Stretch,1.0,No description available,Stretching,Middle Back,back,Body Only,Intermediate,,https://fitnessprogramer.com/wp-content/uploads/2021/05/Upper-Back-Stretch.gif,fd17d64e-687c-4965-a399-9ad786e50066,bb8e7730-4402-487e-ac00-4b9409ddc3f9
30 Back Reverse-Grip Pull-Up,Reverse grip Pull-up,0.8704,No description available,Strength,Middle Back,back,Body Only,Intermediate,,https://fitnessprogramer.com/wp-content/uploads/2021/04/Reverse-grip-Pull-up.gif,41581170-9bc8-410a-a750-4e9e1be5230c,8d839049-a8d6-4782-8801-6920e2f18da4
Band seated row,Band Seated Row,1.0,"The band seated row is a band alternative to the popular cable exercise and trains the muscles of the upper back, including the lats (latissimus dorsi), traps, rhomboids, and rear deltoids. It also targets the biceps to a lesser degree. The band row can work well in a variety of rep ranges, requiring a heavier band for muscle-building and strength workouts and a lighter band for weight-loss work and as an accessory movement.",Strength,Traps,back,Bands,Intermediate,,https://fitnessprogramer.com/wp-content/uploads/2022/02/Band-Seated-Row.gif,cec3349f-0cb8-486b-ba16-30d0df32be2c,aec87010-9a99-4ee6-9faa-d15ff7761940
Barbell shrug,Barbell Shrug,1.0,"The barbell shrug is an exercise targeting the traps (trapezius muscles). It is popular in strength and muscle-focused upper-body training, and is often trained on a shoulder day. With the assistance of straps, it can be loaded heavily, but it is still usually performed for moderate to high reps, such as 8-10 reps per set.",Strength,Traps,trapezius,Barbell,Intermediate,,https://fitnessprogramer.com/wp-content/uploads/2021/02/Barbell-Shrug.gif,039bb7a7-13aa-4f93-9d43-b8bb0f68a9de,84f94142-0596-49c5-a19b-f58ef3fe020e
Barbell behind-the-back shrug,Behind The Back Barbell Shrug,1.0,"The barbell behind-the-back shrug is an exercise targeting the traps. Having the bar behind you helps keep your shoulders pulled up and back, rather than rounded forward. It is popular in strength and muscle-focused upper-body training, and is often trained on a shoulder day. With the assistance of straps, it can be loaded heavily, but it is still usually performed for moderate to high reps, such as 8-10 reps per set.",Strength,Traps,trapezius,Barbell,Intermediate,,https://fitnessprogramer.com/wp-content/uploads/2023/03/Behind-The-Back-Barbell-Shrug-Reverse-Barbell-Shrug.gif,33204798-1a09-4e59-9299-b3063885169f,e3833904-6fb9-4a47-9296-e2856d6cbb43
Standing dumbbell upright row,Dumbbell Upright Row,0.8313,"The standing dumbbell upright row is a popular movement for building stronger and bigger traps and shoulders. Many lifters combine this move with either their back or shoulder workout, since it involves both body parts. It is generally performed for moderate to high reps, such as 8-12 reps per set or more.",Strength,Traps,shoulders,Dumbbell,Intermediate,,https://fitnessprogramer.com/wp-content/uploads/2021/04/Dumbbell-Upright-Row.gif,0754645a-f5c6-4336-91dc-c4c38e05e062,7ea13f2a-1b74-47a3-bfcd-8bc1437b29ac
Cable shrug,Cable Shrug,1.0,"The cable shrug is an exercise targeting the traps, as well as hitting the shoulders and upper back. Cables allow for lighter loading which is beneficial for higher-rep sets.",Strength,Traps,trapezius,Cable,Intermediate,,https://fitnessprogramer.com/wp-content/uploads/2021/04/Cable-Shrug.gif,b1ad1469-8fdb-4444-859c-4c568cb14fb1,f68f75a0-ba14-42fe-ac3f-1768ed3322c9
Smith machine shrug,Smith Machine Shrug,1.0,"The Smith machine shrug is an upper-body exercise targeting the traps (trapezius muscles). It is usually performed for moderate to high reps, such as 8-12 reps per set or more, as part of shoulder or trap-focused training.",Strength,Traps,trapezius,Machine,Intermediate,,https://fitnessprogramer.com/wp-content/uploads/2021/10/smith-machine-shrug.gif,e57bdb1d-c2ff-4a1b-859b-c4ee813267d8,60e4e8b9-b25f-440f-b76e-26fc51c79d51
Side Neck Stretch,Side Neck Stretch,1.0,No description available,Stretching,Neck,neck,Body Only,Intermediate,,https://fitnessprogramer.com/wp-content/uploads/2021/06/Side-Neck-Stretch.gif,b2406bc6-1237-48cf-b29f-b123f144be66,4a2e52af-d990-4fef-9d75-b37a7fe7a03c
Band overhead squat,Overhead Squat,0.8992,"The band overhead squat is a full-body, functional movement that works to build full-body strength and stability. It is a variation of the classic barbell exercise and can be used to train core strength and stability for Olympic weightlifting or CrossFit.",Strength,Quadriceps,full-body,Bands,Intermediate,,https://fitnessprogramer.com/wp-content/uploads/2022/07/overhead-squat.gif,e2ccbd4a-bdfd-4c6f-9577-fb54d843f4c2,c28460ca-5968-47ee-a0f8-8ff1d563393c
Push-press,Push Press,1.0,"The push-press is an overhead press variation in which the barbell is pushed upward with assistance from the lower body. This ""push"" helps the weight travel through the sticking point of a strict press. The push-press is commonly performed as part of barbell complexes, power training for all types of athletics, or as a powerful shoulder exercise.",Olympic Weightlifting,Quadriceps,full-body,Barbell,Intermediate,,https://fitnessprogramer.com/wp-content/uploads/2021/02/push-press-1.gif,88fcf059-ef89-4be6-a4ad-cf2f1963d951,424b1fdf-7063-420f-9729-8331b475f8d7
Power snatch-,Power Snatch,1.0,"The power snatch is a full-body lift in which the bar is pulled from the floor with a wide grip to the overhead position in one movement. The bar is received in the ""power"" position, with the hips higher than a full-depth squat position. The power snatch can be used as a learning tool for the full snatch, or to train muscular power and strength on its own. It is usually performed for low reps, focusing on power and movement quality.",Olympic Weightlifting,Quadriceps,full-body,Barbell,Expert,,https://fitnessprogramer.com/wp-content/uploads/2022/02/Barbell-Power-Snatch.gif,162666ec-7151-445c-9ab1-99df9cb36ad6,a50f805d-042b-486b-bf12-39ad573379a4
Hang Clean,Barbell Hang Clean,0.8452,No description available,Olympic Weightlifting,Quadriceps,full-body,Barbell,Beginner,,https://fitnessprogramer.com/wp-content/uploads/2022/07/Barbell-Hang-Clean.gif,12626202-77b4-47a6-b37d-1ed82741dae4,032648b7-c93d-499a-ae85-0303f8311eb4
Barbell Squat,Barbell Jump Squat,0.8351,"The barbell back squat is a popular compound movement that emphasizes building the lower-body muscle groups and overall strength. It's the classic way to start a leg day, and is a worthy centerpiece to a lower-body training program. The squat is a competitive lift in the sport of powerlifting, but is also a classic measurement of lower-body strength. With the barbell racked on the traps or upper back, the emphasis is placed on the posterior chain but the entire body gets worked. The back squat can be trained in everything from heavy singles to sets of 20 reps or higher.",Strength,Quadriceps,full-body,Barbell,Intermediate,,https://fitnessprogramer.com/wp-content/uploads/2023/01/Barbell-Jump-Squat.gif,0c498d41-b174-42a7-861e-81f0b5cead20,ae996660-0f55-4600-82d9-b855d75ecf9e
Barbell front squat,Barbell Pin Front Squat,0.8402,"The barbell front squat is a compound movement that emphasizes building the lower-body muscle groups. With the barbell racked in front of the body on the anterior delts, the front squat emphasizes the quads and glutes, but also upper back and core strength to remain upright. Front squats can be trained as an alternative to back squats, as an accessory movement for either squats or deadlifts, or for strength and muscle on their own. Many lifters and athletes prefer them to back squats, although they can be uncomfortable and difficult to learn at first.",Strength,Quadriceps,leg,Barbell,Intermediate,,https://fitnessprogramer.com/wp-content/uploads/2022/12/Barbell-Pin-Squat.gif,ef20ea5d-ce9a-443b-9ee9-7280b840f320,b3971d06-1df7-42e8-b67b-a42fafc01565
Barbell step-up,Barbell Step-Up,1.0,"The barbell step-up is a great exercise for building lower-body strength and power. It targets all the same muscles as bodyweight step-ups, such as the quads, glutes, and hamstrings, but allows for greater muscular overload.",Strength,Quadriceps,leg,Barbell,Intermediate,,https://fitnessprogramer.com/wp-content/uploads/2021/06/Barbell-Step-Up.gif,c1717773-e826-4b31-83b9-a81509ed4dbd,e33e94b7-2054-415e-b90f-08bf4d807881
Barbell Bulgarian split squat,Barbell Bulgarian Split Squat,1.0,"The barbell Bulgarian split squat is a single-leg exercise targeting the quads, glutes, and hamstrings. It is easier to overload with the barbell than when using dumbbells. If balance is an issue, consider using a Smith machine or holding dumbbells at your side instead.",Strength,Quadriceps,leg,Barbell,Intermediate,,https://fitnessprogramer.com/wp-content/uploads/2021/05/Barbell-Bulgarian-Split-Squat.gif,3bc8fc85-e7a0-4dbf-9a8a-af53c3afdced,b1128ada-c1ff-48f3-a55a-e095e9dc9b64
Barbell hack squat,Barbell Hack Squats,1.0,"The barbell hack squat is a variety of deadlift performed with the barbell behind the legs. This forces the lifter into a body position similar to a squat and targets the quads and glutes. It is named after famed strongman George Hackenschmidt, who performed it as an overall leg-building exercise. The barbell hack squat can be used as a substitute for the machine hack squat, or as a lower-body strength and size movement on its own.",Strength,Quadriceps,leg,Barbell,Expert,,https://fitnessprogramer.com/wp-content/uploads/2021/02/Barbell-Hack-Squat.gif,26072794-b2c3-4c28-97cb-db71f3e05aea,04d32d56-34cf-4ec3-9ba5-eee0f21ac70c
Barbell thruster,Barbell Thruster,1.0,"The barbell thruster is a full-body exercise that incorporates both squatting and pressing in one functional movement. It's especially common in contemporary CrossFit workouts, but also in general strength training. The barbell is usually cleaned into place first, but it could be performed taken from a squat rack in a front-rack position. The thruster can be performed in traditional strength-focused rep ranges to build strength in the press, or in higher reps for full-body conditioning.",Strength,Quadriceps,full-body,Barbell,Intermediate,,https://fitnessprogramer.com/wp-content/uploads/2022/10/thruster.gif,40c78054-1d64-4de7-b05c-faf5b01d122d,d7e2798d-37d0-4d79-bb07-0f5fc21cf5e7
Zercher squat,Zercher Squat,1.0,The Zercher squat is a barbell exercise in which the bar is placed in the crease of your elbows as you perform a normal squat. This movement can be awkward at first but is extremely effective in building both size and strength.,Strength,Quadriceps,leg,Barbell,Intermediate,,https://fitnessprogramer.com/wp-content/uploads/2021/06/Zercher-Squat.gif,6b25e542-4cb4-4a7e-8153-9290812d0fb8,816edcc2-97fa-460f-945b-1081491c934e
Jefferson Squats,Jefferson Squat,1.0,No description available,Strength,Quadriceps,leg,Barbell,Beginner,,https://fitnessprogramer.com/wp-content/uploads/2022/10/jefferson-squat.gif,34ac5cf2-e702-42c1-85e0-5d11001396fa,8089a0b3-a6a2-4e84-836d-5dc992d234f6
Barbell side split squat,Barbell Split Squat,0.9056,"The barbell side split squat is a variation of the split squat that targets the lower body, specifically the quads, and requires good hip mobility.",Strength,Quadriceps,leg,Barbell,Intermediate,,https://fitnessprogramer.com/wp-content/uploads/2022/04/Barbell-Split-Squat.gif,0ee2b5d9-d8e7-43a6-a537-da8c3698241a,aa62c6b1-98f1-450c-9f93-444fa8adb567
Front Barbell Squat To A Bench,Barbell Bench Front Squat,0.9501,No description available,Strength,Quadriceps,leg,Barbell,Beginner,,https://fitnessprogramer.com/wp-content/uploads/2021/06/Barbell-Bench-Front-Squat.gif,f10d04da-fbba-41f7-afc9-9e33a9041e97,7aed7a20-4310-439d-8f79-74107f718310
Front Squat (Clean Grip),Cable Front Squat,0.8442,No description available,Strength,Quadriceps,leg,Barbell,Beginner,,https://fitnessprogramer.com/wp-content/uploads/2022/02/Cable-Front-Squat.gif,6a737b13-d577-4a7a-a0ed-ef0fa1019dd8,79804f64-3c90-4eb1-8ce0-5cabbf2db40f
Front Squat (Bodybuilder),Front Squat,1.0,"The barbell front squat is a compound movement that emphasizes building the lower-body muscle groups. With the barbell racked in front of the body on the anterior delts, the front squat emphasizes the quads and glutes, but also upper back and core strength to remain upright. Front squats can be trained as an alternative to back squats, as an accessory movement for either squats or deadlifts, or for strength and muscle on their own. Many lifters and athletes prefer them to back squats, although they can be uncomfortable and difficult to learn at first.",Strength,Quadriceps,leg,Barbell,Intermediate,,https://fitnessprogramer.com/wp-content/uploads/2021/06/front-squat.gif,63a90f0c-78eb-479b-b065-42b74d3cbe62,a8ee4ab2-cb1d-4a89-afdd-9c5569c3cfb7
Heaving Snatch Balance,Heaving Snatch Balance,1.0,No description available,Olympic Weightlifting,Quadriceps,full-body,Barbell,Beginner,,https://fitnessprogramer.com/wp-content/uploads/2022/02/Barbell-Heaving-Snatch-Balance.gif,7b7b9278-07a4-4ddb-9772-eadfaba1cfb2,6e7a8fac-32a1-47fd-b1c1-2707eb52f049
UP Squat,Squat,0.9087,"The barbell back squat is a popular compound movement that emphasizes building the lower-body muscle groups and overall strength. It's the classic way to start a leg day, and is a worthy centerpiece to a lower-body training program. The squat is a competitive lift in the sport of powerlifting, but is also a classic measurement of lower-body strength. With the barbell racked on the traps or upper back, the emphasis is placed on the posterior chain but the entire body gets worked. The back squat can be trained in everything from heavy singles to sets of 20 reps or higher.",Strength,Quadriceps,leg,Barbell,Intermediate,,https://fitnessprogramer.com/wp-content/uploads/2021/02/BARBELL-SQUAT.gif,4ccd29ab-8aa1-4507-8763-ba67ed1b1449,4a457ca6-2e7f-4909-bb7d-97785493b805
Kettlebell Pistol Squat,Kettlebell Pistol Squats,1.0,No description available,Strength,Quadriceps,leg,Kettlebells,Beginner,,https://fitnessprogramer.com/wp-content/uploads/2021/09/Kettlebell-Pistol-Squats.gif,3a058f4e-69da-4d4f-b5be-60a9fbeea1d9,2314a245-b723-4080-a475-68907033b559
Goblet Squat,Cable Goblet Squat,0.9071,"The goblet squat is a popular lower-body exercise where you hold a kettlebell or dumbbell in front of your chest as if you are supporting a heavy cup or goblet. It can help lifters of all levels improve their squat technique and hip mobility, but can also work as a muscle-building or strength accessory movement for experienced athletes. It also works well in combinations, complexes, and flows with other kettlebell movements like swings, presses, and cleans.",Strength,Quadriceps,leg,Kettlebells,Intermediate,,https://fitnessprogramer.com/wp-content/uploads/2021/05/Cable-Squat.gif,1b125dd1-a9c4-47a1-91d3-efc136bd9b65,a03102bf-7e1c-45e4-84a6-2811e8a8b8a1
Single-arm kettlebell front squat,Kettlebell Front Squat,0.8513,"The single-arm kettlebell front squat is a popular kettlebell movement performed while holding a single kettlebell in the front-racked position. It targets the muscles of the lower body dynamically, and the muscles of the upper back and core isometrically. It can be trained in traditional strength or muscle-building rep ranges, in circuit or fat-loss training, or as part of a kettlebell combination or complex.",Strength,Quadriceps,leg,Kettlebells,Intermediate,,https://fitnessprogramer.com/wp-content/uploads/2022/10/Kettlebell-front-squat.gif,971c6575-2376-4f15-b1f1-aaab3882db9b,e9303176-95ee-4fca-adab-04b2b62edf19
HM Turkish Get-Up,Turkish Get-up,0.9781,No description available,Strength,Quadriceps,full-body,Kettlebells,Intermediate,,https://fitnessprogramer.com/wp-content/uploads/2021/04/Turkish-Get-Up-Squat-style.gif,4c97be87-ec43-44ed-9845-7d4715f1b00c,dc6978e1-ceb0-4d26-bc91-f2957191fcf6
Holman Kettlebell Swing,Kettlebell Swings,0.9002,No description available,Strength,Quadriceps,abs,Kettlebells,Intermediate,,https://fitnessprogramer.com/wp-content/uploads/2021/09/Kettlebell-Swings.gif,33348cec-5ed8-4269-8c14-38e58549ad1e,92a85615-7016-4563-a678-d82fe57fef82
FYR2 Kettlebell Goblet Squat,Kettlebell Goblet Squat,0.9231,No description available,Strength,Quadriceps,leg,Kettlebells,Intermediate,,https://fitnessprogramer.com/wp-content/uploads/2021/06/kettlebell-goblet-squat.gif,eabd3f44-2001-4383-883f-f2f9aa39788b,b0ce5411-3c50-4f70-a2ac-542dd3de0325
Dumbbell Goblet Squat,Dumbbell Goblet Squat,1.0,"The goblet squat is a common exercise used in the early stages of learning to squat, or as a movement in general training programs for building size to the quads, glutes, and hamstrings.",Strength,Quadriceps,leg,Dumbbell,Intermediate,,https://fitnessprogramer.com/wp-content/uploads/2023/01/Dumbbell-Goblet-Squat.gif,44cc2bc3-8653-4097-ac1f-6c028ac8f9cf,36b4bb0d-7eac-4752-bec2-985b0de7f4c0
Dumbbell squat,Dumbbell Squat,1.0,"The dumbbell squat is a classic lower-body exercise that targets the quadriceps, hamstrings, and glutes. While this variation is usually performed with relatively light weights for high reps, it can also be used as a substitute for squats or the trap-bar deadlift in any workout.",Strength,Quadriceps,leg,Dumbbell,Intermediate,,https://fitnessprogramer.com/wp-content/uploads/2023/09/Dumbbell-Squat.gif,0b4d5947-40a7-4782-b19c-f582a1f97aaf,6f176003-f074-4bea-9988-a97aef774df9
Dumbbell Lunges,Dumbbell Lunge,1.0,"The dumbbell split squat is a popular lower-body exercise to build strength and muscle one leg at a time. It can be used to teach proper lunge form, but is also valuable on its own when trained in traditional strength-focused rep ranges, such as 5-8 reps per set, or for higher reps to build muscle or for conditioning.",Strength,Quadriceps,leg,Dumbbell,Intermediate,,https://fitnessprogramer.com/wp-content/uploads/2021/02/Dumbbell-Lunge.gif,182613ee-1d4f-41dc-9814-5db9d3729a20,421eb56b-e57b-4c95-99e7-62d6b9004045
Dumbbell reverse lunge,Dumbbell Reverse Lunge,1.0,"The dumbbell reverse lunge is a popular lower-body movement that targets the muscles of the quads, glutes, hamstrings, and hips. It also works the core and upper-back muscles to maintain posture while the lower body moves. Lunge variations are often performed for moderate to high reps, such as 8-12 reps per leg or more, as part of the lower-body portion of a workout. If this movement hurts your knees, try performing split squats instead.",Strength,Quadriceps,leg,Dumbbell,Intermediate,,https://fitnessprogramer.com/wp-content/uploads/2022/09/Dumbell-reverse-lunge.gif,993e7436-5c6c-4a93-8a6d-71ae41f35bf2,2adb5c80-c1d0-448c-ae2a-bfe804bb8608
Dumbbell sumo squat,Dumbbell Sumo Squat,1.0,"The dumbbell sumo squat is a popular lower-body movement using a single dumbbell held in front of the legs. It is performed with a wider than shoulder-width stance, which increases the demand on the glutes, hamstrings, and adductors while still benefiting the quads, core, and upper body. It is usually performed for moderate to high reps, at least 8-12 reps per set, as part of the lower-body portion of a workout.",Strength,Quadriceps,leg,Dumbbell,Intermediate,,https://fitnessprogramer.com/wp-content/uploads/2021/02/dumbbell-sumo-squat.gif,c61a4601-9dde-463f-a439-afb813ac3005,f4a5c025-eb76-427b-9c0b-4573ff37d666
Dumbbell step-up,Dumbbell Step-Up,1.0,"The dumbbell step-up is a great exercise for building lower-body strength and power. It targets all the same muscles as bodyweight step-ups, such as the quads, glutes, and hamstrings, but allows for greater muscular overload.",Strength,Quadriceps,leg,Dumbbell,Intermediate,,https://fitnessprogramer.com/wp-content/uploads/2021/12/Dumbeel-Step-Up.gif,69eba418-d9ad-4335-a095-78c55389921a,6cfcd77c-2ee3-4855-9e65-71d97e8ccff2
Dumbbell Walking Lunge,Dumbbell Walking Lunge,1.0,"The dumbbell walking lunge tests your ability to maintain balance while challenging the quads, glutes, and hamstrings as well as core muscles.",Strength,Quadriceps,full-body,Dumbbell,Intermediate,,https://fitnessprogramer.com/wp-content/uploads/2023/09/dumbbell-lunges.gif,043fa201-f70f-4cb1-acc5-5d4c3d5551b6,1a871b9a-8d40-4cba-a5ba-39e07352478b
Dumbbell Squat To A Bench,Dumbbell Bench Squat,0.9271,No description available,Strength,Quadriceps,leg,Dumbbell,Beginner,,https://fitnessprogramer.com/wp-content/uploads/2022/10/dumbbell-bench-squat.gif,65961b21-b755-4562-b760-be4142953192,2d9a1e35-1970-481d-91f9-bc01d9834ce2
Dumbbell Pistol Squat,Dumbbell Pistol Squat,1.0,No description available,Strength,Quadriceps,leg,Dumbbell,Beginner,,https://fitnessprogramer.com/wp-content/uploads/2022/09/Dumbell-Pistol-Squat.gif,34e86536-b84a-42c2-8539-f6135de3942f,5db1101d-1692-4092-b17c-16493abf011a
Dumbbell jump squat,Dumbbell Jump Squat,1.0,"The dumbbell jump squat is a popular movement combining an explosive lower-body movement with extra upper-body loading in the form of dumbbells held in the hands. Done with heavier weights, it can be trained for low reps with a power focus. With light weights, it is often done for higher reps for fat-loss and conditioning.",Plyometrics,Quadriceps,full-body,Dumbbell,Intermediate,,https://fitnessprogramer.com/wp-content/uploads/2022/04/Dumbbell-Jump-Squat.gif,e7067389-c0f5-41b0-be5b-711161cffa3c,6a208657-aff2-46b4-b50f-2653b8a9eecf
Dumbbell deadlift,Dumbbell Deadlift,1.0,"The dumbbell deadlift is a movement that targets the hamstrings, glutes, and back muscles. While it can be performed all the way from the ground, in the style of a barbell deadlift, it is more often performed from the top down as a Romanian deadlift. The dumbbell deadlift can be performed in low rep ranges to build posterior strength, or for moderate to high reps to build muscle and endurance.",Strength,Quadriceps,full-body,Dumbbell,Intermediate,,https://fitnessprogramer.com/wp-content/uploads/2023/09/dumbbell-deadlifts.gif,2c911ba4-3e46-4e8b-9798-ce11c62140d1,3838a63f-cadd-4164-a931-bd29d935e54c
Tire flip,Tire Flip,1.0,"The tire flip is an exercise that works the entire body, starting from a deadlift position and ending with a giant tire being flipped over. Each flip moves the tire farther in one direction until a set has been completed. It can be performed for time or reps as part of a functional fitness or athleticism-focused workout.",Strongman,Quadriceps,full-body,Other,Intermediate,,https://fitnessprogramer.com/wp-content/uploads/2022/02/StrongMan-Tire-Flip.gif,2a5347a3-3aaa-49a5-a25a-7ae18e738247,adf5488e-7e17-4848-b910-365babb65310
Dumbbell walking lunge-,Dumbbell Walking Lunge,1.0,"The dumbbell walking lunge is a popular lower-body movement that targets the muscles of the quads, glutes, hamstrings, and hips. It also works the core and upper-back muscles to maintain posture while the lower body moves. The dumbbell walking lunge is often performed for moderate to high reps, such as 8-12 reps per leg or more, as part of the lower-body portion of a workout. If this movement hurts your knees, try performing reverse lunges or split squats instead.",Strength,Quadriceps,leg,Other,Intermediate,,https://fitnessprogramer.com/wp-content/uploads/2023/09/dumbbell-lunges.gif,45b6442e-2697-4098-acbc-f59a1a1d667d,712cb83b-2f62-4ed8-8315-46ed7ae7b7ce
Single-Leg Box Jump,Single Leg Box Jump,1.0,No description available,Plyometrics,Quadriceps,leg,Other,Beginner,,https://fitnessprogramer.com/wp-content/uploads/2023/02/Single-Leg-Box-Jump.gif,0cf69906-eb85-4951-bf33-6d85fa15152e,d9df3326-94b4-47fc-b6fb-ac952d33c583
Trap Bar Jump,Trap Bar Jump Squat,0.8973,No description available,Plyometrics,Quadriceps,full-body,Other,Beginner,,https://fitnessprogramer.com/wp-content/uploads/2023/02/trap-bar-jump-squat.gif,b2b9f384-b826-43b8-8bd5-882d9a655719,fcd9ba59-f73c-4d2b-ae37-2eecb83e2898
Landmine squat,Landmine Squat,1.0,"The landmine squat is a lower-body exercise that uses an angled barbell anchored at floor level in a landmine device. It can also be performed by sticking a barbell in the corner of a room, preferably in a towel to protect the walls. The landmine squat is similar in many ways to a goblet squat, but with slight differences due to the angle of the barbell. It can be trained in traditional muscle and strength-focused rep ranges or for higher reps.",Strength,Quadriceps,leg,Other,Intermediate,,https://fitnessprogramer.com/wp-content/uploads/2022/10/Landmine-Squat.gif,dd861fbb-b511-4442-8b18-946a9e211cea,71050a03-a0a2-40fd-8c40-3b7c62001aeb
Dumbbell Bulgarian split squat,Dumbbell Bulgarian Split Squat,1.0,"The dumbbell Bulgarian split squat is a single-leg exercise targeting the quads, glutes, and hamstrings. Overloading the movement with dumbbells usually presents less of a balance challenge than putting a barbell on the back. Dumbbell split squats are usually performed for moderate to high reps, such as 8-12 reps per leg, but they are also effective done with heavier weights in lower rep ranges.",Strength,Quadriceps,leg,Other,Intermediate,,https://fitnessprogramer.com/wp-content/uploads/2021/05/Dumbbell-Bulgarian-Split-Squat.gif,5783974b-e72a-4152-8852-65448c2a36a5,8a4f2591-2cbc-4510-be5a-8f5501b00b2c
Cable Hip Adduction,Cable Hip Adduction,1.0,No description available,Strength,Quadriceps,leg,Cable,Beginner,,https://fitnessprogramer.com/wp-content/uploads/2021/05/Cable-Hips-Adduction.gif,b9d79dda-c7f3-4e05-8540-b22041692d93,788a0755-ebc2-4d62-92ef-ab77b4ca9208
Cable Deadlifts,Deadlift,0.8521,No description available,Strength,Quadriceps,erector-spinae,Cable,Beginner,,https://fitnessprogramer.com/wp-content/uploads/2021/02/Barbell-Deadlift.gif,29f08803-62a8-43a9-9d0a-accfba58db8a,8142fb25-50c6-4d1a-a82e-2b3c8a30d1ab
Single-Leg Press,Single Leg Press,1.0,"The single-leg leg press is an exercise targeting the quadriceps one leg at a time. Many lifters prefer the leg press to squatting for several reasons, including the perception that it’s safer for the spine.",Strength,Quadriceps,leg,Machine,Intermediate,,https://fitnessprogramer.com/wp-content/uploads/2022/04/Single-Leg-Press.gif,4a16d8a4-2811-4a37-bd77-b7d0e425d205,478c7653-bff3-4686-afc0-2a146260abec
Stair climber,Stair Climber Machine,0.8712,"The stair climber is a popular cardio machine found in most commercial gyms. Along with burning a ton of calories, the stair climber also helps build strength in the lower body, especially the glutes. It can work well at higher speeds for interval-style conditioning training, but also works well at slower paces for steady-state cardio.",Cardio,Quadriceps,cardio,Machine,Intermediate,,https://fitnessprogramer.com/wp-content/uploads/2021/10/Walking-on-Stepmill.gif,67a58a0a-aadd-4f8b-9200-bf54c66f18eb,cea6d945-0f7b-4954-a316-8b604cc9b08c
Leg Extensions,Single Leg Extension,0.8415,The leg extension is an isolation exercise for the quads.,Strength,Quadriceps,leg,Machine,Intermediate,,https://fitnessprogramer.com/wp-content/uploads/2022/07/Single-Leg-Extension.gif,3b7a1dd2-1df9-4b0d-835e-220b8de9a9b3,f6109d7a-3905-4c13-9709-2ce77450053d
Stationary bike,Stationary Bike Run,0.9344,"The stationary bike is a popular cardio machine found in most commercial gyms. Along with burning a ton of calories, the stationary bike also helps develop the lower body. Stationary bikes come in multiple variations, ranging from ones that resemble riding a bike, to recumbent bikes, to fan bikes that work both the arms and the legs. No matter the variation, a stationary bike can work well at higher speeds for interval-style conditioning training, but also works well at slower paces for steady-state cardio.",Cardio,Quadriceps,cardio,Machine,Intermediate,,https://fitnessprogramer.com/wp-content/uploads/2022/02/Stationary-Bike-Run.gif,c299e3a8-599d-41d1-a2b4-431ff4e14d6c,d810d565-4ddf-42d6-a3f8-976c46485294
Recumbent Bike,Recumbent Exercise Bike,1.0,No description available,Cardio,Quadriceps,cardio,Machine,Beginner,,https://fitnessprogramer.com/wp-content/uploads/2022/06/Recumbent-Exercise-Bike.gif,81eba73a-f5bb-4bd6-9720-bf626cc8bc1f,c4722827-17c5-4177-bf8c-03458927dadd
Smith machine leg press,Smith Machine Leg Press,1.0,"The Smith machine leg press is a machine-based movement that targets the quads, glutes, and hamstrings. It can serve as a substitute for the leg press or be programmed similarly to the leg press. It is usually performed for moderate to high reps, such as 8-12 reps per set or more, as part of lower-body training. If your Smith machine has safety bars, set them at a height that allows you a full range of motion while giving adequate protection from the weight potentially falling.",Strength,Quadriceps,leg,Machine,Intermediate,,https://fitnessprogramer.com/wp-content/uploads/2022/07/Smith-Machine-Leg-Press.gif,97b49ae7-be03-4b1c-aa14-5f3ba660cf17,d947db92-4e0c-46f8-90b6-dc15a432ae79
Leg press-,Leg Press,1.0,"The leg press is a machine exercise targeting the leg muscles, including the quads, glutes, and hamstrings. It's a favorite among lifters who prefer the seated position to standing with a load on the spine. The leg press is often used as an accessory for squats or deadlifts, but can also be the main lower-body movement in a workout. It is often performed for moderate to high reps, such as 8-12 reps per set or more.",Strength,Quadriceps,leg,Machine,Intermediate,,https://fitnessprogramer.com/wp-content/uploads/2015/11/Leg-Press.gif,a7c9de62-7c1c-4923-9f00-bed6cccba188,88651191-3114-48c6-89f9-2f2358fc3950
Smith machine lunge squat,Smith Machine Lunge,0.9195,"The Smith machine lunge squat is an exercise targeting the quads, glutes, and hamstrings. Using added weight allows you to overload the exercise beyond body weight and perform the movement in strength ranges. The Smith machine mimics a barbell but provides more stability.",Strength,Quadriceps,leg,Machine,Intermediate,,https://fitnessprogramer.com/wp-content/uploads/2022/07/Smith-Machine-Lunge.gif,ae1aa357-47c6-4648-a4b7-6e39acea08a7,74ee6d47-e6d8-43d5-8a0e-83129b9ccf45
Leg extension,Leg Extension,1.0,"The leg extension is a popular machine-based exercise for the legs, particularly the quadriceps. It is usually performed for moderate to high reps, such as 8-12 reps per set or more, as part of a leg pre-exhaust or as a muscle-building movement for lower-body training.",Strength,Quadriceps,leg,Machine,Intermediate,,https://fitnessprogramer.com/wp-content/uploads/2021/02/LEG-EXTENSION.gif,1d7c956b-8915-4b34-84dd-7a0113641aef,5a5921a6-bc35-4843-97ac-01a4f6025f61
30 Legs Machine Hack Squat,Hack Squats Machine,0.8338,No description available,Strength,Quadriceps,leg,Machine,Intermediate,,https://fitnessprogramer.com/wp-content/uploads/2021/02/Sled-Hack-Squat.gif,e7757ac9-f7a9-48be-a2c8-a25fd58fbf09,a7ca8c8c-a359-4bf9-afdd-e53b3df08a8b
Forward lunge,Cable Forward Lunge,0.9191,"The forward lunge is a lower-body bodyweight exercise targeting the quads, glutes, and hamstrings. It can also be performed holding dumbbells or other weights. The forward lunge places more emphasis on the quads than other lunge variations. It can be performed for time or reps in the lower-body portion of any workout.",Strength,Quadriceps,leg,Body Only,Intermediate,,https://fitnessprogramer.com/wp-content/uploads/2022/02/Cable-Forward-Lunge.gif,17e9464c-a082-41ff-a2ce-ceb5f54b965f,766d927e-e8f0-4f10-b4cd-f9b498f4b127
Bodyweight squat,Bodyweight Squat,1.0,"The bodyweight squat is a fundamental exercise that strengthens the quads, glutes, and hamstrings. It can be performed as part of a dynamic warm-up, for time or reps during a workout, or for hip and spine mobility any time.",Strength,Quadriceps,leg,Body Only,Intermediate,,https://fitnessprogramer.com/wp-content/uploads/2021/05/Bodyweight-Squat.gif,09324732-86e6-449a-9447-8b2cf5585c91,109e8afe-a4c8-481c-8c17-a82d3f54496e
Broad jump,Single Leg Broad Jump,0.8462,"The broad jump is an explosive lower-body exercise. It is a common way to measure explosive hip and lower-body strength in athletes. The more explosive you are, the farther you'll be able to jump.",Plyometrics,Quadriceps,leg,Body Only,Intermediate,,https://fitnessprogramer.com/wp-content/uploads/2021/05/Single-Leg-Broad-Jump.gif,b7187ea4-ad40-4fd3-96b2-f54e6c4d018b,7b781d2e-fcc6-4e34-9a62-7238d1f7914f
Burpee,Burpees,1.0,"The burpee is a high-intensity exercise that recruits the entire body to build strength and aerobic capacity. It is common in CrossFit workouts and group fitness classes, but can also be performed for time or reps in any fat-loss or athleticism-focused circuit or workout.",Cardio,Quadriceps,full-body,Body Only,Intermediate,,https://fitnessprogramer.com/wp-content/uploads/2021/02/burpees.gif,120140ab-65c2-4a4c-a072-d3499b3e373e,39d85c9c-ccef-4c8c-8df5-c4982971da5b
Scissors Jump,Arm Scissors,0.8776,"The alternating lunge jump is an explosive bodyweight exercise that targets the lower-body muscles, including the quads, glutes, and hamstrings. It can be performed for time or reps in power training, and is also effective in any fat-loss or athleticism-focused workout.",Plyometrics,Quadriceps,shoulders,Body Only,Expert,,https://fitnessprogramer.com/wp-content/uploads/2022/02/Arm-Scissors.gif,ee7e7616-d897-480e-bc0d-65f8a8f4abc9,8faf3876-8bcd-4d57-8eec-7135064d2cc4
Jumping jack-,Jumping jack,1.0,"The jumping jack is a classic calisthenics exercise to improve overall conditioning. It’s one the most recognizable exercises on the planet, and it’s almost synonymous with training for military recruits. It can be done for time or reps, often in dynamic warm-ups or to mobilize the hips and shoulders.",Plyometrics,Quadriceps,cardio,Body Only,Intermediate,,https://fitnessprogramer.com/wp-content/uploads/2021/05/Jumping-jack.gif,f388f758-9067-41cd-9610-f015310aaabe,95e8151c-1ed2-42ee-96ce-cdb1ff79b753
Bodyweight Reverse Lunge,Bodyweight Lunge,0.8666,"The reverse lunge is a lower-body exercise targeting the quads, glutes, and hamstrings. The reverse lunge places more emphasis on the glutes than other lunge variations.",Strength,Quadriceps,leg,Body Only,Intermediate,,https://fitnessprogramer.com/wp-content/uploads/2023/07/bodyweight-lunges.gif,0ea33d01-7a5d-4a42-af07-3154a1fe31ea,3984a819-d857-41aa-8937-6b4b06f77b83
Bodyweight Walking Lunge,Bodyweight Walking Lunge,1.0,"The walking lunge is a lower-body exercise that targets the glutes, quads, and hamstrings while challenging stability and balance. It can be performed for reps, time, or distance in the lower-body portion of any workout.",Strength,Quadriceps,leg,Body Only,Intermediate,,https://fitnessprogramer.com/wp-content/uploads/2023/09/bodyweight-walking-lunge.gif,f49b3292-b791-4a1d-8b1c-76aac497f2f9,a8758bcd-5484-42e9-833c-8fe11a61cb4c
Walking High Knees,Walking High Knee Lunges,0.8946,No description available,Cardio,Quadriceps,cardio,Body Only,Intermediate,,https://fitnessprogramer.com/wp-content/uploads/2021/09/Walking-High-Knee-Lunges.gif,af3482e9-f3de-4fe0-b4ff-711138fb85a9,c560a69e-a507-4b99-a038-9618e723cbbe
Lateral lunge,Barbell Lateral Lunge,0.8563,"The lateral lunge is a lower-body bodyweight movement that works the quads, glutes, and hamstrings. It can also be performed holding dumbbells or other weights. It is often performed for reps as part of a dynamic warm-up or mobility routine but can also work in a circuit or other workouts.",Strength,Quadriceps,leg,Body Only,Intermediate,,https://fitnessprogramer.com/wp-content/uploads/2021/05/Barbell-Lateral-Lunge.gif,54bc36ff-052d-4199-97f3-812fbfb98c5b,af039675-ca89-49ee-b8d4-cd3751156436
Jump Squat,Jump Squats,1.0,"The jump squat is an explosive bodyweight exercise targeting the quads, hamstrings, and glutes. It is also a serious cardiovascular challenge when done for reps. It can be performed as a power exercise to build jumping power, or in any fat-loss or athleticism-focused workout.",Plyometrics,Quadriceps,leg,Body Only,Intermediate,,https://fitnessprogramer.com/wp-content/uploads/2021/02/Jump-Squat.gif,03c8dc0c-ce27-4739-8220-573db913e644,3ca386b1-9196-4110-8ef9-7ea248b323f0
Split Jump,Split Jump Squat,0.8747,"The alternating lunge jump is an explosive bodyweight exercise that targets the lower-body muscles, including the quads, glutes, and hamstrings. It can be performed for time or reps in power training, and is also effective in any fat-loss or athleticism-focused workout.",Plyometrics,Quadriceps,leg,Body Only,Intermediate,,https://fitnessprogramer.com/wp-content/uploads/2021/05/Split-Squat.gif,8de6384f-87e8-4ca4-8c29-9f27409b4d79,e7f03f25-fbc6-4b9b-aced-dff126f54ade
Kneeling hip flexor stretch,Kneeling Hip Flexor Stretch,1.0,"The kneeling hip flexor stretch is a stretch targeting greater flexibility in the front side of the hips. It targets a chronically tight muscle group and is often performed as part of a dynamic warm-up, a cool-down, or as recovery work after training.",Stretching,Quadriceps,leg,Body Only,Intermediate,,https://fitnessprogramer.com/wp-content/uploads/2021/08/Kneeling-Hip-Flexor-Stretch.gif,d2001b06-cebd-482a-bc9f-2e27a9ab9137,a7a7b3ea-c59d-4e99-9bca-cac0d611a90c
All Fours Quad Stretch,All Fours Squad Stretch,0.9049,No description available,Stretching,Quadriceps,leg,Body Only,Beginner,,https://fitnessprogramer.com/wp-content/uploads/2021/10/All-Fours-Squad-Stretch.gif,dd7b3899-8767-4c6c-a8f9-972c5a812538,53f69af6-2f71-4a33-afe3-1687717c1239
Wall squat,Exercise Ball Wall Squat,0.8653,"The wall squat is a bodyweight exercise targeting the quadriceps, as well as other muscles in the lower body and core. The lifter's back is flat against a wall, and the back slides down and up the wall during each rep. If you don't have a smooth wall to slide on, the exercise can also be performed with an exercise ball between the back and the wall.",Strength,Quadriceps,leg,Body Only,Intermediate,,https://fitnessprogramer.com/wp-content/uploads/2021/08/Exercise-Ball-Wall-Squat.gif,aa9bbbc2-f475-489d-be8e-7c6f0eaef8e2,ad08815b-5863-4d4a-80e1-549c5417838f
Lateral Speed Step,Lateral Speed Step,1.0,No description available,Cardio,Quadriceps,leg,Body Only,Intermediate,,https://fitnessprogramer.com/wp-content/uploads/2021/05/Lateral-Speed-Step.gif,71919ffe-1282-4262-9a19-991f46b58e8f,4bcdfeb8-3f27-4853-bcf6-c70905294aef
Vertical Mountain Climber,Vertical Mountain Climber,1.0,No description available,Cardio,Quadriceps,cardio,Body Only,Beginner,,https://fitnessprogramer.com/wp-content/uploads/2022/07/Vertical-Mountain-Climber.gif,b0d886d8-dd30-41eb-9d08-4e885f592621,d6f608bf-82c7-4e7b-a289-3382e712b5f4
High knees,High Knee Squat,0.8435,"High knees is a full-body, cardio-based exercise with an emphasis on the lower body. It is often performed for reps or time as part of a dynamic warm-up.",Cardio,Quadriceps,abs,Body Only,Intermediate,,https://fitnessprogramer.com/wp-content/uploads/2021/11/High-Knee-Squat.gif,33ead495-f1fc-4bc7-82d5-3b08d4629cbe,58cec9fa-cefd-4d3d-bebe-bf60ba7b3bed
Jumping Jack,Jumping jack,1.0,"The jumping jack is a classic calisthenics exercise to improve overall conditioning. It’s one the most recognizable exercises on the planet, and it’s almost synonymous with training for military recruits. It can be done for time or reps, often in dynamic warm-ups or to mobilize the hips and shoulders.",Cardio,Quadriceps,leg,Body Only,Intermediate,,https://fitnessprogramer.com/wp-content/uploads/2021/05/Jumping-jack.gif,cddc348b-2b88-42ee-bd9a-fd1be90e59b6,cdf1daf5-a070-49a9-bd85-8b4a33566397
Running lunge,Running,0.8693,"The running lunge is a dynamic exercise that targets the lower body. It combines elements of a reverse lunge with a step-up, in that the front leg fully extends and the rear leg flexes up in front of the body. It targets a wide range of muscles in the lower body, including the quads, glutes, and hamstrings. It can be performed for time or reps in any lower-body workout, or in a fat-loss or athleticism-focused circuit.",Plyometrics,Quadriceps,cardio,Body Only,Intermediate,,https://fitnessprogramer.com/wp-content/uploads/2021/07/Run.gif,11bb63d5-5ad2-4e92-bcf7-5af8fecbfb57,4bc76f12-bcff-47b0-8374-284ffbea6c13
Shuttle run,Side Shuttle,0.8208,"The shuttle run is an athletic conditioning drill that’s great for developing speed and power, as well as changing direction. It’s a favorite of football and basketball players, but it can also be great conditioning work for lifters and athletes of all ability levels.",Cardio,Quadriceps,cardio,Body Only,Intermediate,,https://fitnessprogramer.com/wp-content/uploads/2021/09/Side-Shuttle.gif,8874db8e-c0f0-4ce7-a19c-9fe0730268a1,2ee0047e-cdff-4b82-9191-eea2abf3b565
Wall sit,Wall Sit,1.0,"The wall sit is an exercise targeting the quadriceps and core muscle. It involves descending into a squat position while leaning against a wall, then holding that position for a predetermined length of time. It's a classic leg endurance-building exercise for basketball players and gymnasts.",Strength,Quadriceps,leg,Body Only,Intermediate,,https://fitnessprogramer.com/wp-content/uploads/2021/06/Wall-Sit-238x360.png,d22ba635-b308-42e3-9ab3-a53d695d8090,7626145e-26e0-4b40-8c86-35a218f953fd
FYR Tuck Jump,Tuck Jump,0.8713,"The tuck jump is a vertical jump, an explosive lower-body exercise that is a common way to measure explosive hip and lower-body strength in athletes. The more explosive you are, the higher you'll be able to jump.",Strength,Quadriceps,cardio,Body Only,Intermediate,,https://fitnessprogramer.com/wp-content/uploads/2021/09/Tuck-Jump.gif,76005fa0-2fca-4f19-8f5b-83a4437fb42d,72ae1e4e-1152-4455-b1d1-b48aa5a0cd71
Jump squat-,Jump Squats,1.0,"The jump squat is an explosive bodyweight exercise targeting the quads, hamstrings, and glutes. It is also a serious cardiovascular challenge when done for reps. It can be performed as a power exercise to build jumping power, or in any fat-loss or athleticism-focused workout.",Strength,Quadriceps,cardio,Body Only,Intermediate,,https://fitnessprogramer.com/wp-content/uploads/2021/02/Jump-Squat.gif,04bdf9dc-6bf3-4006-9805-e5047522c22e,aeb3a5d4-bc7b-4ba7-acaf-56db1c29e468
HM Bear Crawl,Bear Crawl,0.9589,No description available,Strength,Quadriceps,cardio,Body Only,Intermediate,,https://fitnessprogramer.com/wp-content/uploads/2021/02/Bear-Crawl.gif,bb42f35a-09e3-4df0-8aaa-d17175ba2212,2184a93e-6140-4661-9706-f3e9d8e36072
HM Burpee,Burpees,0.9372,No description available,Strength,Quadriceps,abs,Body Only,Intermediate,,https://fitnessprogramer.com/wp-content/uploads/2021/02/burpees.gif,31baf154-14e1-4e7a-b0cf-acb08e3c2fde,4081da3d-f01c-4442-a81a-5b6107bf1ce7
HM Butterfly,Butterfly Stretch,0.8704,No description available,Strength,Quadriceps,leg,Body Only,Intermediate,,https://fitnessprogramer.com/wp-content/uploads/2021/02/Butterfly-Stretch.gif,c0c36f53-66b1-49a2-aa37-78ffda996aa5,4cdb2dd3-a2f1-4715-b59b-0b769d749a22
HM Duck Walk,Duck Walk,0.9595,No description available,Strength,Quadriceps,leg,Body Only,Intermediate,,https://fitnessprogramer.com/wp-content/uploads/2021/09/Duck-Walk.gif,6739b425-82c1-46a6-b1e4-70f5a658167f,6471c767-be7f-4657-8c5c-2c786fe63d42
AM Bodyweight Squat,Bodyweight Squat,0.9487,"The bodyweight squat is a fundamental exercise that strengthens the quads, glutes, and hamstrings. It can be performed as part of a dynamic warm-up, for time or reps during a workout, or for hip and spine mobility any time.",Strength,Quadriceps,cardio,Body Only,Intermediate,,https://fitnessprogramer.com/wp-content/uploads/2021/05/Bodyweight-Squat.gif,d93582d7-4c8a-459b-a134-bbe4b0e17fce,680fb3e6-a758-4c58-8533-3034919f14f2
UP Bulgarian Split Squat,Bulgarian Split Squat Jump,0.9423,"The dumbbell Bulgaria split squat is a single-leg exercise targeting the quads, glutes, and hamstrings.",Strength,Quadriceps,leg,Body Only,Intermediate,,https://fitnessprogramer.com/wp-content/uploads/2023/03/Bulgarian-Jump-Squat.gif,dc8bfb86-0b2a-49ae-b2ea-0582b3595ee2,5ccad593-137c-48a0-ace1-f57bbd982cd9
UNS Half-Kneeling Hip Flexor Stretch,Half Kneeling Hip Flexor Stretch,0.9421,No description available,Strength,Quadriceps,leg,Body Only,Intermediate,,https://fitnessprogramer.com/wp-content/uploads/2021/02/Kneeling-Hip-Flexor-Stretch-1-360x360.png,76a6bcc8-85f7-4c7a-960d-21595454e7f2,ad1c2476-7b22-4e30-b8ad-65e09ce5c93a
Sissy squat,Sissy Squat,1.0,"The sissy squat is a bodyweight squat variation that involves letting the knees travel far over the toes, placing an extreme stretch on the quads. This movement targets the quad muscles directly and can be performed in partial or full ranges of motion based on knee health and pain.",Strength,Quadriceps,leg,Bodyweight,Intermediate,,https://fitnessprogramer.com/wp-content/uploads/2022/10/sissy-squat.gif,66393cac-595d-4b7a-bebf-afb72a1aa11e,7eab3a01-6cd5-417c-b1b6-bcc8a18690f4
Band Pull Apart,Band Pull-Apart,1.0,"The band pull-apart is an exercise targeting the upper back muscles, including the trapezius, rear delts, and rhomboids. The band creates dynamic tension, allowing you to really focus on contracting these muscles, making it a great activation drill prior to upper-body lifting.",Strength,Shoulders,trapezius,Bands,Intermediate,,https://fitnessprogramer.com/wp-content/uploads/2021/06/Band-pull-apart.gif,19d8e026-be14-4ba0-ace0-e11cf0e7a51e,007a8ae9-40cb-4942-b623-20043e99c9ca
External Rotation with Band,Band Foot External Rotation,0.8269,No description available,Strength,Shoulders,calf,Bands,Beginner,,https://fitnessprogramer.com/wp-content/uploads/2022/02/Resistance-Band-Foot-External-Rotation.gif,41c80ebc-779e-45f1-9e10-48577af67624,61db4440-7973-46ab-b0ff-7a999ffefa8c
UP Band Pull-Apart,Band Pull-Apart,0.981,No description available,Strength,Shoulders,shoulders,Bands,Intermediate,,https://fitnessprogramer.com/wp-content/uploads/2021/06/Band-pull-apart.gif,bdb8fa1a-d2cf-413f-bd59-391dac29ea08,3afa6d16-561d-461f-b5eb-4e1984df4ec2
Band shoulder press,Band Single Arm Shoulder Press,0.8244,"The band shoulder press is a deltoid exercise and an alternative to the classic dumbbell shoulder press. The dynamic tension of the band forces the core to stabilize the body and more closely matches the strength curve of the shoulder press. It can be performed in low reps, such as 5-8 reps per set, to build shoulder strength, or for higher reps to build muscle and for conditioning. It can work as the main focus of a shoulder day but is also popular as an accessory movement to the bench press or barbell military press.",Strength,Shoulders,shoulders,Bands,Intermediate,,https://fitnessprogramer.com/wp-content/uploads/2022/02/Band-Single-Arm-Shoulder-Press.gif,e826d1a7-41af-49f6-8ead-3d4da3abc4ec,0f94d5be-c2fb-4d57-ac9c-fd7c5dae33b8
Band lateral raise,Band Front Lateral Raise,0.8609,"The band lateral raise is a shoulder exercise that targets the medial or middle head of the deltoid muscle. It's a variation of the dumbbell lateral raise, a staple strength-training move. The band lateral raise is a great option for warm-up or accessory work on upper-body training days. The dynamic tension of the band provides constant tension and matches the strength curve of the movement. It is usually performed for moderate to high reps, at least 8-12 reps, as part of the upper-body or shoulder-focused portion of a workout.",Strength,Shoulders,shoulders,Bands,Intermediate,,https://fitnessprogramer.com/wp-content/uploads/2022/07/Band-Front-Lateral-Raise.gif,25ebe7fe-507b-4a6a-be05-9407ef1d5f27,b7ee0371-dba9-4cb1-8fea-939ad81a3aea
Clean and press,Barbell Clean and Press,0.8428,"The clean and press is a full-body lift comprised of two movements: the clean, where the bar is pulled from the floor and caught in the front rack position in three pulls or phases, followed by the overhead press. Decades ago, it was contested in the Olympics. Today, it remains a worthy centerpiece of a power and strength training program, and has full-body benefits when done for low reps as well as moderate to high reps.",Strength,Shoulders,full-body,Barbell,Intermediate,,https://fitnessprogramer.com/wp-content/uploads/2021/04/Barbell-Clean-and-Press-.gif,f4834783-311f-492b-89eb-cefd49562793,55320259-09e0-4baf-9579-5b5c84e14f3b
Seated barbell shoulder press,Seated Barbell Shoulder Press,1.0,"The seated barbell shoulder press is a classic exercise for building muscle and strength in the shoulders. The triceps also play a significant role in pressing the barbell overhead. Performing the movement seated reduces help from the lower body and decreases the risk of overextending the lumbar spine during the movement. This press variation can be the primary pressing movement on an upper-body or shoulder day, or an effective accessory movement later in a workout.",Strength,Shoulders,shoulders,Barbell,Intermediate,,https://fitnessprogramer.com/wp-content/uploads/2021/02/Barbell-Shoulder-Press.gif,eb1541ef-8894-43f1-8394-e9be62fe43dd,4765d28c-32c4-4804-8c65-7c6b67f3ca76
Barbell upright row,Barbell Upright Row,1.0,The barbell upright row is a barbell exercise that builds stronger and bigger traps. Many lifters combine this move with either their back or shoulder workout since it involves both body parts.,Strength,Shoulders,trapezius,Barbell,Intermediate,,https://fitnessprogramer.com/wp-content/uploads/2021/02/barbell-uprightrow.gif,630f1db8-db8c-4614-98bb-a4851d6b841c,b1dd92e0-baf3-41e4-8e50-175938c9576e
Barbell front raise,Barbell Front Raise,1.0,"The barbell front raise is an upper-body isolation exercise that targets the shoulders. It is usually performed for moderate to high reps, such as 8-12 reps or higher, as part of the shoulder-focused part of any workout.",Strength,Shoulders,shoulders,Barbell,Intermediate,,https://fitnessprogramer.com/wp-content/uploads/2021/02/Barbell-Front-Raise.gif,1a875774-cf70-405a-9911-8624d455ab5b,c2c18107-2acf-4461-95fb-dc12687ce346
TBS Barbell Military Press,Barbell Military Press (Overhead press),0.9178,"The military press is a compound movement used to build size and strength in the shoulders. It was once contested as a fourth powerlift, but is rarely competed anymore. However, being able to press a significant weight overhead remains a popular marker of upper-body strength. The military press can be trained as a strength lift or in traditional muscle-building rep ranges as part of full-body, shoulder-focused, or upper-body training.",Strength,Shoulders,shoulders,Barbell,Intermediate,,https://fitnessprogramer.com/wp-content/uploads/2021/07/Barbell-Standing-Military-Press.gif,785ce148-e68a-4b92-956d-0028e88762f8,00c157a0-c9d5-400e-a799-395b0c37e5a9
Single-arm kettlebell snatch,One Arm Kettlebell Snatch,0.84,"The single-arm kettlebell snatch is a kettlebell exercise that involves lifting a kettlebell overhead in a single motion. It is popular as a full-body strength and conditioning movement, but it's also competed for reps in Russian-style girevoy sport. A ""snatch test"" of max reps in 5 or 10 minutes is also a common measurement of conditioning in kettlebell training. It can be performed from the ground or with a swing",Strength,Shoulders,full-body,Kettlebells,Intermediate,,https://fitnessprogramer.com/wp-content/uploads/2021/03/One-Arm-Kettlebell-Snatch-exercise.gif,b9dd042c-16db-4b64-bce4-70c110a5d0bb,e03e0fbe-fbb0-44a9-9b5b-a997fa601d1d
Single-arm kettlebell clean and jerk,Kettlebell Clean and Jerk,0.8931,"The single-arm kettlebell clean and jerk is a popular kettlebell movement that is performed both in an exercise setting and competitively as a part of Russian-style girevoy sport. It differs from a clean and push-press in that the lifter ""dips"" under the weight rather than simply using the legs to help push the weight up. Each rep of a clean and jerk is preceded by a clean at the start of each set. It can be trained in traditional strength or muscle-building rep ranges, in circuit or fat-loss training, or as part of a larger kettlebell combination or complex.",Strength,Shoulders,full-body,Kettlebells,Intermediate,,https://fitnessprogramer.com/wp-content/uploads/2021/06/Kettlebell-Clean-and-Jerk.gif,1a212364-ab20-428e-95ea-7184ea5b1245,4fad96ac-7219-42b8-9eff-6bd1975f7a1b
Kettlebell Arnold Press,Kettlebell Arnold Press,1.0,No description available,Strength,Shoulders,shoulders,Kettlebells,Beginner,,https://fitnessprogramer.com/wp-content/uploads/2021/09/Kettlebell-Arnold-Press.gif,f4ddfb77-428f-40c7-bf8b-c066b521b57d,3df21b41-d4b3-4bd3-8a66-97b0123066ac
One-Arm Kettlebell Split Snatch,Kettlebell Split Snatch,0.9222,No description available,Strength,Shoulders,shoulders,Kettlebells,Beginner,,https://fitnessprogramer.com/wp-content/uploads/2021/09/Kettlebell-Split-Snatch.gif,a57cb49a-e7b0-4ce8-bc07-13525f8c012a,0a97060d-0b05-43f0-859e-3f44fa1c60ab
One-Arm Kettlebell Military Press To The Side,Kettlebell One-Arm Military Press,0.8996,No description available,Strength,Shoulders,shoulders,Kettlebells,Beginner,,https://fitnessprogramer.com/wp-content/uploads/2021/09/Kettlebell-One-Arm-Military-Press.gif,1a585341-9bb4-4091-b310-012babacb13d,686798cd-d841-4eb5-a30d-3f87a8642204
Single-arm kettlebell thruster,Kettlebell Thruster,0.8775,"The single-arm kettlebell thruster is a popular kettlebell movement that combines a kettlebell front squat with a kettlebell press. It is preceded by a clean at the start of each set, and you can perform a clean between each rep if you choose. It can be trained in traditional strength or muscle-building rep ranges, in circuit or fat-loss training, or as part of a kettlebell combination or complex.",Strength,Shoulders,leg,Kettlebells,Intermediate,,https://fitnessprogramer.com/wp-content/uploads/2021/05/Kettlebell-Thruster.gif,fad3b350-9fd3-4672-b9a9-471374c70dba,1855c8fd-005e-467c-b883-1245953f42b5
Double-kettlebell shoulder press,Kettlebell Shoulder Press,0.8311,"The double-kettlebell shoulder press is a popular movement in strength and muscle-focused kettlebell workouts. Each set is started by cleaning the weights up to the rack position. The weights can optionally be re-cleaned between each rep, which is known as a clean and press. The double press can be trained in traditional strength or muscle-growth rep ranges (e.g., 5x5 or 8-12 reps per set), or in circuit-style fat-loss training or kettlebell complexes.",Strength,Shoulders,shoulders,Kettlebells,Intermediate,,https://fitnessprogramer.com/wp-content/uploads/2021/11/Kettlebell-Shoulder-Press.gif,ad594a2c-cb86-4d09-ba69-4e42dfb27887,262a86b2-1529-4c9d-8e3b-65278110e01f
HM Kettlebell Windmill,Kettlebell Windmill,0.9772,No description available,Strength,Shoulders,abs,Kettlebells,Intermediate,,https://fitnessprogramer.com/wp-content/uploads/2021/09/Kettlebell-Windmill.gif,a4f8c553-6f72-475d-a9d2-fa4b5fb0323b,031aebf2-6c83-484a-b08c-a0fbb1909c73
FYR2 Kettlebell Clean and Press,Kettlebell Clean and Press,0.9114,No description available,Strength,Shoulders,full-body,Kettlebells,Intermediate,,https://fitnessprogramer.com/wp-content/uploads/2023/06/Kettlebell-Clean-and-Press.gif,9cef0b98-df0a-421b-9840-d9a398e8e39b,81c8971d-252b-44c0-acab-8092679928db
Standing dumbbell shoulder press,Standing Dumbbell Shoulder Press,1.0,"The standing dumbbell shoulder press is a classic deltoid-building exercise that is common in gyms around the world. Performing the move standing up as opposed to seated allows more weight to be used and taxes the core more than seated presses. The standing press is worthy of being the main movement in a muscle-building shoulder workout, but is also a great strength movement and accessory for the bench press.",Strength,Shoulders,shoulders,Dumbbell,Intermediate,,https://fitnessprogramer.com/wp-content/uploads/2023/09/Standing-Dumbbell-Overhead-Press.gif,1461c683-316d-4fd7-a0d0-9914104b9594,59e927ae-f83e-4abc-818d-ffcee64ebb4a
Single-arm lateral raise,Dumbbell Single Arm Lateral Raise,0.9074,"The single-arm lateral raise is a shoulder exercise that targets the medial or middle head of the deltoid muscle. It's a staple strength-training move and is a great option for accessory work on upper-body training days. Hold on to a post for balance, or do it free-standing to challenge core strength and stability. It is usually performed for moderate to high reps, at least 8-12 reps per side, as part of the upper-body or shoulder-focused portion of a workout.",Strength,Shoulders,shoulders,Dumbbell,Intermediate,,https://fitnessprogramer.com/wp-content/uploads/2022/06/Dumbbell-Single-Arm-Lateral-Raise.gif,02e19817-e1bc-4d79-b60d-28eea2ed748c,aeb93943-06c5-40bc-9bcc-2d2b75d6327e
Incline dumbbell reverse fly,Incline Dumbbell Reverse Fly,1.0,"The incline dumbbell reverse fly is an upper-body exercise targeting the posterior or rear deltoids, as well as the postural muscles of the upper back. Because it targets such small muscles, this exercise is usually performed with light weight for high reps, such as 10-15 reps per set or more.",Strength,Shoulders,trapezius,Dumbbell,Intermediate,,https://fitnessprogramer.com/wp-content/uploads/2021/02/Dumbbell-Reverse-Fly.gif,e9ec4cb6-1cde-4807-8e5a-470496640afc,f780333b-2960-41f5-b951-06f10be6e80a
Alternating standing shoulder press,Standing Alternating Dumbbell Shoulder Press,0.9401,"The alternating standing shoulder press is a popular dumbbell exercise targeting the shoulders. It can be performed in strength-focused rep ranges, such as 5-8 reps per set, or for higher reps to build muscle or for conditioning.",Strength,Shoulders,shoulders,Dumbbell,Intermediate,,https://fitnessprogramer.com/wp-content/uploads/2021/06/Standing-Alternating-Dumbbell-Shoulder-Press.gif,9995c0ac-a939-4038-9b2a-95843bf84fc9,2cf60ea8-6a68-4478-a16f-982d6d58108f
Alternating dumbbell front raise,Alternating Dumbbell Front Raise,1.0,"The alternating dumbbell front raise is a single-joint exercise targeting the shoulder muscles, particularly the front or anterior deltoids. Performing the movement one shoulder at a time gives a momentary rest to each side while the other is working, potentially allowing you to do more reps during each set. It is usually performed for moderate to high reps, at least 8-12 reps per set, as part of an upper-body or shoulder-focused workout.",Strength,Shoulders,shoulders,Dumbbell,Intermediate,,https://fitnessprogramer.com/wp-content/uploads/2021/06/Alternating-Dumbbell-Front-Raise.gif,4fb1e218-e608-4cce-ba28-c647499d8713,ef47176f-a762-4111-a123-0365d2fe2454
Arnold press,Arnold Press,1.0,"Named after the iconic bodybuilder and movie star, the Arnold press adds rotation to a classic shoulder press. It allows the hands to rotate naturally, while also hitting all three heads of the deltoids in one motion. It is usually performed for moderate to high reps, such as 8-12 reps or more, as part of the upper-body or shoulder-focused portion of a workout.",Strength,Shoulders,shoulders,Dumbbell,Intermediate,,https://fitnessprogramer.com/wp-content/uploads/2021/02/Arnold-Press.gif,6b04a583-a336-4512-8c35-de1fa97361a7,40aa4657-7002-4792-a3a3-b8b42585e034
Dumbbell front raise,Dumbbell Front Raise,1.0,"The dumbbell front raise is a single-joint exercise targeting the shoulder muscles, particularly the front or anterior deltoids. It is usually performed for moderate to high reps, at least 8-12 reps per set, as part of an upper-body or shoulder-focused workout.",Strength,Shoulders,shoulders,Dumbbell,Intermediate,,https://fitnessprogramer.com/wp-content/uploads/2021/02/Dumbbell-Front-Raise.gif,f84d2d7f-b3f5-442f-93cf-b95c7bd913e6,ebe37ae2-c2d8-423a-bb01-3718f23094f8
Bent-over dumbbell rear delt row,Dumbbell Seated Bent Over Rear Delt Row,0.9035,"The bent-over dumbbell rear delt row is a popular upper-body exercise that targets the muscles on the backside of the shoulder joint, specifically the medial and rear heads of the deltoid. Since pressing movements build the front and (to a lesser degree) side deltoid heads, this move is often done to promote balanced shoulder development. It is usually performed for high reps, such as 10-15 reps per set or more, as part of a shoulder or upper-body workout.",Strength,Shoulders,shoulders,Dumbbell,Intermediate,,https://fitnessprogramer.com/wp-content/uploads/2021/09/Dumbbell-Seated-Bent-Over-Rear-Delt-Row.gif,004c16bf-dd49-41ac-b256-a1d063c81d09,ea27c74f-8fea-4a2e-936d-555daaecc00e
Incline dumbbell front raise,Dumbbell Incline T-Raise,0.833,"The incline dumbbell front raise is an upper-body exercise targeting the shoulders. Because it is performed face down on an angled bench, it has a greater range of motion than standing or upright-seated raises and hits the shoulders from a different angle. Raise variations are usually performed for moderate to high reps, such as 8-12 reps per set or more, as part of upper-body or shoulder-focused training.",Strength,Shoulders,trapezius,Dumbbell,Intermediate,,https://fitnessprogramer.com/wp-content/uploads/2021/09/Dumbbell-Incline-T-Raise.gif,1bddd754-274f-4beb-a2d1-0b8d45e66407,81902bf5-dc1b-4bbe-bc57-4a743dfb11c2
Dumbbell external shoulder rotation,Shoulder External Rotation,0.9406,"The dumbbell external shoulder rotation is a lightweight dumbbell exercise intended to maintain the health of the shoulder joints, including the rotator cuffs. It is often used as a warm-up or prehab for a shoulder or chest-focused workout with lots of pressing.",Strength,Shoulders,shoulders,Dumbbell,Intermediate,,https://fitnessprogramer.com/wp-content/uploads/2023/06/shoulder-external-rotation-stretch.gif,08d97281-6fc2-4d7c-bf7b-e32da384409a,f5b1541a-6a84-41ef-a682-3610e4940c2c
Dumbbell Raise,Dumbbell Raise,1.0,No description available,Strength,Shoulders,trapezius,Dumbbell,Beginner,,https://fitnessprogramer.com/wp-content/uploads/2021/04/Dumbbell-Raise.gif,98c1dfa7-6c7e-4464-b589-9f199c1a2c8f,5c99363a-90b2-4c7d-8515-b988df360f66
Dumbbell Lying Rear Lateral Raise,Dumbbell Lying Rear Lateral Raise,1.0,"The incline dumbbell reverse fly is an upper-body exercise targeting the posterior or rear deltoids, as well as the postural muscles of the upper back. Because it targets such small muscles, this exercise is usually performed with light weight for high reps, such as 10-15 reps per set or more.",Strength,Shoulders,shoulders,Dumbbell,Intermediate,,https://fitnessprogramer.com/wp-content/uploads/2022/03/Dumbbell-Lying-Rear-Lateral-Raise.gif,a55ce8c7-7297-4583-8687-9143a2f96ac2,87438d2f-63cc-4d21-9cad-e5863f513f2b
Head-on-bench dumbbell rear delt raise,Bent-Over Dumbbell Rear Delt Raise With Head On Bench,0.8704,"The head-on-bench dumbbell rear delt raise is an exercise targeting the posterior shoulder muscles, or rear deltoids. This variation of the bent-over rear delt raise often helps to better isolate this area of the shoulder. Because it targets such small muscles, this exercise is usually performed with light weight for high reps, such as 10-15 reps per set or more.",Strength,Shoulders,shoulders,Dumbbell,Intermediate,,https://fitnessprogramer.com/wp-content/uploads/2021/02/Bent-Over-Dumbbell-Rear-Delt-Raise-With-Head-On-Bench.gif,f4416860-9d7f-4548-938c-86b37d26f108,c97fe28d-b2bb-4c3e-a7e4-fcc634751026
Cuban press,Dumbbell Cuban Press,0.8912,"The Cuban press is an exercise that targets the muscles of the shoulders, rotator cuff, and upper back. It combines a shoulder external rotation with a dumbbell press, training multiple muscles and motions in a single sequence. It can be performed standing, or as a more difficult variation face-down on an incline bench. It is usually performed with relatively light weight as part of a dynamic warm-up for upper-body lifting.",Strength,Shoulders,shoulders,Dumbbell,Intermediate,,https://fitnessprogramer.com/wp-content/uploads/2021/04/dumbbell-cuban-press-.gif,452a0c7e-d84e-4c8d-852e-6c203de47d83,2cf07613-008f-43dc-9ff6-93c51e7965e5
Single-arm dumbbell upright row,Dumbbell Upright Row,0.8392,"The single-arm dumbbell upright row is a popular movement for building stronger and bigger traps and shoulders. Many lifters combine this move with either their back or shoulder workout, since it involves both body parts. It is generally performed for moderate to high reps, such as 8-12 reps per set or more.",Strength,Shoulders,trapezius,Dumbbell,Intermediate,,https://fitnessprogramer.com/wp-content/uploads/2021/04/Dumbbell-Upright-Row.gif,2585a8e6-78b2-4975-9581-b30592a5faa7,48302622-1ae5-4c53-9812-455bbcb2a1a0
Dumbbell Scaption,Dumbbell Scaption,1.0,No description available,Strength,Shoulders,shoulders,Dumbbell,Beginner,,https://fitnessprogramer.com/wp-content/uploads/2021/04/Dumbbell-Scaption.gif,0877c36c-d4aa-4610-838a-4b7496dd4735,1dc8d914-a417-4e5d-b662-965f235652cd
Dumbbell lateral raise,Dumbbell Lateral Raise,1.0,"The dumbbell lateral raise is a shoulder exercise that targets the medial or middle head of the deltoid muscle. It's a staple strength-training move and is a great option for accessory work on upper-body training days. It is usually performed for moderate to high reps, at least 8-12 reps, as part of the upper-body or shoulder-focused portion of a workout.",Strength,Shoulders,shoulders,Dumbbell,Intermediate,,https://fitnessprogramer.com/wp-content/uploads/2021/02/Dumbbell-Lateral-Raise.gif,56435a73-bfd4-4f7b-8723-f20c790314cc,2d5895c3-823a-4d88-b5ca-4bc036a6fe05
Incline Dumbbell Y Raise,Incline Dumbbell Y-Raise,1.0,No description available,Strength,Shoulders,trapezius,Dumbbell,Intermediate,,https://fitnessprogramer.com/wp-content/uploads/2021/10/Incline-Dumbbell-Y-Raise.gif,eb15081b-01ad-4879-a199-7070c2cb5a0f,263bd3e2-73fd-4599-b2bd-0b40ac24af04
HM Dumbbell Shoulder Press,Dumbbell Shoulder Press,0.9623,No description available,Strength,Shoulders,shoulders,Dumbbell,Intermediate,,https://fitnessprogramer.com/wp-content/uploads/2021/02/Dumbbell-Shoulder-Press.gif,5fded735-fa5d-4baa-9b9b-bfd1274b038b,836750f7-31fd-4833-89e1-2e6800330fb8
Seated dumbbell lateral raise,Seated Dumbbell Lateral Raise,1.0,"The seated dumbbell lateral raise is an exercise that targets the shoulder muscles, particularly the medial or middle head of the deltoids. Performing it on a bench helps enforce strict form and eliminate swinging or using momentum to move the weights. Lateral raise variations are usually performed for moderate to high reps, such as 8-12 reps per set or more, as part of the upper-body or shoulder-focused portion of a workout.",Strength,Shoulders,shoulders,Dumbbell,Intermediate,,https://fitnessprogramer.com/wp-content/uploads/2021/04/Seated-Dumbbell-Lateral-Raise.gif,b1054696-6abc-44e9-8fdd-61f6432103d4,f2b38dee-a114-4610-b97f-2bdb47cd7d97
AM Dumbbell Shoulder Press,Dumbbell One Arm Shoulder Press,0.8249,"The seated dumbbell shoulder pressis an exercise for building muscle and strengthening the shoulders, particularly but not exclusively the front heads. The triceps also assist. Some lifters feel that using dumbbells versus a barbell reduced injury risk.",Strength,Shoulders,shoulders,Dumbbell,Intermediate,,https://fitnessprogramer.com/wp-content/uploads/2021/04/Dumbbell-One-Arm-Shoulder-Press.gif,ca919e58-8365-49db-ad2a-997e75b2ecb3,4e4d4053-94dc-4957-9b8e-f3f8833163ac
UP Dumbbell Lateral Raise,Dumbbell Lateral to Front Raise,0.833,"The dumbbell lateral raise is an upper body isolation exercise for building shoulder strength and muscle. It's a staple strength training move and is a great option for accessory work on upper body training days. This exercise particularly focuses on the lateral or medial head of the deltoid, making them appear wider and more developed.",Strength,Shoulders,shoulders,Dumbbell,Intermediate,,https://fitnessprogramer.com/wp-content/uploads/2021/10/Dumbbell-Lateral-to-Front-Raise.gif,99a459f4-2826-4832-b5c6-8f497c1369ec,d70d958e-f00b-419b-a1ce-76216017cc98
AA Incline Bench Dumbbell Reverse Fly,Incline Dumbbell Reverse Fly,0.8324,No description available,Strength,Shoulders,shoulders,Dumbbell,Intermediate,,https://fitnessprogramer.com/wp-content/uploads/2021/02/Dumbbell-Reverse-Fly.gif,1bd226d5-3ecf-4b73-9a20-2282079a229d,2f69b70f-debb-4519-b1d5-281d89196caa
Battle ropes,Battle Rope,1.0,"Battle ropes are an explosive training tool that involves moving the rope in waves with the other end of the rope anchored at ground level. There are many different types of waves, but the most common is alternating waves with the left and right hands. The battle ropes can be performed for short bursts as power training, for longer durations as cardiovascular training, or as a component of a conditioning or fat-loss circuit.",Strength,Shoulders,full-body,Other,Intermediate,,https://fitnessprogramer.com/wp-content/uploads/2015/07/Battle-Rope.gif,f9949f7a-7a2d-4799-8b35-c0ae43ec0e0c,0918e188-0e85-4538-add3-3ac4b6ca5346
Log Lift,Log Lift,1.0,No description available,Strongman,Shoulders,full-body,Other,Beginner,,https://fitnessprogramer.com/wp-content/uploads/2022/02/Log-Lift.gif,416904e6-037d-4867-abc7-1c5869306096,25c497c2-3d9e-4447-aa57-e3ecca9a3316
Plate front raise,Weight Plate Front Raise,0.8435,"The plate front raise is a variation of the front raise where the lifter holds a weight plate between two hands, rather than using a dumbbell, barbell, or other weight. It can provide variety in a shoulder-focused muscle-building workout or as part of an upper-body or full-body circuit.",Strength,Shoulders,shoulders,Other,Intermediate,,https://fitnessprogramer.com/wp-content/uploads/2021/04/Weight-Plate-Front-Raise-1.gif,98fb253c-a786-44fe-bf85-b20cfb7231b3,91553b6a-f99d-4013-8e77-18db4b4f67cf
Cable Internal Rotation,Cable Internal Shoulder Rotation,0.8841,No description available,Strength,Shoulders,shoulders,Cable,Beginner,,https://fitnessprogramer.com/wp-content/uploads/2021/04/Cable-Internal-Shoulder-Rotation.gif,931c00e9-37ac-407c-a5b9-161ef8023c2f,64189ace-8721-4be2-add1-fa6be39cd980
Cable Shoulder Press,Cable Shoulder Press,1.0,No description available,Strength,Shoulders,shoulders,Cable,Beginner,,https://fitnessprogramer.com/wp-content/uploads/2021/04/Cable-Shoulder-Press.gif,7c244ec0-af32-4def-bad5-5e49190ff79a,a85246f7-8537-4c87-814d-4667c5d8a8cf
Lying cable front raise,Cable Front Raise,0.845,"The lying cable front raise is an isolation exercise for the shoulders, particularly the front deltoids. It is performed lying on the back, either on a bench or the ground, with the cable lifted over the torso. This movement is usually performed for moderate to high reps for a burn and pump as part of a shoulder-focused workout.",Strength,Shoulders,shoulders,Cable,Intermediate,,https://fitnessprogramer.com/wp-content/uploads/2021/02/Cable-Front-Raise.gif,befdc805-c038-4e72-9118-04388c071267,196caae2-2cbd-4195-af17-f4b43ceb049e
Cable Rear Delt Fly - Gethin Variation,Cable Rear Delt Fly,0.8475,"The standing crossed-cable rear delt fly is an isolation exercise for the rear deltoids. It is usually performed for moderate to high reps, at least 8-12 reps per set, as part of an upper-body or shoulder-focused workout.",Strength,Shoulders,trapezius,Cable,Intermediate,,https://fitnessprogramer.com/wp-content/uploads/2021/02/cable-rear-delt-fly.gif,fde30669-1225-4f38-ade7-8bf49f5155a4,3304ecba-2ca3-4814-b4a2-18258f1fc88b
Lying cable lateral raise,Cable Lateral Raise,0.8712,"The lying cable lateral raise is an isolation exercise that targets the medial or middle deltoid muscle of the shoulders. It is most common in muscle-building shoulder or upper-body workouts, usually in higher rep ranges of at least 8-12 reps per set.",Strength,Shoulders,shoulders,Cable,Intermediate,,https://fitnessprogramer.com/wp-content/uploads/2021/02/Cable-Lateral-Raise.gif,50025986-b27d-4c2b-a0d6-dc6ce149d9a0,fef436e3-76ef-4b08-9d3e-7da23f4ac8e2
Cable seated row,Seated Cable Row,1.0,"The cable seated row is a popular exercise to train the muscles of the upper back, including the lats (latissimus dorsi), traps, rhomboids, and rear deltoids, using a cable stack. It also targets the biceps to a lesser degree. The cable row can work well in a variety of rep ranges but is most popular in muscle-building workouts or as an accessory movement for strength workouts.",Strength,Shoulders,back,Cable,Intermediate,,https://fitnessprogramer.com/wp-content/uploads/2021/02/Seated-Cable-Row.gif,3e10b586-791d-4fea-9065-44b0cc529e86,4c2cc6b3-8e2e-4a2f-a91b-fec6ce47f528
UP Cable Face Pull,Face Pull,0.8408,"The standing face pull is an isolation exercise primarily targeting the rear deltoids, traps, and upper back. It is most often performed with a rope attachment.",Strength,Shoulders,trapezius,Cable,Intermediate,,https://fitnessprogramer.com/wp-content/uploads/2021/02/Face-Pull.gif,e4854bbe-c7ce-4ca3-90e9-49fe7d77604a,80f6f3db-492c-4d57-9fe8-122048123bce
Smith machine shoulder press,Smith Machine Shoulder Press,1.0,"The Smith machine shoulder press is a machine-based exercise targeting the deltoid muscles. The Smith machine mimics a barbell but provides more stability. This movement can be programmed in low reps for strength or higher reps for muscle and strength endurance. It is often performed for moderate to high reps, such as 8-12 reps per set or more, as part of a shoulder or upper-body focused workout.",Strength,Shoulders,shoulders,Machine,Intermediate,,https://fitnessprogramer.com/wp-content/uploads/2021/02/Smith-Machine-Shoulder-Press.gif,ada2f340-df12-4df7-9765-aba9cb1972c3,fc7b551c-3d29-422c-b388-596ba742de70
Machine Lateral Raise,Lateral Raise Machine,1.0,No description available,Strength,Shoulders,shoulders,Machine,Intermediate,,https://fitnessprogramer.com/wp-content/uploads/2021/06/Lateral-Raise-Machine.gif,6f9b592e-c4f2-4ef3-996d-89e3e8474a17,484cdf55-6a6c-4612-8905-074671eea8ad
Smith machine behind-the-neck press,Smith Machine Behind Neck Press,0.9451,"The Smith machine behind-the-neck press is a machine-based exercise targeting the deltoids. The Smith machine mimics a barbell but provides more stability. This movement can be programmed in low reps for strength or higher reps for muscle and strength endurance. It is often performed for moderate to high reps, such as 8-12 reps per set or more, as part of a shoulder or upper-body focused workout.",Strength,Shoulders,shoulders,Machine,Intermediate,,https://fitnessprogramer.com/wp-content/uploads/2021/06/Smith-Machine-Behind-Neck-Press.gif,fd59161f-e499-4477-a374-d8f81da5e3b8,ced89a24-914c-4e69-95d0-ffa462a95a24
30 Shoulders Smith Machine Shoulder Press,Standing Smith Machine Shoulder Press,0.8203,No description available,Strength,Shoulders,shoulders,Machine,Intermediate,,https://fitnessprogramer.com/wp-content/uploads/2021/06/Standing-Smith-Machine-Shoulder-Press.gif,720f198e-d823-4f51-aac3-2825384ce4da,e5259b5a-d096-4ff8-9dc2-7b6a7dd50ad0
Handstand push-up,Handstand Push-Up,1.0,"The handstand push-up is an exercise targeting the shoulders, although other muscles assist in the completion of the reps. It is common in both CrossFit workouts and advanced bodyweight or calisthenics training. Given the degree of difficulty, beginners will need to progress to this move.",Strength,Shoulders,shoulders,Body Only,Intermediate,,https://fitnessprogramer.com/wp-content/uploads/2021/06/handstand-push-up.gif,310cbf08-a4f1-40bb-b1d2-40a898db966f,b54d36d3-017b-4bf8-9ae5-c2982c484867
Arm circle,Arm Circles,1.0,"The arm circle is a non-weighted exercise targeting the shoulders. It involves extending your arms to the sides and drawing small circles in the air with your hands. It is common in warm-ups for both training and athletics, and is often performed simply until someone feels a burn, rather than for a set amount of reps.",Stretching,Shoulders,shoulders,Body Only,Intermediate,,https://fitnessprogramer.com/wp-content/uploads/2021/07/Arm-Circles_Shoulders.gif,f2f750dc-7482-42fb-98ae-956a709cb686,ab509730-78e2-4219-8d79-210993afeeab
Wall walk,Wall Walk,1.0,"The wall walk is a challenging exercise that works the entire body. From a push-up position, the hands walk back as the feet walk up the wall, then the whole movement is reversed. This is not for beginners, who will need to progress to this exercise.",Strength,Shoulders,full-body,Body Only,Intermediate,,https://fitnessprogramer.com/wp-content/uploads/2022/12/wall-walk-muscles.gif,1f6c6329-0c6d-4d3b-9313-83bada4feeb1,c80a9557-8e68-455d-abeb-de32366265a0
Shadow boxing,Shadow Boxing,1.0,"Shadow boxing is an exercise typically used in combat sports and fighting. However, it can also make a great cardio session for anyone to implement in a fast-paced circuit or as active rest. It is usually performed for time or rounds.",Cardio,Shoulders,cardio,Body Only,Intermediate,,https://fitnessprogramer.com/wp-content/uploads/2023/09/shadow-boxing-workout.gif,7b4d952d-1de7-44a6-aea5-aaf7adb8cd46,a1a75628-f6a8-4107-91a0-9be1650daa4c
TBS Inverted Row,Inverted Row,0.8942,"The Smith machine inverted row is a bodyweight exercise targeting the muscles of the lats (latissimus dorsi) and upper back, using the bar of the Smith machine to hang and pull from. You can change the bar height to customize the difficulty level and desired angle of the row. This variation is usually performed for moderate to high reps, such as 8-12 reps per set or more.",Strength,Shoulders,back,Body Only,Intermediate,,https://fitnessprogramer.com/wp-content/uploads/2021/06/Inverted-Row.gif,6b68027b-49d6-4b93-a218-b3effcab8749,12275554-cf69-431b-9e20-f5737d6c18bb
HM Arm Circle,Single Arm Circles,0.8296,No description available,Strength,Shoulders,shoulders,Body Only,Intermediate,,https://fitnessprogramer.com/wp-content/uploads/2022/04/Single-Arm-Circles.gif,6f577f98-d997-4513-a8af-f77e6449e48a,58359582-e8a1-4f60-b9ab-f6eb91ee73d4
Backward Medicine Ball Throw,Backward Medicine Ball Throw,1.0,No description available,Plyometrics,Shoulders,full-body,Medicine Ball,Beginner,,https://fitnessprogramer.com/wp-content/uploads/2023/05/Backward-Medicine-Ball-Throw.gif,c93c3aa7-8143-48a6-8dde-04a195caea4a,e9adbd2f-ac76-44f3-942a-0c76ebd87c27
Band overhead triceps extension,Banded Overhead Triceps Extension,0.8998,"The band overhead triceps extension is a single-joint exercise focused on the triceps that uses the dynamic resistance of the band. The overhead position of the arms targets the long head of the triceps. Many lifters save this move for last in their triceps workout, performing it for moderate to high reps, such as 8-12 reps or more per set.",Strength,Triceps,triceps,Bands,Intermediate,,https://fitnessprogramer.com/wp-content/uploads/2020/05/Banded-Triceps-Extension.gif,5d4801ac-284a-4c3f-8050-562a8eff9ab4,5156fe91-469a-4059-999b-e976623d40ea
Decline Close-Grip Bench To Skull Crusher,Decline Close-Grip Bench To Skull Crusher,1.0,No description available,Strength,Triceps,triceps,Barbell,Beginner,,https://fitnessprogramer.com/wp-content/uploads/2022/01/Decline-Close-Grip-Bench-To-Skull-Crusher.gif,6e595366-3e19-44c5-98bc-3808b03fbe65,903e456f-b774-4361-a299-f68417ee5f4e
Reverse-grip bench press,Reverse Grip Dumbbell Bench Press,0.9038,"The reverse-grip bench press is a popular barbell exercise targeting the chest, triceps, and forearms. The main difference between this exercise and the standard bench press is that the grip is underhand, not overhand. This helps target both the upper chest and the triceps. This lift can feel awkward at first, so go light and don't be afraid to use a spotter.",Strength,Triceps,chest,Barbell,Intermediate,,https://fitnessprogramer.com/wp-content/uploads/2021/06/Reverse-Grip-Dumbbell-Bench-Press.gif,963b4780-67c3-4d9a-b126-d6d0fd4ea4a1,5cddee0f-46e6-45a9-921d-6e749ab90e2c
Floor Press,Barbell Floor Press,0.8312,No description available,Powerlifting,Triceps,chest,Barbell,Beginner,,https://fitnessprogramer.com/wp-content/uploads/2022/07/Barbell-Floor-Press.gif,bd519014-c218-4fc3-adfb-6a7052906e71,0a9cb7c8-f33e-41a4-aa16-dcd00ba3669c
One Arm Floor Press,Barbell One Arm Floor Press,0.871,No description available,Strength,Triceps,triceps,Barbell,Beginner,,https://fitnessprogramer.com/wp-content/uploads/2022/02/Barbell-One-Arm-Floor-Press.gif,e0a961db-8ed4-466a-b9f1-1c4135b5fed7,1fcca26a-ca90-447d-8df0-4daf0e6d965a
Tricep Dumbbell Kickback,Dumbbell Kickback,0.879,The single-arm triceps kick-back is an isolation move from a bent-over position used to increase size and strength of the triceps.,Strength,Triceps,triceps,Dumbbell,Intermediate,,https://fitnessprogramer.com/wp-content/uploads/2021/02/Dumbbell-Kickback.gif,e65dd0fa-184f-4e01-b87c-e3956c404bb0,f168030d-fe4d-41fe-872c-784296465ddb
Standing Dumbbell Triceps Extension,Standing Barbell Triceps Extension,0.8683,No description available,Strength,Triceps,triceps,Dumbbell,Intermediate,,https://fitnessprogramer.com/wp-content/uploads/2021/06/Standing-Barbell-Triceps-Extension.gif,c8116d59-3e3a-41eb-8dc5-482f5f1a118c,9f5620ad-9529-446c-9345-3bac5447d7b1
Single-arm dumbbell triceps extension,Dumbbell Triceps Extension,0.8667,"The single-arm dumbbell triceps extension is a popular exercise targeting the triceps one side at a time. It targets all three heads of the triceps, but when performed with the arm overhead, it can be especially effective at building the long head of the triceps. This exercise is usually performed for moderate to high reps, at least 8-12 reps per set, as part of the upper-body or arm-focused portion of a workout.",Strength,Triceps,triceps,Dumbbell,Intermediate,,https://fitnessprogramer.com/wp-content/uploads/2021/02/Dumbbell-Triceps-Extension.gif,d2ae02ec-abc7-4895-bb75-346288b5348c,fa65da29-6a59-4b37-bcd7-ee9e044af5bb
Decline Dumbbell Triceps Extension,Decline Dumbbell Triceps Extension,1.0,No description available,Strength,Triceps,triceps,Dumbbell,Beginner,,https://fitnessprogramer.com/wp-content/uploads/2022/02/Decline-Dumbbell-Triceps-Extension.gif,8304322c-1a75-40ec-ba4b-747c394dfbd8,38027b10-f3aa-4eb0-9be1-b7a4afe2785f
One Arm Pronated Dumbbell Triceps Extension,One Arm Pronated Dumbbell Triceps Extension,1.0,No description available,Strength,Triceps,triceps,Dumbbell,Beginner,,https://fitnessprogramer.com/wp-content/uploads/2021/06/One-Arm-Pronated-Dumbbell-Triceps-Extension-.gif,3ca49ed1-9187-4713-a176-9a73f7904d34,f027d42e-97fd-4411-9c6d-cc588a17946e
Tate Press,Dumbbell Tate Press,0.8554,No description available,Strength,Triceps,triceps,Dumbbell,Beginner,,https://fitnessprogramer.com/wp-content/uploads/2022/02/Dumbbell-Tate-Press.gif,1ff0e4b9-9b83-4441-a267-e9d18e1af893,4f22af57-1ede-4cb2-ad45-4e00d4baedb5
Seated Bent-Over One-Arm Dumbbell Triceps Extension,Seated One-Arm Dumbbell Triceps Extension,0.901,No description available,Strength,Triceps,triceps,Dumbbell,Beginner,,https://fitnessprogramer.com/wp-content/uploads/2021/06/Seated-One-Arm-Dumbbell-Triceps-Extension.gif,c5c80737-377d-47dd-89b0-25b4038ae02c,1943d513-da48-4355-bd19-766c42f190b4
Reverse Grip Triceps Pushdown,Reverse Grip Pushdown,0.8963,"The reverse-grip cable straight-bar push-down is a twist on the popular cable straight-bar push-down. The difference has to do with how the hands are positioned holding the bar: the palms facing up rather than down. Because grip will be a limiting factor, this movement is usually performed for moderate to high reps, such as 8-12 reps per set or higher.",Strength,Triceps,triceps,Cable,Intermediate,,https://fitnessprogramer.com/wp-content/uploads/2021/06/Reverse-Grip-Pushdown.gif,4e2eeba8-92be-4756-a20f-2c10fdefeb7b,b39167d0-07ba-4215-9f44-968629136a87
Kneeling cable triceps extension,Kneeling Cable Triceps Extension,1.0,The kneeling cable triceps extension is a single-joint exercise meant to isolate the triceps muscles using a high pully on a cable stack and a bench. It can also be performed in a tall-kneeling stance from a low pully. It is most commonly used in muscle-building triceps or arm workouts.,Strength,Triceps,triceps,Cable,Intermediate,,https://fitnessprogramer.com/wp-content/uploads/2021/09/Kneeling-Cable-Extension.gif,695d82d1-77c0-4945-a5e3-0a3017627116,ce3ac4ec-8642-40d3-8348-e63581d3f62d
Triceps Pushdown,One Arm Triceps Pushdown,0.9042,"The cable V-bar push-down is a popular gym exercise for targeting the triceps. It utilizes an angled bar, which can allow you to move heavier weights more comfortably than a straight bar or rope. It is usually performed for moderate to high reps, such as 8-12 reps or more per set, as part of an upper-body or arm-focused workout.",Strength,Triceps,triceps,Cable,Intermediate,,https://fitnessprogramer.com/wp-content/uploads/2022/11/One-arm-triceps-pushdown.gif,7d993475-5acf-4270-bf73-d7ba99fc6d6d,4677bf86-bd26-4e5c-884b-e57ccc34d40b
Lying cable triceps extension,Cable Lying Triceps Extensions,1.0,The lying cable triceps extension is an isolation exercise performed lying on either a bench or the floor. This movement is usually performed for moderate to high reps for a burn and pump as part of an arm-focused workout.,Strength,Triceps,triceps,Cable,Intermediate,,https://fitnessprogramer.com/wp-content/uploads/2021/04/Cable-Lying-Triceps-Extensions.gif,673153f3-51bf-4fb6-b7cc-c0b7aeba6a64,4e71ee24-a6fd-42f2-bf76-d976dc8be86c
Low Cable Triceps Extension,Cable Side Triceps Extension,0.85,No description available,Strength,Triceps,triceps,Cable,Beginner,,https://fitnessprogramer.com/wp-content/uploads/2021/09/Cable-Side-Triceps-Extension.gif,b73127d4-1e2e-418d-be10-60cbdd011fde,98acf8d3-df69-4d30-94f1-71f087fa6323
Cable overhead triceps extension,Cable One-Arm Overhead Triceps Extension,0.9308,"The cable overhead triceps extension is a cable exercise performed in a seated position, targeting the triceps muscles. While it hits all three heads of the triceps, the overhead position helps to target the long head in particular. The seated position helps eliminate the use of momentum. It is usually performed for moderate to high reps as part of the arm-focused portion of a workout.",Strength,Triceps,triceps,Cable,Intermediate,,https://fitnessprogramer.com/wp-content/uploads/2021/06/Cable-One-Arm-Overhead-Triceps-Extension.gif,a3c7f32f-f74e-4a3b-9661-4ba5d44b16de,1a89b14f-d4f7-4da9-ac42-cdd543b1b41a
Incline cable rope triceps extension,Cable Incline Triceps Extension,0.9118,"The incline cable rope triceps extension is a single-joint arm exercise performed on an incline bench. This incline position offers a great stretch and range of motion, potentially targeting the long head of the triceps more than some other triceps exercises. It is usually performed for moderate to high reps as part of the arm-focused portion of a workout.",Strength,Triceps,triceps,Cable,Intermediate,,https://fitnessprogramer.com/wp-content/uploads/2021/09/Cable-Incline-Triceps-Extension.gif,a51d02c3-c071-4d57-b41e-ba382fae3a8b,b91393f3-44cf-4263-a45e-a702cc1c2bcf
Kneeling Cable Triceps Extension - Gethin Variation,Kneeling Cable Triceps Extension,0.9033,"The kneeling cable triceps extension is an single-joint exercise meant to isolate the triceps muscles, using a high pully on a cable stack and a bench. It can also be performed in a tall-kneeling stance from a low pully. It is most commonly used in muscle-building triceps or overall arms workouts.",Strength,Triceps,triceps,Cable,Intermediate,,https://fitnessprogramer.com/wp-content/uploads/2022/02/Kneeling-Cable-Triceps-Extension.gif,f4eb4495-d15b-41da-881f-eebc1acb77c8,bad9f104-8949-424b-ade6-d307d499719d
AM Rope Triceps Pushdown,Rope Pushdown,0.8382,"The cable rope push-down is a popular exercise targeting the triceps muscles. It's easy to learn and perform, making it a favorite for everyone from beginners to advanced lifters. It is usually performed for moderate to high reps, such as 8-12 reps or more per set, as part of an upper-body or arm-focused workout.",Strength,Triceps,triceps,Cable,Intermediate,,https://fitnessprogramer.com/wp-content/uploads/2021/06/Rope-Pushdown.gif,1b579388-71af-4ae6-b006-7e5f167988d0,5d861314-78ff-46d9-b28d-848691a014c3
Rope overhead triceps extension,Cable Rope Overhead Triceps Extension,0.9476,"The rope overhead triceps extension is a single-joint exercise focused on the triceps that uses a cable stack with a rope handle. The overhead position targets the long head of the triceps in particular. Many lifters save this move for last in their triceps workout, performing it for moderate to high reps, such as 8-12 reps or more per set.",Strength,Triceps,triceps,Cable,Intermediate,,https://fitnessprogramer.com/wp-content/uploads/2021/04/Cable-Rope-Overhead-Triceps-Extension.gif,f64566ad-e44e-4eb1-b746-e1a026b777b0,ed1ad970-f6d1-4e45-a643-2659c7c2f28f
Machine Triceps Extension,Triceps Extension Machine,1.0,The machine triceps extension is an isolation exercise targeting the tricep muscles.,Strength,Triceps,triceps,Machine,Intermediate,,https://fitnessprogramer.com/wp-content/uploads/2021/09/Triceps-Extension-Machine.gif,b8d9fb09-5421-43fc-b9af-2c48a5936bb0,e683d28c-492d-4512-92f5-de5f79f68e2a
30 Arms Machine Triceps Dip,Triceps Dip Machine,0.8544,No description available,Strength,Triceps,triceps,Machine,Intermediate,,https://fitnessprogramer.com/wp-content/uploads/2021/09/Triceps-Dip-Machine.gif,e1d7401b-a3c9-423e-813b-70f0913c8e96,0dd33b30-8951-4fb1-a0d9-bf39b11f7b05
Parallel Bar Dip,Parallel Bar Dips,0.8863,"The triceps dip is a bodyweight exercise performed on parallel bars or on a pull-up and dip station. It targets the triceps first, but also stretches and strengthens the chest and shoulders. Dips with a triceps focus are usually performed with an upright torso, the knees bent and crossed, and the arms close to the body. Dips can be performed for low reps for strength or higher reps for muscle growth.",Strength,Triceps,chest,Body Only,Intermediate,,https://fitnessprogramer.com/wp-content/uploads/2022/04/parallel-bar-dip.gif,9b8c30a6-4faa-49df-9108-b64958043649,d8b091be-483a-4e1f-86bc-c8f5d5ddad4b
