title,matched_gif_title,similarity,description,category,body_part,target_muscle_gifsrc,equipment,difficulty_level,rating,gif_url,source_a_id,source_b_id
Banded crunch isometric hold,Isometric Pull-Up,0.6832,"The banded crunch isometric hold is an exercise targeting the abdominal muscles, particularly the rectus abdominis or ""six-pack"" muscles. The band adds resistance and continuous tension to this popular exercise.",Strength,Abdominals,back,Bands,Intermediate,,https://fitnessprogramer.com/wp-content/uploads/2022/08/Isometric-Pull-Up.gif,797a9167-2e40-4216-a95f-1741dd615ca1,a9ad607b-3b57-4be2-a936-8eadcf220576
Crunch,Frog Crunch,0.6945,"The crunch is a popular core exercise targeting the rectus abdominis, or ""six-pack"" muscles, as well as the obliques. It has been the centerpiece of many ab-focused workouts, due to both its simplicity and the intense burn and mind-muscle connection it produces. It can be performed for time or reps as part of the ab-focused portion of any workout.",Strength,Abdominals,abs,Bands,Intermediate,,https://fitnessprogramer.com/wp-content/uploads/2021/06/frog-crunch.gif,25e4a122-4595-47ef-86f4-271e09d6ea3f,ac8a7e71-9b12-471c-ae5a-e4cc114d40df
Double Kettlebell Swing,One Arm Kettlebell Swing,0.7026,No description available,Strength,Abdominals,full-body,Kettlebells,Intermediate,,https://fitnessprogramer.com/wp-content/uploads/2022/07/One-Arm-Kettlebell-Swing.gif,f69b9a9c-2950-4219-8875-5370e568ea4f,49862e3f-6ea5-4b66-9c54-984cd1f11b7c
Dumbbell Fix Alternating Renegade Row,Dumbbell Renegade Row,0.7493,No description available,Strength,Abdominals,back,Dumbbell,Intermediate,,https://fitnessprogramer.com/wp-content/uploads/2021/01/dumbbell-renegade-row-1.gif,3408f0a9-32b8-4446-a35c-56c930b7241a,2dc60d76-ae99-4710-bc00-d448a60ee821
Dumbbell Fix Dumbbell Sit-Up,Dumbbell V-up,0.7463,No description available,Strength,Abdominals,abs,Dumbbell,Intermediate,,https://fitnessprogramer.com/wp-content/uploads/2021/10/Dumbbell-V-up.gif,eb6711ba-5a2d-43e9-9b1e-3c08a7f45974,a76d8e2a-9efb-483d-a8f0-f61498c2f4ec
Dumbbell crusher,Dumbbell Skull Crusher,0.8098,"The dumbbell crusher is a dumbbell complex that combines a squat with a dumbbell curl, followed by a triceps press. It targets the legs, glutes, biceps, shoulders, and triceps in a single sequence, making it a great way to burn serious calories and hit a lot of muscles in a short period of time. The upper-body movements will determine the amount of weight you can effectively use.",Strength,Abdominals,triceps,Dumbbell,Intermediate,,https://fitnessprogramer.com/wp-content/uploads/2021/06/Dumbbell-Skull-Crusher.gif,87803189-6799-4253-98a4-6ffed20b4581,8c7c4324-bb83-4829-8296-808581149a63
Lying Leg Pullover,Cable Pullover,0.7101,No description available,Strength,Abdominals,back,Dumbbell,Intermediate,,https://fitnessprogramer.com/wp-content/uploads/2021/04/Lying-Extension-Pullover.gif,507836e4-268a-4990-a487-b9bc45fc42ca,9a3d7a44-bf36-4a2a-a0fa-6a6bcef3a8b8
Ab Roller,Ab Roller Crunch,0.8135,"The ab wheel roll-out is an exercise targeting the abdominals, often with an inexpensive wheel device with a handle on either side. Many trainers and strength coaches claim it's one of, if no the best exercise for developing strength in the midsection. Beginners may have to start with a limited range of motion or just wheel planks.",Strength,Abdominals,abs,Other,Intermediate,,https://fitnessprogramer.com/wp-content/uploads/2021/12/Ab-Roller-Crunch.gif,2f7f4311-f380-41a6-89b8-e9306651f43a,cefdabd7-da1e-4cbc-9fb3-e03e6b625073
Pallof press,Cable Half Kneeling Pallof Press,0.6988,"The Pallof press is an isometric exercise that trains core stability. It involves resisting rotation from a cable or band, developing what is sometimes called ""anti-rotation"" core strength. It is most often seen in programs for athletes who compete in sports that test strength, power, and functional movements. It can be trained in timed holds or for reps by pressing the cable or band away from the body.",Strength,Abdominals,shoulders,Other,Intermediate,,https://fitnessprogramer.com/wp-content/uploads/2022/02/Cable-Half-Kneeling-Pallof-Press.gif,2b030415-42c5-417f-9efe-f605d271a79e,c259921d-38f2-45ce-beaa-bb17d7a268f2
Holman Weighted Uppercut Punch,Right Uppercut,0.6958,No description available,Strength,Abdominals,cardio,Other,Intermediate,,https://fitnessprogramer.com/wp-content/uploads/2022/08/Right-Uppercut-Boxing.gif,206c65ac-41ce-4624-9c14-a210f08e6703,4edbea83-dd48-44c4-81ea-9878ffc8cb46
Holman Plate Burpee,Burpees,0.6833,No description available,Strength,Abdominals,leg,Other,Intermediate,,https://fitnessprogramer.com/wp-content/uploads/2021/02/burpees.gif,b81cbf84-960a-4981-b6e7-86a2e12e890a,c4d195ea-2a3c-4736-bb0a-9fda9cb275a6
Single-arm high-cable side bend,Cable Side Bend,0.7406,The single-arm high-cable side bend is an exercise targeting the obliques using a cable stack machine.,Strength,Abdominals,abs,Cable,Intermediate,,https://fitnessprogramer.com/wp-content/uploads/2021/09/Cable-Side-Bend.gif,19760e7d-36eb-449f-ab0d-3a470e28b3d6,d0fb12ce-f818-4512-ac1d-4d4b0d100c02
Cable Seated Crunch,Seated Side Crunch,0.7681,No description available,Strength,Abdominals,abs,Cable,Beginner,,https://fitnessprogramer.com/wp-content/uploads/2021/05/Seated-Side-Crunches.gif,0a658503-ff85-4d1e-95e5-c2c4d9e2bbcf,57cf5497-e455-4796-93d9-b07d28cbabbf
30 Cable Pallof Press,Cable Half Kneeling Pallof Press,0.7434,"The pallof press is an anti-rotation, isometric exercise that trains core stability. It is most often seen in programs for athletes who compete in sports that test strength, power, and functional movements.",Strength,Abdominals,shoulders,Cable,Intermediate,,https://fitnessprogramer.com/wp-content/uploads/2022/02/Cable-Half-Kneeling-Pallof-Press.gif,d825f344-16e7-4b0c-ac44-945804834751,c259921d-38f2-45ce-beaa-bb17d7a268f2
Smith machine V-up,Smith Machine Hex Press,0.7146,The smith machine V-up is a weighted abdominal exercise that involves pressing a weighted bar upward while performing a V-up. Performing it in a Smith machine eliminates the balance challenge of a free weight. It is usually performed for moderate to high reps in the ab-focused portion of a workout.,Strength,Abdominals,chest,Machine,Intermediate,,https://fitnessprogramer.com/wp-content/uploads/2021/09/Smith-Machine-Hex-Press.gif,89a9dbaf-a5a7-4f93-b860-9ff9ae1b7050,792da8ae-239a-4d3f-9fde-449343848455
Cross-Body Crunch,Cross Body Push-up,0.7267,"The elbow-to-knee crunch is a bodyweight exercise targeting the ab muscles, the obliques and rectus abdominis or ""six-pack"" muscles in particular. It can be performed for time or reps as part of the ab-focused portion of any workout.",Strength,Abdominals,full-body,Body Only,Intermediate,,https://fitnessprogramer.com/wp-content/uploads/2022/02/Cross-Body-Push-up_Plyometric.gif,f93cd166-d683-4980-b825-d604ff9b0a86,bc4c077f-0fd8-42c4-b9e6-dbfabf81d8ec
Ab bicycle,Bicycle Crunch,0.7949,"The ab bicycle is a bodyweight movement that targets the muscles of the abs, the obliques and rectus abdominis or ""six-pack"" muscles in particular. It can be performed for time or reps in the ab-focused portion of any workout.",Strength,Abdominals,abs,Body Only,Intermediate,,https://fitnessprogramer.com/wp-content/uploads/2021/02/Bicycle-Crunch.gif,9b2be383-7177-4084-9523-6afb13822f19,49c2f0e2-7654-4e0e-b0e0-f4884ced1f57
Alternating heel-touch,Heel Touch,0.7484,"The alternating heel-touch is a popular bodyweight exercise that targets the obliques, as well as the rectus abdominis, or ""six-pack"" muscles. It can be performed for time or reps as part of any abs-focused circuit or workout.",Strength,Abdominals,abs,Body Only,Intermediate,,https://fitnessprogramer.com/wp-content/uploads/2021/02/Heel-Touch.gif,5a0db301-49f8-4748-88dc-c850b9f0176d,db3605ce-6dc8-4b95-8ba0-80a8a93b2cac
Sit-up,L-Sit,0.7723,"The sit-up is a popular bodyweight exercise focused on the abdominal muscles. It has also been used as part of military, tactical, and scholastic fitness tests for many years. It can be performed for time or reps, with the feet anchored or free, on flat ground or a bench.",Strength,Abdominals,abs,Body Only,Intermediate,,https://fitnessprogramer.com/wp-content/uploads/2021/09/L-Sit.gif,25fce8a7-e9ac-41d0-8017-16c4db835ce9,f070c4e6-8561-4185-9b8f-2bdef417535d
Lying oblique crunch,Oblique Floor Crunches,0.7012,The lying oblique crunch is a bodyweight exercise targeting the oblique muscles. It can be performed for a specific number of reps or to fatigue or failure as part of the ab-focused portion of any workout.,Strength,Abdominals,abs,Body Only,Intermediate,,https://fitnessprogramer.com/wp-content/uploads/2021/05/Oblique-Floor-Crunches.gif,02cfe2ce-230e-4a3d-ba95-fb14a8b59452,5f13fe1b-b778-4c4f-a879-bcc7901f38d0
Toe Touchers,Lying Toe Touches,0.6884,"The toe-touch is a bodyweight movement that targets the muscles of the abs, the rectus abdominis or ""six-pack"" muscles in particular. It can be performed for time or reps in the ab-focused portion of any workout.",Stretching,Abdominals,abs,Body Only,Intermediate,,https://fitnessprogramer.com/wp-content/uploads/2022/12/Lying-Toe-Touches.gif,a309cd2e-de5b-49f7-ad66-f59520b77fba,c9224ea4-e56c-46ae-866e-765b4033a5ea
Seated Scissor Kick,Arm Scissors,0.7788,No description available,Strength,Abdominals,chest,Body Only,Intermediate,,https://fitnessprogramer.com/wp-content/uploads/2022/02/Arm-Scissors.gif,7ed25a5e-81a6-426c-a209-38eaae77a2de,e7f0cbe8-ceeb-4e55-a4a5-00a5794cf7f9
Long sit-up,Long Jump,0.717,"The long sit-up is an advanced version of the sit-up exercise that is performed with the hands reaching over the head. This lengthens the torso, making it harder for the abs to contract and lift the upper body. Long sit-ups can be performed for time or for reps, with the feet anchored or free.",Strength,Abdominals,leg,Body Only,Intermediate,,https://fitnessprogramer.com/wp-content/uploads/2021/03/Long-Jump-Plyometrics.gif,25bcb51b-2880-4a32-856c-90708ea9d1c1,3bb8de50-d39e-4e90-9070-8f7ccd440591
FYR Knees to Chest,Single Knee To Chest,0.7069,"The hollow-body alternating knee-to-chest is a core exercise that involves bending the legs while holding the hips and shoulder blades off the ground. It targets the rectus abdominis or ""six-pack"" muscles. It can be performed for time or reps in the ab-focused portion of any workout.",Strength,Abdominals,leg,Body Only,Intermediate,,https://fitnessprogramer.com/wp-content/uploads/2022/10/Single-Knee-To-Chest-Stretch.gif,18354c55-60a9-4128-98d9-3d0354365b3f,6d4de4e5-35f1-46ec-94a3-07ffce1825b6
Alternating lying leg raise,Alternate Lying Floor Leg Raise,0.6951,"The alternating lying leg lift is a popular bodyweight exercise targeting the muscles of the abs, the rectus abdominis or “six-pack” muscles in particular. It can be performed for time or reps in the core-focused portion of any workout.",Strength,Abdominals,abs,Body Only,Intermediate,,https://fitnessprogramer.com/wp-content/uploads/2021/05/Alternate-Lying-Floor-Leg-Raise.gif,34c06166-90c7-4aaa-a836-e475af5877b0,82b39596-79f5-4c76-8cd4-74e27406173e
HM Bicycle,Bicycle Crunch,0.8194,No description available,Strength,Abdominals,abs,Body Only,Intermediate,,https://fitnessprogramer.com/wp-content/uploads/2021/02/Bicycle-Crunch.gif,8fcb9169-959a-424b-a2fb-2c68f7312713,49c2f0e2-7654-4e0e-b0e0-f4884ced1f57
HM Cross-Over Crunch,Half Cross Crunch,0.7272,No description available,Strength,Abdominals,abs,Body Only,Intermediate,,https://fitnessprogramer.com/wp-content/uploads/2022/07/Half-Cross-Crunch.gif,5080ca0b-d853-471b-b447-4801f78f8df1,a1fe3b75-fd0f-4642-8f44-4ed4322c6fab
Single-leg curl up,Lever Single Leg Curl,0.7707,"The single-leg curl up is a bodyweight abdominal movement that teaches and reinforces abdominal “bracing” for strength training. It is usually performed along with variations of the bird dog and side plank as the “McGill big three.” The curl up can be performed for time or for reps, with or without pauses at the top position, as part of a warm-up or the core-focused component of any workout.",Strength,Abdominals,leg,Body Only,Intermediate,,https://fitnessprogramer.com/wp-content/uploads/2021/06/Lever-Single-Leg-Curl.gif,a7a38e1f-9c6e-41d0-8c33-07d389c3f8f1,e312a666-db25-4cfa-9ea5-e37aee2e4b4f
Single-kettlebell windmill,Dumbbell Windmill,0.6987,"The single-kettlebell windmill is a dynamic kettlebell exercise emphasizing core strength and shoulder and hip mobility and stability. It is often used as a functional warm-up or for multi-directional strength work. It doesn't work as well in a metcon or conditioning setting, and shouldn't be performed under intense fatigue.",Strength,Abdominals,shoulders,Body Only,Intermediate,,https://fitnessprogramer.com/wp-content/uploads/2022/07/Dumbbell-Windmill.gif,6b6426a2-e911-4bf5-9b9b-bb3868705f93,7e0c9e7f-05fa-40cc-a3e6-caf8ce48a129
UNS Pec stretch,Back Pec Stretch,0.7535,No description available,Strength,Abdominals,chest,Body Only,Intermediate,,https://fitnessprogramer.com/wp-content/uploads/2021/05/Back-Pec-Stretch.gif,95bd9133-b3d4-44b4-b848-ca690e95f862,132e26a6-3d17-4773-b3a2-6ef1c501fdeb
Ab wheel roll-out,Ab Wheel Rollout,0.7388,The ab wheel roll-out is an exercise targeting the abdominals using an inexpensive wheel device with a handle on either side. Many trainers and strength coaches claim it's one of the best exercises for developing strength in the midsection. Beginners may have to start with a limited range of motion or just wheel planks.,Strength,Abdominals,abs,Body Only,Intermediate,,https://fitnessprogramer.com/wp-content/uploads/2021/06/Ab-Wheel-Rollout.gif,83cf2277-27c5-430c-b286-57727d05e0d2,7d66c3e9-82bc-43c5-b284-633ab5e74a1f
Cross-body sit-up,Cross Body Push-up,0.8144,"The cross-body sit-up is a bodyweight exercise targeting the ab muscles, the obliques and rectus abdominis or ""six-pack"" muscles in particular. It involves bringing the opposite-side knee and elbow together, usually alternating sides with each rep. It can be performed for time or reps as part of the ab-focused portion of any workout.",Strength,Abdominals,full-body,Body Only,Intermediate,,https://fitnessprogramer.com/wp-content/uploads/2022/02/Cross-Body-Push-up_Plyometric.gif,cd5785c1-62e8-4d51-b5a3-c24feb9ed57d,bc4c077f-0fd8-42c4-b9e6-dbfabf81d8ec
30 Landmine Twist,Landmine T-Bar Row,0.6884,"The landmine twist is a rotational abdominal movement performed utilizing an angled barbell anchored at floor level in a landmine device. It can also be performed by sticking a barbell in the corner of a room, preferably in a towel to protect the walls. It targets the deep muscles of the core, including both the obliques and the transversus abdominus. It can be done fast or slow, for time or reps, either in traditional muscle-focused rep ranges such as 8-12 reps per side.",Strength,Abdominals,back,Body Only,Intermediate,,https://fitnessprogramer.com/wp-content/uploads/2021/04/t-bar-rows.gif,135fed9b-16d0-4918-8c2a-d97baaf9ab1e,312b27ba-1889-4235-8036-586c8eb680cb
Parallel bars leg raise,Parallel Bar Dips,0.6841,"The parallel bars leg raise is a bodyweight exercise that targets the abs. It is performed on parallel bars, starting in the top position of a dip. Leg raises are often performed for moderate to high reps, such as 8-12 reps or more, as part of ab-focused training. However, this difficult variation may require some time to build up to those rep ranges.",Strength,Abdominals,triceps,Body Only,Intermediate,,https://fitnessprogramer.com/wp-content/uploads/2022/04/parallel-bar-dip.gif,549b4284-0cbc-490a-bc47-83ddb44b0f1e,5936808b-64b6-4af9-abbc-1c85c7b685e7
Bench oblique crunch,Oblique Floor Crunches,0.6957,"The bench oblique crunch is an exercise that targets the obliques, the muscles running alongside the rectus abdominis. The range of motion is fairly small, but it still does a great job of working these hard-to-isolate muscles. Like most crunch variations, it is usually performed for moderate to high reps, such as 8-12 reps per set or more.",Strength,Abdominals,abs,Body Only,Intermediate,,https://fitnessprogramer.com/wp-content/uploads/2021/05/Oblique-Floor-Crunches.gif,dd961120-e247-4fca-a69b-56972b20f845,5f13fe1b-b778-4c4f-a879-bcc7901f38d0
Holman Elbow Plank,Side Plank Knee to Elbow,0.6849,No description available,Strength,Abdominals,abs,Body Only,Intermediate,,https://fitnessprogramer.com/wp-content/uploads/2022/10/Side-Plank-Knee-to-Elbow-.gif,4ca5d9eb-79af-493f-bdc1-5af0fcfb3e92,e0d42756-de6e-46c6-9285-7fe8df347462
Holman Bicycle,Bicycle Crunch,0.767,No description available,Strength,Abdominals,abs,Body Only,Intermediate,,https://fitnessprogramer.com/wp-content/uploads/2021/02/Bicycle-Crunch.gif,c8f052fc-76ea-4062-8f45-c05a0e34ee81,49c2f0e2-7654-4e0e-b0e0-f4884ced1f57
MetaBurn Scapular Retraction Plank,Seated Scapular Retraction Exercise,0.7924,No description available,Strength,Abdominals,trapezius,Body Only,Intermediate,,https://fitnessprogramer.com/wp-content/uploads/2022/02/Seated-Scapular-Retraction-Exercise.gif,4076626b-7f29-494f-b5c3-6471312f722e,49d9f0ad-7677-4944-8858-8a636d578fcb
MetaBurn Scapular Retraction Plank Hold,Seated Scapular Retraction Exercise,0.7591,No description available,Strength,Abdominals,trapezius,Body Only,Intermediate,,https://fitnessprogramer.com/wp-content/uploads/2022/02/Seated-Scapular-Retraction-Exercise.gif,6dadba59-cfc8-4a56-b36f-dd57ce1b861a,49d9f0ad-7677-4944-8858-8a636d578fcb
Alternating hanging knee raise,Hanging Side Knee Raises,0.7332,"The alternating hanging knee raise is an exercise targeting the abs, but which also works the lats and hip flexors. Rather than performing both legs at a time, you lift one knee at a time and alternate with each rep as if marching in place. Knee raises are often performed for moderate to high reps, such as 8-12 reps or more, as part of ab-focused training.",Strength,Abdominals,abs,Body Only,Intermediate,,https://fitnessprogramer.com/wp-content/uploads/2022/10/Hanging-Side-Knee-Raises.gif,1b3b6dae-4bb6-4989-b09c-643ba612a967,0e60049a-3dad-4517-b3a8-ee293da19b9b
Plank To Sphinx,Sphinx Stretch,0.745,No description available,Strength,Abdominals,neck,Body Only,Intermediate,,https://fitnessprogramer.com/wp-content/uploads/2021/05/Sphinx-Stretch.gif,284a3a9d-def5-4037-9256-fa82a801e9ec,999c0d27-3206-4266-9415-5a6a509368e7
Hanging Leg Raises,Hanging Side Knee Raises,0.7784,No description available,Strength,Abdominals,abs,Body Only,Intermediate,,https://fitnessprogramer.com/wp-content/uploads/2022/10/Hanging-Side-Knee-Raises.gif,c9ea8d7d-cf4b-435f-a52f-4b128b0a21e8,0e60049a-3dad-4517-b3a8-ee293da19b9b
Partner front Russian twist and pass,Ball Russian Twist throw with partner,0.7153,"The partner front Russian twist and pass is a weighted version of a popular abdominal training exercise that also utilizes a training partner to add another dynamic component. It targets the oblique muscles, as well as the deep muscles of the core and the rectus abdominis or ""six pack"" muscles. It can be done for reps or time in an ab-focused portion of any workout.",Strength,Abdominals,abs,Medicine Ball,Beginner,,https://fitnessprogramer.com/wp-content/uploads/2022/09/Ball-Russian-Twist-throw-with-partner.gif,06826994-797e-4b4a-a785-18b839603f15,a0b96102-09e9-4dc0-9760-e8bb089c7b9c
Partner side Russian twist and pass,Ball Russian Twist throw with partner,0.7289,"The partner side Russian twist and pass is a weighted version of a popular abdominal training exercise that also utilizes a training partner to add another dynamic component. It primarily targets the oblique muscles, as well as the deep muscles of the core and the rectus abdominis or ""six pack"" muscles. It can be done for reps or time in an ab-focused portion of any workout.",Strength,Abdominals,abs,Medicine Ball,Beginner,,https://fitnessprogramer.com/wp-content/uploads/2022/09/Ball-Russian-Twist-throw-with-partner.gif,31df3ea6-1b1c-4482-a620-ca3b49f513cd,a0b96102-09e9-4dc0-9760-e8bb089c7b9c
Medicine ball pass,Medicine Ball Push-Up,0.7391,"The medicine ball pass is a simple partner-based exercise that involves throwing a weighted ball back and forth. It can be part of a dynamic warm-up for lifting or athletics, but can also work as active rest or as a component of circuit training.",Strength,Abdominals,triceps,Medicine Ball,Intermediate,,https://fitnessprogramer.com/wp-content/uploads/2022/08/Medicine-Ball-Push-Up.gif,917093d8-060b-48b2-88d3-ff0df9525b25,14d97bf8-6a88-4499-93b6-517de2bc984a
Medicine ball twist,Medicine Ball Push-Up,0.7673,"The medicine ball twist is an exercise targeting the abdominal muscles, particularly the obliques. It is similar in many ways to a Russian twist exercise. The ball is held tight to the chest throughout the movement, and then the torso is rotated from side to side for the desired number of reps or a set amount of time.",Strength,Abdominals,triceps,Medicine Ball,Intermediate,,https://fitnessprogramer.com/wp-content/uploads/2022/08/Medicine-Ball-Push-Up.gif,b4450c55-5d7e-444a-af9c-a31180422cf4,14d97bf8-6a88-4499-93b6-517de2bc984a
Exercise ball crunch,Exercise Ball Frog Crunch,0.7703,"The exercise ball crunch is a popular gym exercise targeting the abdominals. Unlike crunches on the floor or a bench, by using a ball you can increase the range of motion and both stretch and contract the abs on every rep. The ball crunch can be performed for low reps with a slower tempo focusing on a hard contraction, or for higher reps.",Strength,Abdominals,abs,Exercise Ball,Intermediate,,https://fitnessprogramer.com/wp-content/uploads/2021/08/Exercise-Ball-Frog-Crunch.gif,7f5eb471-1c6c-4461-8fe3-42b072a5dbe3,8ead67c7-de85-4600-8fa8-7be6617c5836
Weighted Ball Side Bend,Weighted Side Bend On Stability Ball,0.6899,No description available,Strength,Abdominals,abs,Exercise Ball,Beginner,,https://fitnessprogramer.com/wp-content/uploads/2021/08/Weighted-Side-Bend-on-stability-ball.gif,b56c8146-49dc-44c1-9941-e13b6bf123b5,fe8b17cd-8ca6-434e-a0e3-8b39a8cd25aa
Swiss Ball Ab Roll-Out,Swiss Ball Rollout,0.7177,"The exercise ball roll-out is an exercise that strengthens the core, shoulders and upper- back muscles. It starts in a plank-style position, with the arms resting on a ball. Then, you roll the ball out in front of you as far as you can while maintaining a strong, neutral spinal position. The lack of stability from the ball increases the degree of difficulty. This is a difficult movement, and beginners may need to use a limited range of motion.",Strength,Abdominals,abs,Exercise Ball,Intermediate,,https://fitnessprogramer.com/wp-content/uploads/2021/08/swiss-ball-rollout.gif,1cc2e0b7-afc1-45f3-8cb0-590eb6715337,3c8889e6-0ad9-4f43-8996-9010d872d8f2
AM Ball Crunch,Exercise Ball Frog Crunch,0.6978,"The exercise ball crunch is a popular gym exercise targeting the abdominals. Unlike crunches on the floor or a bench, by using a ball, you can increase the range of motion and both stretch and contract the abs on every rep. The ball crunch can be performed for low reps with a slower tempo, focusing on a hard contraction, or for higher reps.",Strength,Abdominals,abs,Exercise Ball,Intermediate,,https://fitnessprogramer.com/wp-content/uploads/2021/08/Exercise-Ball-Frog-Crunch.gif,ed0fadae-0445-40d1-a384-2c95df45d97b,8ead67c7-de85-4600-8fa8-7be6617c5836
Hanging exercise ball leg raise,Hanging Side Knee Raises,0.7102,"The hanging exercise ball leg raise is an exercise targeting the abs and hip flexors. Instead of resting the forearms on the pads of an apparatus, it's performed hanging from a bar with an exercise ball held between the legs.",Strength,Abdominals,abs,Exercise Ball,Intermediate,,https://fitnessprogramer.com/wp-content/uploads/2022/10/Hanging-Side-Knee-Raises.gif,3ae071b5-b1ed-4a68-95de-f4ad6f0caac9,0e60049a-3dad-4517-b3a8-ee293da19b9b
Band Hip Adductions,Hip Adduction Machine,0.8134,No description available,Strength,Adductors,leg,Bands,Beginner,,https://fitnessprogramer.com/wp-content/uploads/2021/02/HIP-ADDUCTION-MACHINE.gif,04f08181-b3bf-4e5e-8707-998765cc946b,b05e57f1-1f76-4a97-b0be-98b746bb4b5f
Lateral Band Walk,Resistance Band Lateral Walk,0.7265,No description available,Strength,Abductors,leg,Bands,Intermediate,,https://fitnessprogramer.com/wp-content/uploads/2022/02/Resistance-Band-Lateral-Walk.gif,36dbb2b3-fbfa-4c86-8832-01ab5cef2d68,33055719-7dcc-4599-bce6-5a1f0d71d77e
Side Leg Raises,Side Arm Raises,0.7949,No description available,Stretching,Adductors,shoulders,Body Only,Beginner,,https://fitnessprogramer.com/wp-content/uploads/2021/02/arm-circles.gif,ff2d1f27-a282-4d45-867f-78b48fa70d4f,7568c6c0-c056-4ec5-8a28-d5edf17ebb61
Side-To-Side Adductor Stretch,Standing Wide Leg Adductor Stretch,0.6917,No description available,Strength,Adductors,leg,Body Only,Intermediate,,https://fitnessprogramer.com/wp-content/uploads/2022/06/Standing-Wide-Leg-Adductor-Stretch.gif,71274ddf-9800-4b5a-afd5-9996784a7298,e6358b85-97f2-4935-941d-cfbcd3129568
Incline dumbbell biceps curl,Cable Incline Biceps Curl,0.7964,"The incline dumbbell biceps curl is an exercise targeting the biceps and performed face up on an incline bench. This creates a vertical arm angle, which helps to isolate the biceps and limit involvement of the shoulder muscles. This curl variation is usually performed for moderate to high reps, such as 8-12 reps per set or more, as part of upper-body or arm-focused training.",Strength,Biceps,biceps,Bands,Intermediate,,https://fitnessprogramer.com/wp-content/uploads/2022/12/Cable-Incline-Biceps-Curl.gif,e46f99b1-f647-479b-9cd9-78bb4e6fd524,76675098-d25f-457e-aa63-93e5854a157e
Band standing concentration curl,Biceps Leg Concentration Curl,0.7799,"The band standing concentration curl is a variation of a popular biceps-focused exercise utilizing a band instead of a dumbbell. It allows you to focus on one biceps at a time and really squeeze out intense peak contractions. Band concentration curls are usually performed for moderate to high reps, such as 8-12 reps per set or more, as part of an upper-body or arm-focused workout.",Strength,Biceps,biceps,Bands,Intermediate,,https://fitnessprogramer.com/wp-content/uploads/2021/04/Biceps-Leg-Concentration-Curl.gif,ddb80ffb-cda0-4538-b872-59dccb6b9842,3d8ff785-5b61-4cfb-a63c-c4929a63b2ac
Barbell Curl,Barbell Reverse Curl,0.7255,"The barbell curl is an arm exercise that is also one of the most recognizable movements in all of bodybuilding and fitness. It helps build sleeve-popping biceps and allows heavier loading than many other curl variations. It is usually performed in moderate to high reps, such as 8-12 reps per set, as part of the arm-focused portion of any workout.",Strength,Biceps,forearm,Barbell,Intermediate,,https://fitnessprogramer.com/wp-content/uploads/2021/02/Barbell-Reverse-Curl.gif,2cc824c5-68a8-44ec-910e-3fb20e581a04,fa30adc9-467c-4a20-8621-68c0d5295ffa
Standing band biceps curl,Band Biceps Curl,0.7847,The standing band biceps curl is an arm-focused exercise using a band for resistance. This variation is usually performed for moderate to high reps as part of an arms-focused or upper-body workout.,Strength,Biceps,biceps,Barbell,Intermediate,,https://fitnessprogramer.com/wp-content/uploads/2022/02/Band-Biceps-Curl.gif,7cc5a142-f5ce-49ab-912c-2f8a59c4387a,13a520d2-95de-46be-8459-8dfd750c168c
30 Arms Incline Biceps Curl,Cable Incline Biceps Curl,0.7562,No description available,Strength,Biceps,biceps,Barbell,Intermediate,,https://fitnessprogramer.com/wp-content/uploads/2022/12/Cable-Incline-Biceps-Curl.gif,a67b1816-05d9-4aaf-9fb9-6ec1721eaeb0,76675098-d25f-457e-aa63-93e5854a157e
Incline Hammer Curls,Incline Dumbbell Hammer Row,0.7865,No description available,Strength,Biceps,back,Dumbbell,Beginner,,https://fitnessprogramer.com/wp-content/uploads/2022/02/Incline-Dumbbell-Hammer-Row.gif,b4e023ef-8aee-41be-8f0c-c2f4e572de1e,bed37f49-0926-405a-be87-f3a44fbcaa83
Dumbbell Bicep Curl,Dumbbell Curl,0.7483,"The dumbbell biceps curl is a single-joint exercise for building bigger and stronger biceps. Popular among gym goers of all experience levels, this move can be done seated or standing. It is generally performed for moderate to high reps, such as 8-12 reps or higher, as part of the arm-focused portion of a workout.",Strength,Biceps,biceps,Dumbbell,Intermediate,,https://fitnessprogramer.com/wp-content/uploads/2021/02/Dumbbell-Curl.gif,5c12f6ff-5e7c-4df3-950f-0315b465803f,6df2d760-52e5-490f-8cc3-4fb87fa1194b
Alternating incline dumbbell biceps curl,Seated Alternating Dumbbell Curl,0.686,"The alternating incline dumbbell biceps curl is an exercise targeting the biceps and performed face up on an incline bench. This creates a vertical arm angle which helps to isolate the biceps and limit involvement of the shoulder muscles. This curl variation is usually performed for moderate to high reps, such as 8-12 rep per arm or more, as part of upper-body or arm-focused training.",Strength,Biceps,biceps,Dumbbell,Intermediate,,https://fitnessprogramer.com/wp-content/uploads/2022/06/Seated-dumbbell-alternating-curl.gif,d1418605-e3f8-4ce8-8877-5a09fa682052,98334714-b20d-4c97-a9d9-e544e51a0c02
Standing Dumbbell Reverse Curl,Dumbbell Reverse Curl,0.8096,"With the reverse-grip dumbbell curl, the palms face down, not up. This unorthodox wrist position simultaneously targets the biceps while also building forearm and grip strength. The move can performed standing or seated.",Strength,Biceps,forearm,Dumbbell,Beginner,,https://fitnessprogramer.com/wp-content/uploads/2021/04/dumbbell-reverse-curl.gif,646dc719-f22c-4d75-afdc-99e92cf57a79,f8299ede-2042-4e69-ae46-2756a4654f38
Paul Carter Concentration Curl,Biceps Leg Concentration Curl,0.7107,"The concentration curl is a classic exercise for building the biceps one arm at a time. It can be performed bent over or kneeling, but is more often performed seated on a bench. It's great for emphasizing the biceps peak and is often used to finish a biceps workout. Like most curl variations, these are usually performed for moderate to high reps, such as 8-12 reps per set or more.",Strength,Biceps,biceps,Dumbbell,Intermediate,,https://fitnessprogramer.com/wp-content/uploads/2021/04/Biceps-Leg-Concentration-Curl.gif,bb5bb435-af8a-436f-975c-bb705ebad368,3d8ff785-5b61-4cfb-a63c-c4929a63b2ac
FYR Dumbbell Curl,Dumbbell Curl,0.8197,"The dumbbell biceps curl is a single-joint exercise for building bigger and stronger biceps. Popular among gym goers of all experience levels, this move can be done seated or standing. It is generally performed for moderate to high reps, such as 8-12 reps or higher, as part of the arm-focused portion of a workout.",Strength,Biceps,biceps,Dumbbell,Intermediate,,https://fitnessprogramer.com/wp-content/uploads/2021/02/Dumbbell-Curl.gif,16dbd555-8763-4dc3-8036-875f87998b8a,6df2d760-52e5-490f-8cc3-4fb87fa1194b
Dumbbell biceps curl to upright row,One-Arm Dumbbell Upright Row,0.7081,"The dumbbell biceps curl to upright row is a dumbbell complex that combines two exercises that build and strengthen the biceps, traps, and the middle head of the deltoids. It is usually performed one rep of each movement at a time, although you could perform more reps of each, or increase the reps in successive rounds (e.g., 1 rep in round 1, 2 reps in round 2, etc.). No matter how you structure the sets and reps, it is a time-efficient way to hit multiple upper-body muscles in any workout.",Strength,Biceps,trapezius,Dumbbell,Intermediate,,https://fitnessprogramer.com/wp-content/uploads/2022/12/One-Arm-Dumbbell-Upright-Row.gif,8b5f9e4f-d726-4fab-85e7-31fe922a727c,6ef19bf5-2f1a-4bdb-aad7-6ca1052c37a2
FYR Kneeling Biceps,Cable Kneeling Biceps Curl,0.7633,The kneeling concentration curl allows you to target the biceps without having the ability to use momentum from the rest of your body to move the weight.,Strength,Biceps,biceps,Dumbbell,Intermediate,,https://fitnessprogramer.com/wp-content/uploads/2022/12/Cable-Kneeling-Biceps-Curl.gif,c3e4a6d6-31e4-4cb0-9695-3b24ce9cf393,1212df0b-3b88-4378-bcb6-719b70dd3734
TBS Incline Dumbbell Curl,Seated Incline Dumbbell Curl,0.7269,The incline dumbbell biceps curl is an isolation exercise targeting the biceps. This variation targets the long head of the biceps more than a traditional curl and there is more overall tension to this muscle.,Strength,Biceps,biceps,Dumbbell,Intermediate,,https://fitnessprogramer.com/wp-content/uploads/2021/02/Seated-Incline-Dumbbell-Curl.gif,01111bf2-9406-4269-915e-4edd301ee6f5,439d17f3-c071-450f-86b2-fe2bebd7aa4b
Incline Dumbbell Curl - Gethin Variation,Seated Incline Dumbbell Curl,0.697,The incline dumbbell biceps curl is an isolation exercise targeting the biceps. This variation targets the long head of the biceps more than a traditional curl and there is more overall tension to this muscle.,Strength,Biceps,biceps,Dumbbell,Intermediate,,https://fitnessprogramer.com/wp-content/uploads/2021/02/Seated-Incline-Dumbbell-Curl.gif,e1367608-6d9f-4c5a-803a-d12fb7a88b24,439d17f3-c071-450f-86b2-fe2bebd7aa4b
Dumbbell biceps curl,Dumbbell Curl,0.7483,"The dumbbell biceps curl is a single-joint exercise for building bigger and stronger biceps. Popular among gym goers of all experience levels, this move can be done seated or standing. It is generally performed for moderate to high reps, such as 8-12 reps or higher, as part of the arm-focused portion of a workout.",Strength,Biceps,biceps,Dumbbell,Intermediate,,https://fitnessprogramer.com/wp-content/uploads/2021/02/Dumbbell-Curl.gif,238b0a91-05d8-4f4d-b583-73a701b68c50,6df2d760-52e5-490f-8cc3-4fb87fa1194b
AM Hammer Curls,Hammer Press,0.6978,"This curl is performed simultaneously with dumbbells but without wrist supination. Throughout each rep, the wrists remain neutral, like a carpenter hammering a nail.",Strength,Biceps,chest,Dumbbell,Intermediate,,https://fitnessprogramer.com/wp-content/uploads/2021/02/Hammer-Press.gif,c530a139-0272-4a05-91d6-a718ccbf134d,0e251ec4-4873-44eb-b019-81d1fa0d13e0
Seated alternating biceps curl,Seated Alternating Dumbbell Curl,0.8078,"The seated alternating biceps curl is an exercise that builds bigger and stronger biceps. The alternating technique allows one arm to rest briefly while the other arm lifts. It is usually performed for moderate to high reps, such as 8-12 reps or more, as part of the upper-body or arm-focused portion of a workout.",Strength,Biceps,biceps,Dumbbell,Intermediate,,https://fitnessprogramer.com/wp-content/uploads/2022/06/Seated-dumbbell-alternating-curl.gif,68a5e62e-6145-4a15-86ec-b8814cd6ba12,98334714-b20d-4c97-a9d9-e544e51a0c02
FYR2 Alternating Dumbbell Curl,Seated Alternating Dumbbell Curl,0.796,No description available,Strength,Biceps,biceps,Dumbbell,Intermediate,,https://fitnessprogramer.com/wp-content/uploads/2022/06/Seated-dumbbell-alternating-curl.gif,73577254-f16a-42ff-9c54-c36dfa11033f,98334714-b20d-4c97-a9d9-e544e51a0c02
30 Arms Single-Arm Hammer Preacher Curl,Dumbbell Preacher Hammer (Scott) Curl,0.7305,No description available,Strength,Biceps,forearm,Dumbbell,Intermediate,,https://fitnessprogramer.com/wp-content/uploads/2022/02/Dumbbell-Preacher-Hammer-Curl.gif,f909102e-816c-4159-b776-e26fd1b945c6,765f8b7f-18a4-49cd-9bcd-6fa120ba52f6
30 Arms Seated Dumbbell Concentration Curl,Biceps Leg Concentration Curl,0.7376,No description available,Strength,Biceps,biceps,Dumbbell,Intermediate,,https://fitnessprogramer.com/wp-content/uploads/2021/04/Biceps-Leg-Concentration-Curl.gif,6b940b54-0676-492d-bf4c-96e1b9af41bb,3d8ff785-5b61-4cfb-a63c-c4929a63b2ac
30 Arms Seated Alternating Biceps Curl,Seated Alternating Dumbbell Curl,0.7235,No description available,Strength,Biceps,biceps,Dumbbell,Intermediate,,https://fitnessprogramer.com/wp-content/uploads/2022/06/Seated-dumbbell-alternating-curl.gif,4c9da626-3c8b-4a0f-86cc-5f299be8ab9b,98334714-b20d-4c97-a9d9-e544e51a0c02
30 Arms Incline Dumbbell Triceps Extension,Incline EZ-Bar Triceps Extension,0.7649,No description available,Strength,Biceps,triceps,Dumbbell,Intermediate,,https://fitnessprogramer.com/wp-content/uploads/2021/08/EZ-Barbell-Incline-Triceps-Extension.gif,e0849af0-9f63-4876-9a22-70f1fd9c85b8,78e6f6f0-5c5c-412f-806d-485429343424
Standing Biceps Stretch,Standing Triceps Stretch,0.8177,No description available,Stretching,Biceps,triceps,Other,Beginner,,https://fitnessprogramer.com/wp-content/uploads/2022/02/Triceps-Stretch.gif,7c2664cf-7f86-4e69-9a3d-188c0715935d,c23ba636-b2fa-4bc2-823c-36cb67605aed
Standing One-Arm Cable Curl,One Arm Cable Curl,0.7736,The single-arm cable biceps curl is a single-joint isolation exercise for building the biceps. This move is intended to be strict and deliberate; this is not an exercise for using momentum or otherwise cheating.,Strength,Biceps,biceps,Cable,Beginner,,https://fitnessprogramer.com/wp-content/uploads/2021/02/One-Arm-Cable-Curl.gif,761f0348-f3df-48a1-af9b-cd692d95f99a,d495eb70-5788-4caa-9594-03f14b34d78d
Reverse Cable Curl,Dumbbell Reverse Curl,0.7138,No description available,Strength,Biceps,forearm,Cable,Beginner,,https://fitnessprogramer.com/wp-content/uploads/2021/04/dumbbell-reverse-curl.gif,9667f407-529b-45b0-abf9-3107b756473c,f8299ede-2042-4e69-ae46-2756a4654f38
Lying cable biceps curl,One Arm Cable Bicep Curl,0.707,"The lying cable biceps curl is a cable exercise that targets the biceps. It is performed lying on the back, either on a bench or the ground, with the feet facing toward a cable stack. This movement is usually performed for moderate to high reps for a burn and pump as part of an arm-focused workout.",Strength,Biceps,biceps,Cable,Beginner,,https://fitnessprogramer.com/wp-content/uploads/2022/06/One-Arm-Cable-Bicep-Curl.gif,0bde09b4-3c32-488e-8d48-b9d3713a5e03,0522f3a6-cd17-4c1a-b175-e2266fbdebb0
Cable rope preacher hammer curl,Dumbbell Preacher Hammer (Scott) Curl,0.7906,"The cable rope preacher hammer curl is a single-joint arm exercise that builds strength and size in the biceps using a cable stack, a preacher bench, and a rope grip. The neutral or ""hammer"" grip amplifies activation of both the grip and the brachialis muscles, building arm thickness. The angle of the bench also effectively removes the shoulders from the movement, largely isolating the biceps. It is generally performed for higher reps, at least 8-15 per set.",Strength,Biceps,forearm,Cable,Beginner,,https://fitnessprogramer.com/wp-content/uploads/2022/02/Dumbbell-Preacher-Hammer-Curl.gif,58592d95-4c62-40f4-80ee-3d0016da01ab,765f8b7f-18a4-49cd-9bcd-6fa120ba52f6
High Cable Curls,Cable Curl,0.7658,The lying high-cable biceps curl is a single-joint exercise targeting the biceps in a prone (face-up) position. It is usually performed for moderate to high reps as part of the arm-focused portion of a workout.,Strength,Biceps,biceps,Cable,Intermediate,,https://fitnessprogramer.com/wp-content/uploads/2021/02/cable-curl.gif,ea78140b-3ff5-4695-9735-28c36dd26a87,d791fbfe-5744-460f-815c-0b1a65d6b842
Seated cable biceps curl,One Arm Cable Bicep Curl,0.7027,The seated cable biceps curl is a single-joint arm exercise intended to isolate the biceps. The seated position helps eliminate the use of momentum. This movement is usually performed for moderate to high reps for a burn and pump as part of an arm-focused workout.,Strength,Biceps,biceps,Cable,Intermediate,,https://fitnessprogramer.com/wp-content/uploads/2022/06/One-Arm-Cable-Bicep-Curl.gif,b8ce9c9f-1da3-4385-9443-75b4a284958c,0522f3a6-cd17-4c1a-b175-e2266fbdebb0
Double Arm Cable Biceps Curl,One Arm Cable Bicep Curl,0.719,No description available,Strength,Biceps,biceps,Cable,Intermediate,,https://fitnessprogramer.com/wp-content/uploads/2022/06/One-Arm-Cable-Bicep-Curl.gif,b1cc66bb-7f01-45fc-a8b1-410de9c3f8c3,0522f3a6-cd17-4c1a-b175-e2266fbdebb0
AM Cable Biceps Curl,One Arm Cable Bicep Curl,0.7797,"The cable straight-bar biceps curl takes a classic bodybuilding exercise, the standing barbell curl, and replaces the barbell with a handle attached to a cable. This is a common burnout move performed for moderate to high reps, such as 8-12 reps per set, as part of an upper-body or arm-focused workout.",Strength,Biceps,biceps,Cable,Intermediate,,https://fitnessprogramer.com/wp-content/uploads/2022/06/One-Arm-Cable-Bicep-Curl.gif,722f5abd-c547-4a88-9203-eaea268fd4b9,0522f3a6-cd17-4c1a-b175-e2266fbdebb0
EZ-Bar Curl,Z-Bar Curl,0.731,"The standing EZ-bar curl is an immensely popular exercise targeting the biceps. It is commonly performed for moderate to high reps as part of an upper body or arms-focused workout. Many gyms even have EZ-bars at fixed weights, allowing for easy weight changes.",Strength,Biceps,biceps,E-Z Curl Bar,Intermediate,,https://fitnessprogramer.com/wp-content/uploads/2021/02/Z-Bar-Curl.gif,ed84baf7-773c-47e1-800c-40394ba0b33a,f18058cb-7b49-487d-9fd5-c0ab98784076
Calf Raises - With Bands,Calf Raise,0.7595,No description available,Strength,Calves,calf,Bands,Beginner,,https://fitnessprogramer.com/wp-content/uploads/2021/02/Dumbbell-Calf-Raise.gif,bd0510d2-c29e-46a8-b488-b80fa3019fc5,0866ac29-01d1-43fb-8df1-16fc2b499a60
Smith machine standing calf raise,Bench Press Machine Standing Calf Raise,0.7634,"The Smith machine standing calf raise is a machine-based exercise targeting the muscles of the calves, particularly the gastrocnemius or upper calf muscle. It is usually performed for moderate to high reps, such as 8-12 reps per set or more, as part of the lower-body portion of a workout.",Strength,Calves,calf,Barbell,Intermediate,,https://fitnessprogramer.com/wp-content/uploads/2021/09/Bench-Press-Machine-Standing-Calf-Raise.gif,60b9d043-cf43-46ad-918f-d16c9a727380,77457c0f-436e-4a06-af7d-1128e70fccee
Calf Raise On A Dumbbell,Calf Raise,0.7489,No description available,Strength,Calves,calf,Dumbbell,Beginner,,https://fitnessprogramer.com/wp-content/uploads/2021/02/Dumbbell-Calf-Raise.gif,30ded3e8-54a6-41e0-8885-5983a1f62794,0866ac29-01d1-43fb-8df1-16fc2b499a60
Single-leg standing dumbbell calf raise,Single Leg Calf Raise,0.7618,"The single-leg standing dumbbell calf raise is a popular exercise to target the calf muscles of the lower leg, particularly the gastrocnemius muscle. It can be performed for time or for reps, either with two dumbbells or with one if balance is a problem and you would like to use your free hand to hold a fixed object.",Strength,Calves,calf,Dumbbell,Intermediate,,https://fitnessprogramer.com/wp-content/uploads/2021/06/Single-Leg-Calf-Raises.gif,84f4afa2-2e5f-434d-9e2f-16a4835549b6,12e019f8-4e7f-4480-8e35-fddd3181de06
Smith Machine Standing Calf Raises - Gethin Variation,Bench Press Machine Standing Calf Raise,0.6916,"The Smith machine standing calf raise is a machine-based exercise targeting the muscles of the calves, particularly the gastrocnemius or upper calf muscle. It is usually performed for moderate to high reps, such as 8-12 reps per set or more, as part of the lower-body portion of a workout.",Strength,Calves,calf,Machine,Intermediate,,https://fitnessprogramer.com/wp-content/uploads/2021/09/Bench-Press-Machine-Standing-Calf-Raise.gif,3f35b0c5-427f-44bc-bcce-48d0e821dc03,77457c0f-436e-4a06-af7d-1128e70fccee
Seated Calf Stretch,Seated Straight Leg Calf Stretch,0.7905,No description available,Stretching,Calves,calf,Body Only,Intermediate,,https://fitnessprogramer.com/wp-content/uploads/2022/02/Seated-Straight-Leg-Calf-Stretch.gif,90ebc8ee-bf9e-495a-ac2d-324c5e76e2b6,97242700-33dc-4192-8ee3-cfd1e533fd6a
Standing Calf Raise,Calf Raise,0.7348,"The standing calf raise is a popular movement to target the calf muscles of the lower leg, and in particular the gastrocnemius muscles. When unweighted, it is usually performed for high reps or for time.",Strength,Calves,calf,Body Only,Intermediate,,https://fitnessprogramer.com/wp-content/uploads/2021/02/Dumbbell-Calf-Raise.gif,be44ceb8-0491-45d1-80b0-28d7336edda3,0866ac29-01d1-43fb-8df1-16fc2b499a60
Standing calf raise-,Calf Raise,0.7348,"The standing calf raise is a popular movement to target the calf muscles of the lower leg, particularly the gastrocnemius muscle. When unweighted, it is usually performed for high reps or for time.",Strength,Calves,calf,Body Only,Intermediate,,https://fitnessprogramer.com/wp-content/uploads/2021/02/Dumbbell-Calf-Raise.gif,8858f02c-eb45-47db-9996-f41c8caad5f1,0866ac29-01d1-43fb-8df1-16fc2b499a60
Standing Soleus And Achilles Stretch,Standing Toe Up Achilles Stretch,0.7233,No description available,Stretching,Calves,calf,Bodyweight,Beginner,,https://fitnessprogramer.com/wp-content/uploads/2022/02/Standing-Toe-Up-Achilles-Stretch.gif,cb83f322-5324-4403-aa26-1b9e28e9a682,cf0d2354-0c3c-4807-a2d3-f8b620aa4218
Incline band bench press,Incline Close-Grip Bench Press,0.6865,"The incline band bench press is variation of the incline press, a popular upper-body exercise targeting the upper pectoral muscles. While it can be a strength-focused movement, it is usually performed for moderate to high reps, such as 8-12 reps per set or more, as part of upper-body or chest-focused training.",Strength,Chest,chest,Bands,Intermediate,,https://fitnessprogramer.com/wp-content/uploads/2022/04/Incline-Close-Grip-Bench-Press.gif,6351d201-bd0e-439b-a16d-34c5d5a77c37,8fa2b59f-b296-4302-a934-622cc90c3bd5
Barbell Bench Press-Wide Grip,Wide-Grip Reverse Bench Press,0.7366,"The wide-grip bench pressis a compound exercise targeting the chest, primarily. The main difference between this exercise and the standard bench press is that the hands are placed wider apart on the bar.",Strength,Chest,chest,Barbell,Beginner,,https://fitnessprogramer.com/wp-content/uploads/2022/10/Wide-Grip-Reverse-Bench-Press.gif,3e31d75d-e385-4a7b-b6bf-bf0774bb9cfd,91ab2d2b-47ab-4b71-b875-e710a86a6592
Wide-Grip Decline Barbell Pullover,Barbell Decline Bent Arm Pullover,0.7804,No description available,Strength,Chest,back,Barbell,Beginner,,https://fitnessprogramer.com/wp-content/uploads/2022/01/Barbell-Decline-Bent-Arm-Pullover.gif,698eaa2a-c7b8-428d-8804-2f3844be365a,c1d13561-2072-42a3-a7ce-59e0fbdf952d
Incline bench press,Incline Close-Grip Bench Press,0.7548,"The incline bench press is a popular barbell exercise targeting the chest muscles, particularly the upper pectoral muscles. While it can be a strength-focused movement, it is usually performed for moderate to high reps, such as 8-12 reps per set or more, as part of upper-body or chest-focused training.",Strength,Chest,chest,Barbell,Intermediate,,https://fitnessprogramer.com/wp-content/uploads/2022/04/Incline-Close-Grip-Bench-Press.gif,1a96b1ad-eaac-4cb7-86c0-1a1d8d52b733,8fa2b59f-b296-4302-a934-622cc90c3bd5
TBS Close-Grip Bench Press,Close-Grip Reverse Bench Press,0.7585,The close-grip bench pressis a compound exercise targeting the triceps and chest. The main difference between this exercise and the standard bench press is that the hands and elbows are placed closer together.,Strength,Chest,chest,Barbell,Intermediate,,https://fitnessprogramer.com/wp-content/uploads/2022/02/Barbell-Reverse-Close-grip-Bench-Press.gif,1c35dbb1-0670-4906-ac39-45aea278733c,ee5c4741-a710-40f3-a7d6-64b06ce5f31e
30 Chest 30-Degree Incline Dumbbell Press,Dumbbell Reverse Grip 30 Degrees Incline Bench Press,0.7422,No description available,Strength,Chest,chest,Barbell,Intermediate,,https://fitnessprogramer.com/wp-content/uploads/2022/07/Dumbbell-Reverse-Grip-30-Degrees-Incline-Bench-Press.gif,21c91924-4566-4d88-a240-203b9450086b,77ea5c83-8246-4366-adf8-fdaa099eb4fa
One-Arm Kettlebell Floor Press,Kettlebell Chest Press on the Floor,0.7475,No description available,Strength,Chest,chest,Kettlebells,Beginner,,https://fitnessprogramer.com/wp-content/uploads/2022/10/Kettlebell-Chest-Press-on-the-Floor.gif,3fa62c7c-880b-4867-a456-f43ee271611d,787b8a68-dbc0-4acb-94d6-3e8f22bdec7e
Isometric Wipers,Isometric Pull-Up,0.7585,The typewriter push-up is an advanced push-up variation where the hands are extra wide and you lower toward each hand in alternating reps. It is more challenging to each working arm than traditional push-ups and also stretches and challenges the chest.,Strength,Chest,back,Body Only,Beginner,,https://fitnessprogramer.com/wp-content/uploads/2022/08/Isometric-Pull-Up.gif,49a16fa0-f1b2-4076-ab12-d5df56755d25,a9ad607b-3b57-4be2-a936-8eadcf220576
Sphinx push-up,Sphinx Stretch,0.7851,"The sphinx push-up is a difficult variation of the push-up that ends with the forearms on the ground in front of the body, rather than with the chest on the ground. It puts more stress on the triceps than traditional push-ups. It can be performed for time or reps in any bodyweight workout or during any arms-focused portion of a workout.",Strength,Chest,neck,Body Only,Intermediate,,https://fitnessprogramer.com/wp-content/uploads/2021/05/Sphinx-Stretch.gif,57fb5ca7-ce4a-4736-98b6-fe85620156de,999c0d27-3206-4266-9415-5a6a509368e7
Plyo push-up,Plyo Jacks,0.684,"The plyo push-up is a bodyweight exercise aimed at increasing upper-body power and strength. It targets the muscles of the chest, triceps, and shoulders, and can be trained in low reps for power and strength, or higher reps for conditioning.",Plyometrics,Chest,cardio,Body Only,Beginner,,https://fitnessprogramer.com/wp-content/uploads/2021/09/Plyo-Jacks.gif,d86272f1-8188-4075-abf1-810316ee8647,35889ad6-3817-4d86-ab38-dea2dbfd2896
One-Arm Push-Up,One Leg Push-Up,0.7681,No description available,Strength,Chest,chest,Body Only,Beginner,,https://fitnessprogramer.com/wp-content/uploads/2022/07/One-Leg-Push-Up.gif,eda577df-8691-45c5-9465-5f17661f702d,2226003c-afdc-4e94-8de8-44a0833cf69a
Close push-up,Close Grip Knee Push-up,0.7514,"The close push-up is an upper-body exercise that targets the chest, triceps, and shoulders. The close hand position places more emphasis on the triceps.",Strength,Chest,chest,Body Only,Intermediate,,https://fitnessprogramer.com/wp-content/uploads/2022/07/Close-Grip-Knee-Push-up.gif,1e099985-1977-4e8b-bea5-0eb3175e9341,a694cce5-f679-4977-8533-787fda435656
UP Push-up,Push-up With Push-up Bars,0.6956,"The push-up is a popular bodyweight exercise that is commonly used in military and tactical physical fitness tests. It’s a classic movement to build upper-body muscle and strength, emphasizing the chest, triceps, and shoulders, but also working the upper back and core.",Strength,Chest,chest,Body Only,Intermediate,,https://fitnessprogramer.com/wp-content/uploads/2021/10/Push-up-With-Push-up-Bars.gif,65b68615-ed42-4c96-bf83-64cbe997957e,345a1ef0-7af8-4774-b19e-5ef064cf3138
Holman Narrow Push-Up,Narrow Grip Wall Push-Up,0.7256,No description available,Strength,Chest,chest,Body Only,Intermediate,,https://fitnessprogramer.com/wp-content/uploads/2021/06/Narrow-Grip-Wall-Push-Up.gif,a3216830-f7d1-4ffd-834a-08acc8549536,15862f22-744b-47da-bbcf-a9c65e484790
30 Chest Push-Up To Isometric Hold,Isometric Pull-Up,0.7371,No description available,Strength,Chest,back,Body Only,Intermediate,,https://fitnessprogramer.com/wp-content/uploads/2022/08/Isometric-Pull-Up.gif,bc715b8a-d3ec-4898-92a9-e0225d31fbbd,a9ad607b-3b57-4be2-a936-8eadcf220576
30 Chest Push-Up,Chest Tap Push-up,0.7602,No description available,Strength,Chest,chest,Body Only,Intermediate,,https://fitnessprogramer.com/wp-content/uploads/2022/07/Chest-Tap-Push-up.gif,df770873-8d6c-4687-9409-32846dbda00a,217692d0-56db-4183-a34b-75f42205c28d
MetaBurn Push-Up With Hand-Up Rotation,Push-up With Rotation,0.7288,No description available,Strength,Chest,chest,Body Only,Intermediate,,https://fitnessprogramer.com/wp-content/uploads/2023/01/push-up-with-rotation.gif,24a4c211-15e2-4477-a6dc-882db4328364,84dfdcf9-d3c2-41cf-8573-f963edda6896
Cross-over push-up,Cross Arm Push-up,0.805,The cross-over push-up is a variation of the push-up that adds a degree of difficulty by stepping over a small box or step between repetitions. It can be performed for time or for reps and creates a greater core stabilization challenge by forcing the core muscles to maintain the a neutral spine throughout the movement.,Strength,Chest,triceps,Body Only,Intermediate,,https://fitnessprogramer.com/wp-content/uploads/2021/09/Cross-Arm-Push-up.gif,55620087-2715-474b-bfd3-4374bdb94522,c5bd1470-b2a8-4587-bd23-61162d7f9cc6
Leverage Incline Chest Press,Lever Incline Chest Press,0.7512,No description available,Strength,Chest,chest,Machine,Beginner,,https://fitnessprogramer.com/wp-content/uploads/2021/06/Lever-Incline-Chest-Press.gif,78411f40-89a7-4a2d-8239-4378b3008447,b7318a77-24c7-4e1f-99e9-628dc15af0fa
Leverage Decline Chest Press,Lever Decline Chest Press,0.7636,No description available,Strength,Chest,chest,Machine,Beginner,,https://fitnessprogramer.com/wp-content/uploads/2022/01/Lever-Decline-Chest-Press.gif,9ccf227f-6bb6-4509-964a-6680a9caeccb,8852feef-a9bd-4d6b-a212-2648d4e64b20
Smith Machine Decline Press,Decline Chest Press Machine,0.7716,"The Smith machine decline bench press is a machine-based exercise targeting the chest muscles, particularly the lower pectoral muscles. The Smith machine mimics a barbell but provides more stability. This movement is often performed for moderate to high reps, such as 8-12 reps per set or more, as part of a chest or upper-body workout.",Strength,Chest,chest,Machine,Beginner,,https://fitnessprogramer.com/wp-content/uploads/2021/08/Decline-Chest-Press-Machine.gif,0dd7a636-9d64-4c93-a744-a6da4e752b74,5177e87e-493d-4e0e-ab22-e13650fb6fa1
Machine bench press,Bench Press Machine Standing Calf Raise,0.6928,"The machine bench press is a machine-based exercise targeting the chest and upper body. It approximates the motion of a bench press, but uses a selectorized weight-stack or plate-loaded machine. Many such machines also allow you to choose between different grips and grip widths. Machine-based presses are often done for moderate to high reps, such as 8-12 reps per set or more, as part of the upper-body or chest-focused portion of a workout.",Strength,Chest,calf,Machine,Intermediate,,https://fitnessprogramer.com/wp-content/uploads/2021/09/Bench-Press-Machine-Standing-Calf-Raise.gif,786c47d7-a26b-4a0f-9636-ef4c1a4103a6,77457c0f-436e-4a06-af7d-1128e70fccee
Smith machine decline bench press,Smith Machine Leg Press,0.7181,"The Smith machine decline bench press is a machine-based exercise targeting the chest muscles, particularly the lower pectoral muscles. The Smith machine mimics a barbell but provides more stability. This movement is often performed for moderate to high reps, such as 8-12 reps per set or more, as part of a chest or upper-body workout.",Strength,Chest,leg,Machine,Intermediate,,https://fitnessprogramer.com/wp-content/uploads/2022/07/Smith-Machine-Leg-Press.gif,ecded7a7-1099-4c29-9fc9-63c8a379d5e2,d947db92-4e0c-46f8-90b6-dc15a432ae79
30 Chest Machine Flat Chest Press,Lying Chest Press Machine,0.7213,No description available,Strength,Chest,chest,Machine,Intermediate,,https://fitnessprogramer.com/wp-content/uploads/2021/08/Lying-Chest-Press-Machine.gif,3cfffcd9-7878-4364-a8d6-c76de8b88504,dc8ba17c-4e69-4601-b2c5-b6f00200a0c4
30 Chest Smith Machine Incline Chest Press,Incline Chest Fly Machine,0.7766,No description available,Strength,Chest,chest,Machine,Intermediate,,https://fitnessprogramer.com/wp-content/uploads/2023/06/Incline-Chest-Fly-Machine.gif,dd6cba92-1af1-4a3b-85e4-253e9552b8af,bdc512c5-722c-4b8a-8721-35b0591b7f9b
30 Chest Smith Machine Chest Press,Lying Chest Press Machine,0.7274,No description available,Strength,Chest,chest,Machine,Intermediate,,https://fitnessprogramer.com/wp-content/uploads/2021/08/Lying-Chest-Press-Machine.gif,0b76af00-1cfe-4ade-b63a-b1d7eb56a9fe,dc8ba17c-4e69-4601-b2c5-b6f00200a0c4
30 Chest Machine Fly,Machine Fly,0.7807,No description available,Strength,Chest,chest,Machine,Intermediate,,https://fitnessprogramer.com/wp-content/uploads/2021/05/10301301-Lever-Pec-Deck-Fly_Chest_720.gif,3dd66b61-d331-4f05-bbba-53b7b390163e,99cc8f1a-ea7d-40d4-bb8a-13ab1ad2439d
Low-cable cross-over,Low Cable Crossover,0.7134,"The low-cable cross-over is an isolation movement that uses a cable stack to target the upper portion of the pectoral muscles. It is common in upper-body and chest-focused muscle-building workouts, often in combination with presses or flyes from other angles to target all portions of the chest.",Strength,Chest,chest,Cable,Intermediate,,https://fitnessprogramer.com/wp-content/uploads/2021/02/Low-Cable-Crossover.gif,15942857-d1bd-442c-a60c-8c075efe6324,b1c7030b-66ca-4e24-93d7-c1cae6398dfb
Incline cable chest fly,Incline Cable Row,0.6921,"The incline cable chest fly is an isolation movement that uses a cable stack and an incline bench to target the upper portion of the pectoral muscles. It is common in upper-body and chest-focused muscle-building workouts, often after pressing movements like the barbell or dumbbell bench press or as a finishing movement at the end of the workout. It is often used in combination with other flyes to target the chest from different angles.",Strength,Chest,back,Cable,Intermediate,,https://fitnessprogramer.com/wp-content/uploads/2021/09/Incline-Cable-Row.gif,662e982b-7f75-4502-a84c-3f3367733b66,280b220d-cffb-4e3d-bfc8-7c45f70a8643
Incline cable chest press,Lever Incline Chest Press,0.764,"The incline cable chest press is a pressing movement that uses a cable stack and an incline bench to target the upper portion of the pectoral muscles, similar to an incline dumbbell press. It is common in upper-body and chest-focused muscle-building workouts, where it can be effective as a primary movement in classic hypertrophy rep ranges, as a pre-exhaust, or as a high-rep finisher. It is often used in combination with other presses or flyes to target the chest from different angles.",Strength,Chest,chest,Cable,Beginner,,https://fitnessprogramer.com/wp-content/uploads/2021/06/Lever-Incline-Chest-Press.gif,0d075ede-2f48-41a5-ae53-8574b2606346,b7318a77-24c7-4e1f-99e9-628dc15af0fa
Single-arm cable cross-over,Single-Arm Cable Crossover,0.7565,"The single-arm cable cross-over is an isolation movement that uses a cable stack to build bigger and stronger pectoral muscles. Working the chest one side at a time allows you to focus on the balance between the sides of your chest and really feel the chest muscles contracting. It is common in upper-body and chest-focused muscle-building workouts, often in combination with other presses or flyes to target the chest from different angles.",Strength,Chest,chest,Cable,Intermediate,,https://fitnessprogramer.com/wp-content/uploads/2021/10/Single-Arm-Cable-Crossover.gif,8b993de9-056b-438f-9537-b889debdd2bb,2de19d29-1bb7-458d-8017-3fa0433b84d9
One-Arm Cable Crossover - Gethin Variation,Single-Arm Cable Crossover,0.7517,"The single-arm cable cross-over is an isolation movement that uses a cable stack to build bigger and stronger pectoral muscles. Working the chest one side at a time allows you to focus on balance between sides of your chest, and really feel the chest muscles contracting. It is common in upper body and chest-focused muscle-building workouts, often in combination with other presses or flyes to target the chest from different angles.",Strength,Chest,chest,Cable,Intermediate,,https://fitnessprogramer.com/wp-content/uploads/2021/10/Single-Arm-Cable-Crossover.gif,f1a7c651-c0a6-4b8c-b94f-8d48dc1875c3,2de19d29-1bb7-458d-8017-3fa0433b84d9
30 Chest Incline Cable Chest Press,Lever Incline Chest Press,0.7452,No description available,Strength,Chest,chest,Cable,Intermediate,,https://fitnessprogramer.com/wp-content/uploads/2021/06/Lever-Incline-Chest-Press.gif,19c3590e-361c-45ec-9eee-85de7a67971a,b7318a77-24c7-4e1f-99e9-628dc15af0fa
Chest Push (multiple response),Chest Tap Push-up,0.777,No description available,Plyometrics,Chest,chest,Medicine Ball,Beginner,,https://fitnessprogramer.com/wp-content/uploads/2022/07/Chest-Tap-Push-up.gif,02003f09-b60e-4462-a10d-46ecd136341d,217692d0-56db-4183-a34b-75f42205c28d
Chest Push (single response),Chest Tap Push-up,0.777,No description available,Plyometrics,Chest,chest,Medicine Ball,Beginner,,https://fitnessprogramer.com/wp-content/uploads/2022/07/Chest-Tap-Push-up.gif,7089343a-d929-41ed-82ee-420b919dd6cf,217692d0-56db-4183-a34b-75f42205c28d
Dumbbell Bench Press,Dumbbell Bench Squat,0.7393,"The dumbbell bench press is a mainstay of workout enthusiasts worldwide. It’s a classic move for building a bigger, stronger chest. As such, it’s often placed first in mass-building chest workouts.",Strength,Chest,leg,Dumbbell,Intermediate,,https://fitnessprogramer.com/wp-content/uploads/2022/10/dumbbell-bench-squat.gif,07bd94c0-e5da-4b5e-8b80-3f963adcdba1,2d9a1e35-1970-481d-91f9-bc01d9834ce2
Hammer Grip Incline DB Bench Press,Incline Dumbbell Hammer Press,0.6851,No description available,Strength,Chest,chest,Dumbbell,Beginner,,https://fitnessprogramer.com/wp-content/uploads/2021/06/Incline-Dumbbel-Hammer-Press.gif,d4d1b56f-2398-4513-a3ce-48ce13e9c85c,ab30e968-8688-40f8-8344-a3eeffda7fa1
Straight-arm dumbbell pull-over,Dumbbell Straight Arm Pullover (knees at 90 degrees),0.7833,"The straight-arm dumbbell pull-over is an exercise that targets the muscles of the pecs, lats, and serratus anterior muscles. Performing this movement with straight arms makes it more difficult, increases the stretch on the serratus muscles and lats, and forces the core to work harder. Old-school bodybuilders would perform pull-overs with light weights for sets of 20 between sets of heavy 20-rep squats, but they are more popular today in moderate rep ranges, such as 8-12 reps per set, as part of an upper-body workout.",Strength,Chest,chest,Dumbbell,Intermediate,,https://fitnessprogramer.com/wp-content/uploads/2022/11/Dumbbell-Straight-Arm-Pullover-knees-at-90-degrees.gif,c6084116-dd56-4016-9765-8d4bdd489e05,27933784-2e52-4a0a-b8cf-dd2c98eea358
Single-dumbbell push-up,Single Arm Push-up,0.7436,"The single-dumbbell push-up is a more difficult push-up variation where you balance your hands on the ends of a dumbbell. This simple change makes many muscle groups work harder, helping encourage muscle and strength gains across the upper body.",Strength,Chest,triceps,Dumbbell,Intermediate,,https://fitnessprogramer.com/wp-content/uploads/2021/09/Single-Arm-Push-up.gif,98db34eb-566b-4e6d-bc1a-e389947cf04e,f38f07ce-2322-41ca-b7f6-c9b26c639508
Dumbbell Fix Dumbbell Floor Chest Fly,Dumbbell Fly,0.7008,No description available,Strength,Chest,chest,Dumbbell,Intermediate,,https://fitnessprogramer.com/wp-content/uploads/2021/02/Dumbbell-Fly.gif,e513eae2-7b38-4719-b5df-fc5ad046c220,6e506357-89a7-4ab8-9080-839eab5cbc9b
Incline dumbbell chest fly,Incline Chest Fly Machine,0.7443,"The incline dumbbell chest fly is an upper-body exercise targeting the chest. Performing it at an incline helps to target the upper chest in particular, while limiting involvement of the shoulders. Fly variations are usually performed for moderate to high reps, such as 8-12 reps per set or more.",Strength,Chest,chest,Dumbbell,Intermediate,,https://fitnessprogramer.com/wp-content/uploads/2023/06/Incline-Chest-Fly-Machine.gif,2d5f96c7-3825-4943-9d77-2ba8319fe1fc,bdc512c5-722c-4b8a-8721-35b0591b7f9b
Dumbbell push-up row,Dumbbell Row,0.7982,"The dumbbell push-up row combines pressing, rowing, and core stabilization into a single sequence. It's popular in time-efficient strength and muscle-building workouts.",Strength,Chest,back,Dumbbell,Intermediate,,https://fitnessprogramer.com/wp-content/uploads/2021/02/Dumbbell-Row.gif,5c596496-62d8-4b57-bc97-15726261bc1a,1f92fb46-9209-4e46-ae09-323a5b0fc443
Incline dumbbell fly and press,Incline Dumbbell Reverse Fly,0.6958,"The incline dumbbell fly and press is a dumbbell complex that targets the chest muscles, particularly the upper pecs. By alternating the single-joint fly with the multijoint press, you get the benefits of both and put serious stress on the chest muscles even with relatively light weight. Because the fly will be the limiting factor in weight selection, this pairing is usually performed for moderate to high reps, such as 8-12 reps per set or more, as part of upper-body or chest-focused training.",Strength,Chest,shoulders,Dumbbell,Intermediate,,https://fitnessprogramer.com/wp-content/uploads/2021/02/Dumbbell-Reverse-Fly.gif,73fce457-bcd0-4bfd-a5a1-d90a6ea51698,2f69b70f-debb-4519-b1d5-281d89196caa
Single-arm decline dumbbell bench press,Decline Bench Dumbbell Lunge,0.7072,"The single-arm decline dumbbell bench press is an upper-body exercise targeting the pectoral muscles, particularly the lower pecs. Because balance can be an issue, this press variation is usually performed with lighter weight for moderate to high reps, such as 8-12 reps per set or more, as part of upper-body or chest-focused training.",Strength,Chest,leg,Dumbbell,Intermediate,,https://fitnessprogramer.com/wp-content/uploads/2022/02/Decline-Bench-Dumbbell-Lunge.gif,b913d2bb-2972-4afb-8fe1-0f975d1d8899,28291cc1-cfdb-4273-92dd-ba7cc770c959
Dumbbell chest fly,Dumbbell Fly,0.7611,"The dumbbell chest fly is a popular exercise that targets the pectoral or chest muscles. It attempts to isolate the chest muscles, stretching and contracting them while limiting involvement of the shoulders. Unlike a press, where the elbows bend and flex, flyes should keep a relatively consistent elbow angle. The motion is sometimes compared to ""hugging a tree."" Dumbbell flyes are usually performed for moderate to high reps, such as 8-12 reps per set or more, as part of a chest or upper-body focused workout.",Strength,Chest,chest,Dumbbell,Intermediate,,https://fitnessprogramer.com/wp-content/uploads/2021/02/Dumbbell-Fly.gif,ed251cdc-fcef-4f6b-bc89-9bc213d29ee9,6e506357-89a7-4ab8-9080-839eab5cbc9b
30 Chest Dumbbell Fly,Dumbbell Fly,0.7267,No description available,Strength,Chest,chest,Dumbbell,Intermediate,,https://fitnessprogramer.com/wp-content/uploads/2021/02/Dumbbell-Fly.gif,517d07a7-01d2-4f4c-a6c9-17002a0a4c1e,6e506357-89a7-4ab8-9080-839eab5cbc9b
Close-grip EZ-bar bench press,Close-Grip Reverse Bench Press,0.7721,"The close-grip EZ-bar bench press is an exercise targeting the chest, shoulders, and triceps. This move is more commonly done with a straight bar and is often only performed with an EZ-bar as part of a complex of movements such as pull-overs or skullcrushers.",Strength,Chest,chest,E-Z Curl Bar,Intermediate,,https://fitnessprogramer.com/wp-content/uploads/2022/02/Barbell-Reverse-Close-grip-Bench-Press.gif,a5946fc7-2c84-41c3-b88a-6907166a7d45,ee5c4741-a710-40f3-a7d6-64b06ce5f31e
Exercise ball chest stretch,Seated Chest Stretch,0.7231,"The exercise ball chest stretch is a simple stretch for the pectoral muscles that can be made more dynamic with help from a medicine ball. It can work in a dynamic warm-up, paired with movements in a workout, or as part of a cool-down or recovery strategy. If the stretch causes pain in the front of your shoulder, dial back the intensity or choose another chest stretch.",Stretching,Chest,chest,Exercise Ball,Beginner,,https://fitnessprogramer.com/wp-content/uploads/2022/02/Seated-Chest-Stretch.gif,011e459c-4fe9-4b81-bc14-232b4e61802c,e8771692-b60b-4438-95a3-4e1c3b35b7c9
Seated finger curl,Dumbbell Finger Curl,0.7956,"The seated finger curl is an exercise targeting the muscles of the hands and forearms. It is popular with rock climbers and other athletes looking to build forearm size and strength. The range of motion is tiny, but done for moderate to high reps, these will definitely make the forearms burn.",Strength,Forearms,forearm,Barbell,Beginner,,https://fitnessprogramer.com/wp-content/uploads/2022/09/Dumbbell-Finger-Curl.gif,b383d9c1-60fd-44e0-b144-f8442c22b778,195bee04-aeb3-443d-8930-e818a08fb0de
Palms-Up Dumbbell Wrist Curl Over A Bench,Dumbbell Wrist Curl,0.6843,No description available,Strength,Forearms,forearm,Dumbbell,Beginner,,https://fitnessprogramer.com/wp-content/uploads/2021/06/Dumbbell-Wrist-Curl.gif,3f8bf07d-4a1b-42e5-bc3b-3a749d32cc49,6fa9027f-768c-455b-bc1b-980aee6c56e3
Seated Dumbbell Palms-Up Wrist Curl,Dumbbell Wrist Curl,0.7233,No description available,Strength,Forearms,forearm,Dumbbell,Beginner,,https://fitnessprogramer.com/wp-content/uploads/2021/06/Dumbbell-Wrist-Curl.gif,6c36e7ca-dcd1-450c-9000-dc72f6a36059,6fa9027f-768c-455b-bc1b-980aee6c56e3
Side plank with dumbbell external rotation,Side Plank Rotation,0.7039,"The side plank with dumbbell external rotation is a movement that combines an isometric side plank hold with a dumbbell rotation to target both the core and the rotator cuff muscles. You probably won't be able to use much weight without disrupting your balance, but even at light weight, this is a movement that can help address multiple muscle groups in a dynamic warm-up or as accessory work at the end of a workout.",Strength,Forearms,abs,Dumbbell,Intermediate,,https://fitnessprogramer.com/wp-content/uploads/2023/01/Side-Plank-Rotation.gif,da2aff68-af3d-4e14-a5c3-83ac8d8bedae,34876b31-d06c-4a5d-b4fc-2f079dc0aea7
Single-arm cable push-down,Single Arm Push-up,0.7216,"The single-arm cable push-down is a single-joint isolation movement that develops the triceps muscle one arm at a time. Because the action is purely at the elbow joint, it is difficult to use any substantial weight. Reps are usually high, such as 8-12 reps per set or more, with a focus on strict form and feeling the mind-muscle connection.",Strength,Forearms,triceps,Cable,Intermediate,,https://fitnessprogramer.com/wp-content/uploads/2021/09/Single-Arm-Push-up.gif,cbe4886f-49e1-40d2-a9af-110a7d520405,f38f07ce-2322-41ca-b7f6-c9b26c639508
Barbell Hip Thrust,Barbell Thruster,0.6825,"The barbell hip thrust is an exercise that engages the posterior chain, particular the glutes. It involves fully extending your hips while holding a weighted barbell across the midsection.",Powerlifting,Glutes,shoulders,Barbell,Intermediate,,https://fitnessprogramer.com/wp-content/uploads/2022/10/thruster.gif,183f5560-aa03-494d-b527-f1559135a29d,b70eac51-1723-41ea-a555-a09190ed7c0d
Kneeling Squat,Kneeling Push-up,0.7451,No description available,Powerlifting,Glutes,chest,Barbell,Beginner,,https://fitnessprogramer.com/wp-content/uploads/2022/01/Kneeling-Push-up.gif,ace0eb51-2c7a-42e3-b207-c1df94e6194d,24f0d65d-5027-4c71-b95d-ff6221deb64b
UNS Cable Pull-Through,Dumbbell Pull Through,0.7262,No description available,Strength,Glutes,leg,Cable,Intermediate,,https://fitnessprogramer.com/wp-content/uploads/2022/10/Dumbbell-Pull-Through.gif,f3129914-be3c-4b34-8285-d4f8cc48395b,6f11ebfc-6925-40ba-9a49-9018351b7d48
One Knee To Chest,Single Knee To Chest,0.7235,No description available,Stretching,Glutes,leg,Body Only,Intermediate,,https://fitnessprogramer.com/wp-content/uploads/2022/10/Single-Knee-To-Chest-Stretch.gif,a08a963a-0ff7-44a9-98df-ff745e4b1be5,6d4de4e5-35f1-46ec-94a3-07ffce1825b6
Walking High Knee,Walking,0.7594,No description available,Strength,Glutes,cardio,Body Only,Intermediate,,https://fitnessprogramer.com/wp-content/uploads/2021/09/Walking.gif,51f8395d-15d7-44dc-a964-efe66ab0c82d,a26f4c1a-9672-47a7-b14b-ba627c32825c
Walking Butt Kicks,Butt Kicks,0.7386,No description available,Strength,Glutes,cardio,Body Only,Intermediate,,https://fitnessprogramer.com/wp-content/uploads/2021/10/Butt-Kicks.gif,dac7d1dd-253f-4326-828d-23eb03b21c0f,092ae57a-9e86-4cf6-877e-6f55b0a9fc46
HM Right Side Iron Cross,Dumbbell Iron Cross,0.6883,No description available,Strength,Glutes,full-body,Body Only,Intermediate,,https://fitnessprogramer.com/wp-content/uploads/2022/07/Dumbbell-Iron-Cross.gif,1e5febc8-7a65-423c-9d85-04af9af884ee,8a8886b1-ee84-4eb9-a6fe-d860e5c0095e
HM Left Side Iron Cross,Dumbbell Iron Cross,0.6908,No description available,Strength,Glutes,full-body,Body Only,Intermediate,,https://fitnessprogramer.com/wp-content/uploads/2022/07/Dumbbell-Iron-Cross.gif,b5bbc14d-b79c-433b-b30f-7c43aefc656a,8a8886b1-ee84-4eb9-a6fe-d860e5c0095e
HM Leg Lifts,Plank Leg Lift,0.7123,No description available,Strength,Glutes,abs,Body Only,Intermediate,,https://fitnessprogramer.com/wp-content/uploads/2021/02/Plank-Leg-Lift.gif,3c52bc3d-2229-4b8d-b438-f984188bff64,15199dde-d1fe-43d4-8f35-fb1cde80c774
Barbell hip thrust-,Barbell Thruster,0.6825,"The barbell hip thrust is a popular exercise that targets the posterior chain, particularly the glutes and hamstrings. It involves fully extending your hips while holding a weighted barbell across the front of the hips. It is a great movement to activate the glutes prior to other lower-body training, but can also be performed in the main part of a workout, or for high reps as a glute burnout.",Strength,Glutes,shoulders,Body Only,Intermediate,,https://fitnessprogramer.com/wp-content/uploads/2022/10/thruster.gif,ee885f2d-d5e0-495f-a8c6-29f3cd014c7c,b70eac51-1723-41ea-a555-a09190ed7c0d
Barbell stiff-legged deadlift,Stiff Leg Deadlift,0.742,"The barbell stiff-legged deadlift targets the hamstrings, glutes, lower and upper back, as well as the core. It is a popular accessory movement for the deadlift, but also a muscle-building hamstring movement.",Strength,Hamstrings,erector-spinae,Barbell,Intermediate,,https://fitnessprogramer.com/wp-content/uploads/2022/01/Stiff-Leg-Deadlift.gif,9f3cedea-13f5-459d-a113-a6ef819f995d,867afdb7-775b-4d46-a38d-692629eabd3b
Stiff-Legged Deadlift,Stiff Leg Deadlift,0.8,"The barbell stiff-legged deadlift targets the hamstrings, glutes, lower and upper back, as well as the core. It is a popular accessory movement for the deadlift, but also a muscle-building hamstring movement.",Strength,Hamstrings,erector-spinae,Barbell,Beginner,,https://fitnessprogramer.com/wp-content/uploads/2022/01/Stiff-Leg-Deadlift.gif,f67a764d-a12d-43c1-9a42-84bf1dae2f73,867afdb7-775b-4d46-a38d-692629eabd3b
Snatch Pull,Barbell Snatch,0.7152,No description available,Strength,Hamstrings,full-body,Barbell,Beginner,,https://fitnessprogramer.com/wp-content/uploads/2022/02/Barbell-Snatch.gif,f912da4a-4493-4cf2-b5fb-dfcc7e7d3daf,c91121e8-cfce-4647-9e7a-080b4406f124
Reverse Band Sumo Deadlift,Dumbbell Sumo Deadlift,0.7077,No description available,Powerlifting,Hamstrings,full-body,Barbell,Beginner,,https://fitnessprogramer.com/wp-content/uploads/2023/09/dumbbell-sumo-deadlift.gif,74b81ad1-5dfe-4811-a3f7-32f86751c5f1,be02a9bc-b79e-45d9-9255-95f277d64b14
Split Snatch,Kettlebell Split Snatch,0.8048,No description available,Olympic Weightlifting,Hamstrings,leg,Barbell,Beginner,,https://fitnessprogramer.com/wp-content/uploads/2021/09/Kettlebell-Split-Snatch.gif,34bbe87f-b843-4806-bc4e-14df3b734d84,89831483-91ba-43d3-9a74-a6eac3478cfe
Kettlebell One-Legged Deadlift,Kettlebell Deadlift,0.7578,"The kettlebell single-leg deadlift is a variation on the kettlebell deadlift where one foot stays planted on the ground while the other raises into the air at the bottom of the movement. It's popular in lower-body training for strength and muscle building, but also trains balance, grip, and the core muscles.",Strength,Hamstrings,leg,Kettlebells,Intermediate,,https://fitnessprogramer.com/wp-content/uploads/2021/06/kettlebell-deadlift.gif,0a271c1c-8aee-48a6-ac67-596bcaf3cba2,8e29e022-7883-4513-bc53-36f27d0c4836
Single-arm kettlebell clean,Kettlebell Clean and Press,0.7209,"The single-arm kettlebell clean is an explosive kettlebell exercise where the lifter pulls the weight to shoulder level in a single movement. While the kettlebell clean is often used as a transitional movement into the press or front squat, it is also a valuable strength and power exercise in its own right. It can be performed in low rep ranges for strength or higher rep ranges for technique practice or muscle growth.",Strength,Hamstrings,shoulders,Kettlebells,Beginner,,https://fitnessprogramer.com/wp-content/uploads/2023/06/Kettlebell-Clean-and-Press.gif,ad3f3683-59fa-4850-986b-95b86efd1995,81b02317-719c-41cc-8325-1fd9fa2fd9a5
Romanian Deadlift with Kettlebell,Kettlebell Deadlift,0.6937,No description available,Strength,Hamstrings,leg,Kettlebells,Beginner,,https://fitnessprogramer.com/wp-content/uploads/2021/06/kettlebell-deadlift.gif,79d9839f-1bee-489d-8612-58c1708e84e9,8e29e022-7883-4513-bc53-36f27d0c4836
Kettlebell Dead Clean,Kettlebell Clean and Press,0.7576,No description available,Strength,Hamstrings,shoulders,Kettlebells,Beginner,,https://fitnessprogramer.com/wp-content/uploads/2023/06/Kettlebell-Clean-and-Press.gif,82d54308-ffa0-4465-aefd-8f4ec55457dd,81b02317-719c-41cc-8325-1fd9fa2fd9a5
Stiff-Legged Dumbbell Deadlift,Stiff Leg Deadlift,0.7508,"The dumbbell stiff-legged deadlift targets the hamstrings, glutes, low and upper back, as well as the core. The purpose of the stiff-legged, as opposed to Romanian deadlift with slightly bent knees, is to engage the hamstrings and low back to an even greater degree.",Strength,Hamstrings,erector-spinae,Dumbbell,Intermediate,,https://fitnessprogramer.com/wp-content/uploads/2022/01/Stiff-Leg-Deadlift.gif,20afb4ab-7f6d-4802-9559-471f7c03d0e2,867afdb7-775b-4d46-a38d-692629eabd3b
30 Legs Dumbbell Stiff-Legged Deadlift,Stiff Leg Deadlift,0.6989,No description available,Strength,Hamstrings,erector-spinae,Dumbbell,Intermediate,,https://fitnessprogramer.com/wp-content/uploads/2022/01/Stiff-Leg-Deadlift.gif,d00ccac0-04be-44f7-a535-1f99f3e00236,867afdb7-775b-4d46-a38d-692629eabd3b
Standing Leg Curl,Standing Single Leg Curl Machine,0.71,No description available,Strength,Hamstrings,leg,Machine,Beginner,,https://fitnessprogramer.com/wp-content/uploads/2022/10/Standing-Single-Leg-Curl-Machine.gif,d897997c-fc0d-4cae-8c63-18352d6fc8a7,d1ea5471-4f74-431a-ac52-96acbefe5ace
Lying leg curl,Banded Lying Leg Curl,0.7576,"The lying leg curl is a popular machine-based exercise for the legs, particularly the hamstrings. It is similar to the seated leg curl, but the open hip angle in the lying leg curl may incorporate more glute and calf activation. It is usually performed for moderate to high reps, such as 8-12 reps per set or more, as part of a leg pre-exhaust or as a muscle-building movement for lower-body training.",Strength,Hamstrings,leg,Machine,Intermediate,,https://fitnessprogramer.com/wp-content/uploads/2022/05/Lying-leg-curl.gif,c2fc9ccc-cc86-4efd-8572-5fb65c1d5b2e,4a195fcc-19cc-455a-880f-2ed3e4a8bf73
Knee Tuck Jump,Squat Tuck Jump,0.7442,"The tuck jump is a vertical jump, an explosive lower-body exercise that is a common way to measure explosive hip and lower-body strength in athletes. The more explosive you are, the higher you'll be able to jump.",Plyometrics,Hamstrings,cardio,Body Only,Intermediate,,https://fitnessprogramer.com/wp-content/uploads/2022/02/Squat-Tuck-Jump.gif,96d7822d-9443-4f15-bfe0-73d8d5bb0d27,1c327339-b798-4511-81c0-9b1d21ac998e
Leg-Up Hamstring Stretch,Standing Cross Leg Hamstring Stretch,0.7964,No description available,Stretching,Hamstrings,calf,Body Only,Intermediate,,https://fitnessprogramer.com/wp-content/uploads/2021/05/Standing-Cross-Leg-Hamstring-Stretch.gif,e18dad5b-0ef8-41b9-8c81-58b82196d6c0,76dd9515-d9c1-4323-8844-283d9c014257
The Straddle,Straddle Planche,0.7229,No description available,Stretching,Hamstrings,full-body,Body Only,Intermediate,,https://fitnessprogramer.com/wp-content/uploads/2022/08/Straddle-planche.gif,d0973bfd-25ae-445c-bc4d-0f57682aba01,93aa6c4d-1ea2-47ee-bbd6-e02234c4b13c
Knee To Chest,Single Knee To Chest,0.8165,No description available,Stretching,Hamstrings,leg,Body Only,Beginner,,https://fitnessprogramer.com/wp-content/uploads/2022/10/Single-Knee-To-Chest-Stretch.gif,04b0f26d-9f1a-4329-9e1a-702e0760a8c9,6d4de4e5-35f1-46ec-94a3-07ffce1825b6
Single-Leg Deadlift Walk,Dumbbell Single Leg Deadlift,0.7634,No description available,Strength,Hamstrings,erector-spinae,Body Only,Intermediate,,https://fitnessprogramer.com/wp-content/uploads/2022/09/Dumbbell-Single-Leg-Deadlift.gif,1b92d14b-3883-48b1-8136-ffec1075e9ef,250aa910-5d36-46aa-b174-4e806462ddc4
Assisted Chin-Up,Assisted Chest Dip,0.6945,"The reverse-grip chin-up is a variation of the pull-up exercise in which the reps are performed with the palms facing toward the body, in an underhand position, with a band looped around the feet or knees. This reduces weight and resistance at the bottom of the rep, while increasing it toward the top. Like other pull-up variations, it builds strength and muscle in the upper back, biceps, and core, but it utilizes the biceps slightly more than overhand band-assisted pull-ups.",Strength,Lats,chest,Bands,Beginner,,https://fitnessprogramer.com/wp-content/uploads/2021/06/Assisted-Chest-Dip.gif,7856adcd-8553-4066-b7be-7467229e82a6,8aaf3770-c196-4464-8450-d38594003e0c
FYR2 Single-Arm Kettlebell Swing,One Arm Kettlebell Swing,0.7548,No description available,Strength,Lats,full-body,Kettlebells,Intermediate,,https://fitnessprogramer.com/wp-content/uploads/2022/07/One-Arm-Kettlebell-Swing.gif,6e86324c-f91b-48e7-888b-cefa8e4061be,49862e3f-6ea5-4b66-9c54-984cd1f11b7c
Straight-Arm Dumbbell Pull-Over - Gethin Variation,Dumbbell Straight Arm Pullover (knees at 90 degrees),0.6817,"The straight-arm dumbbell pull-overpull-over was a staple exercise of the Golden Era of bodybuilding and a favorite of Arnold Schwarzenegger himself. Done properly, the exercise hits the bottom of the pecs, the lats, the abs, and the triceps.",Strength,Lats,chest,Dumbbell,Intermediate,,https://fitnessprogramer.com/wp-content/uploads/2022/11/Dumbbell-Straight-Arm-Pullover-knees-at-90-degrees.gif,fd4dd67d-449c-40d9-b712-aa877c3f1a3b,27933784-2e52-4a0a-b8cf-dd2c98eea358
Bent-over dumbbell rear delt fly,Dumbbell Rear Delt Row,0.7276,"The bent-over dumbbell rear delt fly is a popular upper-body exercise that targets the muscles on the back of the shoulder joint, specifically the rear head of the deltoid. Since pressing movements build the front and (to a lesser degree) side deltoid heads, this move is often done to promote balanced shoulder development. It is usually performed for high reps, such as 10-15 reps per set or more, as part of a shoulder or upper-body workout.",Strength,Lats,shoulders,Dumbbell,Intermediate,,https://fitnessprogramer.com/wp-content/uploads/2022/01/Dumbbell-Rear-Delt-Row.gif,4f36c3e6-1231-4496-a8f7-707a0416cc59,c1f416bc-5cba-4983-b4fd-d3a14af816b5
Holman Renegade Row,Dumbbell Renegade Row,0.8185,No description available,Strength,Lats,back,Dumbbell,Intermediate,,https://fitnessprogramer.com/wp-content/uploads/2021/01/dumbbell-renegade-row-1.gif,13435bf2-b975-4bd4-b2f2-8bd1a8482138,2dc60d76-ae99-4710-bc00-d448a60ee821
FYR2 Bent-Over Reverse Fly,Bent Over Reverse Cable Fly,0.8152,No description available,Strength,Lats,shoulders,Dumbbell,Intermediate,,https://fitnessprogramer.com/wp-content/uploads/2021/04/bent-over-reverse-cable-fly.gif,ae78d3d8-6c20-4140-b380-c47e03cef83b,135c8ea5-3651-4424-9de3-5d51be9d3c6f
Assisted Single-Arm Pull-Up,Lever Assisted Single Leg Press,0.7128,No description available,Strength,Lats,leg,Other,Expert,,https://fitnessprogramer.com/wp-content/uploads/2022/02/Lever-Assisted-Leg-Press.gif,19ddcfd0-dec5-40e0-9718-a4b55833ca06,bc208c7d-ed1b-4da5-88e3-984b65a86c03
Assisted Single-Arm Chin-Up,Lever Assisted Single Leg Press,0.6864,No description available,Strength,Lats,leg,Other,Expert,,https://fitnessprogramer.com/wp-content/uploads/2022/02/Lever-Assisted-Leg-Press.gif,351e62d8-87e3-4929-b5aa-a23ae0232012,bc208c7d-ed1b-4da5-88e3-984b65a86c03
Holman Renegade Row to Split Jump,Push-Up to Renegade Row,0.6879,No description available,Strength,Lats,full-body,Other,Intermediate,,https://fitnessprogramer.com/wp-content/uploads/2022/07/Push-Up-to-Renegade-Row.gif,fe63deac-d5f9-4829-836d-47b698b3bb5e,433ff47c-5be0-4bba-8051-44c08af82e1e
Straight-arm rope pull-down,Rope Straight Arm Pulldown,0.8101,"The straight-arm rope pull-down is a variation of the straight-arm lat pull-down performed using a cable stack machine and a rope grip. It can either be performed in an athletic upright stance, or slightly bent over. It both stretches and contracts the muscles of the lats (latissimus dorsi) as well as providing additional activation to the other upper back muscles and the core. Because the triceps are also isometrically involved in the movement, it is usually performed for higher reps, such as 8-15 reps or more.",Strength,Lats,back,Cable,Intermediate,,https://fitnessprogramer.com/wp-content/uploads/2021/06/Rope-Straight-Arm-Pulldown.gif,0a7cca32-d0b8-4dc5-92ae-57084369ce92,ba4cd88c-dd37-4864-9d39-49e09a80a206
Kneeling lat pull-down,Half Kneeling Lat Pulldown,0.7079,"The kneeling lat pull-down is a variation of the lat pull-down exercise performed with the knees on the ground rather than sitting on a bench or machine. It has all of the same benefits of a lat pull-down performed on a bench or machine, in addition to providing further activation to the core and lower body.",Strength,Lats,back,Cable,Intermediate,,https://fitnessprogramer.com/wp-content/uploads/2021/06/Half-Kneeling-Lat-Pulldown.gif,a34758d4-22d2-40e0-9a7f-76ac795a6da3,dc7f7b32-14c1-4a5a-b652-19f190d098ce
Cable Straight-Arm Pulldown - Gethin Variation,Rope Straight Arm Pulldown,0.749,"The straight-arm bar pull-down is a variation of the straight-arm lat pull-down performed using a cable stack machine. It can either be performed in an athletic upright stance, or slightly bent-over. It both stretches and contracts the muscles of the lats (latissimus dorsi) as well as providing additional activation to the other upper back muscles and the core. Because the triceps are also isometrically involved in the movement, it is usually performed for higher reps, like 8-15 reps or above.",Strength,Lats,back,Cable,Intermediate,,https://fitnessprogramer.com/wp-content/uploads/2021/06/Rope-Straight-Arm-Pulldown.gif,4b3e10b3-6f37-474a-a907-190815c55a22,ba4cd88c-dd37-4864-9d39-49e09a80a206
High-cable standing row,Cable Twisting Standing High Row,0.7534,"The high-cable standing row is an exercise targeting the lats. The high position allows for more engagement of the upper back, as well, specifically the rhomboids and teres major.",Strength,Lats,back,Cable,Intermediate,,https://fitnessprogramer.com/wp-content/uploads/2022/02/Cable-Twisting-Standing-high-Row.gif,68ddb774-99d4-40c9-81b6-741a83220b94,fc8de67c-ddcd-4ffb-8da1-a4ad71d62439
Wide-Grip Machine Row,Reverse Grip Machine Row,0.6862,No description available,Strength,Lats,back,Machine,Intermediate,,https://fitnessprogramer.com/wp-content/uploads/2021/08/Reverse-Grip-Machine-Row.gif,4d70d8e5-92e0-4552-9d1e-a943faf90cc9,a96949ef-2344-4dc8-bb4c-efa7423622c5
One Arm Against Wall,High Knees Against Wall,0.8111,No description available,Stretching,Lats,cardio,Body Only,Intermediate,,https://fitnessprogramer.com/wp-content/uploads/2021/09/High-Knees-against-wall.gif,47538346-3ee6-416c-b7cf-8ad4ce9f96be,ca48241a-5f7c-4932-95a3-125c96de7784
Burpee to pull-up,Burpees,0.815,The burpee to pull-up is a variation of the bodyweight burpee in which the jump at the top of each rep leads into a jumping pull-up. It is popular in circuit-style and metcon workouts.,Plyometrics,Lats,leg,Body Only,Intermediate,,https://fitnessprogramer.com/wp-content/uploads/2021/02/burpees.gif,e9eea3d9-9ba0-4f15-8383-ea61b032be09,c4d195ea-2a3c-4736-bb0a-9fda9cb275a6
Iron cross stretch,Dumbbell Iron Cross,0.7479,The iron cross stretch is a bodyweight stretch that focuses on hip and thoracic spine mobility.,Strength,Lats,full-body,Body Only,Intermediate,,https://fitnessprogramer.com/wp-content/uploads/2022/07/Dumbbell-Iron-Cross.gif,3e4e2e3d-512d-46a9-816a-403f2dd166b3,8a8886b1-ee84-4eb9-a6fe-d860e5c0095e
FYR2 Bent-Over Medicine Ball Slam,One Arm Medicine Ball Slam,0.7629,No description available,Strength,Lats,chest,Medicine Ball,Intermediate,,https://fitnessprogramer.com/wp-content/uploads/2024/06/One-Arm-Medicine-Ball-Slam.gif,d4f1060a-3820-4da3-a08f-78a944270995,c57be4d5-ad1a-4f48-9fba-a1bb10f22ec6
Seated Good Mornings,Smith Machine Good Morning,0.6962,No description available,Powerlifting,Lower Back,erector-spinae,Barbell,Beginner,,https://fitnessprogramer.com/wp-content/uploads/2021/06/Smith-Machine-Good-Morning.gif,95083731-d10c-481a-94a1-1a719798df51,e914b27d-eac7-431a-ab89-0b6ca4f4a283
TBS Good Morning,Smith Machine Good Morning,0.6995,"The barbell good morning is an exercise that targets glute, hamstring, and lower back development. It is often trained as an accessory movement to the deadlift, but also has value on its own. It is sometimes performed for reps in traditional strength-focused rep ranges such as 5-8 reps per set, but due to the risk posed to the lower back, is rarely treated as a max-effort single-rep lift.",Strength,Lower Back,erector-spinae,Barbell,Intermediate,,https://fitnessprogramer.com/wp-content/uploads/2021/06/Smith-Machine-Good-Morning.gif,5412a990-0919-407b-b60e-08310ae2d5d7,e914b27d-eac7-431a-ab89-0b6ca4f4a283
Barbell good morning,Smith Machine Good Morning,0.7008,"The barbell good morning is an exercise that targets glute, hamstring, and lower back development. It is often trained as an accessory movement to the deadlift, but also has value on its own. It is sometimes performed for reps in traditional strength-focused rep ranges such as 5-8 reps per set, but due to the risk posed to the lower back, is rarely treated as a max-effort single-rep lift.",Strength,Lower Back,erector-spinae,Barbell,Intermediate,,https://fitnessprogramer.com/wp-content/uploads/2021/06/Smith-Machine-Good-Morning.gif,342d2874-7f4f-431b-931a-25bad0c5493d,e914b27d-eac7-431a-ab89-0b6ca4f4a283
FYR Sumo Deadlift High Pull,Dumbbell Sumo Deadlift,0.7035,"The kettlebell sumo deadlift high pull is a dynamic kettlebell exercise that focuses on the muscles of the posterior chain, including the hamstrings, glutes, traps, rear delts, and upper back. It can be done in lower reps for power or strength, or higher reps for conditioning and fat loss. It can also be a component of a circuit-style kettlebell workout, either for time or reps.",Strength,Lower Back,full-body,Kettlebells,Intermediate,,https://fitnessprogramer.com/wp-content/uploads/2023/09/dumbbell-sumo-deadlift.gif,040e8b4a-af54-4063-b6ed-e89b7823dd48,be02a9bc-b79e-45d9-9255-95f277d64b14
FYR2 Kettlebell Romanian Deadlift,Kettlebell Deadlift,0.6835,No description available,Strength,Lower Back,leg,Kettlebells,Intermediate,,https://fitnessprogramer.com/wp-content/uploads/2021/06/kettlebell-deadlift.gif,dde6d264-5cfd-45d5-92fb-886841d18fa3,8e29e022-7883-4513-bc53-36f27d0c4836
Stiff-Legged Dumbbell Deadlift - Gethin Variation,Stiff Leg Deadlift,0.6873,"The dumbbell stiff-legged deadlift targets the hamstrings, glutes, low and upper back, as well as the core. The purpose of the stiff-legged, as opposed to Romanian deadlift with slightly bent knees, is to engage the hamstrings and low back to an even greater degree.",Strength,Lower Back,erector-spinae,Dumbbell,Intermediate,,https://fitnessprogramer.com/wp-content/uploads/2022/01/Stiff-Leg-Deadlift.gif,1fb377dc-7499-467d-97d5-5cd1a6234db8,867afdb7-775b-4d46-a38d-692629eabd3b
Single-leg stiff-legged deadlift to row,Stiff Leg Deadlift,0.7458,"The single-leg stiff-legged deadlift to row takes two popular strength moves and combines them into one full-body blaster. Between the deadlift and the row, you'll target the glutes, hamstrings, quads, back, and biceps. Because balance can be a challenge, this movement is usually done with relatively light weights for high reps, such as 8-12 reps per set or more.",Strength,Lower Back,erector-spinae,Dumbbell,Intermediate,,https://fitnessprogramer.com/wp-content/uploads/2022/01/Stiff-Leg-Deadlift.gif,37a4aed0-ed63-4b25-88be-c568fd11c804,867afdb7-775b-4d46-a38d-692629eabd3b
Cable stiff-legged deadlift,Stiff Leg Deadlift,0.7573,"The cable stiff-legged deadlift is a lower-body exercise that mainly targets the hamstrings, while also benefiting the glutes using a proper hip-hinging motion.",Strength,Lower Back,erector-spinae,Cable,Intermediate,,https://fitnessprogramer.com/wp-content/uploads/2022/01/Stiff-Leg-Deadlift.gif,4e499d00-613d-4e41-a29b-b7d605f290ba,867afdb7-775b-4d46-a38d-692629eabd3b
Single-leg cable stiff-legged deadlift,Stiff Leg Deadlift,0.7358,"The single-leg cable stiff-legged deadlift is a lower-body exercise that mainly targets the hamstrings, while also benefiting the glutes using a proper hip-hinging motion. Training one leg at a time allows for working out imbalances.",Strength,Lower Back,erector-spinae,Cable,Intermediate,,https://fitnessprogramer.com/wp-content/uploads/2022/01/Stiff-Leg-Deadlift.gif,0776d2c5-6ebd-4cf3-a88a-944a5ae69fba,867afdb7-775b-4d46-a38d-692629eabd3b
Hyperextension - Gethin Variation,Floor Hyperextension,0.7793,"The back extension is an exercise used to build lower back strength that also targets the hamstrings and glutes. It is often performed on a 45-degree bench with the feet anchored. Unweighted back extensions are often performed for high reps, such as 15-20 reps or more, but the movement can also be performed with added weight in lower rep ranges, such as 8-12 reps per set.",Strength,Lower Back,neck,Body Only,Intermediate,,https://fitnessprogramer.com/wp-content/uploads/2021/04/Floor-Hyperextension-1.gif,b73c0c5c-f15d-4944-83b7-bceeacd1d925,5251de95-6a2f-44f9-b88b-e52b9f203485
Crossover Reverse Lunge,Lever Crossovers,0.7021,No description available,Stretching,Lower Back,chest,Bodyweight,Beginner,,https://fitnessprogramer.com/wp-content/uploads/2021/09/Lever-Crossovers.gif,ddbc5760-f45c-4464-91c7-94ac6fdcc57f,f4f9294c-0d59-4c9f-aa47-afa87f594ab1
Exercise ball weighted hyperextension,Floor Hyperextension,0.7178,"The exercise ball weighted hyperextension is an exercise that strengthens the lower back. If balance is an issue, have someone hold your feet.",Strength,Lower Back,neck,Exercise Ball,Beginner,,https://fitnessprogramer.com/wp-content/uploads/2021/04/Floor-Hyperextension-1.gif,103524cf-6179-4a7d-814b-a2fd90faa15a,5251de95-6a2f-44f9-b88b-e52b9f203485
Exercise ball rear delt fly,Cable Rear Delt Fly,0.7931,"The exercise ball rear delt fly is a dumbbell exercise targeting the rear heads of the shoulders, as well as the muscles of the upper-middle back. Lying prone on an exercise ball offers support to perform the movement. It is generally performed for moderate to high reps as a part of upper body or shoulder training.",Strength,Lower Back,shoulders,Exercise Ball,Intermediate,,https://fitnessprogramer.com/wp-content/uploads/2021/02/cable-rear-delt-fly.gif,8f8c386f-2935-419f-8a7e-31f45ea7b546,5744718f-2277-4072-a9e8-d079d3c8bd73
Lying rear delt Y,Dumbbell Side Lying Rear Delt Raise,0.7345,"The lying rear delt Y works the shoulders, specifically the rear heads, as well as the lower trapezius muscles. At the top of the motion, the arms and torso form a Y—hence the name. Shoulder Y variations are usually performed with light weights as a warm-up or prehab movement for upper-body training, or as a burnout on shoulder day.",Strength,Lower Back,shoulders,Exercise Ball,Intermediate,,https://fitnessprogramer.com/wp-content/uploads/2021/09/Dumbbell-Side-Lying-Rear-Delt-Raise.gif,7a87fb6a-d53f-483e-9dc0-88ad41ca768d,6505f037-4390-40f3-8fb9-fa5e06d1a9d1
Band bent-over row,Cable Bent Over Row,0.73,"The band bent-over row is an exercise to develop and strengthen the muscles of the upper and middle back, like the latissimus (lat), lower trapezius, and rear deltoids. Bands provide dynamic resistance and can work equally well in strength, muscle-building, or circuit-style fat-loss workouts.",Strength,Middle Back,back,Bands,Intermediate,,https://fitnessprogramer.com/wp-content/uploads/2021/09/Cable-Bent-Over-Row.gif,77c02db4-d5fb-4ece-a0d2-2a58889ab8f6,4e1c1a5f-ce9a-4f29-bc90-0ec82eb6d6ef
Single-Arm Landmine Row,One Arm Landmine Row,0.8195,No description available,Strength,Middle Back,shoulders,Barbell,Beginner,,https://fitnessprogramer.com/wp-content/uploads/2021/10/One-Arm-Landmine-Row.gif,5892c0f5-f1a7-443c-b552-5b47a4afe68d,398a7982-7f59-44a3-b45a-c3993c01bee2
One-Arm Dumbbell Row,Dumbbell Row,0.7554,"The single-arm bench dumbbell row is a popular exercise for building the latissimus dorsi, or lat, muscles of the back. The bench is used for support during the rowing motion.",Strength,Middle Back,back,Dumbbell,Intermediate,,https://fitnessprogramer.com/wp-content/uploads/2021/02/Dumbbell-Row.gif,ccfc3409-0f8c-41ff-922e-5cd53dcf64a7,1f92fb46-9209-4e46-ae09-323a5b0fc443
Incline dumbbell row,Dumbbell Incline T-Raise,0.7787,"The incline dumbbell row is an upper-body exercise targeting the lats (latissimus dorsi) and upper-back muscles, as well as the biceps. Performing it on an incline bench helps target the lower lats in particular. Dumbbell row variations are usually performed for moderate to high reps, such as 8-12 reps per set or more, as part of the upper-body or back-focused portion of a workout.",Strength,Middle Back,shoulders,Dumbbell,Intermediate,,https://fitnessprogramer.com/wp-content/uploads/2021/09/Dumbbell-Incline-T-Raise.gif,3fb6b3eb-cd8d-4d27-b039-0e1e4abab864,706b314d-76c2-48f9-97db-e752c894d44d
Dumbbell pull-over to skullcrusher,Dumbbell Skull Crusher,0.7307,"The dumbbell pull-over to skullcrusher is a complex that combines two popular exercises into one sequence that works much of the upper body, particularly the chest, triceps, and serratus anterior muscles. Because the pull-over will determine the amount of weight you can use, this movement is usually performed for moderate to high reps, such as 8-12 reps per set or more, as part of the upper-body portion of a workout.",Strength,Middle Back,triceps,Dumbbell,Intermediate,,https://fitnessprogramer.com/wp-content/uploads/2021/06/Dumbbell-Skull-Crusher.gif,8e579f50-ee03-427d-876c-35c8956da29b,8c7c4324-bb83-4829-8296-808581149a63
Dumbbell Fix Single-Arm Dumbbell Row,Dumbbell Row,0.7522,No description available,Strength,Middle Back,back,Dumbbell,Intermediate,,https://fitnessprogramer.com/wp-content/uploads/2021/02/Dumbbell-Row.gif,f3b8d538-c245-45c0-808b-210436da6068,1f92fb46-9209-4e46-ae09-323a5b0fc443
Dumbbell Fix Bent-Over Dumbbell Row,Dumbbell Row,0.7492,No description available,Strength,Middle Back,back,Dumbbell,Intermediate,,https://fitnessprogramer.com/wp-content/uploads/2021/02/Dumbbell-Row.gif,81227f16-fa06-402c-9428-d1747a80dcb8,1f92fb46-9209-4e46-ae09-323a5b0fc443
Dumbbell stiff-legged deadlift,Stiff Leg Deadlift,0.7508,"The dumbbell stiff-legged deadlift is a dumbbell exercise that targets the hamstrings, glutes, lower and upper back, and core. The difference between a stiff-legged deadlift and a Romanian deadlift is primarily the amount of knee bend. The knees are only slightly bent in a stiff-legged deadlift, while they bend more in a Romanian deadlift. Stiff-legged deadlifts are generally performed for low to moderate reps, such as 8-10 reps per set, with a focus on maximizing the hamstring stretch rather than moving heavy weight. Feel free to wear a weight belt to protect your lower back.",Strength,Middle Back,erector-spinae,Dumbbell,Intermediate,,https://fitnessprogramer.com/wp-content/uploads/2022/01/Stiff-Leg-Deadlift.gif,e7b35e49-9603-4e99-88f9-634dd0cda8ef,867afdb7-775b-4d46-a38d-692629eabd3b
UN Chest Supported Row,Chest Supported Dumbbell Front Raises,0.7577,No description available,Strength,Middle Back,shoulders,Dumbbell,Intermediate,,https://fitnessprogramer.com/wp-content/uploads/2022/02/Chest-Supported-Dumbbell-Front-Raises.gif,6124e1fe-9585-453f-bf07-c2cadf9a2bba,64e14314-193c-463f-b06c-43e11a896853
Smith machine inverted row,Ring Inverted Row,0.6818,"The Smith machine inverted row is a bodyweight exercise targeting the muscles of the lats (latissimus dorsi) and upper back, using the bar of the Smith machine to hang and pull from. You can change the bar height to customize the difficulty level and desired angle of the row. This variation is usually performed for moderate to high reps, such as 8-12 reps per set or more.",Strength,Middle Back,back,Other,Intermediate,,https://fitnessprogramer.com/wp-content/uploads/2022/01/Ring-Inverted-Row.gif,758d6385-f96f-43e4-965c-5300cc71b3a7,0ee45187-21be-4432-af52-722d40c4bcfd
Inverted Row with Straps,Ring Inverted Row,0.6969,No description available,Strength,Middle Back,back,Other,Beginner,,https://fitnessprogramer.com/wp-content/uploads/2022/01/Ring-Inverted-Row.gif,321d1832-51e0-4785-9b73-8a1ad6a7f0e3,0ee45187-21be-4432-af52-722d40c4bcfd
30 Back Plate Hyperextension,Floor Hyperextension,0.7321,No description available,Strength,Middle Back,neck,Other,Intermediate,,https://fitnessprogramer.com/wp-content/uploads/2021/04/Floor-Hyperextension-1.gif,712cfc10-e360-417e-b6ba-a897be07cbd4,5251de95-6a2f-44f9-b88b-e52b9f203485
Single-arm cable seated row,Single Arm Twisting Seated Cable Row,0.7546,"The single-arm cable seated row is a version of the cable row movement that trains the muscles of the upper back one side at a time. It targets a wide range of muscles including the lats (latissimus dorsi), traps, rhomboids, and rear deltoids. It also targets the biceps to a lesser degree. The single-arm row can work well in a variety of rep ranges but is most popular in muscle-building workouts or as an accessory movement for strength workouts.",Strength,Middle Back,back,Cable,Intermediate,,https://fitnessprogramer.com/wp-content/uploads/2022/02/Single-Arm-Twisting-Seated-Cable-Row.gif,ea66f11e-5b13-42f8-84e4-c633bd75bce0,66e09a48-0260-4b10-a60f-a1ae53ef2f72
UP Seated Cable Row,Seated Cable Rope Row,0.7948,"The cable seated row is a popular exercise to train the muscles of the upper back, including the lats (latissimus dorsi), traps, rhomboids, and rear deltoids, using a cable stack. It also targets the biceps to a lesser degree. The cable row can work well in a variety of rep-ranges, but is most popular in muscle-building workouts or as an accessory movement for strength workouts.",Strength,Middle Back,back,Cable,Intermediate,,https://fitnessprogramer.com/wp-content/uploads/2021/06/Seated-Cable-Rope-Row.gif,baf4404f-9a78-4523-98a0-e59be74a218b,13515f5e-a593-4d0e-b642-9213274f1c1f
30 Back Close-Grip Seated Cable Row,Close Grip Cable Row,0.7883,No description available,Strength,Middle Back,back,Cable,Intermediate,,https://fitnessprogramer.com/wp-content/uploads/2021/06/close-grip-cable-row.gif,8866ae52-103f-4f66-9f81-c0ceb9d284db,2aaf404a-d42b-492e-8a87-288b9303238b
30 Back Straight-Arm Rope Pull-Down,Rope Straight Arm Pulldown,0.7396,No description available,Strength,Middle Back,back,Cable,Intermediate,,https://fitnessprogramer.com/wp-content/uploads/2021/06/Rope-Straight-Arm-Pulldown.gif,4fcf592f-aa73-429b-9e1e-da7d007de866,ba4cd88c-dd37-4864-9d39-49e09a80a206
Rhomboids SMR,Foam Roller Rhomboids,0.7244,"Rhomboids self-myofascial release (SMR) is a self-administered soft-tissue treatment for the upper body, usually using a foam roller, lacrosse ball, or other ""trigger point"" massage tool. By applying pressure strategically to the rhomboid muscles of the mid back, some people find they can cause this often painful and tight area to relax or ""release."" Rhomboids SMR is often accompanied by SMR on the lats, or by stretches that target the rhomboids or lats.",Stretching,Middle Back,trapezius,Body Only,Intermediate,,https://fitnessprogramer.com/wp-content/uploads/2022/02/Roll-Rhomboids.gif,dbbcd1d1-179e-49d5-ad4d-811ea5c13b62,b4e39a06-b342-4dab-95c5-40628a82c22a
UNS Foam Roll Upper Back,Foam Roller Upper Back,0.7801,No description available,Strength,Middle Back,trapezius,Body Only,Intermediate,,https://fitnessprogramer.com/wp-content/uploads/2022/02/Foam-Roller-Upper-Back.gif,04915f75-c726-4fad-bfbe-129d3ef5aa93,746ebca8-3aae-4e2a-99e1-90813d8b4a17
ACFT Medicine ball overhead power throw,Medicine Ball Overhead Throw,0.7931,"The medicine ball overhead power throw is an explosive exercise targeting the abdominals and hips. This specific exercise is part of the new Army Combat Fitness Test or ACFT. It can be performed for lower reps with a focus on power or for higher reps with a focus on fat loss and conditioning. It begins in a semi-squat position holding a medicine ball, which then gets ""scooped"" up and thrown overhead in one continuous movement.",Strength,Middle Back,shoulders,Medicine Ball,Intermediate,,https://fitnessprogramer.com/wp-content/uploads/2023/09/Medicine-Ball-Overhead-Throw.gif,58a6b17a-b725-4b12-8a35-83c9986b8050,44d24be7-8581-4b4a-adbb-fb8cd88f49d8
Upright Row - With Bands,Cable Upright Row,0.713,No description available,Strength,Traps,trapezius,Bands,Beginner,,https://fitnessprogramer.com/wp-content/uploads/2021/02/Cable-Upright-Row.gif,4ca7dedc-bc48-4f23-be67-fe80ea528d04,edf77333-39dc-4a94-8e6a-8ceb0b88eb06
Single-arm inverted row,Ring Inverted Row,0.7675,"The single-arm inverted row is a bodyweight exercise targeting the muscles of the lats (latissimus dorsi) and upper back, using the bar of the Smith machine to hang and pull from. You can change the bar height to customize the difficulty level and desired angle of the row.",Strength,Traps,back,Barbell,Intermediate,,https://fitnessprogramer.com/wp-content/uploads/2022/01/Ring-Inverted-Row.gif,8c7efd56-5467-45ab-8bea-c45a2bbe757b,0ee45187-21be-4432-af52-722d40c4bcfd
Kettlebell sumo deadlift high pull,Kettlebell Deadlift,0.7509,"The kettlebell sumo deadlift high pull is a dynamic kettlebell exercise that focuses on the muscles of the posterior chain, including the hamstrings, glutes, traps, rear delts, and upper back. It can be done in lower reps for power or strength, or higher reps for conditioning and fat loss. It can also be a component of a circuit-style kettlebell workout, either for time or reps.",Strength,Traps,leg,Kettlebells,Intermediate,,https://fitnessprogramer.com/wp-content/uploads/2021/06/kettlebell-deadlift.gif,dc415715-4409-4331-a295-ca9a5ca1ebb7,8e29e022-7883-4513-bc53-36f27d0c4836
Standing dumbbell shrug,Dumbbell Shrug,0.7997,"The standing dumbbell shrug is a popular movement to build and strengthen the trapezius muscles. It's often trained on a bodybuilding-style shoulder or back training day, but can also work well in full-body or strength-focused training.",Strength,Traps,trapezius,Dumbbell,Intermediate,,https://fitnessprogramer.com/wp-content/uploads/2021/04/Dumbbell-Shrug.gif,52e198ef-67c8-45d0-a112-c95dc33e115e,7f955f2e-f06f-4fbd-9f15-4f0990d7dcbf
Standing Dumbbell Shrug - Gethin Variation,Dumbbell Shrug,0.6919,"The standing dumbbell shrug is a popular movement to build and strengthen the trapezius muscles. It’s a often trained on a bodybuilding-style shoulder or back training day, but can also work well in full-body or strength-focused training.",Strength,Traps,trapezius,Dumbbell,Intermediate,,https://fitnessprogramer.com/wp-content/uploads/2021/04/Dumbbell-Shrug.gif,dccf68d3-a62c-4fb4-8d3e-170078aa2542,7f955f2e-f06f-4fbd-9f15-4f0990d7dcbf
Single-arm dumbbell row,Dumbbell Row,0.6853,"The single-arm dumbbell row is a popular exercise for building the latissimus dorsi, or lat, muscles of the back. It is most often performed for moderate to high reps, such as 8-12 reps per arm or more, as part of a muscle-building upper-body or back-focused portion of a workout.",Strength,Traps,back,Dumbbell,Intermediate,,https://fitnessprogramer.com/wp-content/uploads/2021/02/Dumbbell-Row.gif,ee64fe0d-3b49-4d5f-8c6c-f504bdc56872,1f92fb46-9209-4e46-ae09-323a5b0fc443
Cable straight-bar upright row,Cable Upright Row,0.8054,"The cable straight-bar upright row is an isolation exercise for the traps and the medial deltoids. It may not be appropriate for all lifters depending on their shoulder health and injury history. It is usually performed for moderate to high reps, such as 8-12 reps per set or more, as part of an upper-body or shoulder-focused workout.",Strength,Traps,trapezius,Cable,Intermediate,,https://fitnessprogramer.com/wp-content/uploads/2021/02/Cable-Upright-Row.gif,e929806b-e843-4416-9160-5da7c4e14440,edf77333-39dc-4a94-8e6a-8ceb0b88eb06
Isometric Neck Exercise - Sides,Isometric Pull-Up,0.7756,No description available,Strength,Neck,back,Body Only,Beginner,,https://fitnessprogramer.com/wp-content/uploads/2022/08/Isometric-Pull-Up.gif,58da2167-03df-41f9-b7ab-289020c44680,a9ad607b-3b57-4be2-a936-8eadcf220576
Isometric Neck Exercise - Front And Back,Isometric Pull-Up,0.6877,No description available,Strength,Neck,back,Body Only,Beginner,,https://fitnessprogramer.com/wp-content/uploads/2022/08/Isometric-Pull-Up.gif,00a13f94-afc3-4ec4-a8f1-6042bda9b2fa,a9ad607b-3b57-4be2-a936-8eadcf220576
Scapular Pull-Up,Scapula Pull-up,0.7942,No description available,Strength,Traps,trapezius,Bodyweight,Beginner,,https://fitnessprogramer.com/wp-content/uploads/2022/01/Scapula-Pull-up.gif,32ba3b63-c5b5-4110-8a92-adc0ed8298fe,edc373b5-3e95-4179-8925-d503aacadbc7
Band split squat,Banded Split Squat,0.8074,"The band split squat is a band movement targeting the quads, glutes, and hamstrings. It can be performed either for time or reps, and is often included as part of a fat-loss or athleticism-focused circuit workout. Leaning back places more emphasis on the glutes and hamstrings, while standing straight up targets the quads.",Strength,Quadriceps,leg,Bands,Intermediate,,https://fitnessprogramer.com/wp-content/uploads/2022/10/Banded-Split-Squat.gif,4833f5c7-0c1d-4481-9c81-2209575cd83e,285e4980-f152-4cf8-9eb6-f54570adb255
Quadriceps SMR,Standing Quadriceps Stretch,0.6831,"Quadriceps self-myofascial release (SMR) is a self-administered soft-tissue treatment for the lower body, usually using a foam roller, lacrosse ball, or other ""trigger point"" massage tool. By applying pressure strategically to the quad muscles of the upper leg, some people find they can cause this often painful and tight muscle group to relax or ""release."" Quadriceps SMR is often accompanied by SMR on the calf, glute, or hip muscles, or by stretches that target the calves or quads.",Stretching,Quadriceps,leg,Foam Roll,Intermediate,,https://fitnessprogramer.com/wp-content/uploads/2021/08/Standing-Quadriceps-Stretch.gif,4030defa-5342-4ff4-af62-3271b47f7502,0cecbd5b-c9c7-4561-af33-bda0e7c89ec9
Barbell walking lunge,Barbell Lunge,0.6827,"The barbell walking lunge tests your ability to maintain balance while challenging the quads, glutes, and hamstrings as well as the core muscles. Using a barbell allows you to overload the exercise. It can be performed for moderate reps, such as 8-15 per set or across the gym, or for higher reps as a conditioning and mental toughness challenge.",Strength,Quadriceps,leg,Barbell,Intermediate,,https://fitnessprogramer.com/wp-content/uploads/2021/05/Barbell-Lunge.gif,bd893fb5-32a2-40c3-a849-b316bbf711d5,15471ab3-d77c-4935-b839-19e341c2c0c0
Hack Squat,Reverse Hack Squat,0.7591,"The hack squat is a machine-based exercise that targets the muscles of the legs, particularly the quadriceps. It is often used as an accessory for squats, but can also be the main lower-body movement in a workout. It is often performed for moderate to high reps, such as 8-12 reps per set or more.",Strength,Quadriceps,leg,Barbell,Intermediate,,https://fitnessprogramer.com/wp-content/uploads/2022/10/Reverse-Hack-Squat.gif,96c7bca3-fbea-49bb-9304-de45c18af33e,6b7eceba-370e-406f-8047-f59b495503d9
Barbell back squat,Barbell Jump Squat,0.7063,"The barbell back squat is a popular compound movement that emphasizes building the lower-body muscle groups and overall strength. It's the classic way to start a leg day, and is a worthy centerpiece to a lower-body training program. The squat is a competitive lift in the sport of powerlifting, but is also a classic measurement of lower-body strength. With the barbell racked on the traps or upper back, the emphasis is placed on the posterior chain but the entire body gets worked. The back squat can be trained in everything from heavy singles to sets of 20 reps or higher.",Strength,Quadriceps,leg,Barbell,Intermediate,,https://fitnessprogramer.com/wp-content/uploads/2023/01/Barbell-Jump-Squat.gif,184b89c7-eb5c-470e-a6b4-e9a627b0314e,01935d80-eca9-4252-b639-b7d810cf5f37
Single-arm side deadlift,Dumbbell Single Leg Deadlift,0.7218,"The single-arm side deadlift is a compound exercise that strengthens the glutes, quads, hamstrings, back, and core. It has more of a core stability and anti-rotational component than other deadlift variations. The side deadlift is usually done for low to moderate reps, such as 5-8 reps per side, with a focus on posture and movement quality.",Strength,Quadriceps,erector-spinae,Barbell,Expert,,https://fitnessprogramer.com/wp-content/uploads/2022/09/Dumbbell-Single-Leg-Deadlift.gif,860e90d5-abbd-4542-872a-f21061eceda0,250aa910-5d36-46aa-b174-4e806462ddc4
Barbell reverse lunge,Barbell Lunge,0.767,"The barbell reverse lunge is a popular lower-body exercise targeting the quads, glutes, and hamstrings. Using a barbell allows you to overload the exercise beyond body weight and perform the movement in strength or muscle-focused rep ranges. The reverse lunge can be performed as part of a barbell complex, in a circuit, or on its own in the lower-body portion of any workout.",Strength,Quadriceps,leg,Barbell,Intermediate,,https://fitnessprogramer.com/wp-content/uploads/2021/05/Barbell-Lunge.gif,1d385ed5-5025-4967-b5b4-b7417057c0ab,15471ab3-d77c-4935-b839-19e341c2c0c0
Barbell Lunge - Gethin Variation,Barbell Lunge,0.7711,"The barbell forward lunge is a popular lower-body exercise targeting the quads, glutes, and hamstrings. Using a barbell allows you to overload the exercise beyond body weight and perform the movement in strength or muscle-focused rep ranges. The forward lunge can be performed as part of a barbell complex, in a circuit, or on its own in the lower-body portion of any workout.",Strength,Quadriceps,leg,Barbell,Intermediate,,https://fitnessprogramer.com/wp-content/uploads/2021/05/Barbell-Lunge.gif,9a2e5748-e01d-45cc-8706-324b30787989,15471ab3-d77c-4935-b839-19e341c2c0c0
AM Barbell Squat,Barbell Jump Squat,0.7449,"The barbell back squat is a popular compound movement that emphasizes building the lower-body muscle groups and overall strength. It's the classic way to start a leg day, and is a worthy centerpiece to a lower-body training program. The squat is a competitive lift in the sport of powerlifting, but is also a classic measurement of lower-body strength. With the barbell racked on the traps or upper back, the emphasis is placed on the posterior chain but the entire body gets worked. The back squat can be trained in everything from heavy singles to sets of 20 reps or higher.",Strength,Quadriceps,leg,Barbell,Intermediate,,https://fitnessprogramer.com/wp-content/uploads/2023/01/Barbell-Jump-Squat.gif,806f660c-a214-4cb8-a45b-89ab6c2d3df5,01935d80-eca9-4252-b639-b7d810cf5f37
Banded Split Jerk,Banded Split Squat,0.7185,No description available,Strength,Quadriceps,leg,Barbell,Intermediate,,https://fitnessprogramer.com/wp-content/uploads/2022/10/Banded-Split-Squat.gif,7f701302-5ced-447f-be82-84b711221d6e,285e4980-f152-4cf8-9eb6-f54570adb255
KV Bulgarian Split Squat,Bodyweight Bulgarian Split Squat,0.7855,No description available,Strength,Quadriceps,leg,Barbell,Intermediate,,https://fitnessprogramer.com/wp-content/uploads/2022/02/Bodyweight-Bulgarian-Split-Squat.gif,850a503c-e070-4baf-9f0f-ebd04fe979bf,0df6d6a0-c75f-49b5-bba1-125ee1e8304c
Barbell Back Squats,Barbell Jump Squat,0.7063,No description available,Strength,Quadriceps,leg,Barbell,Intermediate,,https://fitnessprogramer.com/wp-content/uploads/2023/01/Barbell-Jump-Squat.gif,880f7e1c-fd06-4a68-b1a3-ebd44c7636f0,01935d80-eca9-4252-b639-b7d810cf5f37
Kettlebell power clean,Dumbbell Power Clean,0.7514,"The kettlebell power clean is an explosive kettlebell exercise where the lifter pulls the weight to shoulder level with a slight swing between the legs. It is often used as a drill to teach kettlebell clean technique, but is also a valuable power exercise in its own right. It can be performed in low rep ranges for strength or higher rep ranges for technique practice or muscle growth.",Strength,Quadriceps,full-body,Kettlebells,Intermediate,,https://fitnessprogramer.com/wp-content/uploads/2022/07/Dumbbell-Power-Clean.gif,76b858d7-af80-4cb1-8095-772a45d90bce,983d0880-6685-4eaf-9985-1e81e0fe9a91
FYR Kettlebell Squat Clean,Kettlebell Clean and Press,0.7223,"The kettlebell squat clean is an explosive kettlebell exercise where the lifter pulls the weight to shoulder level with a slight swing between the legs. It is often used as a drill to teach kettlebell clean technique, but is also a valuable power exercise in its own right. It can be performed in low rep ranges for strength or higher rep ranges for technique practice or muscle growth.",Strength,Quadriceps,shoulders,Kettlebells,Intermediate,,https://fitnessprogramer.com/wp-content/uploads/2023/06/Kettlebell-Clean-and-Press.gif,a1419693-cf8e-4287-b07f-7337279308bb,81b02317-719c-41cc-8325-1fd9fa2fd9a5
Taylor Kettlebell Goblet Squat,Banded Kettlebell Goblet Squat,0.6947,No description available,Strength,Quadriceps,leg,Kettlebells,Intermediate,,https://fitnessprogramer.com/wp-content/uploads/2022/10/Banded-Kettlebell-Goblet-Squat.gif,11789cc5-1e22-4634-a710-eea83e599945,f3e02379-68e9-49d4-88aa-1dd487b6f676
Goblet squat-,Banded Kettlebell Goblet Squat,0.7026,"The goblet squat is a popular lower-body exercise where you hold a kettlebell or dumbbell in front of your chest as if you are supporting a heavy cup or goblet. It can help lifters of all levels improve their squat technique and hip mobility, but can also work as a muscle-building or strength accessory movement for experienced athletes. It also works well in combinations, complexes, and flows with other kettlebell movements like swings, presses, and cleans.",Strength,Quadriceps,leg,Kettlebells,Intermediate,,https://fitnessprogramer.com/wp-content/uploads/2022/10/Banded-Kettlebell-Goblet-Squat.gif,b0ca0423-65cb-4b7a-8be5-eac7828ae9ef,f3e02379-68e9-49d4-88aa-1dd487b6f676
Holman Kettlebell Squat Clean,Kettlebell Clean and Press,0.7194,No description available,Strength,Quadriceps,shoulders,Kettlebells,Intermediate,,https://fitnessprogramer.com/wp-content/uploads/2023/06/Kettlebell-Clean-and-Press.gif,93a115d6-513a-4de0-b193-069b0d9d4a71,81b02317-719c-41cc-8325-1fd9fa2fd9a5
Dumbbell goblet squat-,Cable Goblet Squat,0.8078,"The goblet squat is a popular lower-body exercise in which a dumbbell or kettlebell is held in front of the chest with two hands, approximating how you might hold a heavy goblet. It is used as a teaching tool to help instruct and develop proper squat form, but is also effective for building size in the quads, glutes, and hamstrings. It can be performed for low reps to build strength, or for higher reps to build muscle and conditioning.",Strength,Quadriceps,leg,Kettlebells,Intermediate,,https://fitnessprogramer.com/wp-content/uploads/2021/05/Cable-Squat.gif,95189264-d63c-4854-973e-f523e72b7492,a03102bf-7e1c-45e4-84a6-2811e8a8b8a1
Goblet Squats,Banded Kettlebell Goblet Squat,0.7026,No description available,Strength,Quadriceps,leg,Kettlebells,Intermediate,,https://fitnessprogramer.com/wp-content/uploads/2022/10/Banded-Kettlebell-Goblet-Squat.gif,dee5ab8a-0d56-4155-81f1-d143004e57ab,f3e02379-68e9-49d4-88aa-1dd487b6f676
Split Squat with Dumbbells,Dumbbell Split Jump,0.696,"The dumbbell Bulgaria split squat is a single-leg exercise targeting the quads, glutes, and hamstrings.",Strength,Quadriceps,leg,Dumbbell,Intermediate,,https://fitnessprogramer.com/wp-content/uploads/2022/04/Dumbbell-Split-Jump.gif,42885a14-826a-4f7b-bdb9-a48f51d65868,da5e1f1e-4bb6-4dae-97f6-7684031c542e
Dumbbell thruster,Barbell Thruster,0.7968,"The dumbbell thruster, which begins with a squat and ends with an overhead press, works the entire body at once in a single fluid motion. This exercise is often performed with kettlebells, but dumbbells are also a great option.",Strength,Quadriceps,shoulders,Dumbbell,Intermediate,,https://fitnessprogramer.com/wp-content/uploads/2022/10/thruster.gif,9b0af323-0fa4-4a0d-b669-e648acc92512,b70eac51-1723-41ea-a555-a09190ed7c0d
Dumbbell lateral hop,Dumbbell Lateral Step Up,0.7117,"The dumbbell lateral hop is an explosive exercise that targets the muscles of the hips and legs. Adding dumbbells adds a challenge to the core, as well. Because balance can be a challenge, it is usually performed with relatively light weights, often as a component of fat-loss or athletic training.",Plyometrics,Quadriceps,leg,Dumbbell,Intermediate,,https://fitnessprogramer.com/wp-content/uploads/2021/06/Dumbbell-Lateral-Step-Up.gif,c11c9305-92e0-4c68-b856-bcd5df523d3e,ebb0cda0-b848-4d3e-adaa-763586d8c69e
Dumbbell Squat Snatch,One Arm Dumbbell Snatch,0.7743,No description available,Strength,Quadriceps,full-body,Dumbbell,Beginner,,https://fitnessprogramer.com/wp-content/uploads/2021/05/One-Arm-Dumbbell-Snatch.gif,cd970cd2-4c13-491c-9807-4011a6ecd5c2,2f3af7ff-9c32-4f58-b766-c61e8637206c
Dumbbell Alternating Lunge,Seated Alternating Dumbbell Curl,0.716,No description available,Strength,Quadriceps,biceps,Dumbbell,Beginner,,https://fitnessprogramer.com/wp-content/uploads/2022/06/Seated-dumbbell-alternating-curl.gif,886fab56-8231-4eb8-a12f-3726173467e7,98334714-b20d-4c97-a9d9-e544e51a0c02
Dumbbell Side Lunge,Side Lunge,0.8169,No description available,Strength,Quadriceps,leg,Dumbbell,Beginner,,https://fitnessprogramer.com/wp-content/uploads/2021/05/Side-Lunge-Stretch.gif,f56be783-431c-43b5-8919-f7d312ef91c7,3eb59696-2e13-40df-9181-556addf0e6b7
Dumbbell Fix Dumbbell Split Squat,Dumbbell Split Jump,0.7068,No description available,Strength,Quadriceps,leg,Dumbbell,Intermediate,,https://fitnessprogramer.com/wp-content/uploads/2022/04/Dumbbell-Split-Jump.gif,6493df83-2db7-4faf-ae22-bbb6687d3a78,da5e1f1e-4bb6-4dae-97f6-7684031c542e
Single-leg dumbbell Romanian deadlift,Dumbbell Single Leg Deadlift,0.742,"The single-leg dumbbell Romanian deadlift is a movement targeting the muscles of the hamstrings, glutes, and back. The difference between a Romanian deadlift and a stiff-legged deadlift is the amount of knee bend. The knees are only slightly bent in a stiff-legged deadlift, while they bend more in a Romanian deadlift. Single-leg deadlifts are generally performed for low to moderate reps, such as 8-10 reps per set, with a focus on maximizing the hamstring stretch rather than moving heavy weight. If balance is a challenge, this movement is still very effective if performed while holding on to a stable object for support.",Strength,Quadriceps,erector-spinae,Dumbbell,Intermediate,,https://fitnessprogramer.com/wp-content/uploads/2022/09/Dumbbell-Single-Leg-Deadlift.gif,a129ccc1-bb1c-4b2f-ac26-ba481eaf6b21,250aa910-5d36-46aa-b174-4e806462ddc4
Dumbbell split squat,Dumbbell Split Jump,0.7671,"The dumbbell split squat is a popular lower-body exercise to build strength and muscle one leg at a time. It can be used to teach proper lunge form, but is also valuable on its own when trained in traditional strength-focused rep ranges, such as 5-8 reps per set, or for higher reps to build muscle or for conditioning.",Strength,Quadriceps,leg,Dumbbell,Intermediate,,https://fitnessprogramer.com/wp-content/uploads/2022/04/Dumbbell-Split-Jump.gif,6cc5d393-3347-4d0c-b1b4-3d290c9c9f7a,da5e1f1e-4bb6-4dae-97f6-7684031c542e
Single-arm stiff-legged deadlift,Stiff Leg Deadlift,0.7238,"The single-arm stiff-legged deadlift is a dumbbell exercise that targets the hamstrings, glutes, lower and upper back, and core. The difference between a stiff-legged deadlift and a Romanian deadlift is primarily the amount of knee bend. The knees are only slightly bent in a stiff-legged deadlift, while they bend more in a Romanian deadlift. Stiff-legged deadlifts are generally performed for low to moderate reps, such as 8-10 reps per set, with a focus on maximizing the hamstring stretch rather than moving heavy weight. Feel free to wear a weight belt to protect your lower back.",Strength,Quadriceps,erector-spinae,Dumbbell,Intermediate,,https://fitnessprogramer.com/wp-content/uploads/2022/01/Stiff-Leg-Deadlift.gif,1b78b5f6-e073-43d6-8dc2-519e314be1f2,867afdb7-775b-4d46-a38d-692629eabd3b
HM Dumbbell Squat,Dumbbell Jump Squat,0.7613,No description available,Strength,Quadriceps,leg,Dumbbell,Intermediate,,https://fitnessprogramer.com/wp-content/uploads/2022/04/Dumbbell-Jump-Squat.gif,3d5ee2e4-c48b-4446-860f-791237f77ac5,dae716b9-bb97-45a8-bf34-e53b51de4a5d
Single-Arm Dumbbell Snatch,One Arm Dumbbell Snatch,0.7992,No description available,Strength,Quadriceps,full-body,Dumbbell,Intermediate,,https://fitnessprogramer.com/wp-content/uploads/2021/05/One-Arm-Dumbbell-Snatch.gif,6d502a8b-1172-4590-9081-38a74f2abaab,2f3af7ff-9c32-4f58-b766-c61e8637206c
Single-arm dumbbell snatch-,One Arm Dumbbell Snatch,0.7992,"The single-arm dumbbell snatch is an explosive exercise that builds full-body power and targets the muscles of the hips, back, and shoulders. It involves lifting a dumbbell from the ground to overhead in a single movement. It can be performed for low reps with a focus on power and speed, or for higher reps to build muscle or as part of a metabolic conditioning circuit.",Strength,Quadriceps,full-body,Dumbbell,Intermediate,,https://fitnessprogramer.com/wp-content/uploads/2021/05/One-Arm-Dumbbell-Snatch.gif,1f00c762-aee4-4471-b16a-3ac8d60e93c9,2f3af7ff-9c32-4f58-b766-c61e8637206c
MetaBurn Dumbbell Burpee,Dumbbell Burpees,0.7335,No description available,Strength,Quadriceps,full-body,Dumbbell,Intermediate,,https://fitnessprogramer.com/wp-content/uploads/2021/06/Dumbbell-Burpees.gif,877e41d6-b74e-4947-aeb9-715cd04c2687,31be1159-10bd-4dea-90d7-0e9b710a7017
Backward Drag,Backward Jump,0.7389,No description available,Strongman,Quadriceps,leg,Other,Beginner,,https://fitnessprogramer.com/wp-content/uploads/2021/05/Backward-Jumping.gif,69d429ad-0263-4ab6-b0e1-28ee2f113bc3,e64e36a9-7c46-4f49-99a7-1b181d7e02f1
Burpee over barbell,Burpees,0.727,"The burpee over barbell is an exercise that takes the burpee, a popular functional fitness move, and separates each rep with a lateral jump across the barbell. It works the cardiovascular system, but also the chest, quads, glutes, hamstrings, and abs. This exercise is a favorite of many athletes, including obstacle race participants.",Plyometrics,Quadriceps,leg,Other,Intermediate,,https://fitnessprogramer.com/wp-content/uploads/2021/02/burpees.gif,1722baa5-0250-4f25-9b4b-9be4f321f263,c4d195ea-2a3c-4736-bb0a-9fda9cb275a6
Burpee Box-Jumps,Burpees,0.7293,No description available,Plyometrics,Quadriceps,leg,Other,Intermediate,,https://fitnessprogramer.com/wp-content/uploads/2021/02/burpees.gif,cabcc984-3329-41d8-bce7-ece6a03ec51c,c4d195ea-2a3c-4736-bb0a-9fda9cb275a6
Elliptical trainer,Elliptical Machine,0.7485,"The elliptical trainer is a popular machine for cardiovascular training without the significant impact on your joints of running. On many machines, you can adjust the resistance level to make the movement more difficult for all four limbs. The elliptical is a mainstay in most commercial gyms, and can be equally effective for HIIT-style interval workouts or for longer-duration endurance work.",Cardio,Quadriceps,cardio,Machine,Intermediate,,https://fitnessprogramer.com/wp-content/uploads/2021/10/Elliptical-Machine.gif,ac670067-2418-427b-8e7b-e5b4475b394e,a727d14d-9fd4-407b-8b14-d0df09f951c0
Machine Squat,Machine Fly,0.6874,No description available,Strength,Quadriceps,chest,Machine,Intermediate,,https://fitnessprogramer.com/wp-content/uploads/2021/05/10301301-Lever-Pec-Deck-Fly_Chest_720.gif,9dcf387e-d061-4ee3-b084-b6b57b15352c,99cc8f1a-ea7d-40d4-bb8a-13ab1ad2439d
Treadmill running,Treadmill,0.7688,"Treadmill running is a popular cardiovascular exercise performed on a machine that is available in most gyms. Performing this exercise on a treadmill allows you to adjust the speed of your running and, depending on the machine, perform it on an adjustable incline. Many machines also have built-in heart rate monitors and timers to help you track your progress.",Cardio,Quadriceps,cardio,Machine,Intermediate,,https://fitnessprogramer.com/wp-content/uploads/2021/06/Treadmill-.gif,ca6c95b2-dae0-4812-96f4-123a6966d9d0,b2305f43-869a-4507-8788-33f96eaa9b31
Treadmill jogging,Treadmill,0.7048,"Treadmill jogging is a popular cardiovascular exercise performed on a machine that is available in most gyms. Performing this exercise on a treadmill allows you to adjust the speed of your jogging and, depending on the machine, perform it on an adjustable incline. Many machines also have built-in heart rate monitors and timers to help you track your progress.",Cardio,Quadriceps,cardio,Machine,Intermediate,,https://fitnessprogramer.com/wp-content/uploads/2021/06/Treadmill-.gif,2630957a-f50b-4d07-b17c-a81bd3353fa4,b2305f43-869a-4507-8788-33f96eaa9b31
Lying Machine Squat,Lying Chest Press Machine,0.6853,No description available,Strength,Quadriceps,chest,Machine,Intermediate,,https://fitnessprogramer.com/wp-content/uploads/2021/08/Lying-Chest-Press-Machine.gif,73038058-2c52-48cf-be04-d21f52347c5e,dc8ba17c-4e69-4601-b2c5-b6f00200a0c4
Smith machine pistol squat,Pistol Squat,0.7553,"The Smith machine pistol squat is a machine-based exercise that targets the quads, glutes, and hamstrings. It is similar in form to a pistol squat but is performed with a bar on the shoulders. This adds extra resistance, but also eliminates some of the balance challenge of single-leg squats. This squat variation can be performed in low reps for strength or for higher reps for muscle gain.",Strength,Quadriceps,leg,Machine,Intermediate,,https://fitnessprogramer.com/wp-content/uploads/2021/02/Pistol-Squat.gif,0464381a-329c-4073-8df0-94c35cd77a08,e5e2b818-9d20-4245-832a-a0fe457107dd
Leverage Deadlift,Lever Deadlift,0.6887,No description available,Strength,Quadriceps,leg,Machine,Beginner,,https://fitnessprogramer.com/wp-content/uploads/2021/05/Lever-Deadlift.gif,744c3012-2ef6-4a12-8924-08360d6362e6,6eeb5fb7-6217-40cb-8f1c-f7fddbb749b6
Stiff-Legged Deadlift - Gethin Variation,Stiff Leg Deadlift,0.7245,"The barbell stiff-legged deadlift targets the hamstrings, glutes, lower and upper back, as well as the core. It is a popular accessory movement for the deadlift, but also a muscle-building hamstring movement.",Strength,Quadriceps,erector-spinae,Machine,Intermediate,,https://fitnessprogramer.com/wp-content/uploads/2022/01/Stiff-Leg-Deadlift.gif,fbb41a58-d309-43bd-a558-ec099a4f652e,867afdb7-775b-4d46-a38d-692629eabd3b
Hack squat-,Reverse Hack Squat,0.7591,"The hack squat is a machine-based exercise that targets the muscles of the legs, particularly the quadriceps. It is often used as an accessory for squats, but can also be the main lower-body movement in a workout. It is often performed for moderate to high reps, such as 8-12 reps per set or more.",Strength,Quadriceps,leg,Machine,Intermediate,,https://fitnessprogramer.com/wp-content/uploads/2022/10/Reverse-Hack-Squat.gif,1d5d5550-2bff-4141-85ef-4847d597f35e,6b7eceba-370e-406f-8047-f59b495503d9
Jumping rope,Jumping Pull-up,0.7064,"Jumping rope is a classic conditioning exercise that is popular with everyone from children to boxers to CrossFit athletes. It targets many different muscles, including the calves, glutes, shoulders, and upper back, and is great for everything from fat loss to improving overall athletic performance.",Cardio,Quadriceps,back,Body Only,Intermediate,,https://fitnessprogramer.com/wp-content/uploads/2022/01/jumping-pull-up.gif,e1827d3a-fcf2-4f7f-9355-d543626d8d3b,c0c4ea00-7069-410c-a0fa-753e0d37c08b
Treadmill walking,Treadmill,0.8119,"Treadmill walking is a popular cardiovascular exercise performed on a machine that is available in most gyms. Performing this exercise on a treadmill allows you to adjust the speed of your walking and, depending on the machine, perform it on an adjustable incline. Many machines also have built-in heart rate monitors and timers to help you track your progress.",Cardio,Quadriceps,cardio,Body Only,Intermediate,,https://fitnessprogramer.com/wp-content/uploads/2021/06/Treadmill-.gif,78b38e2b-c08a-4c25-89ae-c0ce94b03015,b2305f43-869a-4507-8788-33f96eaa9b31
Skip,High Knee Skips,0.7083,"The skip is an exercise that builds power and explosiveness in the legs. It's commonly performed by children and in gym classes, but is also great for working the legs and hip flexors, making it a favorite warm-up for athletes who need to explode vertically.",Plyometrics,Quadriceps,abs,Body Only,Intermediate,,https://fitnessprogramer.com/wp-content/uploads/2021/02/High-Knee-Skips_Cardio.gif,ec1169e7-1dbc-45ce-a1bc-1b276d8271ed,065e0c52-b937-4143-9afb-c5dbe30751f0
Iron Crosses (stretch),Dumbbell Iron Cross,0.6815,No description available,Stretching,Quadriceps,full-body,Body Only,Intermediate,,https://fitnessprogramer.com/wp-content/uploads/2022/07/Dumbbell-Iron-Cross.gif,77ff7e07-b31f-4ce3-8bd4-af0f45f6fc03,8a8886b1-ee84-4eb9-a6fe-d860e5c0095e
Standing Hip Flexors,Standing Toe Flexor Stretch,0.7655,No description available,Stretching,Quadriceps,calf,Body Only,Intermediate,,https://fitnessprogramer.com/wp-content/uploads/2022/02/Standing-Toe-Flexor-Stretch.gif,614b8e92-2b25-444b-a162-6ee269bf950e,c0597dfa-3325-421b-8d46-fb2014aa4b4c
Rear Leg Raises,Leg Raise,0.7405,No description available,Stretching,Quadriceps,abs,Body Only,Beginner,,https://fitnessprogramer.com/wp-content/uploads/2021/02/Lying-Leg-Raise.gif,78777877-38d0-4036-a480-93aad09e2ccd,bff4d679-b3c5-4783-9e62-63a65baafa42
Side Standing Long Jump,Long Jump,0.7479,No description available,Plyometrics,Quadriceps,leg,Body Only,Intermediate,,https://fitnessprogramer.com/wp-content/uploads/2021/03/Long-Jump-Plyometrics.gif,3d3d825a-578c-4db7-9688-537d58f43349,3bb8de50-d39e-4e90-9070-8f7ccd440591
Side Hop-Sprint,Sprint,0.7881,No description available,Plyometrics,Quadriceps,cardio,Body Only,Intermediate,,https://fitnessprogramer.com/wp-content/uploads/2023/06/sprint.gif,dff01dcc-fc01-4876-9a0d-dd116a2b826c,5c9f8dad-5000-428b-99cd-87de9bbef577
Single-leg box squat,Single Leg Box Jump,0.7623,"The single-leg box squat is a bodyweight exercise that targets the muscles of the lower body, including the quads, glutes, and hamstrings. It is similar in form to a pistol squat, except that you sit to a box. This allows you to customize the depth of the movement to your movement abilities and mobility level. For this reason, the single-leg box squat is a popular movement for building leg strength in beginning trainees. It can be performed in lower strength-focused rep ranges, such as 5-8 reps per leg, or for higher reps for muscle building.",Strength,Quadriceps,cardio,Body Only,Intermediate,,https://fitnessprogramer.com/wp-content/uploads/2023/02/Single-Leg-Box-Jump.gif,df4e68f1-82a3-4fc4-89fb-af3cd441cc81,31b8e99d-3de7-424c-bfa5-8f26e9a4c2c7
Reverse Burpee,Burpees,0.7512,No description available,Plyometrics,Quadriceps,leg,Body Only,Beginner,,https://fitnessprogramer.com/wp-content/uploads/2021/02/burpees.gif,c633bd2c-6e45-431b-913c-e61a8566bd7b,c4d195ea-2a3c-4736-bb0a-9fda9cb275a6
Burpee box jump,Burpees,0.7293,"The burpee box jump is an explosive bodyweight exercise that combines a burpee with a leap onto a box or step. First, you perform a traditional burpee, and then instead of jumping into the air, you jump onto a box. This makes you focus on power generation in the jump, making each rep more challenging. Burpee box jumps are often performed for high reps as part of metabolic conditioning circuits or workouts.",Plyometrics,Quadriceps,leg,Body Only,Intermediate,,https://fitnessprogramer.com/wp-content/uploads/2021/02/burpees.gif,468beb75-6414-4f64-bc80-e230277e263d,c4d195ea-2a3c-4736-bb0a-9fda9cb275a6
Speed skater,Skater,0.7339,"The speed skater is an explosive version of the lateral lunge that involves jumping from side to side and landing on a single leg, then touching the ground. It challenges the lower-body muscles, including the quads, hips, and glutes, and the cardiovascular system, while training lateral movement.",Plyometrics,Quadriceps,leg,Body Only,Intermediate,,https://fitnessprogramer.com/wp-content/uploads/2021/02/Skater.gif,0f412e74-80fb-4028-91db-1f637310d85f,895f2f42-55ee-404f-8c30-8cb36110c190
Jumping knee up-down,Jumping Pull-up,0.6847,"The jumping knee up-down is an explosive bodyweight movement that consists of a knee up-down followed by a jump squat. It targets the muscles of the lower body, including the quads, glutes, and hamstrings, but is also a challenging power and conditioning exercise.",Plyometrics,Quadriceps,back,Body Only,Intermediate,,https://fitnessprogramer.com/wp-content/uploads/2022/01/jumping-pull-up.gif,347b4c3b-0021-4d80-a66a-3e5b53a69b03,c0c4ea00-7069-410c-a0fa-753e0d37c08b
Squat Isometric Hold,Isometric Pull-Up,0.7879,"The hack squat is a machine-based exercise that targets the muscles of the legs, particularly the quadriceps. It is often used as an accessory for squats, but can also be the main lower-body movement in a workout. It is often performed for moderate to high reps, such as 8-12 reps per set or more.",Plyometrics,Quadriceps,back,Body Only,Expert,,https://fitnessprogramer.com/wp-content/uploads/2022/08/Isometric-Pull-Up.gif,f33160c3-0b55-4a50-8e2c-28aa92b3a88d,a9ad607b-3b57-4be2-a936-8eadcf220576
Single-leg burpee,Burpees,0.7502,"The single-leg burpee is an advanced variation of the burpee exercise that involves performing all parts of the sequence with one leg at a time. It is usually performed alternating legs with each rep, but could be performed one side at a time. Performing one leg at a time increases the challenge to all parts of the body, especially the working leg, core, and shoulders.",Strength,Quadriceps,leg,Body Only,Intermediate,,https://fitnessprogramer.com/wp-content/uploads/2021/02/burpees.gif,0e4d8b7a-edec-4b2a-b6cb-a8cae4b24503,c4d195ea-2a3c-4736-bb0a-9fda9cb275a6
Bodyweight Squat - Gethin Variation,Bodyweight Box Squat,0.7829,"The bodyweight squat is a fundamental exercise that strengthens the quads, glutes, and hamstrings. It can be performed as part of a dynamic warm-up, for time or reps during a workout, or for hip and spine mobility any time.",Strength,Quadriceps,leg,Body Only,Intermediate,,https://fitnessprogramer.com/wp-content/uploads/2022/07/Bodyweight-Box-Squat.gif,6762a9e1-5d2f-47e3-9d7d-4dade4a27b01,69b0e3dc-6a8c-48f8-b21b-35344273d03b
Bodyweight Walking Lunge - Gethin Variation,Bodyweight Lunge,0.7321,"The walking lunge is a lower-body exercise that targets the glutes, quads, and hamstrings while challenging stability and balance. It can be performed for reps, time, or distance in the lower-body portion of any workout.",Strength,Quadriceps,leg,Body Only,Intermediate,,https://fitnessprogramer.com/wp-content/uploads/2023/07/bodyweight-lunges.gif,7ba315ee-933b-4c5a-81c5-087de6939726,3984a819-d857-41aa-8937-6b4b06f77b83
HM Sumo Squat,Barbell Sumo Squat,0.7801,No description available,Strength,Quadriceps,leg,Body Only,Intermediate,,https://fitnessprogramer.com/wp-content/uploads/2021/02/Barbell-sumo-squat.gif,8be90c2a-23b0-4760-9b5f-f90e2f5b9931,a028a56f-060b-4d8a-9403-d85ca3dc5614
HM Tuck-Up Burpee,Burpees,0.7085,No description available,Strength,Quadriceps,leg,Body Only,Intermediate,,https://fitnessprogramer.com/wp-content/uploads/2021/02/burpees.gif,0498d518-21cf-4d14-a206-702baf40a402,c4d195ea-2a3c-4736-bb0a-9fda9cb275a6
HM Boxer Shuffle,Boxer Shuffle Cardio,0.7845,No description available,Strength,Quadriceps,cardio,Body Only,Intermediate,,https://fitnessprogramer.com/wp-content/uploads/2022/02/Boxer-Shuffle-Cardio.gif,3f58cfe7-295e-4b6b-93a8-48e6e0afb16e,12817b43-118f-4d90-b6cd-a19fea9de762
HM Bulgarian Split Squat On Chair,Bodyweight Bulgarian Split Squat,0.7125,No description available,Strength,Quadriceps,leg,Body Only,Intermediate,,https://fitnessprogramer.com/wp-content/uploads/2022/02/Bodyweight-Bulgarian-Split-Squat.gif,e5842a64-842a-4b34-8fec-b19c5211587a,0df6d6a0-c75f-49b5-bba1-125ee1e8304c
HM Speed Skater,Skater,0.7161,No description available,Strength,Quadriceps,leg,Body Only,Intermediate,,https://fitnessprogramer.com/wp-content/uploads/2021/02/Skater.gif,86d3c1ac-ed86-42c2-8861-93f504d77252,895f2f42-55ee-404f-8c30-8cb36110c190
HM Squat Jump,Dumbbell Jump Squat,0.7297,No description available,Strength,Quadriceps,leg,Body Only,Intermediate,,https://fitnessprogramer.com/wp-content/uploads/2022/04/Dumbbell-Jump-Squat.gif,f43c9bc7-eaba-4462-9871-8b34fb98ebc7,dae716b9-bb97-45a8-bf34-e53b51de4a5d
HM High Knees,High Knee Squat,0.7868,No description available,Strength,Quadriceps,leg,Body Only,Intermediate,,https://fitnessprogramer.com/wp-content/uploads/2021/11/High-Knee-Squat.gif,7c51f803-ca2d-4a06-ad7a-abc61ca73195,e8184c36-3b8b-49dc-b23b-ad26c51d3830
HM Jumping Jack,Jumping Pull-up,0.6868,No description available,Strength,Quadriceps,back,Body Only,Intermediate,,https://fitnessprogramer.com/wp-content/uploads/2022/01/jumping-pull-up.gif,9019d381-0903-477c-9452-d3be660ba308,c0c4ea00-7069-410c-a0fa-753e0d37c08b
HM Jumping Knee-Up,Jumping Pull-up,0.7442,No description available,Strength,Quadriceps,back,Body Only,Intermediate,,https://fitnessprogramer.com/wp-content/uploads/2022/01/jumping-pull-up.gif,29228d17-fa0b-4505-8bf4-94ae6222b60f,c0c4ea00-7069-410c-a0fa-753e0d37c08b
HM Jumping Rope,Jumping Pull-up,0.681,No description available,Strength,Quadriceps,back,Body Only,Intermediate,,https://fitnessprogramer.com/wp-content/uploads/2022/01/jumping-pull-up.gif,9445deb9-af8c-4b9f-820d-3006ba441671,c0c4ea00-7069-410c-a0fa-753e0d37c08b
AM Jump Squat,Dumbbell Jump Squat,0.6927,"The jump squat is an explosive bodyweight exercise targeting the quads, hamstrings, and glutes. It is also a serious cardiovascular challenge when done for reps. It can be performed as a power exercise to build jumping power, or in any fat-loss or athleticism-focused workout.",Strength,Quadriceps,leg,Body Only,Intermediate,,https://fitnessprogramer.com/wp-content/uploads/2022/04/Dumbbell-Jump-Squat.gif,f308435f-8935-407a-8907-8257f6a78eba,dae716b9-bb97-45a8-bf34-e53b51de4a5d
Holman Squat Pull-Through Jump,Dumbbell Pull Through,0.6966,No description available,Strength,Quadriceps,leg,Body Only,Intermediate,,https://fitnessprogramer.com/wp-content/uploads/2022/10/Dumbbell-Pull-Through.gif,7f088dd2-3494-4d81-ac9f-96909760ac60,6f11ebfc-6925-40ba-9a49-9018351b7d48
Holman Burpee to Jump,Burpees,0.7205,No description available,Strength,Quadriceps,leg,Body Only,Intermediate,,https://fitnessprogramer.com/wp-content/uploads/2021/02/burpees.gif,2ce5f8d1-843a-4aec-b960-f540cea5259c,c4d195ea-2a3c-4736-bb0a-9fda9cb275a6
Holman Stair Sprint,Sprint,0.6967,No description available,Strength,Quadriceps,cardio,Body Only,Intermediate,,https://fitnessprogramer.com/wp-content/uploads/2023/06/sprint.gif,e3c45321-0cab-4170-9cdc-ec75e296b5c4,5c9f8dad-5000-428b-99cd-87de9bbef577
Holman Burpee to Flying Jack,Jack Burpees,0.7167,No description available,Strength,Quadriceps,cardio,Body Only,Intermediate,,https://fitnessprogramer.com/wp-content/uploads/2021/10/Jack-Burpees.gif,11c7fc4c-7095-440c-9a2b-36923dbf7563,8bbe13f9-15e6-4270-a6f9-f0b414b37e07
Standing quad stretch,Standing Quadriceps Stretch,0.695,"The standing quad stretch is a simple exercise designed to stretch the quadriceps, the big muscles that cover most of the thighs. This is a static stretch, meaning it’s usually performed by holding the stretched position for a certain length of time.",Strength,Quadriceps,leg,Body Only,Intermediate,,https://fitnessprogramer.com/wp-content/uploads/2021/08/Standing-Quadriceps-Stretch.gif,7b2cb1b5-f05d-4540-b982-5230e6f8bedc,0cecbd5b-c9c7-4561-af33-bda0e7c89ec9
MetaBurn Side-To-Side Lunge,Side Lunge,0.7248,No description available,Strength,Quadriceps,leg,Body Only,Intermediate,,https://fitnessprogramer.com/wp-content/uploads/2021/05/Side-Lunge-Stretch.gif,fbfb9f0f-2295-4abf-a89b-50dae571381b,3eb59696-2e13-40df-9181-556addf0e6b7
FYR2 Reverse Burpee to Regular Burpee,Burpees,0.6997,No description available,Strength,Quadriceps,leg,Body Only,Intermediate,,https://fitnessprogramer.com/wp-content/uploads/2021/02/burpees.gif,d041b3e8-859d-45c3-999b-bd8dd39b128b,c4d195ea-2a3c-4736-bb0a-9fda9cb275a6
Wall ball toss,Wall Ball,0.7231,"The wall ball toss is an explosive full-body exercise utilizing a medicine ball. It involves squatting down, then explosively pressing a weighted ball into the air and catching it on a bounce off of a vertical surface. It is common in CrossFit workouts and can be performed for time or reps.",Plyometrics,Quadriceps,full-body,Exercise Ball,Intermediate,,https://fitnessprogramer.com/wp-content/uploads/2023/01/wall-ball.gif,bb6d5dd9-a14b-464d-b5c6-cefb030aa7ca,c4798cba-e21b-4ad8-abfc-c7e63fdfd0a6
Exercise ball Bulgarian split squat,Bodyweight Bulgarian Split Squat,0.7892,"The exercise ball Bulgarian split squat is an exercise that builds the quads, hamstrings, and glutes one leg at a time. The exercise ball is used to support the trailing shin and foot. Due to the balance challenge, this version of the split squat is usually performed for moderate to high reps with body weight only or light weights in the hands. If balance is a problem, you can stick the ball in the corner of a room while performing the exercise.",Strength,Quadriceps,leg,Exercise Ball,Intermediate,,https://fitnessprogramer.com/wp-content/uploads/2022/02/Bodyweight-Bulgarian-Split-Squat.gif,fcbdbc31-9a1c-4550-99a9-052a847ecbbe,0df6d6a0-c75f-49b5-bba1-125ee1e8304c
Internal Rotation with Band,Shoulder Internal Rotation,0.7855,No description available,Strength,Shoulders,shoulders,Bands,Beginner,,https://fitnessprogramer.com/wp-content/uploads/2023/06/shoulder-internal-rotation-stretch.gif,5db213c2-88c2-46d9-939a-c7d7ea391dde,766fbf62-14d5-4ae3-b064-e7c0d4477deb
HM Lateral Raise,Lever Lateral Raise,0.7893,No description available,Strength,Shoulders,shoulders,Bands,Intermediate,,https://fitnessprogramer.com/wp-content/uploads/2021/09/Lever-Lateral-Raise.gif,4116e068-dfd9-4bbc-8925-4b5a62706ca1,bb7532e7-4072-4b58-a913-c80c64fc5069
Band upright row,Cable Upright Row,0.785,"The band upright row is a popular movement for building stronger and bigger traps and shoulders and similar to the dumbbell upright row. Many lifters combine this move with either their back or shoulder workout, since it involves both body parts. Using the band provides dynamic resistance and is easier on the shoulder than using a barbell. It is generally performed for moderate to high reps, such as 8-12 reps per set or more.",Strength,Shoulders,trapezius,Bands,Intermediate,,https://fitnessprogramer.com/wp-content/uploads/2021/02/Cable-Upright-Row.gif,511a8537-f220-4470-bf07-7b9fe25aa729,edf77333-39dc-4a94-8e6a-8ceb0b88eb06
Clean and jerk,Kettlebell Clean and Jerk,0.8132,"The clean and jerk is a full-body lift that is one of two contested lifts in Olympic weightlifting competitions. It is comprised of two movements: the clean, where the bar is pulled from the floor and caught in the front rack position in three pulls or phases, followed by the jerk overhead. The clean and jerk hits every muscle from head to toe and can be the centerpiece of a lifting program. It is also popular in CrossFit and athletic training programs. It is usually performed in low rep ranges, focusing on power and movement quality.",Olympic Weightlifting,Shoulders,shoulders,Barbell,Intermediate,,https://fitnessprogramer.com/wp-content/uploads/2021/06/Kettlebell-Clean-and-Jerk.gif,7226fcce-0467-484a-9f3f-f53c1bffb2f0,333eb782-0876-47b1-bfc3-4bdee70ba0f4
Military press,Kettlebell One-Arm Military Press,0.7872,"The military press is a compound movement used to build size and strength in the shoulders. It was once contested as a fourth powerlift, but is rarely competed anymore. However, being able to press a significant weight overhead remains a popular marker of upper-body strength. The military press can be trained as a strength lift or in traditional muscle-building rep ranges as part of full-body, shoulder-focused, or upper-body training.",Strength,Shoulders,shoulders,Barbell,Intermediate,,https://fitnessprogramer.com/wp-content/uploads/2021/09/Kettlebell-One-Arm-Military-Press.gif,5a2aa673-fbf6-4acd-a8c0-4816ceca1c34,686798cd-d841-4eb5-a30d-3f87a8642204
Barbell Shoulder Press,Lying Shoulder Press,0.6926,"The seated barbell shoulder pressis a classic exercise for building muscle and strengthening the shoulders, particularly but not exclusively the front heads. The triceps also play a significant roles in pressing the barbell overhead.",Strength,Shoulders,shoulders,Barbell,Intermediate,,https://fitnessprogramer.com/wp-content/uploads/2021/09/Lying-Shoulder-Press.gif,ae1b9cd1-f1a2-45dd-8cc0-14a7eb5c57dc,fd54ec17-57dc-4621-8462-60cb4b2289b5
Barbell rear delt bent-over row,Barbell Rear Delt Raise,0.7161,"The barbell rear delt bent-over row is a movement used to target the shoulders as well as the upper-back muscles. It is performed with lighter weights than a traditional barbell bent-over row, and is usually performed for higher reps, such as 8-15 reps per set, as part of a back or upper-body workout.",Strength,Shoulders,trapezius,Barbell,Intermediate,,https://fitnessprogramer.com/wp-content/uploads/2021/04/Barbell-Rear-Delt-Raise.gif,636c08f6-ee35-47dc-813a-421ecffb2903,0b16970a-06c6-4d19-a465-1fbcd43afe95
Lying rear delt fly,Cable Rear Delt Fly,0.759,"The lying rear delt fly is an upper-body exercise that targets the rear deltoid of the shoulder. By performing the movement lying face down on a bench, it eliminates momentum from the rest of the body. This movement is usually performed for moderate to high reps, such as 8-12 reps per set or more, as part of the upper-body or shoulder-focused portion of a workout.",Strength,Shoulders,shoulders,Barbell,Intermediate,,https://fitnessprogramer.com/wp-content/uploads/2021/02/cable-rear-delt-fly.gif,d4b3c066-b122-49a3-9a0f-f2bdcbc3b7ea,5744718f-2277-4072-a9e8-d079d3c8bd73
Standing Barbell Press Behind Neck,Seated Behind Neck Press,0.6973,"The standing behind-the-head press is a classic shoulder exercise that was used widely during bodybuilding's professed Golden Era. In addition to the deltoids, it also works the trapezius and triceps muscles. It may not be a good choice for some people's shoulders, depending on their injury history. It can be trained in strength-focused rep ranges, but is more commonly trained in moderate to high reps, such as 8-15 reps per set.",Strength,Shoulders,shoulders,Barbell,Intermediate,,https://fitnessprogramer.com/wp-content/uploads/2021/05/Seated-Behind-the-Neck-Press.gif,9efddecf-d0e1-401f-9c49-b02c9169042b,2d4afa82-63a7-47aa-9fa9-c4348949a933
Incline Front Barbell Raise - Gethin Variation,Ez-Bar Incline Front Raise,0.71,"The incline face-down bar front raise is an upper-body exercise targeting the shoulders. Because it is performed face down on an angled bench, it has a greater range of motion than standing or upright-seated raises and hits the shoulders from a different angle. Raise variations are usually performed for moderate to high reps, such as 8-12 reps per set or more, as part of upper-body or shoulder-focused training.",Strength,Shoulders,shoulders,Barbell,Intermediate,,https://fitnessprogramer.com/wp-content/uploads/2021/09/Incline-Front-Raise.gif,8a4355a4-c10a-43fe-9d6e-5a707fec93ab,74eab0c1-0a99-4cc6-8736-d77ea2ff025d
Barbell Front Raise - Gethin Variation,Barbell Front Raise Twist,0.6824,"The barbell front raise is an upper-body isolation exercise that targets the shoulders. It is usually performed for moderate to high reps, such as 8-12 reps or higher, as part of the shoulder-focused part of any workout.",Strength,Shoulders,shoulders,Barbell,Intermediate,,https://fitnessprogramer.com/wp-content/uploads/2021/10/Barbell-Front-Raise-Twist.gif,62163276-7fb4-4fb2-bcde-b8646ba1fccf,f08c6869-6543-4e9b-8291-f25b02657f52
AM Upright Row,Cable Upright Row,0.8093,The barbell upright row is a barbell exercise that builds stronger and bigger traps. Many lifters combine this move with either their back or shoulder workout since it involves both body parts.,Strength,Shoulders,trapezius,Barbell,Intermediate,,https://fitnessprogramer.com/wp-content/uploads/2021/02/Cable-Upright-Row.gif,2bfb880c-6333-40d3-abc4-a2a311a9288a,edf77333-39dc-4a94-8e6a-8ceb0b88eb06
King Maker Barbell Thruster,Barbell Thruster,0.7526,"The barbell thruster is a full-body exercise that incorporates both squatting and pressing in one functional movement. It's especially common in contemporary CrossFit workouts, but also in general strength training. The barbell is usually cleaned into place first, but it could be performed taken from a squat rack in a front-rack position. The thruster can be performed in traditional strength-focused rep ranges to build strength in the press, or in higher reps for full-body conditioning.",Strength,Shoulders,shoulders,Barbell,Intermediate,,https://fitnessprogramer.com/wp-content/uploads/2022/10/thruster.gif,27a9b4ef-e28e-4d72-bf0d-a1e42c282722,b70eac51-1723-41ea-a555-a09190ed7c0d
30 Shoulders Seated Dumbbell Shoulder Press,Lying Shoulder Press,0.7098,No description available,Strength,Shoulders,shoulders,Barbell,Intermediate,,https://fitnessprogramer.com/wp-content/uploads/2021/09/Lying-Shoulder-Press.gif,2b4e40bd-2ea8-4d75-a3ca-df66670f00fe,fd54ec17-57dc-4621-8462-60cb4b2289b5
Two-Arm Kettlebell Clean,Kettlebell Clean and Press,0.7164,No description available,Strength,Shoulders,shoulders,Kettlebells,Beginner,,https://fitnessprogramer.com/wp-content/uploads/2023/06/Kettlebell-Clean-and-Press.gif,46df4c6b-6494-45df-a531-269e6407e017,81b02317-719c-41cc-8325-1fd9fa2fd9a5
One-Arm Kettlebell Para Press,One-Arm Kettlebell Chest Press,0.681,No description available,Strength,Shoulders,chest,Kettlebells,Beginner,,https://fitnessprogramer.com/wp-content/uploads/2022/10/One-Arm-Kettlebell-Chest-Press-on-the-Bench.gif,5819668e-cb38-4bfa-b0c2-e2edc157aa7c,b886495b-9a96-4318-b26c-75b86d3c4c95
One-Arm Kettlebell Jerk,Kettlebell Clean and Jerk,0.7191,No description available,Strength,Shoulders,shoulders,Kettlebells,Beginner,,https://fitnessprogramer.com/wp-content/uploads/2021/06/Kettlebell-Clean-and-Jerk.gif,48b981c6-61e8-43d7-9a49-7e3fab471855,333eb782-0876-47b1-bfc3-4bdee70ba0f4
Double Kettlebell Snatch,One Arm Kettlebell Snatch,0.7322,No description available,Strength,Shoulders,shoulders,Kettlebells,Beginner,,https://fitnessprogramer.com/wp-content/uploads/2021/03/One-Arm-Kettlebell-Snatch-exercise.gif,8a6ecd45-d40b-4f6f-a53c-906b433a5f32,7cbc4a5c-8684-4264-a60a-ba67fd61d61c
Two-Arm Kettlebell Jerk,Kettlebell Clean and Jerk,0.6807,No description available,Strength,Shoulders,shoulders,Kettlebells,Beginner,,https://fitnessprogramer.com/wp-content/uploads/2021/06/Kettlebell-Clean-and-Jerk.gif,27b15904-340b-4ec2-8e70-ccf3978e218c,333eb782-0876-47b1-bfc3-4bdee70ba0f4
FYR Kettlebell Power Clean,Dumbbell Power Clean,0.706,"The kettlebell power clean is an explosive kettlebell exercise where the lifter pulls the weight to shoulder level with a slight swing between the legs. It is often used as a drill to teach kettlebell clean technique, but is also a valuable power exercise in its own right. It can be performed in low rep ranges for strength or higher rep ranges for technique practice or muscle growth.",Strength,Shoulders,full-body,Kettlebells,Intermediate,,https://fitnessprogramer.com/wp-content/uploads/2022/07/Dumbbell-Power-Clean.gif,de4539a9-bc71-47d1-b021-a244673790a3,983d0880-6685-4eaf-9985-1e81e0fe9a91
FYR2 Kettlebell Swing Clean and Press,Kettlebell Clean and Press,0.81,No description available,Strength,Shoulders,shoulders,Kettlebells,Intermediate,,https://fitnessprogramer.com/wp-content/uploads/2023/06/Kettlebell-Clean-and-Press.gif,234df4db-6adc-40ae-96fe-de634e9096db,81b02317-719c-41cc-8325-1fd9fa2fd9a5
Dumbbell front raise to lateral raise,Band Front Lateral Raise,0.8094,"The dumbbell front raise to lateral raise is a dumbbell complex that combines two exercises that build and strengthen the middle deltoids and the anterior deltoids of the shoulders. It is usually performed one rep of each movement at a time, although you could perform more reps of each, or increase the reps in successive rounds (e.g., 1 rep in round 1, 2 reps in round 2, etc.). No matter how you perform it, it targets both the anterior and medial deltoids, making it a great time-efficient shoulder burnout or accessory movement on an upper-body day.",Strength,Shoulders,shoulders,Dumbbell,Intermediate,,https://fitnessprogramer.com/wp-content/uploads/2022/07/Band-Front-Lateral-Raise.gif,c5d32852-7b17-407e-9a0c-49717759b961,b7ee0371-dba9-4cb1-8fea-939ad81a3aea
Standing palms-in shoulder press,Dumbbell Standing Palms In Press,0.7569,"The standing palms-in shoulder press is a dumbbell exercise targeting the shoulders. It can be performed in strength-focused rep ranges, such as 5-8 reps per set, or for higher reps to build muscle or for conditioning.",Strength,Shoulders,shoulders,Dumbbell,Intermediate,,https://fitnessprogramer.com/wp-content/uploads/2021/09/Dumbbell-Standing-Palms-In-Press.gif,7df055a2-9171-4758-9ac4-20399283c0ba,d47c32be-1913-4330-803b-c3792d082d3b
Seated Dumbbell Press,Dumbbell Seated Cuban Press,0.6956,"The seated dumbbell shoulder pressis an exercise for building muscle and strengthening the shoulders, particularly but not exclusively the front heads. The triceps also assist. Some lifters feel that using dumbbells versus a barbell reduced injury risk.",Strength,Shoulders,shoulders,Dumbbell,Intermediate,,https://fitnessprogramer.com/wp-content/uploads/2022/02/Dumbbell-Seated-Cuban-Press.gif,13e03d4b-bd1a-4054-a6f6-bc80dc7f3189,758fc615-a852-4f59-96e5-8949cd3adfa6
Single-dumbbell front raise,Seated Dumbbell Front Raise,0.7215,"The single-dumbbell front raise is an isolation movement that targets the shoulders. In particular, it focuses on the anterior or front head of the deltoid muscles. By performing it with one dumbbell at a time, you can focus on each shoulder muscle independently and try to address muscular imbalances between shoulders. This movement is usually performed for moderate to high reps, at least 8-12 reps per set, as part of an upper-body or shoulder-focused workout.",Strength,Shoulders,shoulders,Dumbbell,Intermediate,,https://fitnessprogramer.com/wp-content/uploads/2021/10/seated-dumbbell-front-raise.gif,c71fb532-3553-49c9-8e0d-0309d3657b7c,16c6bcd5-057f-40bf-90d0-c7143ee19d15
Side Lateral Raise,Incline Dumbbell Side Lateral Raise,0.7679,"The dumbbell lateral raise is an upper body isolation exercise for building shoulder strength and muscle. It's a staple strength training move and is a great option for accessory work on upper body training days. This exercise particularly focuses on the lateral or medial head of the deltoid, making them appear wider and more developed.",Strength,Shoulders,shoulders,Dumbbell,Intermediate,,https://fitnessprogramer.com/wp-content/uploads/2021/06/Incline-Dumbbell-Side-Lateral-Raise.gif,8ccd898b-fa39-4157-81c4-c8a5a788f8ff,71b267db-1d01-4fb5-bbfc-d7f8ab3c123b
Single-arm incline lateral raise,Incline Dumbbell Side Lateral Raise,0.7405,"The single-arm incline lateral raise is an exercise targeting the lateral or medial head of the shoulder muscles. It is performed lying sideways on an incline bench set to around 45 degrees, which helps to increase the range of motion in the lift and enforce strict form. Because it targets such small muscles, this exercise is usually performed with light weight for high reps, such as 8-12 reps per set or more.",Strength,Shoulders,shoulders,Dumbbell,Intermediate,,https://fitnessprogramer.com/wp-content/uploads/2021/06/Incline-Dumbbell-Side-Lateral-Raise.gif,fbd1f3ba-6ab7-4de1-a746-cf681d06e105,71b267db-1d01-4fb5-bbfc-d7f8ab3c123b
Seated rear delt fly,Cable Rear Delt Fly,0.7549,"The seated rear delt fly is an upper-body exercise that targets the real deltoid of the shoulder. By performing the movement seated, it eliminates momentum from the rest of the body. This movement is usually performed for moderate to high reps, such as 8-12 reps per set or more, as part of the upper-body or shoulder-focused portion of a workout.",Strength,Shoulders,shoulders,Dumbbell,Intermediate,,https://fitnessprogramer.com/wp-content/uploads/2021/02/cable-rear-delt-fly.gif,62da32bb-5f16-4173-bcf0-b24f36ed1d50,5744718f-2277-4072-a9e8-d079d3c8bd73
Seated Side Lateral Raise,Seated Rear Lateral Dumbbell Raise,0.7544,"The seated dumbbell lateral raiseis an iconic exercise for developing the shoulders. If you’ve ever worked out with weights, chances are you’ve done this move at some point. Proper execution is paramount to avoid injury.",Strength,Shoulders,shoulders,Dumbbell,Intermediate,,https://fitnessprogramer.com/wp-content/uploads/2021/02/Seated-Rear-Lateral-Dumbbell-Raise.gif,c3e70bd4-e926-4ebc-b746-897658461476,18d874ae-95b0-4d14-b3a9-d5ca8005abb5
Dumbbell Incline Shoulder Raise,Dumbbell Incline T-Raise,0.7767,No description available,Strength,Shoulders,shoulders,Dumbbell,Beginner,,https://fitnessprogramer.com/wp-content/uploads/2021/09/Dumbbell-Incline-T-Raise.gif,5925b088-0779-4311-bfad-9b9f009c3a24,706b314d-76c2-48f9-97db-e752c894d44d
Single-arm half-kneeling shoulder press,Kneeling Cable Shoulder Press,0.7429,"The single-arm half-kneeling shoulder press is a popular exercise to target the deltoid muscles while also developing strength and stability in the core and hips. Balance can be a challenge, which is one reason why this movement is generally trained lighter than standing single-arm shoulder presses. The half-kneeling press can be used as an accessory lift for the shoulder press or bench press, or simply as a technique to make shoulder presses stricter and more athletic.",Strength,Shoulders,shoulders,Dumbbell,Intermediate,,https://fitnessprogramer.com/wp-content/uploads/2022/02/Kneeling-Cable-Shoulder-Press.gif,b01f17f0-7e41-4132-b494-7acdef3bf70f,6cfbc2f2-4c48-4ae2-9104-037d7675e3b4
Dumbbell Clean And Jerk,Kettlebell Clean and Jerk,0.7672,No description available,Strength,Shoulders,shoulders,Dumbbell,Beginner,,https://fitnessprogramer.com/wp-content/uploads/2021/06/Kettlebell-Clean-and-Jerk.gif,fcfc2580-7abc-4cee-99c6-abee0a71f3d1,333eb782-0876-47b1-bfc3-4bdee70ba0f4
Dumbbell Fix Dumbbell Single-Arm Snatch,One Arm Dumbbell Snatch,0.744,No description available,Strength,Shoulders,full-body,Dumbbell,Intermediate,,https://fitnessprogramer.com/wp-content/uploads/2021/05/One-Arm-Dumbbell-Snatch.gif,c0eaf992-5a0e-4536-8c6a-16e740caa461,2f3af7ff-9c32-4f58-b766-c61e8637206c
FYR Dumbbell front raise to lateral raise,Band Front Lateral Raise,0.7727,The dumbbell front raise to lateral raise combines two exercises that build and strengthen the middle deltoids and the anterior deltoids of the shoulders.,Strength,Shoulders,shoulders,Dumbbell,Intermediate,,https://fitnessprogramer.com/wp-content/uploads/2022/07/Band-Front-Lateral-Raise.gif,059924f8-a96e-41ca-9fb4-b84ce82a24db,b7ee0371-dba9-4cb1-8fea-939ad81a3aea
FYR Dumbbell Arnold Press,Half Arnold Press,0.7155,"Named after the iconic bodybuilder/movie star, the Arnold press adds rotation to a classic shoulder press, hitting all three heads of the deltoids in one motion.",Strength,Shoulders,shoulders,Dumbbell,Intermediate,,https://fitnessprogramer.com/wp-content/uploads/2021/10/Half-Arnold-Press.gif,3faad07c-9213-434e-9682-d97ca9d50510,d63dd4d1-f5b1-420a-acc8-e3e59cb6e0cf
FYR Dumbbell Thruster,Barbell Thruster,0.7311,"The dumbbell thruster, which begins with a squat and ends with an overhead press, works the entire body at once in a single fluid motion. This exercise is often performed with kettlebells, but dumbbells work great, too.",Strength,Shoulders,shoulders,Dumbbell,Intermediate,,https://fitnessprogramer.com/wp-content/uploads/2022/10/thruster.gif,e80682c8-d4fe-4c4d-a149-f3eb4fc9f9ec,b70eac51-1723-41ea-a555-a09190ed7c0d
Dumbbell hang snatch,One Arm Dumbbell Snatch,0.7255,"The dumbbell hang snatch is an explosive exercise that builds full-body power and targets the muscles of the hips, back, and shoulders. Performing the movement from the hang position, rather than from the ground, emphasizes explosive hip and upper-body power. It can be performed for low reps with a focus on power and speed, or for higher reps to build muscle or as part of a metabolic conditioning circuit.",Strength,Shoulders,full-body,Dumbbell,Intermediate,,https://fitnessprogramer.com/wp-content/uploads/2021/05/One-Arm-Dumbbell-Snatch.gif,d2270909-e991-4e71-bd59-8cded34832d3,2f3af7ff-9c32-4f58-b766-c61e8637206c
Dumbbell clean and press,Barbell Clean and Press,0.779,"The dumbbell clean and press is a full-body movement that targets both the lower and upper body. The clean utilizes the muscles of the hips, legs, glutes, back, and biceps, while the press utilizes the shoulders and triceps. It can be trained in low to moderate reps for strength, or for higher reps, such as 8-12 reps per set or more, for muscle building or metabolic conditioning.",Strength,Shoulders,shoulders,Dumbbell,Intermediate,,https://fitnessprogramer.com/wp-content/uploads/2021/04/Barbell-Clean-and-Press-.gif,3bc9c237-4e19-447a-a104-d89414758417,2f3ffb1c-0668-409c-970e-b54f7d7ec2b0
Incline Front Dumbbell Raise - Gethin Variation,Dumbbell Incline T-Raise,0.7222,The incline dumbbell front raise is an isolation exercise targeting the shoulders,Strength,Shoulders,shoulders,Dumbbell,Intermediate,,https://fitnessprogramer.com/wp-content/uploads/2021/09/Dumbbell-Incline-T-Raise.gif,c2ee7a39-9a1a-4382-a483-cc75991271a3,706b314d-76c2-48f9-97db-e752c894d44d
Dumbbell front raise and press,Seated Dumbbell Front Raise,0.7126,"The dumbbell front raise and press combines two upper-body moves into one challenging sequence targeting the deltoid muscles. It's a simple way to boost your heart rate while getting a good upper-body pump, and is a natural fit in time-efficient upper-body or circuit training.",Strength,Shoulders,shoulders,Dumbbell,Intermediate,,https://fitnessprogramer.com/wp-content/uploads/2021/10/seated-dumbbell-front-raise.gif,a496b53e-55ad-4508-b505-b10725ec0519,16c6bcd5-057f-40bf-90d0-c7143ee19d15
Rotator cuff warm-up,Rotator Cuff Stretch,0.7827,"The rotator cuff warm-up is a simple exercise targeting the rotator cuffs through weighted shoulder external rotation. It's a classic way to warm up the shoulder prior to sports or training, as well as a common rehab movement. The rotator cuffs are a notorious injury-prone structure in the shoulders of Major League pitchers and other athletes. This is a movement most commonly done for moderate to high reps, such as 8-12 reps or more per set.",Strength,Shoulders,shoulders,Dumbbell,Intermediate,,https://fitnessprogramer.com/wp-content/uploads/2022/02/Rotator-Cuff-Stretch.gif,5ca0245c-12d4-4f5a-9826-45c08df98cb1,e8ea369b-d59d-4826-8a38-d8eeb5b6860b
Seated Lateral Raise - Gethin Variation,Seated Rear Lateral Dumbbell Raise,0.7034,"The seated dumbbell lateral raiseis an iconic exercise for developing the shoulders. If you’ve ever worked out with weights, chances are you’ve done this move at some point. Proper execution is paramount to avoid injury.",Strength,Shoulders,shoulders,Dumbbell,Intermediate,,https://fitnessprogramer.com/wp-content/uploads/2021/02/Seated-Rear-Lateral-Dumbbell-Raise.gif,6495591c-1ec2-4953-b803-95349b3b7fb0,18d874ae-95b0-4d14-b3a9-d5ca8005abb5
HM Bent-Over Rear-Delt Fly,Bent Over Rear Delt Fly | Gymstick,0.7223,No description available,Strength,Shoulders,trapezius,Dumbbell,Intermediate,,https://fitnessprogramer.com/wp-content/uploads/2022/05/Bent-Over-Rear-Delt-Fly-Gymstick.gif,53286ea9-2893-4416-a11b-16430bb60ca1,1c993a4b-2db2-4adb-a810-52f6a9ce814f
AM Dumbbell Side Raise,Dumbbell Raise,0.766,"The dumbbell lateral raise is an upper body isolation exercise for building shoulder strength and muscle. It's a staple strength training move and is a great option for accessory work on upper body training days. This exercise particularly focuses on the lateral or medial head of the deltoid, making them appear wider and more developed.",Strength,Shoulders,shoulders,Dumbbell,Intermediate,,https://fitnessprogramer.com/wp-content/uploads/2021/04/Dumbbell-Raise.gif,fab16cef-f418-4eca-b412-069793931592,ea4a4d10-0692-48ec-ab4d-32f848726548
Dumbbell clean and push-press,Barbell Clean and Press,0.7214,"The dumbbell clean and push-press is a full-body movement that targets both the lower and upper body. The clean utilizes the muscles of the hips, legs, glutes, back, and biceps, while the push-press utilizes the shoulders and triceps. It differs from the clean and press in that the push-press allows you to use lower-body momentum to power through the most difficult part of the press. It can be trained in low to moderate reps for strength, or for higher reps, such as 8-12 reps per set or more, for muscle building or metabolic conditioning.",Strength,Shoulders,shoulders,Dumbbell,Intermediate,,https://fitnessprogramer.com/wp-content/uploads/2021/04/Barbell-Clean-and-Press-.gif,88c9c1b1-0517-4126-a000-08f4265a8f04,2f3ffb1c-0668-409c-970e-b54f7d7ec2b0
King Maker Dumbbell Shrug,Dumbbell Shrug,0.6844,"The standing dumbbell shrug is a popular movement to build and strengthen the trapezius muscles. It’s a often trained on a bodybuilding-style shoulder or back training day, but can also work well in full-body or strength-focused training.",Strength,Shoulders,trapezius,Dumbbell,Intermediate,,https://fitnessprogramer.com/wp-content/uploads/2021/04/Dumbbell-Shrug.gif,457a813e-a979-4229-930b-9de0dcdae9ee,7f955f2e-f06f-4fbd-9f15-4f0990d7dcbf
30 Shoulders Bent-Over Dumbbell Reverse Fly,Bent Over Reverse Cable Fly,0.683,No description available,Strength,Shoulders,shoulders,Dumbbell,Intermediate,,https://fitnessprogramer.com/wp-content/uploads/2021/04/bent-over-reverse-cable-fly.gif,1da99e47-6879-432d-9d72-b87907c777dd,135c8ea5-3651-4424-9de3-5d51be9d3c6f
30 Shoulders Dumbbell Shrug,Dumbbell Shrug,0.7638,No description available,Strength,Shoulders,trapezius,Dumbbell,Intermediate,,https://fitnessprogramer.com/wp-content/uploads/2021/04/Dumbbell-Shrug.gif,051eda69-9736-4662-8a33-362521fbeee5,7f955f2e-f06f-4fbd-9f15-4f0990d7dcbf
30 Shoulders Seated Dumbbell Front Raise,Seated Dumbbell Front Raise,0.8115,No description available,Strength,Shoulders,shoulders,Dumbbell,Intermediate,,https://fitnessprogramer.com/wp-content/uploads/2021/10/seated-dumbbell-front-raise.gif,c1999872-639d-4f90-95a1-cb35928ee2f0,16c6bcd5-057f-40bf-90d0-c7143ee19d15
MetaBurn Single-Leg Arnold Press,Single Arm Arnold Press,0.75,No description available,Strength,Shoulders,shoulders,Dumbbell,Intermediate,,https://fitnessprogramer.com/wp-content/uploads/2022/12/Single-Arm-Arnold-Press.gif,babbaf8a-4190-4ffe-9cdc-066d4f3dbb49,1cac241c-51c2-47e9-bfe8-0872a9905ee2
RG Forward-Leaning Dumbbell Upright Row,Dumbbell Forward Leaning Lunge,0.7645,No description available,Strength,Shoulders,leg,Dumbbell,Intermediate,,https://fitnessprogramer.com/wp-content/uploads/2022/09/dumbbell-forward-leaning-lunge.gif,a010c3bb-ed25-4b53-ac4c-7ca1158ed067,d96b80f3-55ec-434d-ab76-5ae2d9e5b1d8
RG Alternating Seated Dumbbell Lateral Raise,Alternate Dumbbell Lateral Raise,0.7534,No description available,Strength,Shoulders,shoulders,Dumbbell,Intermediate,,https://fitnessprogramer.com/wp-content/uploads/2022/12/Alternate-Dumbbell-Lateral-Raise.gif,d8def942-d288-4b69-a2b9-9338dbae7773,f90261df-04dc-4514-85c3-56cfebe312d3
FYR2 Dumbbell Clean and Jerk,Kettlebell Clean and Jerk,0.7008,No description available,Strength,Shoulders,shoulders,Dumbbell,Intermediate,,https://fitnessprogramer.com/wp-content/uploads/2021/06/Kettlebell-Clean-and-Jerk.gif,9091bbf7-9065-4213-bbe2-f245050418a2,333eb782-0876-47b1-bfc3-4bdee70ba0f4
FYR2 Dumbbell Front Raise,Seated Dumbbell Front Raise,0.735,No description available,Strength,Shoulders,shoulders,Dumbbell,Intermediate,,https://fitnessprogramer.com/wp-content/uploads/2021/10/seated-dumbbell-front-raise.gif,8f765997-72a8-4941-bcac-238ca5794534,16c6bcd5-057f-40bf-90d0-c7143ee19d15
FYR2 Dumbbell Lateral Raise,Dumbbell 4 Way Lateral Raise,0.7367,No description available,Strength,Shoulders,shoulders,Dumbbell,Intermediate,,https://fitnessprogramer.com/wp-content/uploads/2022/02/Dumbbell-4-Ways-Lateral-Raise.gif,160f5c52-a9c4-4193-a30f-bb16e2f30ca2,e6feac33-1ef0-40b8-a22e-be00c01a6fd2
Bar shoulder extension stretch,Banded Shoulder Extension,0.7119,The bar shoulder extension stretch is a technique to increase overhead mobility (known as shoulder flexion) and thoracic extension with the help of a bar or other stable object. It is often used as part of a warm-up before upper-body training.,Stretching,Shoulders,shoulders,Other,Beginner,,https://fitnessprogramer.com/wp-content/uploads/2023/06/Banded-Shoulder-Extension.gif,a8cd838d-17f1-46cd-9c30-f0068169c10e,1e23e1d8-c8dc-42cd-b1df-94a68ac673dd
Waiter's carry,Waiter Curl,0.7205,"The waiter's carry is a type of loaded carry that targets the core, shoulders, and upper back. A weight is raised overhead with a single arm before the lifter begins walking in that position. It resembles a waiter carrying a tray overhead—hence the name. It can be performed for time or distance.",Strength,Shoulders,biceps,Other,Intermediate,,https://fitnessprogramer.com/wp-content/uploads/2023/09/waiter-curl.gif,c343ad77-42d0-4a73-8920-a40ec082936b,ee8ea6c4-40ba-4787-b5ae-5527631a7522
Upright Row - Gethin Variation,Cable Upright Row,0.7034,The barbell upright row is a barbell exercise that builds stronger and bigger traps. Many lifters combine this move with either their back or shoulder workout since it involves both body parts.,Strength,Shoulders,trapezius,Other,Intermediate,,https://fitnessprogramer.com/wp-content/uploads/2021/02/Cable-Upright-Row.gif,1cdcbe41-fbb4-4e24-96ae-6e000eee7b4d,edf77333-39dc-4a94-8e6a-8ceb0b88eb06
Plate lateral raise,Lever Lateral Raise,0.693,"The plate lateral raise is an exercise targeting the side heads of the shoulder muscles or deltoids. It closely resembles the more popular dumbbell lateral raise, but is performed with light plates, making the movement slightly more difficult. It is usually performed for moderate to high reps as part of a shoulder or upper-body workout.",Strength,Shoulders,shoulders,Other,Intermediate,,https://fitnessprogramer.com/wp-content/uploads/2021/09/Lever-Lateral-Raise.gif,41ff6eef-e757-4738-9a5a-07c4667a9517,bb7532e7-4072-4b58-a913-c80c64fc5069
Standing Military Press - Gethin Variation,Standing Close Grip Military Press,0.7697,"The military press is a compound movement used to build size and strength in the shoulders. It was once contested as a fourth powerlift, but is rarely competed anymore. However, being able to press a significant weight overhead remains a popular marker of upper-body strength. The military press can be trained as a strength lift or in traditional muscle-building rep ranges as part of full-body, shoulder-focused, or upper-body training.",Strength,Shoulders,shoulders,Other,Intermediate,,https://fitnessprogramer.com/wp-content/uploads/2021/10/Standing-Barbell-Close-Grip-Military-Press.gif,4fdae551-fbd0-4e1f-91b0-97736ae3c1b0,401a29db-49ad-4667-a57d-5a0fb714dae7
Single-arm landmine press,Landmine Squat to Press,0.7494,"The single-arm landmine press is an upper-body exercise that uses an angled barbell anchored at floor level in a landmine device. It can also be performed by sticking a barbell in the corner of a room, preferably in a towel to protect the walls. The angle of a landmine press is usually somewhere between an incline press and a military press, and the movement focuses primarily on the muscles of the shoulders or deltoids. It can be trained in traditional muscle and strength-focused rep ranges or for higher reps.",Strength,Shoulders,full-body,Other,Intermediate,,https://fitnessprogramer.com/wp-content/uploads/2021/04/Landmine-Press.gif,8b71651c-3e55-4068-a70a-aca607cc076b,25600b09-9cde-45e7-9a91-bb198174d5ed
Single-arm landmine push-press,Landmine Squat to Press,0.7092,"The single-arm landmine push-press is an explosive upper-body exercise that uses an angled barbell anchored at floor level in a landmine device. It can also be performed by sticking a barbell in the corner of a room, preferably in a towel to protect the walls. The angle of a landmine press is usually somewhere between an incline press and a military press, and the movement focuses primarily on the muscles of the shoulders or deltoids. It can be trained in traditional muscle and strength-focused rep ranges or for higher reps.",Strength,Shoulders,full-body,Other,Intermediate,,https://fitnessprogramer.com/wp-content/uploads/2021/04/Landmine-Press.gif,bbeb532e-0314-4548-8c51-3d09e53d8447,25600b09-9cde-45e7-9a91-bb198174d5ed
Single-arm cable front raise,Two Arm Cable Front Raise,0.7415,"The single-arm cable front raise is an isolation exercise targeting the anterior and medial deltoids or shoulder muscles. The single-arm version of this movement allows you to focus on each side independently. Because grip will be a limitation, it is usually performed for moderate to high reps, at least 8-12 reps per set, as part of an upper-body or shoulder-focused workout.",Strength,Shoulders,shoulders,Cable,Intermediate,,https://fitnessprogramer.com/wp-content/uploads/2021/08/Two-Arm-Cable-Front-Raise.gif,dc55a91c-fbe0-4831-940c-cd6888eca2bb,fbe8bc0b-9ab3-4455-ae65-ccbd32bb7234
Seated face pull,Face Pull,0.8118,"The seated face pull is a cable exercise targeting the shoulder muscles, particularly the rear delts, and the muscles of the upper back. This can help build healthier shoulders and posture, and increase shoulder stability. It is usually performed for moderate to high reps as part of a dynamic warm-up for an upper-body workout or in the main part of a shoulder-focused workout.",Strength,Shoulders,shoulders,Cable,Intermediate,,https://fitnessprogramer.com/wp-content/uploads/2021/02/Face-Pull.gif,9887f520-1aee-4487-a7ea-ec9f64655c73,149d8fec-f067-4a12-b7fc-7f6402210f82
Single-arm bent-over cable rear delt fly,Cable Rear Delt Fly,0.7481,"The single-arm bent-over cable rear delt fly is an exercise targeting the rear deltoids. It is a great way to isolate this area of the shoulder and attack each side independently. It is usually performed for moderate to high reps, at least 8-12 reps per set, as part of an upper-body or shoulder-focused workout.",Strength,Shoulders,shoulders,Cable,Intermediate,,https://fitnessprogramer.com/wp-content/uploads/2021/02/cable-rear-delt-fly.gif,57061919-4bbf-4930-964b-8ca3d694b19b,5744718f-2277-4072-a9e8-d079d3c8bd73
Standing face pull,Face Pull,0.7664,"The standing face pull is an isolation exercise primarily targeting the rear deltoids, traps, and upper back. It is most often performed with a rope attachment.",Strength,Shoulders,shoulders,Cable,Intermediate,,https://fitnessprogramer.com/wp-content/uploads/2021/02/Face-Pull.gif,9fe15a9c-e25b-43fa-842c-5d11e210cc08,149d8fec-f067-4a12-b7fc-7f6402210f82
Standing cable rear delt row,Cable Rear Delt Fly,0.7096,"The standing cable rear delt row primarily targets the rear deltoids. This movement also hits the traps, rhomboids, and biceps. It is usually performed for moderate to high reps, at least 8-12 reps per set, as part of an upper-body or shoulder-focused workout.",Strength,Shoulders,shoulders,Cable,Intermediate,,https://fitnessprogramer.com/wp-content/uploads/2021/02/cable-rear-delt-fly.gif,481e91c9-8984-4b28-9c15-ddbdf04cb9b5,5744718f-2277-4072-a9e8-d079d3c8bd73
Cable Seated Lateral Raise,Seated Rear Lateral Dumbbell Raise,0.7525,No description available,Strength,Shoulders,shoulders,Cable,Intermediate,,https://fitnessprogramer.com/wp-content/uploads/2021/02/Seated-Rear-Lateral-Dumbbell-Raise.gif,e4e9d9bd-410e-45c6-a392-b9741ccd1783,18d874ae-95b0-4d14-b3a9-d5ca8005abb5
Single-arm cable lateral raise,Two Arm Cable Lateral Raise,0.7786,"The single-arm cable lateral raise is an isolation exercise targeting the shoulders, specifically the medial deltoid. This movement also hits the traps and upper back and allows you to focus on each side independently. Because grip is a limitation, it is usually performed for moderate to high reps, at least 8-12 reps per set, as part of an upper-body or shoulder-focused workout.",Strength,Shoulders,shoulders,Cable,Intermediate,,https://fitnessprogramer.com/wp-content/uploads/2021/04/Two-Arm-Cable-Lateral-Raise.gif,1bd9746d-6fc1-4d92-b0bd-94a797dee1e1,b2c6b8f6-0393-4980-8dff-e72b878a089e
AA Cable Leaning Side Raise,Leaning Cable Lateral Raise,0.7167,No description available,Strength,Shoulders,shoulders,Cable,Intermediate,,https://fitnessprogramer.com/wp-content/uploads/2021/09/Leaning-Cable-Lateral-Raise.gif,e35d99f6-a4b6-43c2-96a4-e21ca75cfd3d,66d65609-ee3e-4cf3-9882-0f72abb10caf
30 Shoulders Bent-Over Low Cable Reverse Fly,Bent Over Reverse Cable Fly,0.7848,No description available,Strength,Shoulders,shoulders,Cable,Intermediate,,https://fitnessprogramer.com/wp-content/uploads/2021/04/bent-over-reverse-cable-fly.gif,a717139c-29b3-4d9c-8b0f-be13f7c4e207,135c8ea5-3651-4424-9de3-5d51be9d3c6f
30 Shoulders Cable Straight-Bar Upright Row,Cable Upright Row,0.7019,No description available,Strength,Shoulders,trapezius,Cable,Intermediate,,https://fitnessprogramer.com/wp-content/uploads/2021/02/Cable-Upright-Row.gif,976d8f88-2c37-415f-bd24-700709141e0f,edf77333-39dc-4a94-8e6a-8ceb0b88eb06
30 Shoulders Single-Arm Bent-Over Cable Reverse Fly,Bent Over Reverse Cable Fly,0.754,No description available,Strength,Shoulders,shoulders,Cable,Intermediate,,https://fitnessprogramer.com/wp-content/uploads/2021/04/bent-over-reverse-cable-fly.gif,782f910f-4543-4b74-964b-0397e6568ab9,135c8ea5-3651-4424-9de3-5d51be9d3c6f
30 Shoulders Single-Arm Leaning Cable Lateral Raise,Leaning Cable Lateral Raise,0.8073,No description available,Strength,Shoulders,shoulders,Cable,Intermediate,,https://fitnessprogramer.com/wp-content/uploads/2021/09/Leaning-Cable-Lateral-Raise.gif,791d8736-19cf-4f78-b825-5bf6214ed73c,66d65609-ee3e-4cf3-9882-0f72abb10caf
RG 3-Way Single-Arm Rear Delt Cable Fly,Cable Rear Delt Fly,0.7009,No description available,Strength,Shoulders,shoulders,Cable,Intermediate,,https://fitnessprogramer.com/wp-content/uploads/2021/02/cable-rear-delt-fly.gif,f3c737ad-d724-4fb5-93d6-903ba4658b80,5744718f-2277-4072-a9e8-d079d3c8bd73
30 Shoulders Leg Press Shoulder Press,Lying Shoulder Press,0.8033,No description available,Strength,Shoulders,shoulders,Machine,Intermediate,,https://fitnessprogramer.com/wp-content/uploads/2021/09/Lying-Shoulder-Press.gif,9dd1c682-eec6-414d-a426-a5ee6b70cb6d,fd54ec17-57dc-4621-8462-60cb4b2289b5
30 Shoulders Machine Shoulder Press,Lying Shoulder Press,0.7293,No description available,Strength,Shoulders,shoulders,Machine,Intermediate,,https://fitnessprogramer.com/wp-content/uploads/2021/09/Lying-Shoulder-Press.gif,1b887627-6eea-4916-943b-d5821d7cd545,fd54ec17-57dc-4621-8462-60cb4b2289b5
30 Shoulders Pec-Deck Reverse Fly,Pec Deck Fly,0.7162,No description available,Strength,Shoulders,chest,Machine,Intermediate,,https://fitnessprogramer.com/wp-content/uploads/2021/02/Pec-Deck-Fly.gif,c3d4e28e-ca37-43c5-b879-a6ee5913bf24,928619cc-9e3e-4e51-8fad-260ce961bc24
Upward Stretch,Dumbbell Upward Fly,0.7051,No description available,Stretching,Shoulders,chest,Body Only,Intermediate,,https://fitnessprogramer.com/wp-content/uploads/2021/10/Dumbbell-Upward-Fly.gif,c50aa715-1715-446d-9fec-65b86b806ad3,97096c42-5202-4ef6-ab5f-9de2ae74c7b3
Shoulder T,Lying Shoulder Press,0.6857,"The bent-over plate rear delt raise is an exercise targeting the rear heads of the shoulders, aka deltoids. You can also use dumbbells or other light weights for a similar effect. This movement is usually performed as part of a dynamic warm-up, or as a high-rep burnout movement on a shoulder or back day.",Stretching,Shoulders,shoulders,Body Only,Intermediate,,https://fitnessprogramer.com/wp-content/uploads/2021/09/Lying-Shoulder-Press.gif,5c135416-712a-4fe7-bf77-8721e364e4b4,fd54ec17-57dc-4621-8462-60cb4b2289b5
HM Shoulder Stretch,Towel Shoulder Stretch,0.7635,No description available,Stretching,Shoulders,shoulders,Body Only,Intermediate,,https://fitnessprogramer.com/wp-content/uploads/2021/10/Stretch-With-Towel.gif,058b4db9-cc17-4d11-b946-835f103d9c0b,1a572294-0132-4cbf-b25f-f5da09fcbd33
Shoulder extension stretch,Banded Shoulder Extension,0.734,"The shoulder extension stretch is focused on bringing more flexibility to the shoulder joint. It increases range of motion in shoulder extension, or moving the arms behind the back. It can be performed as part of a warm-up or mobility and flexibility work post-workout or anytime.",Strength,Shoulders,shoulders,Body Only,Intermediate,,https://fitnessprogramer.com/wp-content/uploads/2023/06/Banded-Shoulder-Extension.gif,4e4d026a-a3c4-4034-9542-4ccec4370e98,1e23e1d8-c8dc-42cd-b1df-94a68ac673dd
Medicine ball scoop throw,Medicine Ball-Sit-up Throw,0.6986,"The medicine ball scoop throw is an explosive exercise targeting the abdominals and hips. It can be performed for lower reps with a focus on power or for higher reps with a focus on fat loss and conditioning. It begins in a semi-squat position holding a medicine ball, which then gets ""scooped"" up and thrown overhead in one continuous movement.",Plyometrics,Shoulders,full-body,Medicine Ball,Intermediate,,https://fitnessprogramer.com/wp-content/uploads/2023/01/Medicine-Ball-Sit-up-Throw.gif,7534287a-a29a-4efd-98d4-2f2628a1a998,0d2a5025-9955-4bfa-bee8-fcb39f795da8
Incline face-down bar front raise,Ez-Bar Incline Front Raise,0.7385,"The incline face-down bar front raise is an upper-body exercise targeting the shoulders. Because it is performed face down on an angled bench, it has a greater range of motion than standing or upright-seated raises and hits the shoulders from a different angle. Raise variations are usually performed for moderate to high reps, such as 8-12 reps per set or more, as part of upper-body or shoulder-focused training.",Strength,Shoulders,shoulders,E-Z Curl Bar,Intermediate,,https://fitnessprogramer.com/wp-content/uploads/2021/09/Incline-Front-Raise.gif,79eebeb7-ad7b-4f1f-8958-be8b8148e7ba,74eab0c1-0a99-4cc6-8736-d77ea2ff025d
Band skullcrusher,Band Skull Crusher,0.7728,The band skullcrusher is a variation of the popular bench exercise targeting the triceps muscles. It is usually performed for moderate to high reps as part of an upper-body or arm-focused workout.,Strength,Triceps,triceps,Bands,Intermediate,,https://fitnessprogramer.com/wp-content/uploads/2022/02/Band-Skull-Crusher.gif,be9a9ea5-8916-426b-b4dd-31e67ff138b4,e6570efd-a21b-41b8-9b93-ab46df2c208a
Standing barbell overhead triceps extension,Seated EZ-Bar Overhead Triceps Extension,0.7244,"The standing barbell overhead triceps extension is an isolation movement targeting the triceps. The overhead position targets the long head of the triceps in particular. This movement is generally performed for moderate to high reps as part of the arms-focused portion of a workout. If holding a straight bar bothers the wrists or elbows, it can alternately be performed with an EZ-bar or neutral-grip bar.",Strength,Triceps,triceps,Barbell,Intermediate,,https://fitnessprogramer.com/wp-content/uploads/2021/06/Seated-EZ-Bar-Overhead-Triceps-Extension.gif,1a42a8e4-42a2-432f-a80b-2f62cb80a4b3,1dcc6265-6ce5-474d-ac78-841a5b8b0062
Reverse Band Bench Press,Wide-Grip Reverse Bench Press,0.7132,No description available,Powerlifting,Triceps,chest,Barbell,Beginner,,https://fitnessprogramer.com/wp-content/uploads/2022/10/Wide-Grip-Reverse-Bench-Press.gif,3d679815-59cd-464e-82c0-9c2605c97bf0,91ab2d2b-47ab-4b71-b875-e710a86a6592
Decline Barbell Triceps Extension - Gethin Variation,Lying Barbell Triceps Extension,0.6863,The decline EZ-bar skullcrusher is an upper body isolation exercise targeting the triceps.,Strength,Triceps,triceps,Barbell,Intermediate,,https://fitnessprogramer.com/wp-content/uploads/2021/02/Barbell-Triceps-Extension.gif,f906e261-609f-4485-bed4-45155afd3692,ac363e32-7b91-4758-875b-2d62a8e2a0c8
AM Skullcrusher,Barbell Reverse Grip Skullcrusher,0.7533,"The EZ-bar skullcrusher is a popular exercise targeting the triceps muscles. The EZ-bar is used more often than a straight bar. As for the name, that’s worst-case scenario. The bar should actually come down behind the head. It is usually performed for moderate to high reps as part of an upper body or arms-focused workout. No need to chase a 1RM on this move!",Strength,Triceps,triceps,Barbell,Intermediate,,https://fitnessprogramer.com/wp-content/uploads/2022/02/Barbell-Reverse-Grip-Skullcrusher-1.gif,57ecf5ca-756e-41f0-a8b4-b85d583a8f91,8a39119a-8323-415d-92cb-b2cd46517e4b
30 Arms Close-Grip Bench Press,Close-Grip Reverse Bench Press,0.7402,No description available,Strength,Triceps,chest,Barbell,Intermediate,,https://fitnessprogramer.com/wp-content/uploads/2022/02/Barbell-Reverse-Close-grip-Bench-Press.gif,14c35c74-5f51-4367-9126-407c99c8738d,ee5c4741-a710-40f3-a7d6-64b06ce5f31e
30 Arms Barbell Skullcrusher,Barbell Reverse Grip Skullcrusher,0.7811,No description available,Strength,Triceps,triceps,Barbell,Intermediate,,https://fitnessprogramer.com/wp-content/uploads/2022/02/Barbell-Reverse-Grip-Skullcrusher-1.gif,15e1008d-b426-4ad0-b255-e40edeac8b8b,8a39119a-8323-415d-92cb-b2cd46517e4b
Dumbbell skullcrusher,Dumbbell Skull Crusher,0.7827,"The dumbbell skullcrusher is a triceps exercise that has been a staple of bodybuilders for decades. Skullcrushers are usually performed for moderate to high reps, such as 8-12 reps per set or more, as part of an upper-body or arm-focused workout.",Strength,Triceps,triceps,Dumbbell,Intermediate,,https://fitnessprogramer.com/wp-content/uploads/2021/06/Dumbbell-Skull-Crusher.gif,b716f7c2-26bf-4f9b-a6a6-70f572a15fe5,8c7c4324-bb83-4829-8296-808581149a63
Seated Bent-Over Two-Arm Dumbbell Triceps Extension,Seated Dumbbell Triceps Extension,0.8042,No description available,Strength,Triceps,triceps,Dumbbell,Beginner,,https://fitnessprogramer.com/wp-content/uploads/2021/06/Seated-Dumbbell-Triceps-Extension.gif,ab38bba8-3d75-45bc-a42c-9b62f2cc8388,ef4b5448-d6bd-4e18-a061-5199cfefed95
Dumbbell Tricep Extension -Pronated Grip,Dumbbell Triceps Extension,0.7109,No description available,Strength,Triceps,triceps,Dumbbell,Beginner,,https://fitnessprogramer.com/wp-content/uploads/2021/02/Dumbbell-Triceps-Extension.gif,36b1cc31-7a00-46d1-ad5b-f83f60cd8f9c,fa65da29-6a59-4b37-bcd7-ee9e044af5bb
V-sit with overhead triceps extension,Seated EZ-Bar Overhead Triceps Extension,0.7548,"The V-sit with overhead triceps extension is a hybrid movement that trains the abdominal and triceps muscles simultaneously. It can address multiple muscle groups in a time-efficient muscle-building or circuit-style workout, while also providing a cardiovascular challenge.",Strength,Triceps,triceps,Dumbbell,Intermediate,,https://fitnessprogramer.com/wp-content/uploads/2021/06/Seated-EZ-Bar-Overhead-Triceps-Extension.gif,74dda746-2cef-4a64-bf36-2e00bc8f380b,1dcc6265-6ce5-474d-ac78-841a5b8b0062
Single-arm dumbbell skullcrusher,Dumbbell Skull Crusher,0.706,"The single-arm dumbbell skullcrusher is a triceps exercise that has been a staple of bodybuilders for decades. Skullcrushers are usually performed for moderate to high reps, such as 8-12 reps per set or more, as part of an upper-body or arms-focused workout.",Strength,Triceps,triceps,Dumbbell,Intermediate,,https://fitnessprogramer.com/wp-content/uploads/2021/06/Dumbbell-Skull-Crusher.gif,08167479-db2c-4dba-b80c-696b7253d375,8c7c4324-bb83-4829-8296-808581149a63
Incline dumbbell overhead triceps extension,Incline EZ-Bar Triceps Extension,0.7311,The incline dumbbell overhead triceps extension is a popular exercise targeting the triceps muscles. The incline angle helps to target the long head of the triceps in particular. This exercise is usually performed for moderate to high reps as part of an upper-body or arm-focused workout.,Strength,Triceps,triceps,Dumbbell,Intermediate,,https://fitnessprogramer.com/wp-content/uploads/2021/08/EZ-Barbell-Incline-Triceps-Extension.gif,a671eacd-0f35-4438-b0ea-d3a899333cee,78e6f6f0-5c5c-412f-806d-485429343424
FYR2 Single-Dumbbell Triceps Extension,Seated Dumbbell Triceps Extension,0.7385,No description available,Strength,Triceps,triceps,Dumbbell,Intermediate,,https://fitnessprogramer.com/wp-content/uploads/2021/06/Seated-Dumbbell-Triceps-Extension.gif,300e1830-2c60-4df9-9511-b0f9c59bad8e,ef4b5448-d6bd-4e18-a061-5199cfefed95
30 Arms Overhead Dumbbell Triceps Extension,Seated EZ-Bar Overhead Triceps Extension,0.721,No description available,Strength,Triceps,triceps,Dumbbell,Intermediate,,https://fitnessprogramer.com/wp-content/uploads/2021/06/Seated-EZ-Bar-Overhead-Triceps-Extension.gif,9d3d630c-f493-43fc-9e62-2c4761af5a07,1dcc6265-6ce5-474d-ac78-841a5b8b0062
30 Arms Dumbbell Skullcrusher,Dumbbell Skull Crusher,0.7113,No description available,Strength,Triceps,triceps,Dumbbell,Intermediate,,https://fitnessprogramer.com/wp-content/uploads/2021/06/Dumbbell-Skull-Crusher.gif,2309b84c-d2e6-430f-ba8d-97cd46f62075,8c7c4324-bb83-4829-8296-808581149a63
Sled Overhead Triceps Extension,Seated EZ-Bar Overhead Triceps Extension,0.7483,No description available,Strength,Triceps,triceps,Other,Beginner,,https://fitnessprogramer.com/wp-content/uploads/2021/06/Seated-EZ-Bar-Overhead-Triceps-Extension.gif,ccdda0ac-02dd-40c5-a570-705415235fa2,1dcc6265-6ce5-474d-ac78-841a5b8b0062
Machine triceps extension-,Exercise Ball Triceps Extension,0.7592,"The machine triceps extension is a popular exercise to build size and strength in the triceps muscles. It approximates the motion of a free-weight skullcrusher, but uses a selectorized weight-stack or plate-loaded machine. Machine triceps extensions are often done for moderate to high reps, such as 8-12 reps per set or more, as part of the upper-body or arm-focused portion of a workout.",Strength,Triceps,triceps,Other,Intermediate,,https://fitnessprogramer.com/wp-content/uploads/2021/08/Exercise-Ball-Supine-Triceps-Extension.gif,cab75164-3e67-4c5f-ab2f-d8e79b05e2c3,f7741646-5f3f-4da4-b335-50cdc187bb19
Cable V-bar push-down,Push-down,0.7207,"The cable V-bar push-down is a popular gym exercise for targeting the triceps. It utilizes an angled bar, which can allow you to move heavier weights more comfortably than a straight bar or rope. It is usually performed for moderate to high reps, such as 8-12 reps or more per set, as part of an upper-body or arm-focused workout.",Strength,Triceps,triceps,Cable,Intermediate,,https://fitnessprogramer.com/wp-content/uploads/2021/02/Pushdown.gif,3d12170b-db91-4864-a538-e639195f52bc,87a5b0c9-536a-45d6-8406-06cada37bc29
Single-arm cable triceps extension,Cable Lying Triceps Extension,0.778,"The single-arm cable triceps extension is a single-joint isolation exercise for building the triceps. It involves driving a handle attached to a cable stack overhead to full extension. It is usually performed for moderate to high reps, such as 8-12 reps per set or more, as part of an upper-body or arm-focused workout.",Strength,Triceps,triceps,Cable,Intermediate,,https://fitnessprogramer.com/wp-content/uploads/2022/02/Cable-Lying-Triceps-Extension.gif,82a1ca5c-a30b-4e77-9390-7ab4e844701a,4e26d69e-8a1c-4c9d-a906-5e0708095173
Low cable overhead triceps extension,Seated EZ-Bar Overhead Triceps Extension,0.7558,"The low cable overhead triceps extension is a single-joint isolation exercise for building the triceps. It involves lying on a bench and then driving the rope handle to full extension. It is usually performed for moderate to high reps, such as 8-12 reps per set or more, as part of an upper-body or arm-focused workout.",Strength,Triceps,triceps,Cable,Intermediate,,https://fitnessprogramer.com/wp-content/uploads/2021/06/Seated-EZ-Bar-Overhead-Triceps-Extension.gif,45c9486b-05df-4005-b551-a951eadfb5ab,1dcc6265-6ce5-474d-ac78-841a5b8b0062
Single-arm low cable triceps extension,Cable Lying Triceps Extension,0.7311,"The single-arm low cable triceps extension is a single-joint isolation exercise for building the triceps. It involves driving a handle attached to a cable stack overhead to full extension. It is usually performed for moderate to high reps, such as 8-12 reps per set or more, as part of an upper-body or arm-focused workout.",Strength,Triceps,triceps,Cable,Intermediate,,https://fitnessprogramer.com/wp-content/uploads/2022/02/Cable-Lying-Triceps-Extension.gif,31c72b53-e58b-4272-a5e3-48b522943488,4e26d69e-8a1c-4c9d-a906-5e0708095173
Incline cable straight-bar triceps extension,Incline EZ-Bar Triceps Extension,0.7857,"The incline cable straight-bar triceps extension is a single-joint arm exercise performed on an incline bench. This incline position offers a great stretch and range of motion, potentially targeting the long head of the triceps more than some other triceps exercises. It is usually performed for moderate to high reps as part of the arm-focused portion of a workout.",Strength,Triceps,triceps,Cable,Intermediate,,https://fitnessprogramer.com/wp-content/uploads/2021/08/EZ-Barbell-Incline-Triceps-Extension.gif,aa1646af-c0ba-4be4-ad0d-fbf1eee687cd,78e6f6f0-5c5c-412f-806d-485429343424
Cable Overhead Triceps Extension - Gethin Variation,Seated EZ-Bar Overhead Triceps Extension,0.7222,The overhead triceps extension is an isolation exercise that is performed with a cable. It is usually performed for moderate to high reps as part of the arm-focused portion of a workout.,Strength,Triceps,triceps,Cable,Intermediate,,https://fitnessprogramer.com/wp-content/uploads/2021/06/Seated-EZ-Bar-Overhead-Triceps-Extension.gif,eb0315d1-3a5f-4e2b-adb2-719e977b5940,1dcc6265-6ce5-474d-ac78-841a5b8b0062
Cable Triceps Extension - Gethin Variation,Cable Lying Triceps Extension,0.771,"The cable rope push-down is a popular exercise targeting the triceps muscles. It's easy to learn and perform, making it a favorite for everyone from beginners to advanced lifters. It is usually performed for moderate to high reps, such as 8-12 reps or more per set, as part of an upper-body or arm-focused workout.The cable rope push-down is a popular exercise targeting the triceps muscles. It's easy to learn and perform, making it a favorite for everyone from beginners to advanced lifters. It is usually performed for moderate to high reps, such as 8-12 reps or more per set, as part of an upper-body or arm-focused workout.",Strength,Triceps,triceps,Cable,Intermediate,,https://fitnessprogramer.com/wp-content/uploads/2022/02/Cable-Lying-Triceps-Extension.gif,843f31c1-07b6-4db6-ac99-32fdd473d204,4e26d69e-8a1c-4c9d-a906-5e0708095173
Single-arm incline triceps extension,Incline EZ-Bar Triceps Extension,0.8095,The single-arm incline triceps extension is a dumbbell exercise targeting the triceps. The incline angle helps to target the long head of the triceps in particular. This exercise is usually performed for moderate to high reps as part of an upper-body or arm-focused workout.,Strength,Triceps,triceps,Cable,Intermediate,,https://fitnessprogramer.com/wp-content/uploads/2021/08/EZ-Barbell-Incline-Triceps-Extension.gif,5a8a7b9b-7889-4e4e-bf4f-83baed297385,78e6f6f0-5c5c-412f-806d-485429343424
UP Rope Push-down,Push-down,0.7286,"The cable rope push-down is a popular exercise targeting the triceps muscles. It's easy to learn and perform, making it a favorite for everyone from beginners to advanced lifters. It is usually performed for moderate to high reps, such as 8-12 reps or more per set, as part of an upper-body or arm-focused workout.",Strength,Triceps,triceps,Cable,Intermediate,,https://fitnessprogramer.com/wp-content/uploads/2021/02/Pushdown.gif,8d0a3dae-fd5e-42d1-8054-63fcdc013711,87a5b0c9-536a-45d6-8406-06cada37bc29
LD Cable One-Arm Upright Row,Cable Upright Row,0.8025,No description available,Strength,Triceps,trapezius,Cable,Intermediate,,https://fitnessprogramer.com/wp-content/uploads/2021/02/Cable-Upright-Row.gif,81930df3-b181-4b16-8e75-530c3d89c44a,edf77333-39dc-4a94-8e6a-8ceb0b88eb06
30 Arms Single-Arm Reverse-Grip Cable Push-Down,Single Arm Reverse Grip Cable Bicep Curl,0.6831,No description available,Strength,Triceps,biceps,Cable,Intermediate,,https://fitnessprogramer.com/wp-content/uploads/2022/06/Single-Arm-Reverse-Grip-Cable-Bicep-Curl.gif,68f647c8-95c7-46ef-9742-7171f7ca16e8,d644b855-ecfa-4de1-a5c2-908356b012be
30 Arms Cable Rope Overhead Triceps Extension,Cable Rope Lying Tricep Extension,0.7169,No description available,Strength,Triceps,triceps,Cable,Intermediate,,https://fitnessprogramer.com/wp-content/uploads/2022/02/Cable-Rope-Lying-on-Floor-Tricep-Extension.gif,c1028bc5-8edc-4a52-8a31-b5da12214c0b,5e24754b-9555-40e0-9a83-cf8049cc9cb5
Overhead Machine Triceps Extension - Gethin Variation,Seated EZ-Bar Overhead Triceps Extension,0.6851,The machine triceps extension is an isolation exercise targeting the tricep muscles.,Strength,Triceps,triceps,Machine,Intermediate,,https://fitnessprogramer.com/wp-content/uploads/2021/06/Seated-EZ-Bar-Overhead-Triceps-Extension.gif,2372ffbf-ba2f-48d7-b769-ca5a242c5695,1dcc6265-6ce5-474d-ac78-841a5b8b0062
Triceps dip,Lever Triceps Dip,0.7948,"The triceps dip is a bodyweight exercise performed on parallel bars or on a pull-up and dip station. It targets the triceps first, but also stretches and strengthens the chest and shoulders. Dips with a triceps focus are usually performed with an upright torso, the knees bent and crossed, and the arms close to the body. Dips can be performed for low reps for strength or higher reps for muscle growth.",Strength,Triceps,triceps,Body Only,Intermediate,,https://fitnessprogramer.com/wp-content/uploads/2021/04/Lever-Overhand-Triceps-Dip.gif,796aa545-a02a-4a61-868d-7cdb3380af82,7329da09-f3e1-428a-a698-aa0710b50468
Ring dip,Ring Dips,0.7002,"The ring dip is an upper-body strength exercise performed on gymnastic rings. It targets the muscles of the chest, triceps, and shoulders, but is also quite taxing to the core. It is generally considered to be more difficult than dips performed on parallel bars. It is common in gymnastics training and CrossFit workouts, but is also a simple way to make dips more challenging for any strength athlete.",Strength,Triceps,full-body,Body Only,Intermediate,,https://fitnessprogramer.com/wp-content/uploads/2022/07/Ring-Dips.gif,57a2a6bf-5efb-419f-bcf2-d56c1b2605d4,661b66e9-beb1-40e3-bba2-c925b18e29af
Tricep Side Stretch,Standing Triceps Stretch,0.7091,No description available,Stretching,Triceps,triceps,Body Only,Intermediate,,https://fitnessprogramer.com/wp-content/uploads/2022/02/Triceps-Stretch.gif,f76b97bf-4c10-4758-bb06-95776171db6d,c23ba636-b2fa-4bc2-823c-36cb67605aed
Triceps Stretch,Standing Triceps Stretch,0.8009,No description available,Stretching,Triceps,triceps,Body Only,Intermediate,,https://fitnessprogramer.com/wp-content/uploads/2022/02/Triceps-Stretch.gif,abd85a7d-5322-4b84-9ff6-85c75228c971,c23ba636-b2fa-4bc2-823c-36cb67605aed
Bench Dips - Gethin Variation,Bench Dips,0.7926,"The bench dip is a highly effective exercise for building the triceps. The resistance comes from the body itself, rather than weight.",Strength,Triceps,triceps,Body Only,Intermediate,,https://fitnessprogramer.com/wp-content/uploads/2021/02/Bench-Dips.gif,9b0e9734-842d-42fc-b43a-8f7d4c426d12,74b48d10-06a9-43aa-bb07-90ed3aa44132
HM Chair Dip,Chair Dips,0.7407,No description available,Strength,Triceps,triceps,Body Only,Intermediate,,https://fitnessprogramer.com/wp-content/uploads/2021/04/CHAIR-DIPS.gif,ba034378-b40e-4f81-8cc6-d13b5ec05c7d,ba47be99-9bd7-4f48-bb63-32deb50b8497
30 Arms Close-Grip Push-Up,Close Grip Knee Push-up,0.7409,No description available,Strength,Triceps,chest,Body Only,Intermediate,,https://fitnessprogramer.com/wp-content/uploads/2022/07/Close-Grip-Knee-Push-up.gif,ce21a25e-84ad-4f70-90d5-1f08180b3a44,a694cce5-f679-4977-8533-787fda435656
Supine Chest Throw,Supine Medicine Ball Chest Throw,0.783,No description available,Plyometrics,Triceps,chest,Medicine Ball,Beginner,,https://fitnessprogramer.com/wp-content/uploads/2022/06/Supine-Medicine-Ball-Chest-Throw-exercise.gif,4db3cc26-656b-47c3-b2d2-98932020504e,2e85bbd1-4a7e-481a-879b-c5721c72e75c
EZ-Bar Skullcrusher,Barbell Reverse Grip Skullcrusher,0.7478,"The EZ-bar skullcrusher is a popular exercise targeting the triceps muscles. The EZ-bar is used more often than a straight bar. As for the name, that’s worst-case scenario. The bar should actually come down behind the head. It is usually performed for moderate to high reps as part of an upper body or arms-focused workout. No need to chase a 1RM on this move!",Strength,Triceps,triceps,E-Z Curl Bar,Intermediate,,https://fitnessprogramer.com/wp-content/uploads/2022/02/Barbell-Reverse-Grip-Skullcrusher-1.gif,1210a79a-1fb9-4037-bbd6-aa7800072f9b,8a39119a-8323-415d-92cb-b2cd46517e4b
EZ-bar skullcrusher-,Barbell Reverse Grip Skullcrusher,0.7478,"The EZ-bar skullcrusher is a popular exercise targeting the triceps muscles. Contrary to what the name implies, the bar should actually come down behind the head. It is usually performed for moderate to high reps as part of an upper-body or arms-focused workout.",Strength,Triceps,triceps,E-Z Curl Bar,Intermediate,,https://fitnessprogramer.com/wp-content/uploads/2022/02/Barbell-Reverse-Grip-Skullcrusher-1.gif,3b3948b8-2e95-4628-9794-2e9ddfbcd7b0,8a39119a-8323-415d-92cb-b2cd46517e4b
TBS Skullcrusher,Barbell Reverse Grip Skullcrusher,0.7163,"The EZ-bar skullcrusher is a popular exercise targeting the triceps muscles. The EZ-bar is used more often than a straight bar. As for the name, that’s worst-case scenario. The bar should actually come down behind the head. It is usually performed for moderate to high reps as part of an upper body or arms-focused workout. No need to chase a 1RM on this move!",Strength,Triceps,triceps,E-Z Curl Bar,Intermediate,,https://fitnessprogramer.com/wp-content/uploads/2022/02/Barbell-Reverse-Grip-Skullcrusher-1.gif,a8c4d89e-0e4e-4f48-a81d-e1afcff2994a,8a39119a-8323-415d-92cb-b2cd46517e4b
