id,title,body_part,gif_url,_norm
b42cda04-770e-45f7-ad57-eb9ced79d5e6,Navy Seal Burpee,full-body,https://fitnessprogramer.com/wp-content/uploads/2023/10/Navy-Seal-Burpee.gif,navy seal burpee
67ec3ca5-3fd7-44a3-b2a3-1909bf68e4aa,Dumbbell Push Press,full-body,https://fitnessprogramer.com/wp-content/uploads/2023/10/Dumbbell-Push-Press.gif,dumbbell push press
be02a9bc-b79e-45d9-9255-95f277d64b14,Dumbbell Sumo Deadlift,full-body,https://fitnessprogramer.com/wp-content/uploads/2023/09/dumbbell-sumo-deadlift.gif,dumbbell sumo deadlift
8e863510-cd7d-42b3-9f50-49999fad8562,Zercher Carry,full-body,https://fitnessprogramer.com/wp-content/uploads/2023/01/zercher-carry.gif,zercher carry
983d0880-6685-4eaf-9985-1e81e0fe9a91,Dumbbell Power Clean,full-body,https://fitnessprogramer.com/wp-content/uploads/2022/07/Dumbbell-Power-Clean.gif,dumbbell power clean
88fdc05c-ffdc-4a80-a436-52b99610340b,Dumbbell Devil Press,full-body,https://fitnessprogramer.com/wp-content/uploads/2022/07/Dumbbell-Devil-Press.gif,dumbbell devil press
333822d9-ee71-4b0f-b6b3-8041b27318a2,Ski Ergometer,full-body,https://fitnessprogramer.com/wp-content/uploads/2022/02/Ski-Ergometer.gif,ski ergometer
b09bbe56-d2d6-4500-b661-08f124905b04,Human Flag,full-body,https://fitnessprogramer.com/wp-content/uploads/2022/02/Human-Flag.gif,human flag
ba2ce6f7-d909-470f-b802-7ea68336fbe7,Tire Sledge Hammer,full-body,https://fitnessprogramer.com/wp-content/uploads/2022/02/Tire-SledgeHammer.gif,tire sledge hammer
c91121e8-cfce-4647-9e7a-080b4406f124,Barbell Snatch,full-body,https://fitnessprogramer.com/wp-content/uploads/2022/02/Barbell-Snatch.gif,barbell snatch
8925f552-48ec-4cd7-97fe-77d320717e69,Rowing Machine,full-body,https://fitnessprogramer.com/wp-content/uploads/2021/06/Rowing-Machine.gif,rowing machine
b7c3202e-6bd0-48d0-bf89-7b056b198995,Legless Rope Climb,full-body,https://fitnessprogramer.com/wp-content/uploads/2022/02/Rope-Climb.gif,legless rope climb
25600b09-9cde-45e7-9a91-bb198174d5ed,Landmine Squat to Press,full-body,https://fitnessprogramer.com/wp-content/uploads/2021/04/Landmine-Press.gif,landmine squat to press
db9fe718-0a62-4aeb-bc38-618d3c1c2b62,Impossible Dips,full-body,https://fitnessprogramer.com/wp-content/uploads/2022/01/Impossible-Dips.gif,impossible dips
a06aec69-d83a-4170-b4e1-404971192528,Korean Dips,full-body,https://fitnessprogramer.com/wp-content/uploads/2022/01/Korean-Dips.gif,korean dips
27e268e4-b829-4ddf-8c8e-679378df19fd,Straight Bar Dip,full-body,https://fitnessprogramer.com/wp-content/uploads/2022/01/Straight-Bar-Dip.gif,straight bar dip
31be1159-10bd-4dea-90d7-0e9b710a7017,Dumbbell Burpees,full-body,https://fitnessprogramer.com/wp-content/uploads/2021/06/Dumbbell-Burpees.gif,dumbbell burpee
a6dd99e0-a051-4c26-ac6f-e68599ca88c2,L-Sit Pull-Up,full-body,https://fitnessprogramer.com/wp-content/uploads/2023/06/L-Pull-Up.gif,l sit pull up
cb041197-ceac-4e21-801e-3707d7d34a25,Back Lever,full-body,https://fitnessprogramer.com/wp-content/uploads/2023/06/Back-Lever.gif,back lever
9e10bf39-a2b7-4670-ba10-ae8b30423d48,Front Lever Pull-up,full-body,https://fitnessprogramer.com/wp-content/uploads/2023/06/Front-Lever-Pull-up.gif,front lever pull up
2f3af7ff-9c32-4f58-b766-c61e8637206c,One Arm Dumbbell Snatch,full-body,https://fitnessprogramer.com/wp-content/uploads/2021/05/One-Arm-Dumbbell-Snatch.gif,one arm dumbbell snatch
631febe6-6cd5-4d11-b697-71092058934f,Archer Pull-up,full-body,https://fitnessprogramer.com/wp-content/uploads/2022/01/Archer-Pull-up.gif,archer pull up
bc4c077f-0fd8-42c4-b9e6-dbfabf81d8ec,Cross Body Push-up,full-body,https://fitnessprogramer.com/wp-content/uploads/2022/02/Cross-Body-Push-up_Plyometric.gif,cross body push up
0d2a5025-9955-4bfa-bee8-fcb39f795da8,Medicine Ball-Sit-up Throw,full-body,https://fitnessprogramer.com/wp-content/uploads/2023/01/Medicine-Ball-Sit-up-Throw.gif,medicine ball sit up throw
73d41489-d8f3-4952-b33a-71e5b3acb700,Handstand Walk,full-body,https://fitnessprogramer.com/wp-content/uploads/2022/12/handstand-walk.gif,handstand walk
e9ab7611-3c6f-4904-8e22-aa7e6ee43beb,Handstand,full-body,https://fitnessprogramer.com/wp-content/uploads/2021/02/handstand-holds.gif,handstand
356778d7-1147-4b65-9a91-a35429bacc1a,Climbing Monkey Bars,full-body,https://fitnessprogramer.com/wp-content/uploads/2022/12/Climbing-Monkey-Bars.gif,climbing monkey bars
21aa8db1-39b2-4300-8254-53672f7147bc,Kipping Handstand Push-up,full-body,https://fitnessprogramer.com/wp-content/uploads/2023/07/kipping-handstand-push-up.gif,kipping handstand push up
ae73586d-98cf-4678-a3dc-9862aae38611,Snap Jumps,full-body,https://fitnessprogramer.com/wp-content/uploads/2021/02/SNAP-JUMPS.gif,snap jump
d1105a2a-a701-4710-a28a-e8a95c5c9b6b,Bodyweight Skull Crushers,full-body,https://fitnessprogramer.com/wp-content/uploads/2022/02/Bodyweight-Skull-Crushers.gif,bodyweight skull crusher
93aa6c4d-1ea2-47ee-bbd6-e02234c4b13c,Straddle Planche,full-body,https://fitnessprogramer.com/wp-content/uploads/2022/08/Straddle-planche.gif,straddle planche
49862e3f-6ea5-4b66-9c54-984cd1f11b7c,One Arm Kettlebell Swing,full-body,https://fitnessprogramer.com/wp-content/uploads/2022/07/One-Arm-Kettlebell-Swing.gif,one arm kettlebell swing
d155612e-2221-4739-8c2c-9c227a9e7730,Medicine ball Overhead Slam,full-body,https://fitnessprogramer.com/wp-content/uploads/2022/06/Medicine-ball-Overhead-Slam-exercise.gif,medicine ball overhead slam
c4798cba-e21b-4ad8-abfc-c7e63fdfd0a6,Wall Ball,full-body,https://fitnessprogramer.com/wp-content/uploads/2023/01/wall-ball.gif,wall ball
433ff47c-5be0-4bba-8051-44c08af82e1e,Push-Up to Renegade Row,full-body,https://fitnessprogramer.com/wp-content/uploads/2022/07/Push-Up-to-Renegade-Row.gif,push up to renegade row
50b33fa9-c329-46be-acb6-7e13c485d66f,Modified Hindu Push-up,full-body,https://fitnessprogramer.com/wp-content/uploads/2022/07/Modified-Hindu-Push-up.gif,modified hindu push up
7baf6125-8455-4cf3-a8c0-a71ea06ecc8d,Planche Push-Up,full-body,https://fitnessprogramer.com/wp-content/uploads/2022/07/Planche-Push-Up.gif,planche push up
88e0cfeb-9f9f-4ed8-a7e8-cf165956b876,Archer Push-Up,full-body,https://fitnessprogramer.com/wp-content/uploads/2022/07/Archer-Push-Up.gif,archer push up
d429f26f-b6ea-4e24-a188-e5bcaa99b311,Kettlebell Figure 8,full-body,https://fitnessprogramer.com/wp-content/uploads/2022/09/Kettlebell-Figure-8.gif,kettlebell figure 8
8a8886b1-ee84-4eb9-a6fe-d860e5c0095e,Dumbbell Iron Cross,full-body,https://fitnessprogramer.com/wp-content/uploads/2022/07/Dumbbell-Iron-Cross.gif,dumbbell iron cross
661b66e9-beb1-40e3-bba2-c925b18e29af,Ring Dips,full-body,https://fitnessprogramer.com/wp-content/uploads/2022/07/Ring-Dips.gif,ring dips
f77704af-cfe9-4261-91f0-b9419531cf02,Weighted Lateral Neck Flexion,neck,https://fitnessprogramer.com/wp-content/uploads/2022/02/Lying-Weighted-Lateral-Neck-Flexion.gif,weighted lateral neck flexion
da0fc40a-feec-4b0c-abcb-1c1478b27b88,Weighted Lying Neck Extension,neck,https://fitnessprogramer.com/wp-content/uploads/2021/08/Weighted-Lying-Neck-Extension.gif,weighted lying neck extension
0eb0e357-39d9-4741-be2e-0493f9428dfe,Weighted Lying Neck Flexion,neck,https://fitnessprogramer.com/wp-content/uploads/2021/08/Weighted-Lying-Neck-Flexion.gif,weighted lying neck flexion
ed0fc27e-6e08-419a-ab3d-1de32bff2787,Gittleson Shrug,neck,https://fitnessprogramer.com/wp-content/uploads/2022/01/Dumbbell-Seated-Gittleson-Shrug.gif,gittleson shrug
5ac027b6-d24d-455f-b331-c33688b01940,Diagonal Neck Stretch,neck,https://fitnessprogramer.com/wp-content/uploads/2021/07/Diagonal-Neck-Stretch-360x360.png,diagonal neck stretch
1de430bf-1082-48cf-b49b-0d356714de80,Neck Rotation Stretch,neck,https://fitnessprogramer.com/wp-content/uploads/2021/07/Rotating-Neck-Stretch.gif,neck rotation stretch
9e5219b4-a43a-4f2a-8b20-67e57da08787,Neck Flexion Stretch,neck,https://fitnessprogramer.com/wp-content/uploads/2021/07/Neck-Flexion-Stretch-360x360.png,neck flexion stretch
d433fa81-c91f-4b78-8528-b39010199a85,Neck Extension Stretch,neck,https://fitnessprogramer.com/wp-content/uploads/2021/07/Neck-Extension-Stretching-360x360.png,neck extension stretch
cd4ade5a-b581-485e-8283-fbf76c75d864,Side Push Neck Stretch,neck,https://fitnessprogramer.com/wp-content/uploads/2021/06/Side-Push-Neck-Stretch.gif,side push neck stretch
5cf78543-020c-4bdc-b411-c2c041671a3e,Front and Back Neck Stretch,neck,https://fitnessprogramer.com/wp-content/uploads/2021/06/Front-and-Back-Neck-Stretch.gif,front and back neck stretch
caba7fb1-2cb9-46bc-9e4b-03bcc34c02a2,Chin Tuck,neck,https://fitnessprogramer.com/wp-content/uploads/2021/06/Chin-Tuck.gif,chin tuck
6615db38-c08f-44e2-a010-21a3327ff9ad,Prone Cervical Extension,neck,https://fitnessprogramer.com/wp-content/uploads/2022/02/Prone-Cervical-Extension.gif,prone cervical extension
639895a1-7ee5-4e2f-8a35-2b1abad51c51,Kneeling Neck Stretch,neck,https://fitnessprogramer.com/wp-content/uploads/2022/02/Kneeling-Neck-Stretch.gif,kneeling neck stretch
97daf8fa-19b0-44e4-bcee-7a9ca239094f,Weighted Neck Harness Extension,neck,https://fitnessprogramer.com/wp-content/uploads/2022/02/Weighted-Neck-Harness-Extension.gif,weighted neck harness extension
50ee3fd7-d58b-417c-865b-2d9f9561b7c7,Lying Weighted Neck Flexion,neck,https://fitnessprogramer.com/wp-content/uploads/2022/02/Lying-Weighted-Neck-Flexion.gif,lying weighted neck flexion
55750bb3-bcaf-4b49-8613-e05d6cdbc31e,Lying Weighted Neck Extension,neck,https://fitnessprogramer.com/wp-content/uploads/2022/02/Lying-Weighted-Neck-Extension.gif,lying weighted neck extension
3769b050-92d8-4ad9-95fd-389c32461f24,Lever Neck Right Side Flexion (plate loaded),neck,https://fitnessprogramer.com/wp-content/uploads/2022/02/Lever-Neck-Right-Side-Flexion-plate-loaded.gif,lever neck right side flexion
bc67b6cf-60a0-4f44-9979-e4a0b778fe6f,Lever Neck Extension (plate loaded),neck,https://fitnessprogramer.com/wp-content/uploads/2022/02/Lever-Neck-Extension-plate-loaded.gif,lever neck extension
9f47191f-c9bc-4a43-8497-25a1572abd55,Cable Seated Neck Flexion with head harness,neck,https://fitnessprogramer.com/wp-content/uploads/2022/02/Cable-Seated-Neck-Flexion-with-head-harness.gif,cable seated neck flexion with head harness
a589bb9c-2ee0-473d-953b-e642018444a4,Cable Seated Neck Extension with head harness,neck,https://fitnessprogramer.com/wp-content/uploads/2022/02/Cable-Seated-Neck-Extension-with-head-harness.gif,cable seated neck extension with head harness
999c0d27-3206-4266-9415-5a6a509368e7,Sphinx Stretch,neck,https://fitnessprogramer.com/wp-content/uploads/2021/05/Sphinx-Stretch.gif,sphinx stretch
5251de95-6a2f-44f9-b88b-e52b9f203485,Floor Hyperextension,neck,https://fitnessprogramer.com/wp-content/uploads/2021/04/Floor-Hyperextension-1.gif,floor hyperextension
b639dcce-442b-411e-9e36-94d42bee3a40,Bhujangasana | Cobra Abdominal Stretch,neck,https://fitnessprogramer.com/wp-content/uploads/2021/06/abdominal-stretch.gif,bhujangasana cobra abdominal stretch
238d7b10-92e5-42d7-987d-19ec610d8518,Fish Pose,neck,https://fitnessprogramer.com/wp-content/uploads/2022/02/Fish-Pose-Matsyasana.gif,fish pose
8159eaa8-c8f5-4d75-bc53-2136a597dfe0,Overhead Shrug,trapezius,https://fitnessprogramer.com/wp-content/uploads/2022/07/overhead-shrug.gif,overhead shrug
302ee097-4083-4f0b-bfdc-c1e8f4c18cd2,Gittleson Shrug,trapezius,https://fitnessprogramer.com/wp-content/uploads/2022/01/Dumbbell-Seated-Gittleson-Shrug.gif,gittleson shrug
2fbec5bf-da5e-46e0-a726-47f97bd022fe,45 Degree Incline Row,trapezius,https://fitnessprogramer.com/wp-content/uploads/2021/02/45-Degree-Incline-Row.gif,45 degree incline row
7f955f2e-f06f-4fbd-9f15-4f0990d7dcbf,Dumbbell Shrug,trapezius,https://fitnessprogramer.com/wp-content/uploads/2021/04/Dumbbell-Shrug.gif,dumbbell shrug
fb6622c3-cfff-4925-8cdf-44182c4166c8,Dumbbell Incline Shrug,trapezius,https://fitnessprogramer.com/wp-content/uploads/2021/04/Dumbbell-Incline-Shrug.gif,dumbbell incline shrug
c59f21c1-f4ba-45da-a422-16e203669015,Prone Incline Shrug,trapezius,https://fitnessprogramer.com/wp-content/uploads/2021/04/Dumbbell-Decline-Shrug.gif,prone incline shrug
7d6a101f-8146-492b-bf2d-a2e67454a969,Lever Shrug,trapezius,https://fitnessprogramer.com/wp-content/uploads/2021/04/Lever-Shrug.gif,lever shrug
5abc5d4f-abdd-4875-8bef-ef64bd42e38e,Lever Gripless Shrug,trapezius,https://fitnessprogramer.com/wp-content/uploads/2021/06/Lever-Gripless-Shrug.gif,lever gripless shrug
5f5d1f5b-ec25-4736-8306-847dfc502ba6,Bent Over Lateral Raise,trapezius,https://fitnessprogramer.com/wp-content/uploads/2021/02/Bent-Over-Lateral-Raise.gif,bent over lateral raise
edf77333-39dc-4a94-8e6a-8ceb0b88eb06,Cable Upright Row,trapezius,https://fitnessprogramer.com/wp-content/uploads/2021/02/Cable-Upright-Row.gif,cable upright row
6a7fe3b8-5c8a-4426-a041-2253ffb20aac,Half Kneeling High Cable Row Rope,trapezius,https://fitnessprogramer.com/wp-content/uploads/2021/04/Half-Kneeling-High-Cable-Row-Rope.gif,half kneeling high cable row rope
abc4d2a6-87d6-4886-a960-7a6cba1be70c,Bodyweight Military Press,trapezius,https://fitnessprogramer.com/wp-content/uploads/2021/04/Bodyweight-Military-Press.gif,bodyweight military press
1b715656-3d7f-47c7-bb13-f6abd6b94452,Kneeling High Pulley Row,trapezius,https://fitnessprogramer.com/wp-content/uploads/2021/09/Kneeling-High-Pulley-Row.gif,kneeling high pulley row
d8e6e806-e5b4-4d9e-bec7-e9786aa0d3b0,Ez Bar Upright Row,trapezius,https://fitnessprogramer.com/wp-content/uploads/2021/02/Barbell-Upright-Row.gif,ez bar upright row
e338059c-723f-435f-80da-e15472c6710f,Bent-Over Barbell Reverse Raise,trapezius,https://fitnessprogramer.com/wp-content/uploads/2021/04/Bent-Over-Barbell-Reverse-Raise.gif,bent over barbell reverse raise
0b16970a-06c6-4d19-a465-1fbcd43afe95,Barbell Rear Delt Raise,trapezius,https://fitnessprogramer.com/wp-content/uploads/2021/04/Barbell-Rear-Delt-Raise.gif,barbell rear delt raise
1c993a4b-2db2-4adb-a810-52f6a9ce814f,Bent Over Rear Delt Fly | Gymstick,trapezius,https://fitnessprogramer.com/wp-content/uploads/2022/05/Bent-Over-Rear-Delt-Fly-Gymstick.gif,bent over rear delt fly gymstick
75feb98c-d1ac-4c55-b54e-ac51229aa44e,Scapular Protraction and Retraction,trapezius,https://fitnessprogramer.com/wp-content/uploads/2021/10/Scapular-Protraction-and-Retraction.gif,scapular protraction and retraction
2084a059-69c2-4c60-b8b1-ef4d1adf8d42,Cross Cable Face Pull,trapezius,https://fitnessprogramer.com/wp-content/uploads/2022/04/Cross-Cable-Face-Pull.gif,cross cable face pull
520d8604-9839-4930-a896-f3dedb8911a6,Elbow Reverse Push-Up,trapezius,https://fitnessprogramer.com/wp-content/uploads/2021/08/Elbow-Reverse-Push-Up.gif,elbow reverse push up
dccbd904-f0c0-4af2-9d14-18f912788986,Scapula Dips,trapezius,https://fitnessprogramer.com/wp-content/uploads/2021/09/Scapula-Dips.gif,scapula dips
cf512c54-8c08-4520-8b94-41b3e2bd586d,Push-Up Plus,trapezius,https://fitnessprogramer.com/wp-content/uploads/2021/06/Push-Up-Plus.gif,push up plus
de0c13eb-3c69-4e21-8c5d-7b69956b6f2c,Seated Ballerina Exercise,trapezius,https://fitnessprogramer.com/wp-content/uploads/2022/02/Seated-Ballerina.gif,seated ballerina
49d9f0ad-7677-4944-8858-8a636d578fcb,Seated Scapular Retraction Exercise,trapezius,https://fitnessprogramer.com/wp-content/uploads/2022/02/Seated-Scapular-Retraction-Exercise.gif,seated scapular retraction
b4e39a06-b342-4dab-95c5-40628a82c22a,Foam Roller Rhomboids,trapezius,https://fitnessprogramer.com/wp-content/uploads/2022/02/Roll-Rhomboids.gif,foam roller rhomboid
746ebca8-3aae-4e2a-99e1-90813d8b4a17,Foam Roller Upper Back,trapezius,https://fitnessprogramer.com/wp-content/uploads/2022/02/Foam-Roller-Upper-Back.gif,foam roller upper back
edc373b5-3e95-4179-8925-d503aacadbc7,Scapula Pull-up,trapezius,https://fitnessprogramer.com/wp-content/uploads/2022/01/Scapula-Pull-up.gif,scapula pull up
ae2b660a-689e-4889-b30c-372336959a2d,Serratus Wall Slide With Foam Roller,trapezius,https://fitnessprogramer.com/wp-content/uploads/2022/02/Serratus-Wall-Slide-With-Foam-Roller.gif,serratu wall slide with foam roller
7c3ad67d-a7f7-49bf-9723-b31e20dfc0cb,Dip Shrugs (Serratus Shrugs),trapezius,https://fitnessprogramer.com/wp-content/uploads/2022/02/Dip-Shrugs.gif,dip shrug
85c734b7-ca6b-4c32-a3c7-653c1c81b17d,Wide Grip Barbell Bent Over Row Plus,trapezius,https://fitnessprogramer.com/wp-content/uploads/2023/02/Wide-Grip-Barbell-Bent-Over-Row-Plus.gif,wide grip barbell bent over row plus
3f511a3b-4598-4737-bcc1-6d4ad6d3359f,Wide Grip Alternate Barbell Bent Over Row Plus,trapezius,https://fitnessprogramer.com/wp-content/uploads/2023/02/Wide-Grip-Alternate-Barbell-Bent-Over-Row-Plus.gif,wide grip alternate barbell bent over row plus
6ef19bf5-2f1a-4bdb-aad7-6ca1052c37a2,One-Arm Dumbbell Upright Row,trapezius,https://fitnessprogramer.com/wp-content/uploads/2022/12/One-Arm-Dumbbell-Upright-Row.gif,one arm dumbbell upright row
d4fd8336-dbb2-4f49-84cb-678780c1ab50,Cable Y Raise,trapezius,https://fitnessprogramer.com/wp-content/uploads/2022/12/cable-y-raise.gif,cable y raise
f005cb13-8ac3-49e0-af48-4079ed6535e8,Resistance Band Bent Over Rear Delt Fly,trapezius,https://fitnessprogramer.com/wp-content/uploads/2023/01/Resistance-Band-Bent-Over-Rear-Delt-Fly.gif,resistance band bent over rear delt fly
94fec8d9-09e7-43b1-9067-d862f6e489cf,Resistance Band Pull Apart,trapezius,https://fitnessprogramer.com/wp-content/uploads/2022/12/Resistance-Band-Pull-Apart.gif,resistance band pull apart
6c929c1e-91bb-49d1-ad46-62f3f1a5eef0,Single Arm Upright Row | Gymstick,trapezius,https://fitnessprogramer.com/wp-content/uploads/2022/05/Standing-Single-Arm-Upright-Row.gif,single arm upright row gymstick
21a5cf75-206a-4870-9f50-745c939da727,Face Pull With Resistance Band,trapezius,https://fitnessprogramer.com/wp-content/uploads/2022/05/Face-pull.gif,face pull with resistance band
44d24be7-8581-4b4a-adbb-fb8cd88f49d8,Medicine Ball Overhead Throw,shoulders,https://fitnessprogramer.com/wp-content/uploads/2023/09/Medicine-Ball-Overhead-Throw.gif,medicine ball overhead throw
3b63ec2a-52b1-4bb2-a91d-1e553da292f6,Dumbbell Push Press,shoulders,https://fitnessprogramer.com/wp-content/uploads/2023/10/Dumbbell-Push-Press.gif,dumbbell push press
7568c6c0-c056-4ec5-8a28-d5edf17ebb61,Side Arm Raises,shoulders,https://fitnessprogramer.com/wp-content/uploads/2021/02/arm-circles.gif,side arm raise
d36006d3-7cec-4d7b-bf4f-f2a3617520d4,45 Degree Incline Row,shoulders,https://fitnessprogramer.com/wp-content/uploads/2021/02/45-Degree-Incline-Row.gif,45 degree incline row
4513304e-34f6-4e79-a6e7-f8cdd3210c5c,Lever Shoulder Press,shoulders,https://fitnessprogramer.com/wp-content/uploads/2021/04/Lever-Shoulder-Press.gif,lever shoulder press
401a29db-49ad-4667-a57d-5a0fb714dae7,Standing Close Grip Military Press,shoulders,https://fitnessprogramer.com/wp-content/uploads/2021/10/Standing-Barbell-Close-Grip-Military-Press.gif,standing close grip military press
8e232f71-85fa-43dc-bc2b-98b59bcd7b2c,Dumbbell Chest Supported Lateral Raises,shoulders,https://fitnessprogramer.com/wp-content/uploads/2022/02/Dumbbell-Chest-Supported-Lateral-Raises.gif,dumbbell chest supported lateral raise
d58f159a-ee45-4349-ba58-5610f939705f,Dumbbell 6 Way Raise,shoulders,https://fitnessprogramer.com/wp-content/uploads/2022/02/Dumbbell-6-Ways-Raise.gif,dumbbell 6 way raise
e6feac33-1ef0-40b8-a22e-be00c01a6fd2,Dumbbell 4 Way Lateral Raise,shoulders,https://fitnessprogramer.com/wp-content/uploads/2022/02/Dumbbell-4-Ways-Lateral-Raise.gif,dumbbell 4 way lateral raise
fbe8bc0b-9ab3-4455-ae65-ccbd32bb7234,Two Arm Cable Front Raise,shoulders,https://fitnessprogramer.com/wp-content/uploads/2021/08/Two-Arm-Cable-Front-Raise.gif,two arm cable front raise
8e1201b7-9f4c-4ba4-b86b-baedd0de135b,Two Arm Dumbbell Front Raise,shoulders,https://fitnessprogramer.com/wp-content/uploads/2021/08/Two-Arm-Dumbbell-Front-Raise.gif,two arm dumbbell front raise
f2452a85-0ad4-43db-ab75-b0ab47eaec27,Leaning Single Arm Dumbbell Lateral Raise,shoulders,https://fitnessprogramer.com/wp-content/uploads/2021/06/Leaning-Single-Arm-Dumbbell-Lateral-Raise.gif,leaning single arm dumbbell lateral raise
2d4afa82-63a7-47aa-9fa9-c4348949a933,Seated Behind Neck Press,shoulders,https://fitnessprogramer.com/wp-content/uploads/2021/05/Seated-Behind-the-Neck-Press.gif,seated behind neck press
b132cc0b-4bbd-4f56-b194-c0cca000cf87,Rear Delt Fly Machine,shoulders,https://fitnessprogramer.com/wp-content/uploads/2021/02/Rear-Delt-Machine-Flys.gif,rear delt fly machine
18d874ae-95b0-4d14-b3a9-d5ca8005abb5,Seated Rear Lateral Dumbbell Raise,shoulders,https://fitnessprogramer.com/wp-content/uploads/2021/02/Seated-Rear-Lateral-Dumbbell-Raise.gif,seated rear lateral dumbbell raise
d63dd4d1-f5b1-420a-acc8-e3e59cb6e0cf,Half Arnold Press,shoulders,https://fitnessprogramer.com/wp-content/uploads/2021/10/Half-Arnold-Press.gif,half arnold press
5744718f-2277-4072-a9e8-d079d3c8bd73,Cable Rear Delt Fly,shoulders,https://fitnessprogramer.com/wp-content/uploads/2021/02/cable-rear-delt-fly.gif,cable rear delt fly
e1a698ca-c1fa-44da-953b-28123f12ee44,Bent Over Lateral Raise,shoulders,https://fitnessprogramer.com/wp-content/uploads/2021/02/Bent-Over-Lateral-Raise.gif,bent over lateral raise
dd370050-347b-4aa0-8407-e86b2f498fa3,Bent Arm Lateral Raise,shoulders,https://fitnessprogramer.com/wp-content/uploads/2021/06/Dumbbell-Bent-Arm-Laterl-Raise.gif,bent arm lateral raise
5a6672f1-30ba-4ee1-b9c4-80eb064e42c8,Cable Upright Row,shoulders,https://fitnessprogramer.com/wp-content/uploads/2021/02/Cable-Upright-Row.gif,cable upright row
149d8fec-f067-4a12-b7fc-7f6402210f82,Face Pull,shoulders,https://fitnessprogramer.com/wp-content/uploads/2021/02/Face-Pull.gif,face pull
aceba2e3-fcb2-47eb-921a-58312c2d00e6,Half Kneeling High Cable Row Rope,shoulders,https://fitnessprogramer.com/wp-content/uploads/2021/04/Half-Kneeling-High-Cable-Row-Rope.gif,half kneeling high cable row rope
66d65609-ee3e-4cf3-9882-0f72abb10caf,Leaning Cable Lateral Raise,shoulders,https://fitnessprogramer.com/wp-content/uploads/2021/09/Leaning-Cable-Lateral-Raise.gif,leaning cable lateral raise
ea4a4d10-0692-48ec-ab4d-32f848726548,Dumbbell Raise,shoulders,https://fitnessprogramer.com/wp-content/uploads/2021/04/Dumbbell-Raise.gif,dumbbell raise
ca9b83d3-f1f2-4716-b11d-c21e8defabe7,Bodyweight Military Press,shoulders,https://fitnessprogramer.com/wp-content/uploads/2021/04/Bodyweight-Military-Press.gif,bodyweight military press
6a02c8c4-7276-44bb-84e2-a2036b46e735,Push Press,shoulders,https://fitnessprogramer.com/wp-content/uploads/2021/02/push-press-1.gif,push press
c53dd40d-3b5b-4876-a95f-e3d672326e82,Ez Bar Upright Row,shoulders,https://fitnessprogramer.com/wp-content/uploads/2021/02/Barbell-Upright-Row.gif,ez bar upright row
42b25f9f-4b31-4e28-a9fe-7b78b2841d41,Dumbbell Lying One-Arm Rear Lateral Raise,shoulders,https://fitnessprogramer.com/wp-content/uploads/2021/06/Dumbbell-Lying-One-Arm-Rear-Lateral-Raise.gif,dumbbell lying one arm rear lateral raise
fb279d88-ad92-44ef-a3c4-3d036dd99f88,Scott Press,shoulders,https://fitnessprogramer.com/wp-content/uploads/2021/06/scott-press.gif,scott press
135c8ea5-3651-4424-9de3-5d51be9d3c6f,Bent Over Reverse Cable Fly,shoulders,https://fitnessprogramer.com/wp-content/uploads/2021/04/bent-over-reverse-cable-fly.gif,bent over reverse cable fly
5b844c28-ba4d-453d-a84a-fc1984635cd6,Bent-Over Barbell Reverse Raise,shoulders,https://fitnessprogramer.com/wp-content/uploads/2021/04/Bent-Over-Barbell-Reverse-Raise.gif,bent over barbell reverse raise
1ac720bb-2ad1-4a86-b7c1-df1736c5be5a,Weighted Round Arm,shoulders,https://fitnessprogramer.com/wp-content/uploads/2021/04/weighted-round-arm.gif,weighted round arm
b2c6b8f6-0393-4980-8dff-e72b878a089e,Two Arm Cable Lateral Raise,shoulders,https://fitnessprogramer.com/wp-content/uploads/2021/04/Two-Arm-Cable-Lateral-Raise.gif,two arm cable lateral raise
2fecb1be-2de9-4276-a5cf-888c245c9242,Landmine Squat to Press,shoulders,https://fitnessprogramer.com/wp-content/uploads/2021/04/Landmine-Press.gif,landmine squat to press
06d4295b-bf78-41da-aed8-b72cdab63145,Barbell Rear Delt Raise,shoulders,https://fitnessprogramer.com/wp-content/uploads/2021/04/Barbell-Rear-Delt-Raise.gif,barbell rear delt raise
676cf578-343e-429e-840e-77b5b7fccea3,Double Cable Front Raise,shoulders,https://fitnessprogramer.com/wp-content/uploads/2021/04/Double-Cable-Front-Raise.gif,double cable front raise
09c96a10-1039-4e28-b44b-1ffa2f97a4a1,Dumbbell W Press,shoulders,https://fitnessprogramer.com/wp-content/uploads/2021/04/Dumbbell-W-Press.gif,dumbbell w press
2f3ffb1c-0668-409c-970e-b54f7d7ec2b0,Barbell Clean and Press,shoulders,https://fitnessprogramer.com/wp-content/uploads/2021/04/Barbell-Clean-and-Press-.gif,barbell clean and press
c378eff8-895c-4941-ad26-98002b393203,Dumbbell Cuban External Rotation,shoulders,https://fitnessprogramer.com/wp-content/uploads/2021/04/Dumbbell-Cuban-External-Rotation.gif,dumbbell cuban external rotation
cee59a4d-27cd-4eb6-8908-d100ba9e49ed,Cable External Shoulder Rotation,shoulders,https://fitnessprogramer.com/wp-content/uploads/2021/04/Cable-External-Shoulder-Rotation.gif,cable external shoulder rotation
f47e0736-635b-426f-b691-2cbf3a6eec39,Across Chest Shoulder Stretch,shoulders,https://fitnessprogramer.com/wp-content/uploads/2021/04/Across-Chest-Shoulder-Stretch.gif,across chest shoulder stretch
989c0928-1a77-46ea-8fe4-2a2c03aa11e7,Standing Reach Up Back rotation Stretch,shoulders,https://fitnessprogramer.com/wp-content/uploads/2021/04/Standing-Reach-Up-Back-rotation-Stretch.gif,standing reach up back rotation stretch
f1fbae8f-b6a8-4ebf-b20a-92e6a8f2527e,Shoulder Stretch Behind Back,shoulders,https://fitnessprogramer.com/wp-content/uploads/2021/04/Shoulder-Stretch-Behind-Back.gif,shoulder stretch behind back
71b267db-1d01-4fb5-bbfc-d7f8ab3c123b,Incline Dumbbell Side Lateral Raise,shoulders,https://fitnessprogramer.com/wp-content/uploads/2021/06/Incline-Dumbbell-Side-Lateral-Raise.gif,incline dumbbell side lateral raise
6505f037-4390-40f3-8fb9-fa5e06d1a9d1,Dumbbell Side Lying Rear Delt Raise,shoulders,https://fitnessprogramer.com/wp-content/uploads/2021/09/Dumbbell-Side-Lying-Rear-Delt-Raise.gif,dumbbell side lying rear delt raise
d738ada9-d959-4f76-85eb-96fd57075f9d,Lying Cable Reverse Fly,shoulders,https://fitnessprogramer.com/wp-content/uploads/2021/04/Lying-Cable-Reverse-Fly.gif,lying cable reverse fly
2f4fb81e-74c5-4079-a411-cb7e8d6070af,One-Arm Bent Over Cable Lateral Raise,shoulders,https://fitnessprogramer.com/wp-content/uploads/2021/09/One-Arm-Bent-Over-Cable-Lateral-Raise.gif,one arm bent over cable lateral raise
d53c437d-27e6-4b4c-a908-f6f9aedc81eb,EZ Bar Underhand Press,shoulders,https://fitnessprogramer.com/wp-content/uploads/2021/06/EZ-Bar-Underhand-Press.gif,ez bar underhand press
2c0ea801-40a0-4071-aa33-39cdf169bf62,Dumbbell Lying External Shoulder Rotation,shoulders,https://fitnessprogramer.com/wp-content/uploads/2021/09/Dumbbell-Lying-External-Shoulder-Rotation.gif,dumbbell lying external shoulder rotation
23e55e85-b5ee-4e0d-bb20-0fb4a2ecb8d9,Incline Dumbbell Y-Raise,shoulders,https://fitnessprogramer.com/wp-content/uploads/2021/10/Incline-Dumbbell-Y-Raise.gif,incline dumbbell y raise
706b314d-76c2-48f9-97db-e752c894d44d,Dumbbell Incline T-Raise,shoulders,https://fitnessprogramer.com/wp-content/uploads/2021/09/Dumbbell-Incline-T-Raise.gif,dumbbell incline t raise
08378487-4e45-4bcb-ae51-92d4895af11d,Bench Supported Dumbbell External Rotation,shoulders,https://fitnessprogramer.com/wp-content/uploads/2021/09/Bench-Supported-Dumbbell-External-Rotation.gif,bench supported dumbbell external rotation
d47c32be-1913-4330-803b-c3792d082d3b,Dumbbell Standing Palms In Press,shoulders,https://fitnessprogramer.com/wp-content/uploads/2021/09/Dumbbell-Standing-Palms-In-Press.gif,dumbbell standing palm in press
fd54ec17-57dc-4621-8462-60cb4b2289b5,Lying Shoulder Press,shoulders,https://fitnessprogramer.com/wp-content/uploads/2021/09/Lying-Shoulder-Press.gif,lying shoulder press
c1f416bc-5cba-4983-b4fd-d3a14af816b5,Dumbbell Rear Delt Row,shoulders,https://fitnessprogramer.com/wp-content/uploads/2022/01/Dumbbell-Rear-Delt-Row.gif,dumbbell rear delt row
bb7532e7-4072-4b58-a913-c80c64fc5069,Lever Lateral Raise,shoulders,https://fitnessprogramer.com/wp-content/uploads/2021/09/Lever-Lateral-Raise.gif,lever lateral raise
d187a189-ba01-4053-8c23-dd00f76e0785,Bent Over Rear Delt Fly | Gymstick,shoulders,https://fitnessprogramer.com/wp-content/uploads/2022/05/Bent-Over-Rear-Delt-Fly-Gymstick.gif,bent over rear delt fly gymstick
cf53a22f-f31f-4ed0-88e3-7be9c0a8ca07,Cable Seated Shoulder Internal Rotation,shoulders,https://fitnessprogramer.com/wp-content/uploads/2021/10/Cable-Seated-Shoulder-Internal-Rotation.gif,cable seated shoulder internal rotation
5a2c37f8-3d5b-40de-81af-2d9d4c824f5b,Half Kneeling Cable External Rotation,shoulders,https://fitnessprogramer.com/wp-content/uploads/2021/10/Half-Kneeling-Cable-External-Rotation.gif,half kneeling cable external rotation
d071ff80-ae76-4bc7-a662-5230f1005523,Landmine Lateral Raise,shoulders,https://fitnessprogramer.com/wp-content/uploads/2021/10/Landmine-Lateral-Raise.gif,landmine lateral raise
16c6bcd5-057f-40bf-90d0-c7143ee19d15,Seated Dumbbell Front Raise,shoulders,https://fitnessprogramer.com/wp-content/uploads/2021/10/seated-dumbbell-front-raise.gif,seated dumbbell front raise
733aa645-b7f0-4b76-bf94-2f826e7d3ca0,Scapular Protraction and Retraction,shoulders,https://fitnessprogramer.com/wp-content/uploads/2021/10/Scapular-Protraction-and-Retraction.gif,scapular protraction and retraction
7cbc4a5c-8684-4264-a60a-ba67fd61d61c,One Arm Kettlebell Snatch,shoulders,https://fitnessprogramer.com/wp-content/uploads/2021/03/One-Arm-Kettlebell-Snatch-exercise.gif,one arm kettlebell snatch
d62c380c-cdbd-4494-a81d-511e0b36b902,Cross Cable Face Pull,shoulders,https://fitnessprogramer.com/wp-content/uploads/2022/04/Cross-Cable-Face-Pull.gif,cross cable face pull
398a7982-7f59-44a3-b45a-c3993c01bee2,One Arm Landmine Row,shoulders,https://fitnessprogramer.com/wp-content/uploads/2021/10/One-Arm-Landmine-Row.gif,one arm landmine row
af6fde11-1809-4c8e-b712-91fc3bc9981c,Resistance Band Seated Shoulder Press,shoulders,https://fitnessprogramer.com/wp-content/uploads/2021/08/Resistance-Band-Seated-Shoulder-Press.gif,resistance band seated shoulder press
8a6f625c-f80a-4fe5-af72-ceca547a315e,Bench Pike Push-up,shoulders,https://fitnessprogramer.com/wp-content/uploads/2021/06/Bench-Pike-Push-up.gif,bench pike push up
f82e27ff-e143-48d3-a6e8-318a0a643ee1,Pike Push-up,shoulders,https://fitnessprogramer.com/wp-content/uploads/2021/06/Pike-Push-up.gif,pike push up
884080d3-42d5-4cfd-8d81-d431d2d17433,Tall Kneeling One Arm Kettlebell Press,shoulders,https://fitnessprogramer.com/wp-content/uploads/2021/06/Half-Kneeling-One-Arm-Kettlebell-Press.gif,tall kneeling one arm kettlebell press
333eb782-0876-47b1-bfc3-4bdee70ba0f4,Kettlebell Clean and Jerk,shoulders,https://fitnessprogramer.com/wp-content/uploads/2021/06/Kettlebell-Clean-and-Jerk.gif,kettlebell clean and jerk
38c3d7b3-6eda-4bc6-86c6-fb5acca8dbca,Lever Shoulder Press (Hammer Grip),shoulders,https://fitnessprogramer.com/wp-content/uploads/2022/04/Lever-Shoulder-Press-Hammer-Grip.gif,lever shoulder press
2232f55d-5d75-4f7d-bcca-222b09763f69,Lever Reverse Shoulder Press,shoulders,https://fitnessprogramer.com/wp-content/uploads/2021/09/Lever-Reverse-Shoulder-Press.gif,lever reverse shoulder press
eaab17bb-3f13-4f70-a9bc-dc1bfc266f1b,Side Lying Rear Delt Dumbbell Raise,shoulders,https://fitnessprogramer.com/wp-content/uploads/2021/09/Side-Lying-Rear-Delt-Dumbbell-Raise.gif,side lying rear delt dumbbell raise
ad7bcd6d-9f56-4c38-87c4-a9068e79ab94,Scapula Dips,shoulders,https://fitnessprogramer.com/wp-content/uploads/2021/09/Scapula-Dips.gif,scapula dips
74eab0c1-0a99-4cc6-8736-d77ea2ff025d,Ez-Bar Incline Front Raise,shoulders,https://fitnessprogramer.com/wp-content/uploads/2021/09/Incline-Front-Raise.gif,ez bar incline front raise
6ded09f6-f9e3-4d91-81f2-0bb361c72deb,Back Lever,shoulders,https://fitnessprogramer.com/wp-content/uploads/2023/06/Back-Lever.gif,back lever
f08c6869-6543-4e9b-8291-f25b02657f52,Barbell Front Raise Twist,shoulders,https://fitnessprogramer.com/wp-content/uploads/2021/10/Barbell-Front-Raise-Twist.gif,barbell front raise twist
2715a6f4-d043-4a5d-9b92-8b11909b0faa,Wall-Supported Handstand Push-Ups,shoulders,https://fitnessprogramer.com/wp-content/uploads/2023/07/wall-supported-handstand-push-up.gif,wall supported handstand push ups
1a572294-0132-4cbf-b25f-f5da09fcbd33,Towel Shoulder Stretch,shoulders,https://fitnessprogramer.com/wp-content/uploads/2021/10/Stretch-With-Towel.gif,towel shoulder stretch
dcbed43c-6b8e-4d90-ac6f-2cf2f0c79a20,One Arm Dumbbell Snatch,shoulders,https://fitnessprogramer.com/wp-content/uploads/2021/05/One-Arm-Dumbbell-Snatch.gif,one arm dumbbell snatch
b164098e-b0d6-4368-b68f-f2c74b3ccb6f,Shoulder Pendulum,shoulders,https://fitnessprogramer.com/wp-content/uploads/2023/02/pendulum.gif,shoulder pendulum
3c2a03fa-0010-4b2d-b6eb-4ef859fd92a8,90-Degree Cable External Rotation,shoulders,https://fitnessprogramer.com/wp-content/uploads/2022/10/90-Degree-Cable-External-Rotation-.gif,90 degree cable external rotation
1cf9f79a-24e7-4db6-9cf2-adeb672538b4,90-degree Cable Internal Rotation,shoulders,https://fitnessprogramer.com/wp-content/uploads/2023/06/Cable-Shoulder-90-degrees-Internal-Rotation.gif,90 degree cable internal rotation
0bb0372c-07f1-462d-8fbd-92d972def149,Seated Ballerina Exercise,shoulders,https://fitnessprogramer.com/wp-content/uploads/2022/02/Seated-Ballerina.gif,seated ballerina
4d310b92-e75f-4d95-9f83-93e77a63e516,Seated Scapular Retraction Exercise,shoulders,https://fitnessprogramer.com/wp-content/uploads/2022/02/Seated-Scapular-Retraction-Exercise.gif,seated scapular retraction
9e47b496-74fc-4c25-8646-70474b3a4a9b,Foam Roller Posterior Shoulder,shoulders,https://fitnessprogramer.com/wp-content/uploads/2022/02/Foam-Roller-Posterior-Shoulder.gif,foam roller posterior shoulder
fcb69fc6-c8e4-4e58-a93c-ae1e4564d3e4,Foam Roller Front Shoulder and Chest,shoulders,https://fitnessprogramer.com/wp-content/uploads/2022/02/Roll-Front-Shoulder-and-Chest-Lying-on-Floor.gif,foam roller front shoulder and chest
e8ea369b-d59d-4826-8a38-d8eeb5b6860b,Rotator Cuff Stretch,shoulders,https://fitnessprogramer.com/wp-content/uploads/2022/02/Rotator-Cuff-Stretch.gif,rotator cuff stretch
95540de3-8af7-4f5d-9721-f89a3680c7e1,Assisted Reverse Stretch (Chest And Shoulder),shoulders,https://fitnessprogramer.com/wp-content/uploads/2022/02/Reverse-Shoulder-Stretch.gif,assisted reverse stretch
63f8b844-4b90-46eb-ad43-2bbd8a32b00b,Lying Upper Body Rotation,shoulders,https://fitnessprogramer.com/wp-content/uploads/2022/02/Lying-Upper-Body-Rotation.gif,lying upper body rotation
a6bcdc6a-d1bc-45d8-9c70-cca1deb8fc0e,Kneeling Back Rotation,shoulders,https://fitnessprogramer.com/wp-content/uploads/2022/02/Kneeling-Back-Rotation-Stretch.gif,kneeling back rotation
a2489359-0270-40dd-b49b-3d8cb65a0590,Serratus Wall Slide With Foam Roller,shoulders,https://fitnessprogramer.com/wp-content/uploads/2022/02/Serratus-Wall-Slide-With-Foam-Roller.gif,serratu wall slide with foam roller
4ea82bf3-f3fc-4f51-9b37-45d22abe4253,Wall Supported Arm Raises,shoulders,https://fitnessprogramer.com/wp-content/uploads/2022/02/Wall-Supported-Arm-Raises.gif,wall supported arm raise
a8aca1e6-630c-44e8-ac4e-1df3b93ebd7b,Backhand Raise,shoulders,https://fitnessprogramer.com/wp-content/uploads/2022/02/Backhand-Raise.gif,backhand raise
758fc615-a852-4f59-96e5-8949cd3adfa6,Dumbbell Seated Cuban Press,shoulders,https://fitnessprogramer.com/wp-content/uploads/2022/02/Dumbbell-Seated-Cuban-Press.gif,dumbbell seated cuban press
6cfbc2f2-4c48-4ae2-9104-037d7675e3b4,Kneeling Cable Shoulder Press,shoulders,https://fitnessprogramer.com/wp-content/uploads/2022/02/Kneeling-Cable-Shoulder-Press.gif,kneeling cable shoulder press
e332ebc9-cde0-4f65-9e79-fa2dacf0d047,Wall Slides,shoulders,https://fitnessprogramer.com/wp-content/uploads/2021/02/wall-slide.gif,wall slide
94376abc-6e7f-48ec-8eaa-c65e9172613a,Kneeling T-spine Rotation,shoulders,https://fitnessprogramer.com/wp-content/uploads/2022/08/Kneeling-T-spine-Rotation.gif,kneeling t spine rotation
e316f3e0-623f-48c5-a7cf-e11dba0e7ba5,Plate Loaded Shoulder Press,shoulders,https://fitnessprogramer.com/wp-content/uploads/2022/04/Plate-Loaded-Shoulder-Press.gif,plate loaded shoulder press
64e14314-193c-463f-b06c-43e11a896853,Chest Supported Dumbbell Front Raises,shoulders,https://fitnessprogramer.com/wp-content/uploads/2022/02/Chest-Supported-Dumbbell-Front-Raises.gif,chest supported dumbbell front raise
17ec68f7-5453-4109-9b37-cbf394090f22,One-Arm Dumbbell Upright Row,shoulders,https://fitnessprogramer.com/wp-content/uploads/2022/12/One-Arm-Dumbbell-Upright-Row.gif,one arm dumbbell upright row
1cac241c-51c2-47e9-bfe8-0872a9905ee2,Single Arm Arnold Press,shoulders,https://fitnessprogramer.com/wp-content/uploads/2022/12/Single-Arm-Arnold-Press.gif,single arm arnold press
191c243c-038c-490a-b64b-45371d494eab,Kneeling Landmine Press,shoulders,https://fitnessprogramer.com/wp-content/uploads/2022/12/Kneeling-Landmine-Press.gif,kneeling landmine press
6eb50054-df5f-40a7-b980-e7a6d3264347,Pike Push-Up Between Chairs,shoulders,https://fitnessprogramer.com/wp-content/uploads/2022/12/Pike-Push-Up-Between-Chairs.gif,pike push up between chair
81b02317-719c-41cc-8325-1fd9fa2fd9a5,Kettlebell Clean and Press,shoulders,https://fitnessprogramer.com/wp-content/uploads/2023/06/Kettlebell-Clean-and-Press.gif,kettlebell clean and press
5ae2f6ba-b82c-41c2-bb30-075a1ce5efde,Dumbbell Z Press,shoulders,https://fitnessprogramer.com/wp-content/uploads/2022/12/Dumbbell-Z-Press.gif,dumbbell z press
4490d84d-46cf-41aa-94d2-5b59c44051e8,Cable Y Raise,shoulders,https://fitnessprogramer.com/wp-content/uploads/2022/12/cable-y-raise.gif,cable y raise
f90261df-04dc-4514-85c3-56cfebe312d3,Alternate Dumbbell Lateral Raise,shoulders,https://fitnessprogramer.com/wp-content/uploads/2022/12/Alternate-Dumbbell-Lateral-Raise.gif,alternate dumbbell lateral raise
34b9d3f0-5e56-4615-a1d6-cb7e760ee3fc,Back Slaps Wrap Around Stretch,shoulders,https://fitnessprogramer.com/wp-content/uploads/2022/12/Back-Slaps-Wrap-Around-Stretch.gif,back slap wrap around stretch
4cc7b530-4782-4149-a115-939a29221d4e,Reaction Ball Throw,shoulders,https://fitnessprogramer.com/wp-content/uploads/2023/08/Reaction-Ball-Throw-Agility-Ball-Drill-.gif,reaction ball throw
6695b936-2eaf-42ae-a5a5-b3184be4ece9,Front Rack PVC Stretch,shoulders,https://fitnessprogramer.com/wp-content/uploads/2023/06/PVC-Front-Rack-Stretch.gif,front rack pvc stretch
cf16dd8b-fbed-438b-8413-4d5ca26cb12e,Lever High Row,shoulders,https://fitnessprogramer.com/wp-content/uploads/2023/06/Lever-High-Row.gif,lever high row
c259921d-38f2-45ce-beaa-bb17d7a268f2,Cable Half Kneeling Pallof Press,shoulders,https://fitnessprogramer.com/wp-content/uploads/2022/02/Cable-Half-Kneeling-Pallof-Press.gif,cable half kneeling pallof press
ee16e9c5-6bf5-456b-a203-15336d9e34c7,Chest and Front of Shoulder Stretch,shoulders,https://fitnessprogramer.com/wp-content/uploads/2022/02/Chest-and-Front-of-Shoulder-Stretch.gif,chest and front of shoulder stretch
766fbf62-14d5-4ae3-b064-e7c0d4477deb,Shoulder Internal Rotation,shoulders,https://fitnessprogramer.com/wp-content/uploads/2023/06/shoulder-internal-rotation-stretch.gif,shoulder internal rotation
511269a2-5923-45dd-9348-34d94d29c15d,Lateral Raise with Towel on Wall,shoulders,https://fitnessprogramer.com/wp-content/uploads/2023/06/Lateral-Raise-with-Towel-on-Wall.gif,lateral raise with towel on wall
c0e633fd-f3b3-414d-9faf-9820ccfc20fb,Alternating Shoulder Flexion,shoulders,https://fitnessprogramer.com/wp-content/uploads/2023/06/Back-to-Wall-Alternating-Shoulder-Flexion.gif,alternating shoulder flexion
dd858226-e585-4a9c-b3d6-2a33ddb1fe6d,Banded Shoulder External Rotation,shoulders,https://fitnessprogramer.com/wp-content/uploads/2023/06/Banded-Shoulder-External-Rotation.gif,banded shoulder external rotation
49fa3df8-3643-472f-b6eb-b7a1a2be382e,Banded Shoulder Flexion,shoulders,https://fitnessprogramer.com/wp-content/uploads/2023/06/Banded-Shoulder-Flexion.gif,banded shoulder flexion
1e23e1d8-c8dc-42cd-b1df-94a68ac673dd,Banded Shoulder Extension,shoulders,https://fitnessprogramer.com/wp-content/uploads/2023/06/Banded-Shoulder-Extension.gif,banded shoulder extension
4291c4bc-aac8-4217-92b2-b082897f597e,Handstand Push-ups Between Benches,shoulders,https://fitnessprogramer.com/wp-content/uploads/2023/07/Handstand-Push-ups-Between-Benches.gif,handstand push ups between benche
095c4538-5d75-4ba6-af7f-ca37d5ec2227,Kipping Handstand Push-up,shoulders,https://fitnessprogramer.com/wp-content/uploads/2023/07/kipping-handstand-push-up.gif,kipping handstand push up
6cb9cb39-55be-4764-bd20-c1e15317c86b,Hindu Push-ups,shoulders,https://fitnessprogramer.com/wp-content/uploads/2021/02/Pike-to-Cobra.gif,hindu push ups
d377423d-52d5-4a7f-8472-bbe7caab55d0,Barbell Upright Row,shoulders,https://fitnessprogramer.com/wp-content/uploads/2021/02/barbell-uprightrow.gif,barbell upright row
b11f4b99-3e45-4a66-a769-5b489d0b0e3c,Corner Wall Stretch,shoulders,https://fitnessprogramer.com/wp-content/uploads/2022/07/Corner-Wall-Stretch.gif,corner wall stretch
b70eac51-1723-41ea-a555-a09190ed7c0d,Barbell Thruster,shoulders,https://fitnessprogramer.com/wp-content/uploads/2022/10/thruster.gif,barbell thruster
6e664317-17d2-4efb-84b2-20f052a8fd63,One Arm Kettlebell Swing,shoulders,https://fitnessprogramer.com/wp-content/uploads/2022/07/One-Arm-Kettlebell-Swing.gif,one arm kettlebell swing
b301f22b-dcba-4d54-95b8-f9b7f41f428d,Standing Reverse Shoulder Stretch,shoulders,https://fitnessprogramer.com/wp-content/uploads/2021/04/Standing-Reverse-Shoulder-Stretch.gif,standing reverse shoulder stretch
6030da4f-9ede-420f-a431-14bb055f8c7f,Resistance Band Bent Over Rear Delt Fly,shoulders,https://fitnessprogramer.com/wp-content/uploads/2023/01/Resistance-Band-Bent-Over-Rear-Delt-Fly.gif,resistance band bent over rear delt fly
79b24a4a-6571-4f64-94e8-22dc495b0f4c,Medicine ball Overhead Slam,shoulders,https://fitnessprogramer.com/wp-content/uploads/2022/06/Medicine-ball-Overhead-Slam-exercise.gif,medicine ball overhead slam
4473e6ea-08b1-40d9-9d84-d3a52420863c,Doorway Pec and Shoulder Stretch,shoulders,https://fitnessprogramer.com/wp-content/uploads/2021/01/Doorway-chest-and-sshoulder-stretch.gif,doorway pec and shoulder stretch
75befd4a-5941-4288-8c3a-25ff5f61cb69,Wall Ball,shoulders,https://fitnessprogramer.com/wp-content/uploads/2023/01/wall-ball.gif,wall ball
99b2380e-ad0e-43cf-8156-4eaba8f096c9,Resistance Band Pull Apart,shoulders,https://fitnessprogramer.com/wp-content/uploads/2022/12/Resistance-Band-Pull-Apart.gif,resistance band pull apart
f8b89107-c81b-4e06-b166-a95b1ca6ee71,Kettlebell Lateral Raise,shoulders,https://fitnessprogramer.com/wp-content/uploads/2022/09/Kettlebell-Lateral-Raise.gif,kettlebell lateral raise
48ee7739-e265-4f72-b4c0-72ee1c967b66,Dumbbell Iron Cross,shoulders,https://fitnessprogramer.com/wp-content/uploads/2022/07/Dumbbell-Iron-Cross.gif,dumbbell iron cross
4d7c0e83-ec54-421e-9e22-4d98c89d390c,Incline Landmine Press,shoulders,https://fitnessprogramer.com/wp-content/uploads/2022/07/Incline-Landmine-Press.gif,incline landmine press
347ffac5-3425-42df-8d15-6d0b7c8c1f64,Dumbbell Seated Alternate Front Raise,shoulders,https://fitnessprogramer.com/wp-content/uploads/2022/06/Dumbbell-Seated-Alternate-Front-Raises.gif,dumbbell seated alternate front raise
feab156d-4925-45b5-98f9-9f8dddd7435d,Swing | Gymstick,shoulders,https://fitnessprogramer.com/wp-content/uploads/2022/05/Swing-Gymstick.gif,swing gymstick
95a47b30-5d3d-484a-982d-05458dcd7757,Side Bend Press | Gymstick,shoulders,https://fitnessprogramer.com/wp-content/uploads/2022/05/Side-Bend-Press.gif,side bend press gymstick
1d3d8cfa-73ec-46c2-9a62-bb29a16baaf8,Single Arm Upright Row | Gymstick,shoulders,https://fitnessprogramer.com/wp-content/uploads/2022/05/Standing-Single-Arm-Upright-Row.gif,single arm upright row gymstick
e565dac0-1209-4ca7-b748-4939b8b80ca6,Behind the Head Military Press | Gymstick,shoulders,https://fitnessprogramer.com/wp-content/uploads/2022/05/Standing-Behind-Head-Military-Press.gif,behind the head military press gymstick
4c8da776-7646-4ff0-9d51-7036805fffc0,Skier | Gymstick,shoulders,https://fitnessprogramer.com/wp-content/uploads/2022/05/Skier-Gymstick.gif,skier gymstick
f1bb3abf-8a07-4d2e-9216-b87f68f56601,Face Pull With Resistance Band,shoulders,https://fitnessprogramer.com/wp-content/uploads/2022/05/Face-pull.gif,face pull with resistance band
acb7b4af-3bff-4def-b7ee-405101e7cbfd,Bent Over Row | Gymstick,shoulders,https://fitnessprogramer.com/wp-content/uploads/2022/05/Bent-Over-Row-Gymstick.gif,bent over row gymstick
f8e8f3d7-7ca4-40d5-bde6-fb6649f4eb8a,Battle Rope,shoulders,https://fitnessprogramer.com/wp-content/uploads/2015/07/Battle-Rope.gif,battle rope
c57be4d5-ad1a-4f48-9fba-a1bb10f22ec6,One Arm Medicine Ball Slam,chest,https://fitnessprogramer.com/wp-content/uploads/2024/06/One-Arm-Medicine-Ball-Slam.gif,one arm medicine ball slam
a7025c8d-4cb7-4669-aac5-4a2eb6df6992,Medicine Ball Overhead Throw,chest,https://fitnessprogramer.com/wp-content/uploads/2023/09/Medicine-Ball-Overhead-Throw.gif,medicine ball overhead throw
e7f0cbe8-ceeb-4e55-a4a5-00a5794cf7f9,Arm Scissors,chest,https://fitnessprogramer.com/wp-content/uploads/2022/02/Arm-Scissors.gif,arm scissor
928619cc-9e3e-4e51-8fad-260ce961bc24,Pec Deck Fly,chest,https://fitnessprogramer.com/wp-content/uploads/2021/02/Pec-Deck-Fly.gif,pec deck fly
64c151cc-5799-46b7-aadc-3ede821b53e5,Dumbbell Pullover,chest,https://fitnessprogramer.com/wp-content/uploads/2021/02/Dumbbell-Pullover.gif,dumbbell pullover
b1c7030b-66ca-4e24-93d7-c1cae6398dfb,Low Cable Crossover,chest,https://fitnessprogramer.com/wp-content/uploads/2021/02/Low-Cable-Crossover.gif,low cable crossover
d3586244-424b-41d8-818f-cab52f030e9f,High Cable Crossover,chest,https://fitnessprogramer.com/wp-content/uploads/2021/02/High-Cable-Crossover.gif,high cable crossover
70250ae6-6706-48e7-948f-10ac4c8b5f33,Cable Upper Chest Crossovers,chest,https://fitnessprogramer.com/wp-content/uploads/2021/10/Cable-Upper-Chest-Crossovers.gif,cable upper chest crossover
6e506357-89a7-4ab8-9080-839eab5cbc9b,Dumbbell Fly,chest,https://fitnessprogramer.com/wp-content/uploads/2021/02/Dumbbell-Fly.gif,dumbbell fly
2de19d29-1bb7-458d-8017-3fa0433b84d9,Single-Arm Cable Crossover,chest,https://fitnessprogramer.com/wp-content/uploads/2021/10/Single-Arm-Cable-Crossover.gif,single arm cable crossover
99cc8f1a-ea7d-40d4-bb8a-13ab1ad2439d,Machine Fly,chest,https://fitnessprogramer.com/wp-content/uploads/2021/05/10301301-Lever-Pec-Deck-Fly_Chest_720.gif,machine fly
b7318a77-24c7-4e1f-99e9-628dc15af0fa,Lever Incline Chest Press,chest,https://fitnessprogramer.com/wp-content/uploads/2021/06/Lever-Incline-Chest-Press.gif,lever incline chest press
8aaf3770-c196-4464-8450-d38594003e0c,Assisted Chest Dip,chest,https://fitnessprogramer.com/wp-content/uploads/2021/06/Assisted-Chest-Dip.gif,assisted chest dip
c08c6952-4957-4157-8cea-92a66c541e9a,Inner Chest Press Machine,chest,https://fitnessprogramer.com/wp-content/uploads/2021/06/Inner-Chest-Press-Machine.gif,inner chest press machine
ab30e968-8688-40f8-8344-a3eeffda7fa1,Incline Dumbbell Hammer Press,chest,https://fitnessprogramer.com/wp-content/uploads/2021/06/Incline-Dumbbel-Hammer-Press.gif,incline dumbbell hammer press
97096c42-5202-4ef6-ab5f-9de2ae74c7b3,Dumbbell Upward Fly,chest,https://fitnessprogramer.com/wp-content/uploads/2021/10/Dumbbell-Upward-Fly.gif,dumbbell upward fly
15862f22-744b-47da-bbcf-a9c65e484790,Narrow Grip Wall Push-Up,chest,https://fitnessprogramer.com/wp-content/uploads/2021/06/Narrow-Grip-Wall-Push-Up.gif,narrow grip wall push up
eb3731f2-0b7c-43ec-9fba-7cf882c9dd13,Shoulder Stretch Behind Back,chest,https://fitnessprogramer.com/wp-content/uploads/2021/04/Shoulder-Stretch-Behind-Back.gif,shoulder stretch behind back
5177e87e-493d-4e0e-ab22-e13650fb6fa1,Decline Chest Press Machine,chest,https://fitnessprogramer.com/wp-content/uploads/2021/08/Decline-Chest-Press-Machine.gif,decline chest press machine
dc8ba17c-4e69-4601-b2c5-b6f00200a0c4,Lying Chest Press Machine,chest,https://fitnessprogramer.com/wp-content/uploads/2021/08/Lying-Chest-Press-Machine.gif,lying chest press machine
0d114f91-970d-4837-a827-1c4e40877adf,Wall Push-up,chest,https://fitnessprogramer.com/wp-content/uploads/2021/04/Wall-Push-ups.gif,wall push up
792da8ae-239a-4d3f-9fde-449343848455,Smith Machine Hex Press,chest,https://fitnessprogramer.com/wp-content/uploads/2021/09/Smith-Machine-Hex-Press.gif,smith machine hex press
f3ffac82-4b69-4412-a65e-bda04cbc65ef,Close-grip Incline Dumbbell Press,chest,https://fitnessprogramer.com/wp-content/uploads/2021/09/Close-grip-Incline-Dumbbell-Press.gif,close grip incline dumbbell press
24f0d65d-5027-4c71-b95d-ff6221deb64b,Kneeling Push-up,chest,https://fitnessprogramer.com/wp-content/uploads/2022/01/Kneeling-Push-up.gif,kneeling push up
a2609b9a-4dba-4898-b3b3-ba6d8d39b206,Decline Cable Fly,chest,https://fitnessprogramer.com/wp-content/uploads/2021/06/Decline-Cable-Fly.gif,decline cable fly
132e26a6-3d17-4773-b3a2-6ef1c501fdeb,Back Pec Stretch,chest,https://fitnessprogramer.com/wp-content/uploads/2021/05/Back-Pec-Stretch.gif,back pec stretch
5e08e448-1621-4274-832c-8e3ac5ec4a3e,Lever Incline Hammer Chest Press,chest,https://fitnessprogramer.com/wp-content/uploads/2021/09/Lever-Incline-Hammer-Chest-Press.gif,lever incline hammer chest press
f4f9294c-0d59-4c9f-aa47-afa87f594ab1,Lever Crossovers,chest,https://fitnessprogramer.com/wp-content/uploads/2021/09/Lever-Crossovers.gif,lever crossover
c0123679-27ae-42ae-8195-6360225763ae,Lever Chest Press,chest,https://fitnessprogramer.com/wp-content/uploads/2021/06/Lever-Chest-Press.gif,lever chest press
2ec56c32-419c-4165-a9f5-9296af05f660,Reverse Push-up,chest,https://fitnessprogramer.com/wp-content/uploads/2021/09/Reverse-Push-up.gif,reverse push up
48d87b51-e1a7-496f-9583-9badb9106313,Alternate Dumbbell Bench Press,chest,https://fitnessprogramer.com/wp-content/uploads/2021/09/Alternate-Dumbbell-Bench-Press.gif,alternate dumbbell bench press
1b413405-5d21-4122-bd90-2946d06d06bb,Clap Push-Up,chest,https://fitnessprogramer.com/wp-content/uploads/2021/06/Clap-Push-Up.gif,clap push up
6a3acd42-5b09-4da1-be70-d4f68c5049a3,Above Head Chest Stretch,chest,https://fitnessprogramer.com/wp-content/uploads/2021/06/Above-Head-Chest-Stretch.gif,above head chest stretch
d284c05a-e512-4750-86a1-8dda5e2afa7e,Single Dumbbell Close-grip Press,chest,https://fitnessprogramer.com/wp-content/uploads/2021/10/Single-Dumbbell-Close-grip-Press.gif,single dumbbell close grip press
1eefba6b-2384-4929-a45f-c85659157d05,Kneeling Diamond Push-Up,chest,https://fitnessprogramer.com/wp-content/uploads/2021/04/Knee-Push-Up.gif,kneeling diamond push up
b9c2b8ea-520e-42f4-8ac8-b9fc374e7ded,Dips Between Chairs,chest,https://fitnessprogramer.com/wp-content/uploads/2022/04/Dips-Between-Chairs.gif,dips between chair
345a1ef0-7af8-4774-b19e-5ef064cf3138,Push-up With Push-up Bars,chest,https://fitnessprogramer.com/wp-content/uploads/2021/10/Push-up-With-Push-up-Bars.gif,push up with push up bars
1f92e670-db98-43a1-a7b1-4be21a19be5b,One Arm Decline Cable Fly,chest,https://fitnessprogramer.com/wp-content/uploads/2021/06/One-Arm-Decline-Cable-Fly.gif,one arm decline cable fly
9be6ba8f-0da5-493f-8d40-bb3504306304,Korean Dips,chest,https://fitnessprogramer.com/wp-content/uploads/2022/01/Korean-Dips.gif,korean dips
f93b9da1-196d-484f-986a-2a38eca8298f,Straight Bar Dip,chest,https://fitnessprogramer.com/wp-content/uploads/2022/01/Straight-Bar-Dip.gif,straight bar dip
78fb5f44-93a8-466a-8031-59b9326cafa9,Dumbbell One Arm Reverse Grip Press,chest,https://fitnessprogramer.com/wp-content/uploads/2022/01/Dumbbell-One-Arm-Reverse-Grip-Press.gif,dumbbell one arm reverse grip press
87069922-75dd-4911-ab2a-dfce665f8e64,Lever One Arm Chest Press,chest,https://fitnessprogramer.com/wp-content/uploads/2021/08/Lever-One-Arm-Chest-Press.gif,lever one arm chest press
d75cfd94-5043-40f4-b152-8b83d3f22527,Standing One Arm Chest Stretch,chest,https://fitnessprogramer.com/wp-content/uploads/2021/08/Standing-one-arm-chest-stretch.gif,standing one arm chest stretch
11d33fed-ac37-4a68-ab09-2c9ec90ca66c,Single Arm Medicine Ball Push-Up,chest,https://fitnessprogramer.com/wp-content/uploads/2021/08/Push-Up-Medicine-Ball.gif,single arm medicine ball push up
3e383c2b-5a3c-46ba-9a67-b39e4b25e16a,Stability Ball Decline Push-Up,chest,https://fitnessprogramer.com/wp-content/uploads/2021/08/stability-ball-decline-push-ups.gif,stability ball decline push up
96414f39-eccf-4116-8ca9-696158003f54,Dumbbell Pullover On Stability Ball,chest,https://fitnessprogramer.com/wp-content/uploads/2021/08/Dumbbell-Pullover-On-Stability-Ball.gif,dumbbell pullover on stability ball
142608c4-e5a9-43f6-b361-75f36c2d1a95,Stability Ball Push-Up,chest,https://fitnessprogramer.com/wp-content/uploads/2021/08/stability-ball-push-up.gif,stability ball push up
b440da86-e490-4be9-adb9-580e1a910d93,Dumbbell Decline One-Arm Hammer Press,chest,https://fitnessprogramer.com/wp-content/uploads/2021/09/Dumbbell-Decline-One-Arm-Hammer-Press.gif,dumbbell decline one arm hammer press
19baf097-498d-42d3-bbd9-069af9fab638,Pike Push-up,chest,https://fitnessprogramer.com/wp-content/uploads/2021/06/Pike-Push-up.gif,pike push up
6ebe10f0-5886-48be-acd0-5e1e9bafce69,Push-Up Plus,chest,https://fitnessprogramer.com/wp-content/uploads/2021/06/Push-Up-Plus.gif,push up plus
b886495b-9a96-4318-b26c-75b86d3c4c95,One-Arm Kettlebell Chest Press,chest,https://fitnessprogramer.com/wp-content/uploads/2022/10/One-Arm-Kettlebell-Chest-Press-on-the-Bench.gif,one arm kettlebell chest press
787b8a68-dbc0-4acb-94d6-3e8f22bdec7e,Kettlebell Chest Press on the Floor,chest,https://fitnessprogramer.com/wp-content/uploads/2022/10/Kettlebell-Chest-Press-on-the-Floor.gif,kettlebell chest press on the floor
fdd91a9c-8a8e-45a2-ae1c-ef5e1fde1b50,One Arm Push Ups With Support,chest,https://fitnessprogramer.com/wp-content/uploads/2022/01/One-Arm-Push-Ups-With-Support.gif,one arm push ups with support
e8771692-b60b-4438-95a3-4e1c3b35b7c9,Seated Chest Stretch,chest,https://fitnessprogramer.com/wp-content/uploads/2022/02/Seated-Chest-Stretch.gif,seated chest stretch
63b8cc3f-ec0b-4ac1-b8f4-4d1284fd0eea,Foam Roller Chest Stretch,chest,https://fitnessprogramer.com/wp-content/uploads/2022/02/Foam-Roller-Chest-Stretch.gif,foam roller chest stretch
1ade195b-9a67-4e46-9d65-58b388330cd3,Foam Roller Front Shoulder and Chest,chest,https://fitnessprogramer.com/wp-content/uploads/2022/02/Roll-Front-Shoulder-and-Chest-Lying-on-Floor.gif,foam roller front shoulder and chest
33d9e88d-b677-4100-9b81-735f9ee8e61a,Assisted Reverse Stretch (Chest And Shoulder),chest,https://fitnessprogramer.com/wp-content/uploads/2022/02/Reverse-Shoulder-Stretch.gif,assisted reverse stretch
1690abf5-2649-46ce-91b8-254727f9d67c,Lying Upper Body Rotation,chest,https://fitnessprogramer.com/wp-content/uploads/2022/02/Lying-Upper-Body-Rotation.gif,lying upper body rotation
8852feef-a9bd-4d6b-a212-2648d4e64b20,Lever Decline Chest Press,chest,https://fitnessprogramer.com/wp-content/uploads/2022/01/Lever-Decline-Chest-Press.gif,lever decline chest press
45150a2f-549e-4ffa-b452-525b10f3e976,Fish Pose,chest,https://fitnessprogramer.com/wp-content/uploads/2022/02/Fish-Pose-Matsyasana.gif,fish pose
b86032fc-a166-43ef-8091-46a722dc4469,İncline Cable Fly,chest,https://fitnessprogramer.com/wp-content/uploads/2021/02/Incline-Cable-Fly.gif,i ncline cable fly
58af6909-04cd-440f-bee1-aabaccf76877,Reverse Chest Stretch,chest,https://fitnessprogramer.com/wp-content/uploads/2022/11/Reverse-Chest-Stretch.gif,reverse chest stretch
61ff9bb2-16cc-4512-9344-8a9f82d6d0d2,Kneeling Landmine Press,chest,https://fitnessprogramer.com/wp-content/uploads/2022/12/Kneeling-Landmine-Press.gif,kneeling landmine press
c18bd160-18f6-44a1-903e-f10b8ff2efd9,Pike Push-Up Between Chairs,chest,https://fitnessprogramer.com/wp-content/uploads/2022/12/Pike-Push-Up-Between-Chairs.gif,pike push up between chair
ee82e621-8a11-4534-bcc6-da78c1c0818c,Back Slaps Wrap Around Stretch,chest,https://fitnessprogramer.com/wp-content/uploads/2022/12/Back-Slaps-Wrap-Around-Stretch.gif,back slap wrap around stretch
5ffac666-fdb5-45f7-b231-e6d05f511d05,Reaction Ball Throw,chest,https://fitnessprogramer.com/wp-content/uploads/2023/08/Reaction-Ball-Throw-Agility-Ball-Drill-.gif,reaction ball throw
cfbc553c-bb54-40fe-bc8f-4260db8bbff9,Seated Cable Close Grip Chest Press,chest,https://fitnessprogramer.com/wp-content/uploads/2022/02/Seated-Cable-Close-Grip-Chest-Press.gif,seated cable close grip chest press
733933da-b011-4030-b3a1-282e7d823ab0,Cable Half Kneeling Pallof Press,chest,https://fitnessprogramer.com/wp-content/uploads/2022/02/Cable-Half-Kneeling-Pallof-Press.gif,cable half kneeling pallof press
ce84899d-0c32-4026-98be-edef6324ab27,Chest and Front of Shoulder Stretch,chest,https://fitnessprogramer.com/wp-content/uploads/2022/02/Chest-and-Front-of-Shoulder-Stretch.gif,chest and front of shoulder stretch
6853fc1a-889e-46e6-820d-49e635f4c3f8,Forearm Push-up,chest,https://fitnessprogramer.com/wp-content/uploads/2022/02/Forearm-Push-up.gif,forearm push up
35ed5478-9678-4d87-9731-d8f6013a2eb6,Banded Shoulder Adduction,chest,https://fitnessprogramer.com/wp-content/uploads/2023/06/Banded-Shoulder-Adduction.gif,banded shoulder adduction
e6e66831-9199-4530-8377-829d8ac05518,Band Alternate Incline Chest Press,chest,https://fitnessprogramer.com/wp-content/uploads/2022/02/Band-Alternate-Incline-Chest-Press-.gif,band alternate incline chest press
8fa2b59f-b296-4302-a934-622cc90c3bd5,Incline Close-Grip Bench Press,chest,https://fitnessprogramer.com/wp-content/uploads/2022/04/Incline-Close-Grip-Bench-Press.gif,incline close grip bench press
0e251ec4-4873-44eb-b019-81d1fa0d13e0,Hammer Press,chest,https://fitnessprogramer.com/wp-content/uploads/2021/02/Hammer-Press.gif,hammer press
e16be372-e5a8-4afb-a9d5-1421ad68d262,Corner Wall Stretch,chest,https://fitnessprogramer.com/wp-content/uploads/2022/07/Corner-Wall-Stretch.gif,corner wall stretch
91391614-390e-448f-9372-411008e836a4,Landmine Floor Chest Fly,chest,https://fitnessprogramer.com/wp-content/uploads/2022/10/Landmine-Floor-Chest-Fly.gif,landmine floor chest fly
5bdd1f20-5373-4ce6-82b0-c32a052c3f6f,Decline Hammer Press,chest,https://fitnessprogramer.com/wp-content/uploads/2022/01/Decline-hammer-press.gif,decline hammer press
ee5c4741-a710-40f3-a7d6-64b06ce5f31e,Close-Grip Reverse Bench Press,chest,https://fitnessprogramer.com/wp-content/uploads/2022/02/Barbell-Reverse-Close-grip-Bench-Press.gif,close grip reverse bench press
91ab2d2b-47ab-4b71-b875-e710a86a6592,Wide-Grip Reverse Bench Press,chest,https://fitnessprogramer.com/wp-content/uploads/2022/10/Wide-Grip-Reverse-Bench-Press.gif,wide grip reverse bench press
87dc5d79-942d-4fd7-bcdc-b5be408c45e2,Straddle Planche,chest,https://fitnessprogramer.com/wp-content/uploads/2022/08/Straddle-planche.gif,straddle planche
a694cce5-f679-4977-8533-787fda435656,Close Grip Knee Push-up,chest,https://fitnessprogramer.com/wp-content/uploads/2022/07/Close-Grip-Knee-Push-up.gif,close grip knee push up
84dfdcf9-d3c2-41cf-8573-f963edda6896,Push-up With Rotation,chest,https://fitnessprogramer.com/wp-content/uploads/2023/01/push-up-with-rotation.gif,push up with rotation
2e85bbd1-4a7e-481a-879b-c5721c72e75c,Supine Medicine Ball Chest Throw,chest,https://fitnessprogramer.com/wp-content/uploads/2022/06/Supine-Medicine-Ball-Chest-Throw-exercise.gif,supine medicine ball chest throw
19182696-95a9-4811-86fe-4d53bd3d6597,Reverse Dips,chest,https://fitnessprogramer.com/wp-content/uploads/2022/04/Reverse-Dips.gif,reverse dips
0e00e853-2f4b-4e6d-bf96-7a7ceb0bb151,Trx Chest Press,chest,https://fitnessprogramer.com/wp-content/uploads/2022/12/Trx-Chest-Press.gif,trx chest press
27933784-2e52-4a0a-b8cf-dd2c98eea358,Dumbbell Straight Arm Pullover (knees at 90 degrees),chest,https://fitnessprogramer.com/wp-content/uploads/2022/11/Dumbbell-Straight-Arm-Pullover-knees-at-90-degrees.gif,dumbbell straight arm pullover
63c7f2c2-9575-4f5d-bb29-9d8f684e36ae,Trx Chest Fly,chest,https://fitnessprogramer.com/wp-content/uploads/2022/12/Trx-Chest-Flyes.gif,trx chest fly
2883b3e9-b7ec-4c4a-a9dc-8b94f03e53fe,Doorway Pec and Shoulder Stretch,chest,https://fitnessprogramer.com/wp-content/uploads/2021/01/Doorway-chest-and-sshoulder-stretch.gif,doorway pec and shoulder stretch
e71d8c54-99f9-4866-bf2f-0b185163e33c,Kettlebell Renegade Row,chest,https://fitnessprogramer.com/wp-content/uploads/2022/07/Kettlebell-Renegade-Row.gif,kettlebell renegade row
14d84d6c-5f15-4754-9584-80a863285f56,Push-Up to Renegade Row,chest,https://fitnessprogramer.com/wp-content/uploads/2022/07/Push-Up-to-Renegade-Row.gif,push up to renegade row
538cc37d-15bd-4e40-a397-bffe9d4b4591,Modified Hindu Push-up,chest,https://fitnessprogramer.com/wp-content/uploads/2022/07/Modified-Hindu-Push-up.gif,modified hindu push up
0e81cee3-9f55-4182-8c4a-d9b229621e24,Knuckle Push-Up,chest,https://fitnessprogramer.com/wp-content/uploads/2022/07/Knuckle-Push-Up.gif,knuckle push up
73e69008-14ad-4434-ba4b-9f6c0330dfef,Planche Push-Up,chest,https://fitnessprogramer.com/wp-content/uploads/2022/07/Planche-Push-Up.gif,planche push up
b456f985-39cf-41b9-9d4c-d25d04e80dbe,Finger Push-up,chest,https://fitnessprogramer.com/wp-content/uploads/2022/07/Finger-Push-up.gif,finger push up
217692d0-56db-4183-a34b-75f42205c28d,Chest Tap Push-up,chest,https://fitnessprogramer.com/wp-content/uploads/2022/07/Chest-Tap-Push-up.gif,chest tap push up
8d6785d1-47f6-48e5-90ee-80d9aedbd824,Kettlebell Deep Push-Up,chest,https://fitnessprogramer.com/wp-content/uploads/2022/07/Kettlebell-Deep-Push-Up.gif,kettlebell deep push up
646e803a-dabd-4969-97a1-395489c20edb,Archer Push-Up,chest,https://fitnessprogramer.com/wp-content/uploads/2022/07/Archer-Push-Up.gif,archer push up
2226003c-afdc-4e94-8de8-44a0833cf69a,One Leg Push-Up,chest,https://fitnessprogramer.com/wp-content/uploads/2022/07/One-Leg-Push-Up.gif,one leg push up
7d6624b6-03ef-46ed-ad36-0d4d31ae599b,Resistance Band Alternating Chest Fly,chest,https://fitnessprogramer.com/wp-content/uploads/2022/09/Resistance-Band-Alternating-Chest-Fly.gif,resistance band alternating chest fly
77ea5c83-8246-4366-adf8-fdaa099eb4fa,Dumbbell Reverse Grip 30 Degrees Incline Bench Press,chest,https://fitnessprogramer.com/wp-content/uploads/2022/07/Dumbbell-Reverse-Grip-30-Degrees-Incline-Bench-Press.gif,dumbbell reverse grip 30 degree incline bench press
9ba8a500-29ee-4d5c-86b5-5eae1715e501,Incline Landmine Press,chest,https://fitnessprogramer.com/wp-content/uploads/2022/07/Incline-Landmine-Press.gif,incline landmine press
19d74c6a-10a3-409c-bceb-1461140c6878,Ring Dips,chest,https://fitnessprogramer.com/wp-content/uploads/2022/07/Ring-Dips.gif,ring dips
521b9742-45de-4f03-9107-c229f675dbd7,Single Arm Raise Push-up,chest,https://fitnessprogramer.com/wp-content/uploads/2022/08/Single-Arm-Raise-Push-up.gif,single arm raise push up
82e28490-bf9a-49e7-be0a-fcdb29341d28,Close-grip Dumbbell Push-Up,chest,https://fitnessprogramer.com/wp-content/uploads/2022/08/Close-grip-Dumbbell-Push-Up.gif,close grip dumbbell push up
41d208c5-acb0-4a0d-a167-47b8cebb5acd,Single Arm Push-Up on Medicine Ball,chest,https://fitnessprogramer.com/wp-content/uploads/2022/08/Single-Arm-Push-Up-on-Medicine-Ball.gif,single arm push up on medicine ball
b96afa22-b033-4dcf-9a08-dc0ce5fba6e5,Weighted Vest Push-up,chest,https://fitnessprogramer.com/wp-content/uploads/2022/08/Weighted-Vest-Push-up.gif,weighted vest push up
05fb9322-bee8-484d-a7dd-d832ecf796fa,Standing incline chest press With Resistance Band,chest,https://fitnessprogramer.com/wp-content/uploads/2022/05/Standing-incline-chest-press.gif,standing incline chest press with resistance band
dea85b26-c284-42d1-9637-38d725688f0b,Middle Chest fly With Resistance Band,chest,https://fitnessprogramer.com/wp-content/uploads/2022/05/Middle-fly.gif,middle chest fly with resistance band
80ae21f8-ed3b-4c06-b669-c58ea1cee261,Kneeling Incline Press | Gymstick,chest,https://fitnessprogramer.com/wp-content/uploads/2022/05/Kneeling-Incline-Press-Gymstick.gif,kneeling incline press gymstick
de285455-6818-4d2a-9dc1-841196107f60,Low Chest Fly With Resistance Band,chest,https://fitnessprogramer.com/wp-content/uploads/2022/05/Low-fly.gif,low chest fly with resistance band
3fb93fb8-a656-4b4a-b0e6-0d5329682821,High Chest Fly With Resistance Band,chest,https://fitnessprogramer.com/wp-content/uploads/2022/05/High-Chest-Fly-With-Resistance-Band.gif,high chest fly with resistance band
8e4066c1-c29d-400c-b77c-082e5a4ee85a,Rowing Machine,back,https://fitnessprogramer.com/wp-content/uploads/2021/06/Rowing-Machine.gif,rowing machine
38632b97-2e45-4eb5-9e72-34825c3ab932,Lever Front Pulldown,back,https://fitnessprogramer.com/wp-content/uploads/2021/05/Front-Pulldown.gif,lever front pulldown
8f0ff8b9-2f27-4978-b292-16e3d6c6a9b8,Cable Rear Pulldown,back,https://fitnessprogramer.com/wp-content/uploads/2021/08/Cable-Rear-Pulldown.gif,cable rear pulldown
634bc48b-a40e-4063-9dce-9d8686f1e401,Lat Pulldown,back,https://fitnessprogramer.com/wp-content/uploads/2021/02/Lat-Pulldown.gif,lat pulldown
2bb81025-dbf0-4e44-88cb-ec8c3a039b66,Legless Rope Climb,back,https://fitnessprogramer.com/wp-content/uploads/2022/02/Rope-Climb.gif,legless rope climb
d110d325-7b99-48ad-899a-ef8e09156e36,Lever T-Bar Row,back,https://fitnessprogramer.com/wp-content/uploads/2021/02/Lever-T-bar-Row.gif,lever t bar row
1f92fb46-9209-4e46-ae09-323a5b0fc443,Dumbbell Row,back,https://fitnessprogramer.com/wp-content/uploads/2021/02/Dumbbell-Row.gif,dumbbell row
b2100f6e-26da-4fb2-b3ba-96444e22894c,Reverse Lat-Pulldown,back,https://fitnessprogramer.com/wp-content/uploads/2021/04/Reverse-Lat-Pulldown.gif,reverse lat pulldown
fceec3f1-0c92-4b15-aa9b-359efc715037,Muscle-Up,back,https://fitnessprogramer.com/wp-content/uploads/2021/05/Muscle-up-vertical-bar.gif,muscle up
08912b43-2d87-446a-ac46-f00ed6b47cc7,One Arm Cable Row,back,https://fitnessprogramer.com/wp-content/uploads/2021/02/One-arm-Cable-Row.gif,one arm cable row
d0122510-750e-4f8e-9364-140c4027cb9b,Kneeling High Pulley Row,back,https://fitnessprogramer.com/wp-content/uploads/2021/09/Kneeling-High-Pulley-Row.gif,kneeling high pulley row
dc7f7b32-14c1-4a5a-b652-19f190d098ce,Half Kneeling Lat Pulldown,back,https://fitnessprogramer.com/wp-content/uploads/2021/06/Half-Kneeling-Lat-Pulldown.gif,half kneeling lat pulldown
788a149d-dc32-4625-b35a-c9e95794d866,Dumbbell Straight Leg Deadlift,back,https://fitnessprogramer.com/wp-content/uploads/2021/04/Dumbbell-Straight-Leg-Deadlift.gif,dumbbell straight leg deadlift
ebb9de0a-e4d5-48d3-93c4-44b51d00ce20,Across Chest Shoulder Stretch,back,https://fitnessprogramer.com/wp-content/uploads/2021/04/Across-Chest-Shoulder-Stretch.gif,across chest shoulder stretch
0eb9b2f8-35ec-4746-b1fd-30c46cc13fd4,Standing Reach Up Back rotation Stretch,back,https://fitnessprogramer.com/wp-content/uploads/2021/04/Standing-Reach-Up-Back-rotation-Stretch.gif,standing reach up back rotation stretch
cca191e7-bdfe-4ae4-9fe5-2b535b6ee6f0,Shoulder Stretch Behind Back,back,https://fitnessprogramer.com/wp-content/uploads/2021/04/Shoulder-Stretch-Behind-Back.gif,shoulder stretch behind back
09b2f493-42f5-4dbd-9798-af0df65b70b8,Incline Reverse Grip Dumbbell Row,back,https://fitnessprogramer.com/wp-content/uploads/2021/06/Incline-Reverse-Grip-Dumbbell-Row.gif,incline reverse grip dumbbell row
81181883-66ea-436f-98a8-553322cf9134,Barbell Pullover,back,https://fitnessprogramer.com/wp-content/uploads/2021/04/Barbell-Bent-Arm-Pullover.gif,barbell pullover
9a3d7a44-bf36-4a2a-a0fa-6a6bcef3a8b8,Cable Pullover,back,https://fitnessprogramer.com/wp-content/uploads/2021/04/Lying-Extension-Pullover.gif,cable pullover
f1e93faa-a361-4b3c-aa15-bf63b0d672d7,Close Grip Chin Up,back,https://fitnessprogramer.com/wp-content/uploads/2021/04/Close-Grip-Chin-Up.gif,close grip chin up
ed74b85e-7710-4a7c-9a7b-8f833baa2028,Table Inverted Row,back,https://fitnessprogramer.com/wp-content/uploads/2022/04/Table-Inverted-Row.gif,table inverted row
510a9480-490d-4363-a24c-ed8cb0f2060b,Cable One Arm Lat Pulldown,back,https://fitnessprogramer.com/wp-content/uploads/2021/06/Cable-One-Arm-Lat-Pulldown.gif,cable one arm lat pulldown
a96949ef-2344-4dc8-bb4c-efa7423622c5,Reverse Grip Machine Row,back,https://fitnessprogramer.com/wp-content/uploads/2021/08/Reverse-Grip-Machine-Row.gif,reverse grip machine row
2aaf404a-d42b-492e-8a87-288b9303238b,Close Grip Cable Row,back,https://fitnessprogramer.com/wp-content/uploads/2021/06/close-grip-cable-row.gif,close grip cable row
ba4cd88c-dd37-4864-9d39-49e09a80a206,Rope Straight Arm Pulldown,back,https://fitnessprogramer.com/wp-content/uploads/2021/06/Rope-Straight-Arm-Pulldown.gif,rope straight arm pulldown
6a4d43fa-cb66-49ee-b743-21042ecb6380,V-bar Lat Pulldown,back,https://fitnessprogramer.com/wp-content/uploads/2021/06/V-bar-Lat-Pulldown.gif,v bar lat pulldown
0a5117aa-0455-4a5d-9f73-7ca67380190e,One-Arm Barbell Row,back,https://fitnessprogramer.com/wp-content/uploads/2021/06/One-Arm-Barbell-Row-.gif,one arm barbell row
280b220d-cffb-4e3d-bfc8-7c45f70a8643,Incline Cable Row,back,https://fitnessprogramer.com/wp-content/uploads/2021/09/Incline-Cable-Row.gif,incline cable row
4e1c1a5f-ce9a-4f29-bc90-0ec82eb6d6ef,Cable Bent Over Row,back,https://fitnessprogramer.com/wp-content/uploads/2021/09/Cable-Bent-Over-Row.gif,cable bent over row
067da421-471c-47c3-95be-162e99caf196,Back Pec Stretch,back,https://fitnessprogramer.com/wp-content/uploads/2021/05/Back-Pec-Stretch.gif,back pec stretch
4d4c75cb-0c3f-4407-995f-a8b88f44d375,Double Cable Neutral Grip Lat Pulldown On Floor,back,https://fitnessprogramer.com/wp-content/uploads/2021/09/Double-Cable-Neutral-Grip-Lat-Pulldown-On-Floor.gif,double cable neutral grip lat pulldown on floor
0a822d74-211a-4033-b052-c5ed6b983713,Incline Barbell Row,back,https://fitnessprogramer.com/wp-content/uploads/2021/06/Incline-Barbell-Row.gif,incline barbell row
ecd31422-19c0-4b52-ba50-84a9f0d8ea94,Kneeling Single Arm High Pulley Row,back,https://fitnessprogramer.com/wp-content/uploads/2021/09/Kneeling-Single-Arm-High-Pulley-Row.gif,kneeling single arm high pulley row
c77f3f17-950a-4a7a-90f8-0b95baf3257d,Swimming,back,https://fitnessprogramer.com/wp-content/uploads/2021/05/Swimming.gif,swimming
13515f5e-a593-4d0e-b642-9213274f1c1f,Seated Cable Rope Row,back,https://fitnessprogramer.com/wp-content/uploads/2021/06/Seated-Cable-Rope-Row.gif,seated cable rope row
e6987198-dd6f-4de7-9394-4f3d7513d82c,Cable Seated Pullover,back,https://fitnessprogramer.com/wp-content/uploads/2021/10/Cable-Seated-Pullover.gif,cable seated pullover
e8a30f6b-3511-4f18-8a61-654fca656827,Scapular Protraction and Retraction,back,https://fitnessprogramer.com/wp-content/uploads/2021/10/Scapular-Protraction-and-Retraction.gif,scapular protraction and retraction
0ee45187-21be-4432-af52-722d40c4bcfd,Ring Inverted Row,back,https://fitnessprogramer.com/wp-content/uploads/2022/01/Ring-Inverted-Row.gif,ring inverted row
2c6d7c00-0959-4a6e-9045-4ef56c6e2df8,Lever Cable Rear Pulldown,back,https://fitnessprogramer.com/wp-content/uploads/2021/08/Lever-Cable-Rear-Pulldown.gif,lever cable rear pulldown
acce43cd-2b99-4380-bffb-e0970887a3fb,Elbow Reverse Push-Up,back,https://fitnessprogramer.com/wp-content/uploads/2021/08/Elbow-Reverse-Push-Up.gif,elbow reverse push up
e63af0a7-b130-4082-91df-a731e97d7b52,Weighted One Arm Pull-up,back,https://fitnessprogramer.com/wp-content/uploads/2022/01/Weighted-One-Arm-Pull-up.gif,weighted one arm pull up
862550de-b35b-4620-961c-88892f70c783,Cable Crossover Lat Pulldown,back,https://fitnessprogramer.com/wp-content/uploads/2022/01/Cable-Crossover-Lat-Pulldown.gif,cable crossover lat pulldown
98cbf6bc-e874-4d44-b385-5942b8b7dc6e,One Arm Landmine Row,back,https://fitnessprogramer.com/wp-content/uploads/2021/10/One-Arm-Landmine-Row.gif,one arm landmine row
efa1870e-8f7c-4329-8193-4ca2518c75c8,Lever Reverse T-Bar Row,back,https://fitnessprogramer.com/wp-content/uploads/2021/08/Lever-Reverse-T-Bar-Row.gif,lever reverse t bar row
cc0e59b5-1e0f-4a13-876c-d3341efa4e03,Full Range Of Motion Lat Pulldown,back,https://fitnessprogramer.com/wp-content/uploads/2022/04/Full-Range-Of-Motion-Lat-Pulldown.gif,full range of motion lat pulldown
ce0e2b9c-f175-4958-8f5c-154cb0258173,Seated Toe Touches,back,https://fitnessprogramer.com/wp-content/uploads/2021/06/Seated-Toe-Touches.gif,seated toe touche
f7dc9e4b-2e81-4b2f-8c67-18a5baf6b491,L-Sit Pull-Up,back,https://fitnessprogramer.com/wp-content/uploads/2023/06/L-Pull-Up.gif,l sit pull up
9b7ed004-2db5-4f18-9ecc-6057cb26e130,Back Lever,back,https://fitnessprogramer.com/wp-content/uploads/2023/06/Back-Lever.gif,back lever
d7a9ea20-e615-4021-9445-980777bda41e,Swing 360,back,https://fitnessprogramer.com/wp-content/uploads/2023/06/Swing-360.gif,swing 360
8a836f2e-dc32-46e7-9237-e9146b20937c,Front Lever Pull-up,back,https://fitnessprogramer.com/wp-content/uploads/2023/06/Front-Lever-Pull-up.gif,front lever pull up
4ffe6640-c331-4503-b874-4893886fcf8f,Towel Shoulder Stretch,back,https://fitnessprogramer.com/wp-content/uploads/2021/10/Stretch-With-Towel.gif,towel shoulder stretch
d71632f5-096d-4052-9ee3-cc386d49569c,Foam Roller Back Stretch,back,https://fitnessprogramer.com/wp-content/uploads/2022/02/Roll-Upper-Back.gif,foam roller back stretch
5ebbf021-0b7a-40bd-b872-4a06a97e90ba,Foam Roller Rhomboids,back,https://fitnessprogramer.com/wp-content/uploads/2022/02/Roll-Rhomboids.gif,foam roller rhomboid
09c19f34-77a1-4e67-86db-b29260588a19,Foam Roller Upper Back,back,https://fitnessprogramer.com/wp-content/uploads/2022/02/Foam-Roller-Upper-Back.gif,foam roller upper back
5a945bc4-8bae-4920-bceb-39a0b5c45942,Foam Roller Lat Stretch,back,https://fitnessprogramer.com/wp-content/uploads/2022/02/Foam-Roller-Lat-Stretch.gif,foam roller lat stretch
6f49a229-a3e6-4553-a609-0a3b417d9652,Lying Upper Body Rotation,back,https://fitnessprogramer.com/wp-content/uploads/2022/02/Lying-Upper-Body-Rotation.gif,lying upper body rotation
aa30f113-54a3-41d2-b775-0b281850272d,Lever Pullover,back,https://fitnessprogramer.com/wp-content/uploads/2022/02/Lever-Pullover-plate-loaded.gif,lever pullover
016b7699-e208-4cf0-9395-77a604a02601,Scapula Pull-up,back,https://fitnessprogramer.com/wp-content/uploads/2022/01/Scapula-Pull-up.gif,scapula pull up
6a122986-67e3-4163-9340-9d3c50563712,Archer Pull-up,back,https://fitnessprogramer.com/wp-content/uploads/2022/01/Archer-Pull-up.gif,archer pull up
c0c4ea00-7069-410c-a0fa-753e0d37c08b,Jumping Pull-up,back,https://fitnessprogramer.com/wp-content/uploads/2022/01/jumping-pull-up.gif,jumping pull up
e102d3a3-b375-4952-9fda-2259bb045888,Commando Pull-up,back,https://fitnessprogramer.com/wp-content/uploads/2022/01/commander-pull-up.gif,commando pull up
499f09d7-5c74-4126-9c92-ec313c06f4f0,Cable One-Arm Pulldown,back,https://fitnessprogramer.com/wp-content/uploads/2022/01/Cable-One-Arm-Pulldown.gif,cable one arm pulldown
c1d13561-2072-42a3-a7ce-59e0fbdf952d,Barbell Decline Bent Arm Pullover,back,https://fitnessprogramer.com/wp-content/uploads/2022/01/Barbell-Decline-Bent-Arm-Pullover.gif,barbell decline bent arm pullover
33d7ef85-98ad-4d98-a7fc-b891091ddbd3,Dead Hang,back,https://fitnessprogramer.com/wp-content/uploads/2021/02/dead-hang-360x360.png,dead hang
a9ad607b-3b57-4be2-a936-8eadcf220576,Isometric Pull-Up,back,https://fitnessprogramer.com/wp-content/uploads/2022/08/Isometric-Pull-Up.gif,isometric pull up
fc85f97b-3a98-40b7-b739-64c7e67d10d0,Wide Grip Barbell Bent Over Row Plus,back,https://fitnessprogramer.com/wp-content/uploads/2023/02/Wide-Grip-Barbell-Bent-Over-Row-Plus.gif,wide grip barbell bent over row plus
6ad0d566-3630-41b6-b7a7-859a1f423b5f,Wide Grip Alternate Barbell Bent Over Row Plus,back,https://fitnessprogramer.com/wp-content/uploads/2023/02/Wide-Grip-Alternate-Barbell-Bent-Over-Row-Plus.gif,wide grip alternate barbell bent over row plus
6a2e3f6e-d865-4e0b-91b3-14ee30ae3279,Wall Slides,back,https://fitnessprogramer.com/wp-content/uploads/2021/02/wall-slide.gif,wall slide
6ff7b0ec-23be-40a2-ae99-fe802a370365,Kneeling T-spine Rotation,back,https://fitnessprogramer.com/wp-content/uploads/2022/08/Kneeling-T-spine-Rotation.gif,kneeling t spine rotation
1755e10a-da04-47bd-b916-c4aaed1e90bf,Climbing Monkey Bars,back,https://fitnessprogramer.com/wp-content/uploads/2022/12/Climbing-Monkey-Bars.gif,climbing monkey bars
7c5bf019-7b88-4313-8a34-f346668c1d93,Supine Spinal Twist,back,https://fitnessprogramer.com/wp-content/uploads/2022/12/Supine-Spinal-Twist.gif,supine spinal twist
0ea9c24f-c006-4ef7-b092-861087ca532a,Back Slaps Wrap Around Stretch,back,https://fitnessprogramer.com/wp-content/uploads/2022/12/Back-Slaps-Wrap-Around-Stretch.gif,back slap wrap around stretch
78a96811-31c2-495c-a6a5-4ff70cfd354d,Bodyweight Row in Doorway,back,https://fitnessprogramer.com/wp-content/uploads/2023/06/Bodyweight-Row-in-Doorway.gif,bodyweight row in doorway
e39f0b16-6896-46e8-8b51-efda6cfa0489,Lever High Row,back,https://fitnessprogramer.com/wp-content/uploads/2023/06/Lever-High-Row.gif,lever high row
bed37f49-0926-405a-be87-f3a44fbcaa83,Incline Dumbbell Hammer Row,back,https://fitnessprogramer.com/wp-content/uploads/2022/02/Incline-Dumbbell-Hammer-Row.gif,incline dumbbell hammer row
3baa8ae6-c82b-47bf-b14c-928fa7aeafc2,Plate Loaded Seated Row,back,https://fitnessprogramer.com/wp-content/uploads/2022/02/Plate-Loaded-Seated-Row.gif,plate loaded seated row
5b378f9d-4c38-4ce4-830c-7dd83b4c8131,Chin Up Around the Bar,back,https://fitnessprogramer.com/wp-content/uploads/2022/02/Chin-Up-Around-the-Bar.gif,chin up around the bar
7def39af-273a-41af-96aa-ec6753a9d04f,EZ-Bar Bent Arm Pullover,back,https://fitnessprogramer.com/wp-content/uploads/2022/02/EZ-Bar-Bent-Arm-Pullover.gif,ez bar bent arm pullover
5cfe92f0-6d11-41ad-be9b-d8ab9d11c885,Banded Shoulder Extension,back,https://fitnessprogramer.com/wp-content/uploads/2023/06/Banded-Shoulder-Extension.gif,banded shoulder extension
ba1041bf-f94b-43dc-b704-8094dc81fa8e,Banded Shoulder Adduction,back,https://fitnessprogramer.com/wp-content/uploads/2023/06/Banded-Shoulder-Adduction.gif,banded shoulder adduction
312b27ba-1889-4235-8036-586c8eb680cb,Landmine T-Bar Row,back,https://fitnessprogramer.com/wp-content/uploads/2021/04/t-bar-rows.gif,landmine t bar row
fc8de67c-ddcd-4ffb-8da1-a4ad71d62439,Cable Twisting Standing High Row,back,https://fitnessprogramer.com/wp-content/uploads/2022/02/Cable-Twisting-Standing-high-Row.gif,cable twisting standing high row
66e09a48-0260-4b10-a60f-a1ae53ef2f72,Single Arm Twisting Seated Cable Row,back,https://fitnessprogramer.com/wp-content/uploads/2022/02/Single-Arm-Twisting-Seated-Cable-Row.gif,single arm twisting seated cable row
ce4357f3-6422-436a-9852-d9b98b3cbf6b,Band Alternating Lat Pulldown,back,https://fitnessprogramer.com/wp-content/uploads/2022/02/Band-Alternating-Lat-Pulldown.gif,band alternating lat pulldown
b8f9d090-db14-4040-b418-530712f47504,Band Alternating Low Row with Twist,back,https://fitnessprogramer.com/wp-content/uploads/2022/02/Band-Alternating-Low-Row-with-Twist.gif,band alternating low row with twist
a0ad3631-0140-455e-b1d3-854fd925cb72,Standing side bend,back,https://fitnessprogramer.com/wp-content/uploads/2022/09/standing-side-bend.gif,standing side bend
54fb4ed0-b7f1-4968-b6d4-17222048ced1,Medicine ball Overhead Slam,back,https://fitnessprogramer.com/wp-content/uploads/2022/06/Medicine-ball-Overhead-Slam-exercise.gif,medicine ball overhead slam
82102c13-4378-4f22-a35f-5dc52b526660,Kettlebell Renegade Row,back,https://fitnessprogramer.com/wp-content/uploads/2022/07/Kettlebell-Renegade-Row.gif,kettlebell renegade row
8657d2be-261a-44b7-b018-8c1fedb15a20,Push-Up to Renegade Row,back,https://fitnessprogramer.com/wp-content/uploads/2022/07/Push-Up-to-Renegade-Row.gif,push up to renegade row
2dc60d76-ae99-4710-bc00-d448a60ee821,Dumbbell Renegade Row,back,https://fitnessprogramer.com/wp-content/uploads/2021/01/dumbbell-renegade-row-1.gif,dumbbell renegade row
c365a5eb-b63c-4d47-a649-9cf1df777249,Standing Banded Row,back,https://fitnessprogramer.com/wp-content/uploads/2022/05/Straight_Back-back-standing-row.gif,standing banded row
751378f6-950d-48a8-9a33-b3b21521ac05,Kneeling Pulldown With Resistance Band,back,https://fitnessprogramer.com/wp-content/uploads/2022/05/Kneeling-pulldown.gif,kneeling pulldown with resistance band
15b97d63-da20-42c2-a815-01cfafaa935c,Bent Over Row | Gymstick,back,https://fitnessprogramer.com/wp-content/uploads/2022/05/Bent-Over-Row-Gymstick.gif,bent over row gymstick
c29fc344-fc95-4d20-a5be-8ade118510b4,Battle Rope,back,https://fitnessprogramer.com/wp-content/uploads/2015/07/Battle-Rope.gif,battle rope
6c1b892f-d051-495c-a38a-11457f9bd171,Seated Zottman Curl,biceps,https://fitnessprogramer.com/wp-content/uploads/2023/10/Seated-Zottman-Curl.gif,seated zottman curl
ee8ea6c4-40ba-4787-b5ae-5527631a7522,Waiter Curl,biceps,https://fitnessprogramer.com/wp-content/uploads/2023/09/waiter-curl.gif,waiter curl
9a0b4f7b-ed5a-4617-b0c0-0076c5b8d54f,Double Arm Dumbbell Curl,biceps,https://fitnessprogramer.com/wp-content/uploads/2022/04/Double-Arm-Dumbbell-Curl.gif,double arm dumbbell curl
6df2d760-52e5-490f-8cc3-4fb87fa1194b,Dumbbell Curl,biceps,https://fitnessprogramer.com/wp-content/uploads/2021/02/Dumbbell-Curl.gif,dumbbell curl
439d17f3-c071-450f-86b2-fe2bebd7aa4b,Seated Incline Dumbbell Curl,biceps,https://fitnessprogramer.com/wp-content/uploads/2021/02/Seated-Incline-Dumbbell-Curl.gif,seated incline dumbbell curl
d495eb70-5788-4caa-9594-03f14b34d78d,One Arm Cable Curl,biceps,https://fitnessprogramer.com/wp-content/uploads/2021/02/One-Arm-Cable-Curl.gif,one arm cable curl
2d3fb153-d475-482a-9f5a-ead628435c18,Zottman Curl,biceps,https://fitnessprogramer.com/wp-content/uploads/2021/04/zottman-curl.gif,zottman curl
3d8ff785-5b61-4cfb-a63c-c4929a63b2ac,Biceps Leg Concentration Curl,biceps,https://fitnessprogramer.com/wp-content/uploads/2021/04/Biceps-Leg-Concentration-Curl.gif,bicep leg concentration curl
e3195ba2-d068-489b-904d-811b10568d58,Prone Incline Barbell Curl,biceps,https://fitnessprogramer.com/wp-content/uploads/2021/04/Prone-Incline-Biceps-Curl.gif,prone incline barbell curl
5c1b97b4-78f2-4cf9-a37e-b1feb61722ea,Dumbbell Scott Hammer Curl,biceps,https://fitnessprogramer.com/wp-content/uploads/2021/08/Dumbbell-Scott-Hammer-Curl.gif,dumbbell scott hammer curl
342b2940-ae42-4db2-b0fa-e39671c4cf6f,Dumbbell High Curl,biceps,https://fitnessprogramer.com/wp-content/uploads/2021/09/Dumbbell-High-Curl.gif,dumbbell high curl
fa5d8e1a-7144-49a6-a538-673d63d0bc66,Brachialis Pull-up,biceps,https://fitnessprogramer.com/wp-content/uploads/2021/04/Brachialis-Pull-up.gif,brachiali pull up
d95f3a46-67d2-4ff0-a139-e730c84223f3,Dumbbell Scott Curl,biceps,https://fitnessprogramer.com/wp-content/uploads/2021/06/dumbbell-scot-curl.gif,dumbbell scott curl
071ae784-0f9e-4cdc-9ed6-9e3285601540,Barbell Curl On Arm Blaster,biceps,https://fitnessprogramer.com/wp-content/uploads/2021/08/Barbell-Curl-On-Arm-Blaster.gif,barbell curl on arm blaster
421e1a81-2767-452e-9e04-d2ea7cc04a7c,Arm Blaster Hammer Curl,biceps,https://fitnessprogramer.com/wp-content/uploads/2021/08/Arm-Blaster-Hammer-Curl.gif,arm blaster hammer curl
61ff4d6f-89f8-426b-9f09-dbe676fe4392,Dumbbell Curl On Arm Blaster,biceps,https://fitnessprogramer.com/wp-content/uploads/2021/08/Dumbbell-Curl-On-Arm-Blaster.gif,dumbbell curl on arm blaster
751e1c1f-4319-4917-81ae-154edcbdf840,Standing One Arm Chest Stretch,biceps,https://fitnessprogramer.com/wp-content/uploads/2021/08/Standing-one-arm-chest-stretch.gif,standing one arm chest stretch
224f39f4-b27d-495b-949f-b98541fa695b,One Arm Biceps Curl,biceps,https://fitnessprogramer.com/wp-content/uploads/2022/04/One-Arm-Biceps-Curl-1.gif,one arm bicep curl
9d208fec-1c3b-4b7a-9315-bbc91e803b1c,Lever Biceps Curl,biceps,https://fitnessprogramer.com/wp-content/uploads/2021/06/Lever-Biceps-Curl.gif,lever bicep curl
76675098-d25f-457e-aa63-93e5854a157e,Cable Incline Biceps Curl,biceps,https://fitnessprogramer.com/wp-content/uploads/2022/12/Cable-Incline-Biceps-Curl.gif,cable incline bicep curl
e97ebd18-b154-4754-9454-06cebb88ea54,One Arm Chin-Up,biceps,https://fitnessprogramer.com/wp-content/uploads/2022/01/One-Arm-Chin-Up.gif,one arm chin up
08661029-d396-4ac3-b112-2b90bf6b4979,One Arm Prone Dumbbell Curl,biceps,https://fitnessprogramer.com/wp-content/uploads/2022/02/One-Arm-Prone-Dumbbell-Curl.gif,one arm prone dumbbell curl
749d6e7b-9ab5-4b41-bc1d-1de688780821,Dumbbell Alternate Preacher Curl,biceps,https://fitnessprogramer.com/wp-content/uploads/2022/02/Dumbbell-Alternate-Preacher-Curl.gif,dumbbell alternate preacher curl
6422f662-62e8-44a4-b51b-5336facf2c99,Two Dumbbell Preacher Curl,biceps,https://fitnessprogramer.com/wp-content/uploads/2022/02/Two-dumbbell-preacher-curl.gif,two dumbbell preacher curl
1212df0b-3b88-4378-bcb6-719b70dd3734,Cable Kneeling Biceps Curl,biceps,https://fitnessprogramer.com/wp-content/uploads/2022/12/Cable-Kneeling-Biceps-Curl.gif,cable kneeling bicep curl
5ca1f7e8-b8f0-4965-9495-1c52cd9d5df2,Cable Two Arm Curl on Incline Bench,biceps,https://fitnessprogramer.com/wp-content/uploads/2022/02/Cable-Two-Arm-Curl-on-Incline-Bench.gif,cable two arm curl on incline bench
f73cf7d7-424e-4ffc-8c8e-9f882cfe75bb,Chin Up Around the Bar,biceps,https://fitnessprogramer.com/wp-content/uploads/2022/02/Chin-Up-Around-the-Bar.gif,chin up around the bar
3eba03c3-6882-468e-827c-ea73c4d8509d,Elbow Flexion,biceps,https://fitnessprogramer.com/wp-content/uploads/2023/06/elbow-flexion.gif,elbow flexion
e465dc13-ce1b-41c5-824d-a659ef6d387f,Cable Pulldown Biceps Curl,biceps,https://fitnessprogramer.com/wp-content/uploads/2022/02/Cable-Pulldown-Bicep-Curl.gif,cable pulldown bicep curl
13a520d2-95de-46be-8459-8dfd750c168c,Band Biceps Curl,biceps,https://fitnessprogramer.com/wp-content/uploads/2022/02/Band-Biceps-Curl.gif,band bicep curl
f2daafbc-8fb5-43f3-887e-5e3bc512e26d,Single Dumbbell Spider Hammer Curl,biceps,https://fitnessprogramer.com/wp-content/uploads/2022/02/Single-Dumbbell-Spider-Hammer-Curl.gif,single dumbbell spider hammer curl
d791fbfe-5744-460f-815c-0b1a65d6b842,Cable Curl,biceps,https://fitnessprogramer.com/wp-content/uploads/2021/02/cable-curl.gif,cable curl
f18058cb-7b49-487d-9fd5-c0ab98784076,Z-Bar Curl,biceps,https://fitnessprogramer.com/wp-content/uploads/2021/02/Z-Bar-Curl.gif,z bar curl
d45c2759-04ef-4562-bad3-3a6bde61af99,Hammer Curl with Resistance Band,biceps,https://fitnessprogramer.com/wp-content/uploads/2022/07/Hammer-Curl-with-Resistance-Band.gif,hammer curl with resistance band
a65a79f7-78f2-4300-acfc-af6f45964174,Cable Reverse Grip EZ-bar Biceps Curl,biceps,https://fitnessprogramer.com/wp-content/uploads/2022/02/Cable-Reverse-Grip-EZ-bar-Biceps-Curl.gif,cable reverse grip ez bar bicep curl
1720f1eb-9486-41c7-8b56-ba84448816ef,Standing Reverse Shoulder Stretch,biceps,https://fitnessprogramer.com/wp-content/uploads/2021/04/Standing-Reverse-Shoulder-Stretch.gif,standing reverse shoulder stretch
0522f3a6-cd17-4c1a-b175-e2266fbdebb0,One Arm Cable Bicep Curl,biceps,https://fitnessprogramer.com/wp-content/uploads/2022/06/One-Arm-Cable-Bicep-Curl.gif,one arm cable bicep curl
d644b855-ecfa-4de1-a5c2-908356b012be,Single Arm Reverse Grip Cable Bicep Curl,biceps,https://fitnessprogramer.com/wp-content/uploads/2022/06/Single-Arm-Reverse-Grip-Cable-Bicep-Curl.gif,single arm reverse grip cable bicep curl
27dffe95-c0da-4dde-9cee-637c6af45a48,Water Bottle Hammer Curl,biceps,https://fitnessprogramer.com/wp-content/uploads/2022/06/Water-Bottle-Hammer-Curl.gif,water bottle hammer curl
98334714-b20d-4c97-a9d9-e544e51a0c02,Seated Alternating Dumbbell Curl,biceps,https://fitnessprogramer.com/wp-content/uploads/2022/06/Seated-dumbbell-alternating-curl.gif,seated alternating dumbbell curl
6dccae58-d912-41de-8114-c08dc98392a9,Seated Bicep Curl With Resistance Band,biceps,https://fitnessprogramer.com/wp-content/uploads/2022/06/Seated-Bicep-Curl-With-Resistance-Band.gif,seated bicep curl with resistance band
5562c93d-a46b-4dc7-ae48-090c5a612c78,One-Arm Biceps Curl With Resistance Band,biceps,https://fitnessprogramer.com/wp-content/uploads/2022/05/One-Arm-Biceps-Curl.gif,one arm bicep curl with resistance band
89bc6beb-8b9c-43bd-83f2-db6ad5890013,Medicine Ball Overhead Throw,triceps,https://fitnessprogramer.com/wp-content/uploads/2023/09/Medicine-Ball-Overhead-Throw.gif,medicine ball overhead throw
09bced0c-22ba-4a56-bfce-1b3026631d10,One Arm Reverse Pushdown,triceps,https://fitnessprogramer.com/wp-content/uploads/2021/02/One-Arm-Reverse-Push-Down.gif,one arm reverse pushdown
87a5b0c9-536a-45d6-8406-06cada37bc29,Push-down,triceps,https://fitnessprogramer.com/wp-content/uploads/2021/02/Pushdown.gif,push down
74b48d10-06a9-43aa-bb07-90ed3aa44132,Bench Dips,triceps,https://fitnessprogramer.com/wp-content/uploads/2021/02/Bench-Dips.gif,bench dips
1839170f-a6c2-46e8-be63-73bb7cea1572,Triceps Dips,triceps,https://fitnessprogramer.com/wp-content/uploads/2021/02/Triceps-Dips.gif,tricep dips
419978d9-136d-479b-b67d-d551eb5a5f83,One Arm Lying Triceps Extension,triceps,https://fitnessprogramer.com/wp-content/uploads/2021/04/One-Arm-Lying-Triceps-Extension.gif,one arm lying tricep extension
7329da09-f3e1-428a-a698-aa0710b50468,Lever Triceps Dip,triceps,https://fitnessprogramer.com/wp-content/uploads/2021/04/Lever-Overhand-Triceps-Dip.gif,lever tricep dip
ac363e32-7b91-4758-875b-2d62a8e2a0c8,Lying Barbell Triceps Extension,triceps,https://fitnessprogramer.com/wp-content/uploads/2021/02/Barbell-Triceps-Extension.gif,lying barbell tricep extension
20ae6935-5061-41e9-b3a4-061fbb22ea21,Cable Tricep Kickback,triceps,https://fitnessprogramer.com/wp-content/uploads/2021/02/Cable-Tricep-Kickback.gif,cable tricep kickback
6e381e88-6e29-4577-bd14-37ec77967b8b,Triceps Dips on Floor,triceps,https://fitnessprogramer.com/wp-content/uploads/2021/04/Triceps-dips-on-floors.gif,tricep dips on floor
cfb9c6a4-c7f7-4fd9-bb5d-5080d8b41b15,Dumbbell Seated Front and Back Tate Press,triceps,https://fitnessprogramer.com/wp-content/uploads/2021/09/Dumbbell-Seated-Front-and-Back-Tate-Press.gif,dumbbell seated front and back tate press
7354c006-386d-4f3e-a8c6-ac2af65114ec,Cable Rear Drive,triceps,https://fitnessprogramer.com/wp-content/uploads/2021/09/Cable-Rear-Drive.gif,cable rear drive
c21886f4-31a8-4bb4-ad4e-dd15d0431bfd,Narrow Grip Wall Push-Up,triceps,https://fitnessprogramer.com/wp-content/uploads/2021/06/Narrow-Grip-Wall-Push-Up.gif,narrow grip wall push up
52e180aa-f529-495f-ad85-c9bdc320f27f,Shoulder Stretch Behind Back,triceps,https://fitnessprogramer.com/wp-content/uploads/2021/04/Shoulder-Stretch-Behind-Back.gif,shoulder stretch behind back
04b0a6ac-8423-4ef6-9e8f-4b05904a6915,Body Ups,triceps,https://fitnessprogramer.com/wp-content/uploads/2021/06/Body-Ups.gif,body ups
3436cee1-01ad-4352-a3cc-648f32ed38c8,Wall Push-up,triceps,https://fitnessprogramer.com/wp-content/uploads/2021/04/Wall-Push-ups.gif,wall push up
ba47be99-9bd7-4f48-bb63-32deb50b8497,Chair Dips,triceps,https://fitnessprogramer.com/wp-content/uploads/2021/04/CHAIR-DIPS.gif,chair dips
ef4b5448-d6bd-4e18-a061-5199cfefed95,Seated Dumbbell Triceps Extension,triceps,https://fitnessprogramer.com/wp-content/uploads/2021/06/Seated-Dumbbell-Triceps-Extension.gif,seated dumbbell tricep extension
355c7a33-e704-4898-9f97-7ac2ee4f990d,Lever Triceps Extension,triceps,https://fitnessprogramer.com/wp-content/uploads/2021/04/Lever-Tricep-Extension.gif,lever tricep extension
69ee8214-9499-4eb5-bf21-7532240618b5,Bench Dips on Floor,triceps,https://fitnessprogramer.com/wp-content/uploads/2021/04/Triceps-Dips-on-Floor.gif,bench dips on floor
5936808b-64b6-4af9-abbc-1c85c7b685e7,Parallel Bar Dips,triceps,https://fitnessprogramer.com/wp-content/uploads/2022/04/parallel-bar-dip.gif,parallel bar dips
8c7c4324-bb83-4829-8296-808581149a63,Dumbbell Skull Crusher,triceps,https://fitnessprogramer.com/wp-content/uploads/2021/06/Dumbbell-Skull-Crusher.gif,dumbbell skull crusher
ad4f83fb-f265-4e67-93de-31ddf9c14efc,Dumbbell Incline Two Arm Extension,triceps,https://fitnessprogramer.com/wp-content/uploads/2021/06/Dumbbell-Incline-Two-Arm-Extension.gif,dumbbell incline two arm extension
1dcc6265-6ce5-474d-ac78-841a5b8b0062,Seated EZ-Bar Overhead Triceps Extension,triceps,https://fitnessprogramer.com/wp-content/uploads/2021/06/Seated-EZ-Bar-Overhead-Triceps-Extension.gif,seated ez bar overhead tricep extension
a1c9ce6d-298b-4776-88f9-90b336108725,Reverse Push-up,triceps,https://fitnessprogramer.com/wp-content/uploads/2021/09/Reverse-Push-up.gif,reverse push up
78e6f6f0-5c5c-412f-806d-485429343424,Incline EZ-Bar Triceps Extension,triceps,https://fitnessprogramer.com/wp-content/uploads/2021/08/EZ-Barbell-Incline-Triceps-Extension.gif,incline ez bar tricep extension
8111ffd0-1209-4b65-a0df-53b9455cd339,High Pulley Overhead Tricep Extension,triceps,https://fitnessprogramer.com/wp-content/uploads/2021/06/High-Pulley-Overhead-Tricep-Extension.gif,high pulley overhead tricep extension
c5bd1470-b2a8-4587-bd23-61162d7f9cc6,Cross Arm Push-up,triceps,https://fitnessprogramer.com/wp-content/uploads/2021/09/Cross-Arm-Push-up.gif,cross arm push up
d85d40b5-65a5-444f-8399-73ef4fef1b12,Cable Concentration Extension on Knee,triceps,https://fitnessprogramer.com/wp-content/uploads/2021/09/Cable-Concentration-Extension-on-knee.gif,cable concentration extension on knee
7c957a16-ecf7-471c-a2b7-427fa5338f90,Close-Grip Dumbbell Press,triceps,https://fitnessprogramer.com/wp-content/uploads/2021/10/Close-Grip-Dumbbell-Press.gif,close grip dumbbell press
029cd923-6edc-481b-9eec-59202c86d008,Single Dumbbell Close-grip Press,triceps,https://fitnessprogramer.com/wp-content/uploads/2021/10/Single-Dumbbell-Close-grip-Press.gif,single dumbbell close grip press
740e93a3-0646-4108-b5a9-6dc7009093cf,Kneeling Diamond Push-Up,triceps,https://fitnessprogramer.com/wp-content/uploads/2021/04/Knee-Push-Up.gif,kneeling diamond push up
850f6c9a-2dcf-483c-a593-468610e95839,Dips Between Chairs,triceps,https://fitnessprogramer.com/wp-content/uploads/2022/04/Dips-Between-Chairs.gif,dips between chair
ca5a63c7-50a7-4965-bbfb-582945c3e3de,Impossible Dips,triceps,https://fitnessprogramer.com/wp-content/uploads/2022/01/Impossible-Dips.gif,impossible dips
2c6b29bd-d142-4d3c-aa4f-dbf2850cb06f,Korean Dips,triceps,https://fitnessprogramer.com/wp-content/uploads/2022/01/Korean-Dips.gif,korean dips
1f6a4d28-be20-430c-941a-65c22c15c2ed,Straight Bar Dip,triceps,https://fitnessprogramer.com/wp-content/uploads/2022/01/Straight-Bar-Dip.gif,straight bar dip
f7741646-5f3f-4da4-b335-50cdc187bb19,Exercise Ball Triceps Extension,triceps,https://fitnessprogramer.com/wp-content/uploads/2021/08/Exercise-Ball-Supine-Triceps-Extension.gif,ball tricep extension
24240861-26cd-4afd-9aaf-8c6a3227a425,Dumbbell Decline One-Arm Hammer Press,triceps,https://fitnessprogramer.com/wp-content/uploads/2021/09/Dumbbell-Decline-One-Arm-Hammer-Press.gif,dumbbell decline one arm hammer press
f38f07ce-2322-41ca-b7f6-c9b26c639508,Single Arm Push-up,triceps,https://fitnessprogramer.com/wp-content/uploads/2021/09/Single-Arm-Push-up.gif,single arm push up
5f419e7c-7da8-49fb-8159-0f13d13ff9aa,Wall-Supported Handstand Push-Ups,triceps,https://fitnessprogramer.com/wp-content/uploads/2023/07/wall-supported-handstand-push-up.gif,wall supported handstand push ups
adb6caea-bf0a-4d5e-ac96-8474e30fee05,Towel Shoulder Stretch,triceps,https://fitnessprogramer.com/wp-content/uploads/2021/10/Stretch-With-Towel.gif,towel shoulder stretch
c6b2fdf3-b1eb-491e-81a5-a946b758fa6d,Asisted Triceps Dips,triceps,https://fitnessprogramer.com/wp-content/uploads/2022/11/Asisted-Triceps-Dips.gif,asisted tricep dips
56d46c5c-9193-48bd-a7d7-181c817423cd,Reaction Ball Throw,triceps,https://fitnessprogramer.com/wp-content/uploads/2023/08/Reaction-Ball-Throw-Agility-Ball-Drill-.gif,reaction ball throw
c23ba636-b2fa-4bc2-823c-36cb67605aed,Standing Triceps Stretch,triceps,https://fitnessprogramer.com/wp-content/uploads/2022/02/Triceps-Stretch.gif,standing tricep stretch
e88d0228-6888-4858-a04d-af7171a1f921,Forearm Push-up,triceps,https://fitnessprogramer.com/wp-content/uploads/2022/02/Forearm-Push-up.gif,forearm push up
bbe312ec-7640-4b4d-a075-8bba0bae69cd,EZ-Bar Bent Arm Pullover,triceps,https://fitnessprogramer.com/wp-content/uploads/2022/02/EZ-Bar-Bent-Arm-Pullover.gif,ez bar bent arm pullover
2690d58b-9ad5-4d61-a396-aea95cf3d1fc,Low Cable Tricep Kickback,triceps,https://fitnessprogramer.com/wp-content/uploads/2022/10/Low-Cable-Tricep-Kickback.gif,low cable tricep kickback
e6570efd-a21b-41b8-9b93-ab46df2c208a,Band Skull Crusher,triceps,https://fitnessprogramer.com/wp-content/uploads/2022/02/Band-Skull-Crusher.gif,band skull crusher
3b106b6a-3f90-49a0-b539-cc68e12ba7bc,Band Pushdown,triceps,https://fitnessprogramer.com/wp-content/uploads/2022/02/Band-Pushdown.gif,band pushdown
8d4134ad-2756-4a07-9839-2e4c7870b21e,Handstand Push-ups Between Benches,triceps,https://fitnessprogramer.com/wp-content/uploads/2023/07/Handstand-Push-ups-Between-Benches.gif,handstand push ups between benche
d3e6bd49-2e32-4bc0-bc3b-7df9ef94e9f7,Kipping Handstand Push-up,triceps,https://fitnessprogramer.com/wp-content/uploads/2023/07/kipping-handstand-push-up.gif,kipping handstand push up
6ecd3af9-83e2-41a8-9d25-b244937ce3b7,Bent Over Kickback,triceps,https://fitnessprogramer.com/wp-content/uploads/2021/02/Bent-Over-Triceps-Kickback.gif,bent over kickback
fc59e931-bf33-4726-af07-f3511c27e387,Diamond Push-up,triceps,https://fitnessprogramer.com/wp-content/uploads/2021/02/Diamond-Push-up.gif,diamond push up
b2b9b570-d3d5-4266-a693-518d55bcea43,Triceps Extension with Resistance Bands,triceps,https://fitnessprogramer.com/wp-content/uploads/2022/07/Triceps-Extension-with-Resistance-Bands.gif,tricep extension with resistance band
96563a53-691e-41b2-b896-eb7af2ce5af6,Alternating Lying Dumbbell Triceps Extension,triceps,https://fitnessprogramer.com/wp-content/uploads/2022/02/Alternating-Lying-Dumbbell-Triceps-Extension.gif,alternating lying dumbbell tricep extension
8a39119a-8323-415d-92cb-b2cd46517e4b,Barbell Reverse Grip Skullcrusher,triceps,https://fitnessprogramer.com/wp-content/uploads/2022/02/Barbell-Reverse-Grip-Skullcrusher-1.gif,barbell reverse grip skullcrusher
e0ad8f13-70a2-4525-88ad-4afd1f2f3e41,Barbell Lying Back of the Head Tricep Extension,triceps,https://fitnessprogramer.com/wp-content/uploads/2022/02/Barbell-Lying-Back-of-the-Head-Tricep-Extension.gif,barbell lying back of the head tricep extension
30e514fa-2c71-4ca1-8826-3d13ab86517f,EZ Bar Lying Close Grip Triceps Extension Behind Head,triceps,https://fitnessprogramer.com/wp-content/uploads/2022/02/EZ-Bar-Lying-Close-Grip-Triceps-Extension-Behind-Head.gif,ez bar lying close grip tricep extension behind head
3f330433-90de-410e-b72e-0d255690df6d,Close-Grip Reverse Bench Press,triceps,https://fitnessprogramer.com/wp-content/uploads/2022/02/Barbell-Reverse-Close-grip-Bench-Press.gif,close grip reverse bench press
5f1745db-952d-44c5-944e-1194de9c5a28,One Arm High Pulley Overhead Tricep Extension,triceps,https://fitnessprogramer.com/wp-content/uploads/2022/02/Cable-One-Arm-High-Pulley-Overhead-Tricep-Extension.gif,one arm high pulley overhead tricep extension
579d04a2-13ae-4e1c-a3ad-0c2c9d23dec2,Cable Crossover Triceps Extension,triceps,https://fitnessprogramer.com/wp-content/uploads/2022/02/Cable-Crossover-Triceps-Extension.gif,cable crossover tricep extension
f6c6e94e-e9c6-47ae-9d99-cf3a940b2504,Side One Arm Reverse Pushdown,triceps,https://fitnessprogramer.com/wp-content/uploads/2022/02/Side-One-Arm-Reverse-Pushdown.gif,side one arm reverse pushdown
195559ab-3acf-490d-bf51-8ee0b86d1aba,Bodyweight Skull Crushers,triceps,https://fitnessprogramer.com/wp-content/uploads/2022/02/Bodyweight-Skull-Crushers.gif,bodyweight skull crusher
887f385a-2709-423c-a4e9-8b1d444be9a3,V-bar Pushdown,triceps,https://fitnessprogramer.com/wp-content/uploads/2022/02/V-bar-Pushdown.gif,v bar pushdown
5e24754b-9555-40e0-9a83-cf8049cc9cb5,Cable Rope Lying Tricep Extension,triceps,https://fitnessprogramer.com/wp-content/uploads/2022/02/Cable-Rope-Lying-on-Floor-Tricep-Extension.gif,cable rope lying tricep extension
4e26d69e-8a1c-4c9d-a906-5e0708095173,Cable Lying Triceps Extension,triceps,https://fitnessprogramer.com/wp-content/uploads/2022/02/Cable-Lying-Triceps-Extension.gif,cable lying tricep extension
b7971ce3-f9cc-438d-ae88-4e828e834031,Straddle Planche,triceps,https://fitnessprogramer.com/wp-content/uploads/2022/08/Straddle-planche.gif,straddle planche
0ca0a526-84db-4e8b-90b9-e3a4784b582c,Close Grip Knee Push-up,triceps,https://fitnessprogramer.com/wp-content/uploads/2022/07/Close-Grip-Knee-Push-up.gif,close grip knee push up
177f743d-b722-459a-a371-d417a9f13352,Supine Medicine Ball Chest Throw,triceps,https://fitnessprogramer.com/wp-content/uploads/2022/06/Supine-Medicine-Ball-Chest-Throw-exercise.gif,supine medicine ball chest throw
80a1a083-0bdd-4b33-a5f7-a0482ed4be7a,Reverse Dips,triceps,https://fitnessprogramer.com/wp-content/uploads/2022/04/Reverse-Dips.gif,reverse dips
d72f8a09-5386-4906-975e-ed5f6380df6f,Planche Push-Up,triceps,https://fitnessprogramer.com/wp-content/uploads/2022/07/Planche-Push-Up.gif,planche push up
30a28497-de06-482b-b039-c0f7142bfd04,Archer Push-Up,triceps,https://fitnessprogramer.com/wp-content/uploads/2022/07/Archer-Push-Up.gif,archer push up
ad701a9d-fe70-4d94-8dc6-f37996b6f421,Ring Dips,triceps,https://fitnessprogramer.com/wp-content/uploads/2022/07/Ring-Dips.gif,ring dips
b47e4dae-1a9a-4c0d-812e-127d51356fe7,Single Arm Raise Push-up,triceps,https://fitnessprogramer.com/wp-content/uploads/2022/08/Single-Arm-Raise-Push-up.gif,single arm raise push up
c8546f39-c032-4716-9dc4-39c614c5da88,Close-grip Dumbbell Push-Up,triceps,https://fitnessprogramer.com/wp-content/uploads/2022/08/Close-grip-Dumbbell-Push-Up.gif,close grip dumbbell push up
14d97bf8-6a88-4499-93b6-517de2bc984a,Medicine Ball Push-Up,triceps,https://fitnessprogramer.com/wp-content/uploads/2022/08/Medicine-Ball-Push-Up.gif,medicine ball push up
f627d622-e9d8-4760-8a8a-442e50704988,Single Arm Push-Up on Medicine Ball,triceps,https://fitnessprogramer.com/wp-content/uploads/2022/08/Single-Arm-Push-Up-on-Medicine-Ball.gif,single arm push up on medicine ball
21c3963e-dcbb-4269-915e-0b624da90128,Rear Drive With Resistance Band,triceps,https://fitnessprogramer.com/wp-content/uploads/2022/05/Rear-Drive.gif,rear drive with resistance band
f5b959c4-bee3-491d-b4c4-11c2d3774b76,Standing Triceps Extension | Gymstick,triceps,https://fitnessprogramer.com/wp-content/uploads/2022/05/Standing-Triceps-Extension.gif,standing tricep extension gymstick
20dfb77d-048c-4e17-ac89-df8345290062,Overhead Triceps Extension | Gymstick,triceps,https://fitnessprogramer.com/wp-content/uploads/2022/05/Overhead-Triceps-Extension.gif,overhead tricep extension gymstick
5e66759e-3dee-410c-87a1-78f2d9ef695b,Seated Zottman Curl,forearm,https://fitnessprogramer.com/wp-content/uploads/2023/10/Seated-Zottman-Curl.gif,seated zottman curl
c07dd0e4-8ee4-49cd-98c5-b504c8c4e5a4,Dumbbell Seated Neutral Wrist Curl,forearm,https://fitnessprogramer.com/wp-content/uploads/2021/06/Dumbbell-Seated-Neutral-Wrist-Curl.gif,dumbbell seated neutral wrist curl
6fa9027f-768c-455b-bc1b-980aee6c56e3,Dumbbell Wrist Curl,forearm,https://fitnessprogramer.com/wp-content/uploads/2021/06/Dumbbell-Wrist-Curl.gif,dumbbell wrist curl
916d5c14-92db-42d2-82da-c1185a12c4a7,Barbell Reverse Wrist Curl,forearm,https://fitnessprogramer.com/wp-content/uploads/2021/06/Barbell-Reverse-Wrist-Curl.gif,barbell reverse wrist curl
ac8aa5af-7e38-4a45-9385-c823fc101bc1,Cable One-Arm Wrist Curl On Floor,forearm,https://fitnessprogramer.com/wp-content/uploads/2021/09/Cable-One-Arm-Wrist-Curl-On-Floor.gif,cable one arm wrist curl on floor
38b2da07-1d9f-49e8-aae4-80ea85fe9d8f,Hand Gripper,forearm,https://fitnessprogramer.com/wp-content/uploads/2022/01/Hand-Gripper.gif,hand gripper
f8299ede-2042-4e69-ae46-2756a4654f38,Dumbbell Reverse Curl,forearm,https://fitnessprogramer.com/wp-content/uploads/2021/04/dumbbell-reverse-curl.gif,dumbbell reverse curl
24e3cafb-014b-4b1e-aa03-9d29f07a7eac,Reverse Grip EZ-Bar Curl,forearm,https://fitnessprogramer.com/wp-content/uploads/2021/08/Reverse-Grip-EZ-Bar-Curl.gif,reverse grip ez bar curl
8475626e-5b4a-4726-a42d-4d6294995bdf,Dumbbell Scott Hammer Curl,forearm,https://fitnessprogramer.com/wp-content/uploads/2021/08/Dumbbell-Scott-Hammer-Curl.gif,dumbbell scott hammer curl
c6d358d7-04bc-4f35-8dda-0eee8679fd2a,Standing One Arm Chest Stretch,forearm,https://fitnessprogramer.com/wp-content/uploads/2021/08/Standing-one-arm-chest-stretch.gif,standing one arm chest stretch
92c14669-50e9-440c-add3-713ebe52388c,Wrist Ulnar Deviator And Extensor Stretch,forearm,https://fitnessprogramer.com/wp-content/uploads/2023/03/Wrist-Ulnar-Deviator-And-Extensor-Stretch.gif,wrist ulnar deviator and extensor stretch
e136917f-7f11-4a68-ac72-0405fda91d03,Reverse Wrist Stretch,forearm,https://fitnessprogramer.com/wp-content/uploads/2023/03/reverse-Wrist-Stretch.gif,reverse wrist stretch
cc03cfaa-2c2d-4b31-b064-02fd10010250,Wrist Stretch,forearm,https://fitnessprogramer.com/wp-content/uploads/2023/03/Wrist-Stretch.gif,wrist stretch
765f8b7f-18a4-49cd-9bcd-6fa120ba52f6,Dumbbell Preacher Hammer (Scott) Curl,forearm,https://fitnessprogramer.com/wp-content/uploads/2022/02/Dumbbell-Preacher-Hammer-Curl.gif,dumbbell preacher hammer curl
1d5d44dc-d398-40d9-8d5a-facfb26ee441,Weighted Neutral Wrist Curl,forearm,https://fitnessprogramer.com/wp-content/uploads/2021/06/Weighted-Wrist-Curl.gif,weighted neutral wrist curl
283cb1a8-de4e-40de-8fbf-be1eaf0fd0d1,Single Dumbbell Spider Hammer Curl,forearm,https://fitnessprogramer.com/wp-content/uploads/2022/02/Single-Dumbbell-Spider-Hammer-Curl.gif,single dumbbell spider hammer curl
e82297e2-7197-4d08-af1e-ee5e0d557c9c,Reverse Wrist Curl,forearm,https://fitnessprogramer.com/wp-content/uploads/2021/02/Reverse-Wrist-Curl.gif,reverse wrist curl
a8f08db5-c4c1-445b-a30b-51132b94ab7a,Hammer Curl with Resistance Band,forearm,https://fitnessprogramer.com/wp-content/uploads/2022/07/Hammer-Curl-with-Resistance-Band.gif,hammer curl with resistance band
e9f64c6e-8197-4828-934f-1a5651310b42,Cable Reverse Grip EZ-bar Biceps Curl,forearm,https://fitnessprogramer.com/wp-content/uploads/2022/02/Cable-Reverse-Grip-EZ-bar-Biceps-Curl.gif,cable reverse grip ez bar bicep curl
0efa8496-c383-48ea-80d2-c179e0cf9191,Barbell Finger Curl,forearm,https://fitnessprogramer.com/wp-content/uploads/2022/09/Barbell-Finger-Curl.gif,barbell finger curl
195bee04-aeb3-443d-8930-e818a08fb0de,Dumbbell Finger Curl,forearm,https://fitnessprogramer.com/wp-content/uploads/2022/09/Dumbbell-Finger-Curl.gif,dumbbell finger curl
b0cf5778-2e12-41d4-9fa7-351630a79eab,Single Arm Reverse Grip Cable Bicep Curl,forearm,https://fitnessprogramer.com/wp-content/uploads/2022/06/Single-Arm-Reverse-Grip-Cable-Bicep-Curl.gif,single arm reverse grip cable bicep curl
afae3da2-413d-476a-9ae0-a08fc35864ff,Barbell Reverse Wrist Curl Over a Bench,forearm,https://fitnessprogramer.com/wp-content/uploads/2022/06/Barbell-Reverse-Wrist-Curl-Over-a-Bench.gif,barbell reverse wrist curl over a bench
0d9b25c7-0e1a-4095-87e1-6fc5ae8611ba,Water Bottle Hammer Curl,forearm,https://fitnessprogramer.com/wp-content/uploads/2022/06/Water-Bottle-Hammer-Curl.gif,water bottle hammer curl
230c668f-87d6-4efd-8d4a-e896dd9c8456,One Arm Medicine Ball Slam,abs,https://fitnessprogramer.com/wp-content/uploads/2024/06/One-Arm-Medicine-Ball-Slam.gif,one arm medicine ball slam
a11d9b9c-56e7-4d55-bfb0-469290027bdd,Dragon Flag,abs,https://fitnessprogramer.com/wp-content/uploads/2022/07/Leg-Raise-Dragon-Flag.gif,dragon flag
8a4aef0f-a8af-4eea-a1f5-66680a649220,Ab Coaster Machine,abs,https://fitnessprogramer.com/wp-content/uploads/2022/07/Ab-Coaster-Machine.gif,ab coaster machine
cdbd6415-f592-42c0-8553-cc3eace30789,Seated Bench Leg Pull-in,abs,https://fitnessprogramer.com/wp-content/uploads/2021/02/Seated-Bench-Leg-Pull-in.gif,seated bench leg pull in
7ac62e73-c11b-48e9-87f9-e79d191a0e42,Alternate Leg Raises,abs,https://fitnessprogramer.com/wp-content/uploads/2022/08/Alternate-Leg-Raises.gif,alternate leg raise
49c2f0e2-7654-4e0e-b0e0-f4884ced1f57,Bicycle Crunch,abs,https://fitnessprogramer.com/wp-content/uploads/2021/02/Bicycle-Crunch.gif,bicycle crunch
bff4d679-b3c5-4783-9e62-63a65baafa42,Leg Raise,abs,https://fitnessprogramer.com/wp-content/uploads/2021/02/Lying-Leg-Raise.gif,leg raise
5f13fe1b-b778-4c4f-a879-bcc7901f38d0,Oblique Floor Crunches,abs,https://fitnessprogramer.com/wp-content/uploads/2021/05/Oblique-Floor-Crunches.gif,oblique floor crunche
e1d4694e-82dd-49ae-818e-85e8b8ecc28c,T-Cross Sit-up,abs,https://fitnessprogramer.com/wp-content/uploads/2021/05/T-Cross-Sit-up.gif,t cross sit up
db3605ce-6dc8-4b95-8ba0-80a8a93b2cac,Heel Touch,abs,https://fitnessprogramer.com/wp-content/uploads/2021/02/Heel-Touch.gif,heel touch
1acf83b3-3f1b-42a9-88e1-df48871ec104,Standing Rotation,abs,https://fitnessprogramer.com/wp-content/uploads/2021/05/Standing-Rotation.gif,standing rotation
4578902b-0274-4155-933f-064178f5df34,Standing Toe Touch,abs,https://fitnessprogramer.com/wp-content/uploads/2021/05/Standing-Toe-Touch.gif,standing toe touch
ca3d5cd7-0115-4229-bac2-4fbeb53b857f,Crunch With Leg Raise,abs,https://fitnessprogramer.com/wp-content/uploads/2021/05/Crunch-With-Leg-Raise.gif,crunch with leg raise
82b39596-79f5-4c76-8cd4-74e27406173e,Alternate Lying Floor Leg Raise,abs,https://fitnessprogramer.com/wp-content/uploads/2021/05/Alternate-Lying-Floor-Leg-Raise.gif,alternate lying floor leg raise
57cf5497-e455-4796-93d9-b07d28cbabbf,Seated Side Crunch,abs,https://fitnessprogramer.com/wp-content/uploads/2021/05/Seated-Side-Crunches.gif,seated side crunch
15be3503-0bb2-4f86-9d33-cfd729aaa69c,Incline Leg Hip Raise,abs,https://fitnessprogramer.com/wp-content/uploads/2021/05/Incline-Leg-Hip-Raise.gif,incline leg hip raise
aa988f4a-e7e4-4667-bf99-8749a4dc4dcd,Bodyweight Windmill,abs,https://fitnessprogramer.com/wp-content/uploads/2021/05/Bodyweight-Windmill.gif,bodyweight windmill
cb995e4b-5fb7-4454-8df9-b1a6aad2ac76,Front to Side Plank,abs,https://fitnessprogramer.com/wp-content/uploads/2021/05/Front-to-Side-Plank.gif,front to side plank
a79e9846-183b-47ed-9cd0-91830e4e7f4c,Tuck Crunch,abs,https://fitnessprogramer.com/wp-content/uploads/2021/05/Tuck-Crunch.gif,tuck crunch
423c16e9-9321-4652-b9ac-eba1ca55bdb6,Double Leg Stretch,abs,https://fitnessprogramer.com/wp-content/uploads/2021/05/Double-Leg-Stretch.gif,double leg stretch
d2b36800-6575-4d6b-abdb-26cf45de1c23,Bench Side Bend,abs,https://fitnessprogramer.com/wp-content/uploads/2021/05/Bench-Side-Bend.gif,bench side bend
1e8631e4-791b-4049-ab83-fb1cec77612f,Quarter Sit-up,abs,https://fitnessprogramer.com/wp-content/uploads/2021/05/Quarter-Sit-up.gif,quarter sit up
22536a03-422a-4f63-a037-eee1404bda05,Lying Knee Raise,abs,https://fitnessprogramer.com/wp-content/uploads/2021/05/Lying-Knee-Raise.gif,lying knee raise
99342b9b-e469-4a44-b8f7-7ada342d78e8,Floor Crunch,abs,https://fitnessprogramer.com/wp-content/uploads/2021/05/Floor-Crunch.gif,floor crunch
0f764094-2ab8-43c2-bcea-c285da8e555d,Reverse Plank,abs,https://fitnessprogramer.com/wp-content/uploads/2021/05/Reverse-plank.gif,reverse plank
5432e780-a6e7-4ff9-83b8-50a37ed2cc67,Stability Ball Knee Tuck,abs,https://fitnessprogramer.com/wp-content/uploads/2021/06/Stability-Ball-Knee-Tuck.gif,stability ball knee tuck
0e60049a-3dad-4517-b3a8-ee293da19b9b,Hanging Side Knee Raises,abs,https://fitnessprogramer.com/wp-content/uploads/2022/10/Hanging-Side-Knee-Raises.gif,hanging side knee raise
77e6099b-a625-4bc0-a24b-9968b3ba3b41,Weighted Hanging Knee Raises,abs,https://fitnessprogramer.com/wp-content/uploads/2021/10/weighted-hanging-knee-raises.gif,weighted hanging knee raise
a7b05320-4918-4793-a576-ea5e2ff5a21f,Teaser Pilates,abs,https://fitnessprogramer.com/wp-content/uploads/2021/08/Teaser-Pilates.gif,teaser pilate
8d456049-a9d7-43a0-a571-c89e1d392637,Seated Oblique Twist,abs,https://fitnessprogramer.com/wp-content/uploads/2021/06/Seated-Oblique-Twist.gif,seated oblique twist
8ad4c9bb-cc97-45c1-99fc-e30da52fafb6,Plank With Arm And Leg Lift,abs,https://fitnessprogramer.com/wp-content/uploads/2021/04/Plank-with-Arm-and-Leg-Lift.gif,plank with arm and leg lift
4a8855f4-0a2e-4eec-92e1-79c053954fd4,Weighted Front Plank,abs,https://fitnessprogramer.com/wp-content/uploads/2021/04/Weighted-Front-Plank.gif,weighted front plank
d0fb12ce-f818-4512-ac1d-4d4b0d100c02,Cable Side Bend,abs,https://fitnessprogramer.com/wp-content/uploads/2021/09/Cable-Side-Bend.gif,cable side bend
4d885faf-ae0c-4138-a4e9-509322e9afd5,Bent Over Twist,abs,https://fitnessprogramer.com/wp-content/uploads/2021/09/Bent-Over-Twist.gif,bent over twist
a76d8e2a-9efb-483d-a8f0-f61498c2f4ec,Dumbbell V-up,abs,https://fitnessprogramer.com/wp-content/uploads/2021/10/Dumbbell-V-up.gif,dumbbell v up
e65b4ffc-5cf6-4bc9-be14-e86e23e9f3b1,Lever Lying Crunch,abs,https://fitnessprogramer.com/wp-content/uploads/2021/09/Lever-Lying-Crunch.gif,lever lying crunch
1a4e1790-2f53-4ce4-8832-06c3d38ad535,Twisting Hyperextension,abs,https://fitnessprogramer.com/wp-content/uploads/2021/08/Twisting-Hyperextension.gif,twisting hyperextension
cefdabd7-da1e-4cbc-9fb3-e03e6b625073,Ab Roller Crunch,abs,https://fitnessprogramer.com/wp-content/uploads/2021/12/Ab-Roller-Crunch.gif,ab roller crunch
f070c4e6-8561-4185-9b8f-2bdef417535d,L-Sit,abs,https://fitnessprogramer.com/wp-content/uploads/2021/09/L-Sit.gif,l sit
b967ed7c-ce7c-476b-a24d-fdea9475be41,Full Crunch Machine,abs,https://fitnessprogramer.com/wp-content/uploads/2022/07/Full-Crunch-Machine.gif,full crunch machine
79cd54b9-9883-4463-8333-522fbc9c954f,Front Plank with Arm Lift,abs,https://fitnessprogramer.com/wp-content/uploads/2021/06/Front-Plank-with-Arm-Lift.gif,front plank with arm lift
c118903e-1f03-4afa-b17d-a9e862f5c852,Bhujangasana | Cobra Abdominal Stretch,abs,https://fitnessprogramer.com/wp-content/uploads/2021/06/abdominal-stretch.gif,bhujangasana cobra abdominal stretch
b83e492d-eab4-4eb3-a638-f8d502582ab5,Ab Straps Leg Raise,abs,https://fitnessprogramer.com/wp-content/uploads/2022/07/Ab-Straps-Leg-Raise.gif,ab strap leg raise
ae030b6b-cc62-4e95-804d-1ec8e5b0eca8,Seated Twist Machine,abs,https://fitnessprogramer.com/wp-content/uploads/2021/10/Lever-Seated-Twist.gif,seated twist machine
9debf84b-3cc7-474a-a665-eff165cb985a,Front Plank With Arm And Leg Lift,abs,https://fitnessprogramer.com/wp-content/uploads/2021/08/Front-Plank-With-Arm-And-Leg-Lift.gif,front plank with arm and leg lift
725ea31c-5093-4de8-bbdb-c2fe705c77a7,Weighted Lying Twist,abs,https://fitnessprogramer.com/wp-content/uploads/2021/08/weighted-lying-twist.gif,weighted lying twist
3c8889e6-0ad9-4f43-8996-9010d872d8f2,Swiss Ball Rollout,abs,https://fitnessprogramer.com/wp-content/uploads/2021/08/swiss-ball-rollout.gif,swiss ball rollout
fe8b17cd-8ca6-434e-a0e3-8b39a8cd25aa,Weighted Side Bend On Stability Ball,abs,https://fitnessprogramer.com/wp-content/uploads/2021/08/Weighted-Side-Bend-on-stability-ball.gif,weighted side bend on stability ball
0104042b-d38f-480a-ba63-7e825d68f351,Stability Ball V-Up,abs,https://fitnessprogramer.com/wp-content/uploads/2021/08/V-Up-Down-with-Stability-ball.gif,stability ball v up
8ead67c7-de85-4600-8fa8-7be6617c5836,Exercise Ball Frog Crunch,abs,https://fitnessprogramer.com/wp-content/uploads/2021/08/Exercise-Ball-Frog-Crunch.gif,ball frog crunch
73417e7c-2f3d-410c-b45a-800d50776c2f,Cable Seated Cross Arm Twist,abs,https://fitnessprogramer.com/wp-content/uploads/2022/04/Cable-Seated-Cross-Arm-Twist.gif,cable seated cross arm twist
a2fe814b-d1ed-4b07-ad80-95d2b034dd91,Standing Twist Machine,abs,https://fitnessprogramer.com/wp-content/uploads/2021/09/Standing-Twist-Machine.gif,standing twist machine
ac8a7e71-9b12-471c-ae5a-e4cc114d40df,Frog Crunch,abs,https://fitnessprogramer.com/wp-content/uploads/2021/06/frog-crunch.gif,frog crunch
7d66c3e9-82bc-43c5-b284-633ab5e74a1f,Ab Wheel Rollout,abs,https://fitnessprogramer.com/wp-content/uploads/2021/06/Ab-Wheel-Rollout.gif,ab wheel rollout
176fa509-1c34-4f4b-a274-595bc9ef8d84,Lying Upper Body Rotation,abs,https://fitnessprogramer.com/wp-content/uploads/2022/02/Lying-Upper-Body-Rotation.gif,lying upper body rotation
5c3407a2-2add-49d5-bfe7-077c4927b698,Bicycle Twisting Crunch,abs,https://fitnessprogramer.com/wp-content/uploads/2022/01/Bicycle-Twisting-Crunch.gif,bicycle twisting crunch
d4821db5-8d78-4fee-887b-f7e2fcf178f7,Fish Pose,abs,https://fitnessprogramer.com/wp-content/uploads/2022/02/Fish-Pose-Matsyasana.gif,fish pose
62588b67-16bd-42af-bae3-60f919d19c67,Hands In Air Dead Bug,abs,https://fitnessprogramer.com/wp-content/uploads/2021/02/Dead-Bug.gif,hand in air dead bug
7f00f464-6926-4561-bdca-789f2c4ed299,4 Point Tummy Vacuum Exercise,abs,https://fitnessprogramer.com/wp-content/uploads/2022/02/4-Point-Tummy-Vacuum-Exercise.gif,4 point tummy vacuum
b3afd68f-c80e-429f-aa52-0e9abb597ca8,Bodyweight Kneeling Sissy Squat,abs,https://fitnessprogramer.com/wp-content/uploads/2023/02/Bodyweight-Kneeling-Sissy-Squat.gif,bodyweight kneeling sissy squat
214acda1-4903-4c65-8a6c-9f5f69e5eba5,Bow Pose,abs,https://fitnessprogramer.com/wp-content/uploads/2021/02/Bow-Yoga-Pose.gif,bow pose
f1780f4f-f5b5-4738-9c1d-16db7e054e2c,Kneeling T-spine Rotation,abs,https://fitnessprogramer.com/wp-content/uploads/2022/08/Kneeling-T-spine-Rotation.gif,kneeling t spine rotation
ba1e32d4-39e7-47cd-a717-ec646f7ac2a0,Standing Barbell Rollout,abs,https://fitnessprogramer.com/wp-content/uploads/2022/04/Standing-Barbell-Rollout.gif,standing barbell rollout
e380b069-dcbb-420c-9026-de74fa022e17,Medicine Ball-Sit-up Throw,abs,https://fitnessprogramer.com/wp-content/uploads/2023/01/Medicine-Ball-Sit-up-Throw.gif,medicine ball sit up throw
d4789325-4dfd-4a1e-b00a-3b969ef4b375,Side Bent,abs,https://fitnessprogramer.com/wp-content/uploads/2022/12/Side-Bent.gif,side bent
bbc522af-e8be-4d08-bb29-894a831ab775,Leg Scissors,abs,https://fitnessprogramer.com/wp-content/uploads/2022/12/Leg-Scissors.gif,leg scissor
848b6fc2-fe00-41fe-b67a-396f0c3fb251,Abdominal Bracing,abs,https://fitnessprogramer.com/wp-content/uploads/2022/08/Abdominal-bracing-exercise-386x386.png,abdominal bracing
c9224ea4-e56c-46ae-866e-765b4033a5ea,Lying Toe Touches,abs,https://fitnessprogramer.com/wp-content/uploads/2022/12/Lying-Toe-Touches.gif,lying toe touche
e756a8e5-2a51-48b0-a2a7-e9570ee89bf7,Side Bridge Hip Abduction,abs,https://fitnessprogramer.com/wp-content/uploads/2022/02/Side-Bridge-Hip-Abduction.gif,side bridge hip abduction
016ec729-e071-4c82-90ab-649493863fa2,Cable Half Kneeling Pallof Press,abs,https://fitnessprogramer.com/wp-content/uploads/2022/02/Cable-Half-Kneeling-Pallof-Press.gif,cable half kneeling pallof press
c7f7fca5-2d64-455c-8a3d-d3a70916dc33,Snap Jumps,abs,https://fitnessprogramer.com/wp-content/uploads/2021/02/SNAP-JUMPS.gif,snap jump
7b39b096-90a2-4e44-a42e-d420cfd90f84,Reverse Plank Kicks,abs,https://fitnessprogramer.com/wp-content/uploads/2021/02/Reverse-Plank-Kicks.gif,reverse plank kick
ac4c01b2-11ff-4793-ad4b-e7985b355b17,Hindu Push-ups,abs,https://fitnessprogramer.com/wp-content/uploads/2021/02/Pike-to-Cobra.gif,hindu push ups
065e0c52-b937-4143-9afb-c5dbe30751f0,High Knee Skips,abs,https://fitnessprogramer.com/wp-content/uploads/2021/02/High-Knee-Skips_Cardio.gif,high knee skip
0464de3e-4c5a-422c-ab86-360033add7ad,Toe Reaches,abs,https://fitnessprogramer.com/wp-content/uploads/2021/02/Toe-Reaches.gif,toe reache
62c78980-5ee1-4f0c-8c53-e7fb6f187f8b,Sit-ups,abs,https://fitnessprogramer.com/wp-content/uploads/2021/02/Sit-ups.gif,sit ups
15199dde-d1fe-43d4-8f35-fb1cde80c774,Plank Leg Lift,abs,https://fitnessprogramer.com/wp-content/uploads/2021/02/Plank-Leg-Lift.gif,plank leg lift
f28adbbe-a65a-48d6-b030-b2c606d6e54d,Leg Pull-in Knee-ups,abs,https://fitnessprogramer.com/wp-content/uploads/2021/02/Leg-Pull-In-Knee-ups.gif,leg pull in knee ups
fdf56d33-4a2d-4ce3-996a-6f5dc1af9169,Long Arm Crunch,abs,https://fitnessprogramer.com/wp-content/uploads/2021/02/Long-Arm-Crunch.gif,long arm crunch
2c50f129-3d2a-48e1-ab64-0f75eb7432c5,Half Wipers,abs,https://fitnessprogramer.com/wp-content/uploads/2021/02/Half-Wipers.gif,half wiper
f780041a-fd07-4e1b-9465-cf248b9e1d44,Standing side bend,abs,https://fitnessprogramer.com/wp-content/uploads/2022/09/standing-side-bend.gif,standing side bend
e0d42756-de6e-46c6-9285-7fe8df347462,Side Plank Knee to Elbow,abs,https://fitnessprogramer.com/wp-content/uploads/2022/10/Side-Plank-Knee-to-Elbow-.gif,side plank knee to elbow
2c4b3308-c859-4bf6-82a5-204aa05ae72c,Bodyweight Skull Crushers,abs,https://fitnessprogramer.com/wp-content/uploads/2022/02/Bodyweight-Skull-Crushers.gif,bodyweight skull crusher
a1fe3b75-fd0f-4642-8f44-4ed4322c6fab,Half Cross Crunch,abs,https://fitnessprogramer.com/wp-content/uploads/2022/07/Half-Cross-Crunch.gif,half cross crunch
9b5419bc-5423-4429-bb65-30565f50cc15,Cable Seated Twist on Floor,abs,https://fitnessprogramer.com/wp-content/uploads/2022/07/Cable-Seated-Twist-on-Floor.gif,cable seated twist on floor
3af5f382-f775-4b83-9f6e-2ccc15a64f3e,Push-up With Rotation,abs,https://fitnessprogramer.com/wp-content/uploads/2023/01/push-up-with-rotation.gif,push up with rotation
34876b31-d06c-4a5d-b4fc-2f079dc0aea7,Side Plank Rotation,abs,https://fitnessprogramer.com/wp-content/uploads/2023/01/Side-Plank-Rotation.gif,side plank rotation
d1e2cd77-3ddc-4f0b-9a4f-4409581b51ed,Prone Abdominal Hollowing,abs,https://fitnessprogramer.com/wp-content/uploads/2022/08/Prone-Abdominal-Hollowing-360x360.png,prone abdominal hollowing
747f2023-4b3c-45f1-b7c0-ef9e711d6cbb,Hell Slide,abs,https://fitnessprogramer.com/wp-content/uploads/2022/08/Hell-Slide.gif,hell slide
72747e68-f310-4da0-90ba-f86e79d4a57d,Half Frog Pose,abs,https://fitnessprogramer.com/wp-content/uploads/2022/12/Half-Frog-Pose-ardha-bhekasana.gif,half frog pose
e563d0d2-d6ad-46c3-9dc5-42c42c0adc20,Medicine Ball Crunch,abs,https://fitnessprogramer.com/wp-content/uploads/2022/07/Medicine-Ball-Crunch.gif,medicine ball crunch
80dc4951-646b-49bf-956a-afa1b7102a94,Kettlebell Figure 8,abs,https://fitnessprogramer.com/wp-content/uploads/2022/09/Kettlebell-Figure-8.gif,kettlebell figure 8
a0b96102-09e9-4dc0-9760-e8bb089c7b9c,Ball Russian Twist throw with partner,abs,https://fitnessprogramer.com/wp-content/uploads/2022/09/Ball-Russian-Twist-throw-with-partner.gif,ball russian twist throw with partner
edaad500-79d5-415e-a618-a82fb0576867,Dumbbell Windmill,abs,https://fitnessprogramer.com/wp-content/uploads/2022/07/Dumbbell-Windmill.gif,dumbbell windmill
05148618-7e6a-480d-aa82-b05143a722ae,Side Lying Feet Raise,abs,https://fitnessprogramer.com/wp-content/uploads/2022/06/Side-Lying-Feet-Raise.gif,side lying feet raise
171d0dfb-1561-4493-a03d-5f7961e12b98,Dhanurasana | Rocking Bow Pose,abs,https://fitnessprogramer.com/wp-content/uploads/2022/05/Dhanurasana-Rocking-Bow-Pose.gif,dhanurasana rocking bow pose
68631a0f-a98c-4454-9da2-5081b0481f8c,Seated Twist With Resistance Band,abs,https://fitnessprogramer.com/wp-content/uploads/2022/05/Seated-twist.gif,seated twist with resistance band
a82498a8-41bc-4621-ae88-283649a512e4,Twist With Resistance Band,abs,https://fitnessprogramer.com/wp-content/uploads/2022/05/Twist.gif,twist with resistance band
9ac2506f-dc93-466d-9d59-5cb4644f05de,Twist down up With Resistance Band,abs,https://fitnessprogramer.com/wp-content/uploads/2022/05/Twist-down-up.gif,twist down up with resistance band
2c1fbc90-bb15-44ae-b799-5f7822e86b38,Standing Side Bend | Gymstick,abs,https://fitnessprogramer.com/wp-content/uploads/2022/05/Standing-Side-Bend.gif,standing side bend gymstick
e1024c50-055c-455c-a024-1937384a5b95,Banded Lying leg and hip raise,abs,https://fitnessprogramer.com/wp-content/uploads/2022/05/Lying-leg-and-hip-raise.gif,banded lying leg and hip raise
b0332710-c41d-4a50-ae97-bdbb6475f074,Banded Jack knife sit-up,abs,https://fitnessprogramer.com/wp-content/uploads/2022/05/Jack-knife-sit-up.gif,banded jack knife sit up
4d4f20b2-0b45-481b-9b20-2ec3aa200ffd,Down to Up Twist |Gymstick,abs,https://fitnessprogramer.com/wp-content/uploads/2022/05/Down-to-Up-Twist-Gymstick.gif,down to up twist gymstick
e08e6d1e-82fc-4da8-958a-0139c2047f36,Bicycle Crunch | Gymstick,abs,https://fitnessprogramer.com/wp-content/uploads/2022/05/Bicycle-Crunch-Gymstick.gif,bicycle crunch gymstick
78f33a0a-6479-4c07-8147-93774a0915f7,Plank Jacks / Extended Leg,abs,https://fitnessprogramer.com/wp-content/uploads/2015/06/Plank-Jacks-Extended-Leg.gif,plank jack extended leg
0866ac29-01d1-43fb-8df1-16fc2b499a60,Calf Raise,calf,https://fitnessprogramer.com/wp-content/uploads/2021/02/Dumbbell-Calf-Raise.gif,calf raise
d639ae83-8be1-42d8-af66-40bd12d1b361,Calf Raise with Resistance Band,calf,https://fitnessprogramer.com/wp-content/uploads/2022/05/Calf-Raise-with-Resistance-Band.gif,calf raise with resistance band
12e019f8-4e7f-4480-8e35-fddd3181de06,Single Leg Calf Raise,calf,https://fitnessprogramer.com/wp-content/uploads/2021/06/Single-Leg-Calf-Raises.gif,single leg calf raise
1877e24d-c6b8-48a3-a9f4-c4888e28deee,Hack Machine One-Leg Calf Raise,calf,https://fitnessprogramer.com/wp-content/uploads/2021/09/Hack-Machine-One-Leg-Calf-Raise.gif,hack machine one leg calf raise
973fb2fc-aded-4d05-9958-df8963fa3faf,Lever Donkey Calf Raise,calf,https://fitnessprogramer.com/wp-content/uploads/2021/09/Lever-Donkey-Calf-Raise.gif,lever donkey calf raise
77457c0f-436e-4a06-af7d-1128e70fccee,Bench Press Machine Standing Calf Raise,calf,https://fitnessprogramer.com/wp-content/uploads/2021/09/Bench-Press-Machine-Standing-Calf-Raise.gif,bench press machine standing calf raise
76dd9515-d9c1-4323-8844-283d9c014257,Standing Cross Leg Hamstring Stretch,calf,https://fitnessprogramer.com/wp-content/uploads/2021/05/Standing-Cross-Leg-Hamstring-Stretch.gif,standing cross leg hamstring stretch
278ecda6-1d60-4f62-a099-80c7f84b78d9,Squat Hold Calf Raise,calf,https://fitnessprogramer.com/wp-content/uploads/2021/12/Squat-Hold-Calf-Raise.gif,squat hold calf raise
bf86664f-c085-400b-bf9a-116e775868d8,Weighted Seated Calf Raise,calf,https://fitnessprogramer.com/wp-content/uploads/2021/10/Weighted-Seated-Calf-Raise.gif,weighted seated calf raise
3ab17b64-a5c3-4141-8e96-f473f641c3ad,Foam Roller Calves,calf,https://fitnessprogramer.com/wp-content/uploads/2022/02/Foam-Roller-Calves.gif,foam roller calve
9b3586a1-86aa-47e7-b58c-9da95438fd05,Toe Extensor Stretch,calf,https://fitnessprogramer.com/wp-content/uploads/2021/08/Toe-Extensor-Stretch.gif,toe extensor stretch
71dead53-e3ef-440d-91ba-e2df98e200e4,Standing Dorsiflexion,calf,https://fitnessprogramer.com/wp-content/uploads/2022/02/Standing-Dorsiflexion.gif,standing dorsiflexion
cf0d2354-0c3c-4807-a2d3-f8b620aa4218,Standing Toe Up Achilles Stretch,calf,https://fitnessprogramer.com/wp-content/uploads/2022/02/Standing-Toe-Up-Achilles-Stretch.gif,standing toe up achille stretch
c0597dfa-3325-421b-8d46-fb2014aa4b4c,Standing Toe Flexor Stretch,calf,https://fitnessprogramer.com/wp-content/uploads/2022/02/Standing-Toe-Flexor-Stretch.gif,standing toe flexor stretch
8b586664-31e9-4f57-aa88-8cf84425543c,Single Heel Drop Calf Stretch,calf,https://fitnessprogramer.com/wp-content/uploads/2022/02/Single-Heel-Drop-Calf-Stretch.gif,single heel drop calf stretch
97242700-33dc-4192-8ee3-cfd1e533fd6a,Seated Straight Leg Calf Stretch,calf,https://fitnessprogramer.com/wp-content/uploads/2022/02/Seated-Straight-Leg-Calf-Stretch.gif,seated straight leg calf stretch
94d70103-a5a4-4bd5-9c42-f35cad07cd73,Lunging Straight Leg Calf Stretch,calf,https://fitnessprogramer.com/wp-content/uploads/2022/02/Lunging-Straight-Leg-Calf-Stretch.gif,lunging straight leg calf stretch
dff04b0c-505a-493e-84b8-b9404a295ea5,Foot and Ankles Stretches,calf,https://fitnessprogramer.com/wp-content/uploads/2022/02/Foot-and-Ankles-Stretches.gif,foot and ankle stretche
a37b7709-8ca9-4379-a487-02d1d471653c,Foot and Ankle Rotation,calf,https://fitnessprogramer.com/wp-content/uploads/2022/02/Feet-and-Ankle-Rotation.gif,foot and ankle rotation
9170a836-796b-4088-b962-f644e232c9f7,Calves Stretch Static Position,calf,https://fitnessprogramer.com/wp-content/uploads/2022/02/Calves-Stretch-Static-Position.gif,calve stretch static position
5c53708b-ecb2-4d6d-a03e-d502501222ef,Single Leg Calves Stretch,calf,https://fitnessprogramer.com/wp-content/uploads/2022/02/Single-Leg-Calves-Stretch.gif,single leg calve stretch
c96c7e1a-d204-495a-a4c7-ba4025dacd14,Calf Stretch With Rope,calf,https://fitnessprogramer.com/wp-content/uploads/2022/02/Calf-Stretch-with-Rope.gif,calf stretch with rope
322500ac-8481-4f92-96d1-90e1999d18fe,Crouching Heel Back Calf Stretch,calf,https://fitnessprogramer.com/wp-content/uploads/2022/02/Crouching-Heel-Back-Calf-Stretch.gif,crouching heel back calf stretch
704beb18-6054-4f36-b298-4ab3afa9804e,Inner Thigh Side Stretch,calf,https://fitnessprogramer.com/wp-content/uploads/2021/02/INNER-THIGH-SIDE-STRETCH.gif,inner thigh side stretch
0392d7dc-daa8-4999-bab5-d320e49cde98,Single Leg Donkey Calf Raise,calf,https://fitnessprogramer.com/wp-content/uploads/2022/10/Single-Leg-Donkey-Calf-Raise.gif,single leg donkey calf raise
9f117596-8e4f-4a32-927d-b1879e7a3ffa,Dumbbell Sumo Deadlift,erector-spinae,https://fitnessprogramer.com/wp-content/uploads/2023/09/dumbbell-sumo-deadlift.gif,dumbbell sumo deadlift
4c05a6b9-3876-4ed3-8fb3-154b07a15c6a,Sphinx Stretch,erector-spinae,https://fitnessprogramer.com/wp-content/uploads/2021/05/Sphinx-Stretch.gif,sphinx stretch
c365a221-f80c-4e6e-80c9-c054a92a15bc,Dumbbell Straight Leg Deadlift,erector-spinae,https://fitnessprogramer.com/wp-content/uploads/2021/04/Dumbbell-Straight-Leg-Deadlift.gif,dumbbell straight leg deadlift
11c49a52-5aa8-495c-bb68-fb8521c871bf,Floor Hyperextension,erector-spinae,https://fitnessprogramer.com/wp-content/uploads/2021/04/Floor-Hyperextension-1.gif,floor hyperextension
7068fffc-8964-4979-801e-16c6986d2167,Flat Bench Hyperextension,erector-spinae,https://fitnessprogramer.com/wp-content/uploads/2021/04/Flat-Bench-Hyperextension.gif,flat bench hyperextension
8887876f-9729-49e9-9b9d-6f116d8fda9f,Reverse Hyperextension Machine,erector-spinae,https://fitnessprogramer.com/wp-content/uploads/2021/06/Reverse-Hyperextension-Machine.gif,reverse hyperextension machine
e914b27d-eac7-431a-ab89-0b6ca4f4a283,Smith Machine Good Morning,erector-spinae,https://fitnessprogramer.com/wp-content/uploads/2021/06/Smith-Machine-Good-Morning.gif,smith machine good morning
008d90e2-9704-40aa-9338-a439f7430436,Twisting Hyperextension,erector-spinae,https://fitnessprogramer.com/wp-content/uploads/2021/08/Twisting-Hyperextension.gif,twisting hyperextension
ad02f0c2-2984-413f-ac15-bf8a958e38f2,Swimming,erector-spinae,https://fitnessprogramer.com/wp-content/uploads/2021/05/Swimming.gif,swimming
0756914a-a42e-47a1-b7da-ceccbccdd554,Seated Cable Rope Row,erector-spinae,https://fitnessprogramer.com/wp-content/uploads/2021/06/Seated-Cable-Rope-Row.gif,seated cable rope row
fd78f112-ab24-4c8c-9b14-1d319258cd80,Standing Toe Touches,erector-spinae,https://fitnessprogramer.com/wp-content/uploads/2022/04/Standing-Toe-Touches.gif,standing toe touche
0001d577-0714-4de8-85ad-89284c8f0c56,Seated Toe Touches,erector-spinae,https://fitnessprogramer.com/wp-content/uploads/2021/06/Seated-Toe-Touches.gif,seated toe touche
6aa4a9c7-957f-4951-9908-e2f1da615a47,Foam Roller Back Stretch,erector-spinae,https://fitnessprogramer.com/wp-content/uploads/2022/02/Roll-Upper-Back.gif,foam roller back stretch
4b077391-2a41-4ccb-91d6-609f5be50cc1,Lying Upper Body Rotation,erector-spinae,https://fitnessprogramer.com/wp-content/uploads/2022/02/Lying-Upper-Body-Rotation.gif,lying upper body rotation
867afdb7-775b-4d46-a38d-692629eabd3b,Stiff Leg Deadlift,erector-spinae,https://fitnessprogramer.com/wp-content/uploads/2022/01/Stiff-Leg-Deadlift.gif,stiff leg deadlift
f589e7fb-07b9-4e80-8a3b-a98c47564c54,Kneeling Back Rotation,erector-spinae,https://fitnessprogramer.com/wp-content/uploads/2022/02/Kneeling-Back-Rotation-Stretch.gif,kneeling back rotation
278f2163-03d2-427e-8c3e-e1851274aec4,Bow Pose,erector-spinae,https://fitnessprogramer.com/wp-content/uploads/2021/02/Bow-Yoga-Pose.gif,bow pose
20c551be-4780-47fa-b85f-350dcce817cc,Kneeling T-spine Rotation,erector-spinae,https://fitnessprogramer.com/wp-content/uploads/2022/08/Kneeling-T-spine-Rotation.gif,kneeling t spine rotation
46925aaa-e8d1-42fa-ae04-f5000dae055a,Supine Spinal Twist,erector-spinae,https://fitnessprogramer.com/wp-content/uploads/2022/12/Supine-Spinal-Twist.gif,supine spinal twist
8141bf49-b60f-4d96-bda0-1626b036b418,Landmine T-Bar Row,erector-spinae,https://fitnessprogramer.com/wp-content/uploads/2021/04/t-bar-rows.gif,landmine t bar row
98ae8962-b17c-48f5-bdab-35106ec621e9,Barbell Pendlay Row,erector-spinae,https://fitnessprogramer.com/wp-content/uploads/2022/07/Barbell-Pendlay-Row.gif,barbell pendlay row
359882d6-aa0b-4be2-b583-b4a2c2034462,Hindu Push-ups,erector-spinae,https://fitnessprogramer.com/wp-content/uploads/2021/02/Pike-to-Cobra.gif,hindu push ups
2b81a635-21a6-4fc4-b8bb-0f203fecb42e,Arm Leg Raises,erector-spinae,https://fitnessprogramer.com/wp-content/uploads/2021/02/arm-leg-raise.gif,arm leg raise
9d8e7252-0de7-46c6-a04c-482f925fad69,Push-up With Rotation,erector-spinae,https://fitnessprogramer.com/wp-content/uploads/2023/01/push-up-with-rotation.gif,push up with rotation
10ac8981-14d9-4a29-8433-e978ad0c173d,Side Plank Rotation,erector-spinae,https://fitnessprogramer.com/wp-content/uploads/2023/01/Side-Plank-Rotation.gif,side plank rotation
b9323154-b71b-49e8-823a-590d9879e46d,Kettlebell Figure 8,erector-spinae,https://fitnessprogramer.com/wp-content/uploads/2022/09/Kettlebell-Figure-8.gif,kettlebell figure 8
250aa910-5d36-46aa-b174-4e806462ddc4,Dumbbell Single Leg Deadlift,erector-spinae,https://fitnessprogramer.com/wp-content/uploads/2022/09/Dumbbell-Single-Leg-Deadlift.gif,dumbbell single leg deadlift
7368a3d4-e2f8-4b52-a657-411cb77914c8,Good Morning With Resistance Band,erector-spinae,https://fitnessprogramer.com/wp-content/uploads/2022/07/Good-Morning-With-Resistance-Band.gif,good morning with resistance band
4f020962-b060-4373-9467-c08a74cf460c,Rolling Like a Ball,erector-spinae,https://fitnessprogramer.com/wp-content/uploads/2022/07/Rolling-Like-a-Ball-crab.gif,rolling like a ball
8b7f7839-d330-4136-98be-7899337451c9,Dhanurasana | Rocking Bow Pose,erector-spinae,https://fitnessprogramer.com/wp-content/uploads/2022/05/Dhanurasana-Rocking-Bow-Pose.gif,dhanurasana rocking bow pose
75a33a88-5c85-4f25-b466-e3767e626630,Swing | Gymstick,erector-spinae,https://fitnessprogramer.com/wp-content/uploads/2022/05/Swing-Gymstick.gif,swing gymstick
3ea606ec-8255-4996-bb72-2e9c73014aae,Single Leg Reverse Hyperextension | Gymstick,erector-spinae,https://fitnessprogramer.com/wp-content/uploads/2022/05/Single-Leg-Reverse-Hyperextension.gif,single leg reverse hyperextension gymstick
d1679c7f-2913-40aa-9007-fcc7b9df8a58,5 Dot Drills,leg,https://fitnessprogramer.com/wp-content/uploads/2023/12/5-Dot-drills-agility-exercise.gif,5 dot drill
8f3200e7-aa54-41dc-a0f3-bbd137aea68a,High Knee Lunge on Bosu Ball,leg,https://fitnessprogramer.com/wp-content/uploads/2023/09/High-Knee-Lunge-on-Bosu-Ball.gif,high knee lunge on bosu ball
5791b1cf-5283-40a5-9a2b-3c949219aeac,Static Lunge,leg,https://fitnessprogramer.com/wp-content/uploads/2023/10/Static-Lunge.gif,static lunge
6187c20f-a9c0-4d10-9b5d-2524e7b7c82e,Depth Jump to Hurdle Hop,leg,https://fitnessprogramer.com/wp-content/uploads/2023/09/Depth-Jump-to-Hurdle-Hop.gif,depth jump to hurdle hop
22f07b63-9fdb-4fc5-b572-32f00b6ec6db,Power Lunge,leg,https://fitnessprogramer.com/wp-content/uploads/2023/09/power-lunge.gif,power lunge
e7efcc50-335a-4704-8b59-4bd88bdf3c3b,Dumbbell Sumo Deadlift,leg,https://fitnessprogramer.com/wp-content/uploads/2023/09/dumbbell-sumo-deadlift.gif,dumbbell sumo deadlift
f5309fa4-b28c-4d48-a78c-1f7e4d1f89f3,Plie Dumbbell Squat,leg,https://fitnessprogramer.com/wp-content/uploads/2023/01/Sumo-Plie-Dumbbell-Squat.gif,plie dumbbell squat
a028a56f-060b-4d8a-9403-d85ca3dc5614,Barbell Sumo Squat,leg,https://fitnessprogramer.com/wp-content/uploads/2021/02/Barbell-sumo-squat.gif,barbell sumo squat
e5e2b818-9d20-4245-832a-a0fe457107dd,Pistol Squat,leg,https://fitnessprogramer.com/wp-content/uploads/2021/02/Pistol-Squat.gif,pistol squat
a90d7125-44a4-425e-b245-fd2947bf379d,Dumbbell Straight Leg Deadlift,leg,https://fitnessprogramer.com/wp-content/uploads/2021/04/Dumbbell-Straight-Leg-Deadlift.gif,dumbbell straight leg deadlift
03f05e68-a642-4a79-8c16-5bc0f39d8322,Lever Side Hip Abduction,leg,https://fitnessprogramer.com/wp-content/uploads/2022/04/Lever-Side-Hip-Abduction.gif,lever side hip abduction
89682e22-74d1-4a37-8e21-4befb9a97080,Bodyweight Sumo Squat,leg,https://fitnessprogramer.com/wp-content/uploads/2021/02/BODYWEIGHT-SUMO-SQUAT.gif,bodyweight sumo squat
619c2eda-9fe3-4ba3-a789-58fca13c1186,Hawaiian Squat,leg,https://fitnessprogramer.com/wp-content/uploads/2021/05/Hawaiian-Squat-exercise.gif,hawaiian squat
ad8c7835-90fa-49a3-8ced-18400d2b1d30,Lever Standing Leg Raise,leg,https://fitnessprogramer.com/wp-content/uploads/2021/09/Lever-Standing-Leg-Raise.gif,lever standing leg raise
1ef89ae2-10a0-40dc-9867-c60e8b4f094c,Lever Side Hip Adduction,leg,https://fitnessprogramer.com/wp-content/uploads/2021/05/Lever-Side-Hip-Adduction.gif,lever side hip adduction
6eeb5fb7-6217-40cb-8f1c-f7fddbb749b6,Lever Deadlift,leg,https://fitnessprogramer.com/wp-content/uploads/2021/05/Lever-Deadlift.gif,lever deadlift
26c032ef-04a8-441d-9d62-f88743f1c78e,Dumbbell Rear Lunge,leg,https://fitnessprogramer.com/wp-content/uploads/2021/05/Dumbbell-Rear-Lunge.gif,dumbbell rear lunge
15471ab3-d77c-4935-b839-19e341c2c0c0,Barbell Lunge,leg,https://fitnessprogramer.com/wp-content/uploads/2021/05/Barbell-Lunge.gif,barbell lunge
3eb59696-2e13-40df-9181-556addf0e6b7,Side Lunge,leg,https://fitnessprogramer.com/wp-content/uploads/2021/05/Side-Lunge-Stretch.gif,side lunge
f50323f4-bfd7-433e-b92d-1c55c4e2ef02,Zig Zag Hops Plyometric,leg,https://fitnessprogramer.com/wp-content/uploads/2021/05/Zig-Zag-Hops-Plyometric.gif,zig zag hops plyometric
27e77a78-308d-442e-9981-23b8500684bd,Upavistha Konasana,leg,https://fitnessprogramer.com/wp-content/uploads/2021/05/Upavistha-Konasana.gif,upavistha konasana
fc23aa89-db1c-4579-8806-752c87bb4c10,Kneeling Quad Stretch,leg,https://fitnessprogramer.com/wp-content/uploads/2021/05/Kneeling-Quad-Stretch.gif,kneeling quad stretch
3e48993e-f83b-402f-aea0-25c09d188936,Reverse Lunge Knee Lift,leg,https://fitnessprogramer.com/wp-content/uploads/2021/05/Reverse-Lunge-Knee.gif,reverse lunge knee lift
d1c2a015-10a4-4086-91fa-0da9a08b8f43,Curtsy Squat,leg,https://fitnessprogramer.com/wp-content/uploads/2021/05/Curtsey-Squat.gif,curtsy squat
8d7ac388-5fcf-4024-a5fc-16ed6b904b27,Thigh fly (Adductor Magnus Stretch),leg,https://fitnessprogramer.com/wp-content/uploads/2021/05/Adductor-Magnus-Stretch.gif,thigh fly
1d7e4783-291d-483b-83fc-6d602e99f16d,Cossack Squat,leg,https://fitnessprogramer.com/wp-content/uploads/2021/05/Cossack-Squat.gif,cossack squat
b2ec6042-b373-4fc6-8586-c5866b354dc7,Seated Side Crunch,leg,https://fitnessprogramer.com/wp-content/uploads/2021/05/Seated-Side-Crunches.gif,seated side crunch
fedd1b82-53ce-4e89-9d23-d6e96e4c1888,Standing Cross Leg Hamstring Stretch,leg,https://fitnessprogramer.com/wp-content/uploads/2021/05/Standing-Cross-Leg-Hamstring-Stretch.gif,standing cross leg hamstring stretch
e64e36a9-7c46-4f49-99a7-1b181d7e02f1,Backward Jump,leg,https://fitnessprogramer.com/wp-content/uploads/2021/05/Backward-Jumping.gif,backward jump
dcacbd43-9593-4ea7-a34f-e7b648536892,Bodyweight Windmill,leg,https://fitnessprogramer.com/wp-content/uploads/2021/05/Bodyweight-Windmill.gif,bodyweight windmill
a5411703-e82c-4311-a014-fd1b197b35ff,Landmine Squat to Press,leg,https://fitnessprogramer.com/wp-content/uploads/2021/04/Landmine-Press.gif,landmine squat to press
d1091557-0f57-4db1-a8b4-94f8b28ecc7a,Barbell Clean and Press,leg,https://fitnessprogramer.com/wp-content/uploads/2021/04/Barbell-Clean-and-Press-.gif,barbell clean and press
ebb0cda0-b848-4d3e-adaa-763586d8c69e,Dumbbell Lateral Step Up,leg,https://fitnessprogramer.com/wp-content/uploads/2021/06/Dumbbell-Lateral-Step-Up.gif,dumbbell lateral step up
f25eb653-a8a6-41bb-926c-0c4ca7370597,Lateral Step-up,leg,https://fitnessprogramer.com/wp-content/uploads/2022/04/Lateral-Step-up.gif,lateral step up
03408d55-1076-4571-9b01-d89e76829891,Step Up + Opposite Elbow to Knee Twist,leg,https://fitnessprogramer.com/wp-content/uploads/2022/04/Step-Up-Opposite-Elbow-to-Knee-Twist.gif,step up opposite elbow to knee twist
bd3c3612-7556-48a2-a292-4a70b9f0bb4a,Plank With Arm And Leg Lift,leg,https://fitnessprogramer.com/wp-content/uploads/2021/04/Plank-with-Arm-and-Leg-Lift.gif,plank with arm and leg lift
dfd5ecb2-8d86-4dc9-8d71-fa0e362efc99,Weighted Front Plank,leg,https://fitnessprogramer.com/wp-content/uploads/2021/04/Weighted-Front-Plank.gif,weighted front plank
972f3ae1-6999-41f2-b641-cf6f7d00d7db,Smith Machine Good Morning,leg,https://fitnessprogramer.com/wp-content/uploads/2021/06/Smith-Machine-Good-Morning.gif,smith machine good morning
e8184c36-3b8b-49dc-b23b-ad26c51d3830,High Knee Squat,leg,https://fitnessprogramer.com/wp-content/uploads/2021/11/High-Knee-Squat.gif,high knee squat
89831483-91ba-43d3-9a74-a6eac3478cfe,Kettlebell Split Snatch,leg,https://fitnessprogramer.com/wp-content/uploads/2021/09/Kettlebell-Split-Snatch.gif,kettlebell split snatch
69b0e3dc-6a8c-48f8-b21b-35344273d03b,Bodyweight Box Squat,leg,https://fitnessprogramer.com/wp-content/uploads/2022/07/Bodyweight-Box-Squat.gif,bodyweight box squat
b4d5896e-1f11-4de7-a5ab-3339df66f39b,Step Up Single Leg Balance with Bicep Curl,leg,https://fitnessprogramer.com/wp-content/uploads/2021/06/Step-Up-Single-Leg-Balance-with-Bicep-Curl.gif,step up single leg balance with bicep curl
a2747479-2fe9-4020-b227-9245e98ad9ff,Belt Squat,leg,https://fitnessprogramer.com/wp-content/uploads/2023/01/belt-squat.gif,belt squat
e312a666-db25-4cfa-9ea5-e37aee2e4b4f,Lever Single Leg Curl,leg,https://fitnessprogramer.com/wp-content/uploads/2021/06/Lever-Single-Leg-Curl.gif,lever single leg curl
fc44ed97-003c-4bba-bc15-bf1beeb1c5f9,Single Leg Step Down,leg,https://fitnessprogramer.com/wp-content/uploads/2021/10/Single-Leg-Step-Down.gif,single leg step down
76cd099b-8f9d-4af6-8f49-c8ee3a2108f0,Boat Pose,leg,https://fitnessprogramer.com/wp-content/uploads/2022/01/Boat-Pose-Stretch.gif,boat pose
3bb8de50-d39e-4e90-9070-8f7ccd440591,Long Jump,leg,https://fitnessprogramer.com/wp-content/uploads/2021/03/Long-Jump-Plyometrics.gif,long jump
bc208c7d-ed1b-4da5-88e3-984b65a86c03,Lever Assisted Single Leg Press,leg,https://fitnessprogramer.com/wp-content/uploads/2022/02/Lever-Assisted-Leg-Press.gif,lever assisted single leg press
4025edc5-d412-494a-886a-9cba86621593,Nordic Hamstring Curl,leg,https://fitnessprogramer.com/wp-content/uploads/2021/06/Nordic-Hamstring-Curl.gif,nordic hamstring curl
a94c1fac-24cb-4d51-8b67-18cd295d620f,One Arm Kettlebell Snatch,leg,https://fitnessprogramer.com/wp-content/uploads/2021/03/One-Arm-Kettlebell-Snatch-exercise.gif,one arm kettlebell snatch
c0f464e8-66af-476c-b10e-8dc1afc9bddc,Front Plank With Arm And Leg Lift,leg,https://fitnessprogramer.com/wp-content/uploads/2021/08/Front-Plank-With-Arm-And-Leg-Lift.gif,front plank with arm and leg lift
27cb280a-64a8-4255-ab46-e825deebf556,Horizontal Leg Press,leg,https://fitnessprogramer.com/wp-content/uploads/2021/08/Lever-Horizontal-Leg-Press.gif,horizontal leg press
600a2758-9879-44ac-88df-8d1f7c97278f,Resistance Band Toe Touch,leg,https://fitnessprogramer.com/wp-content/uploads/2021/08/Resistance-Band-Toe-Touch.gif,resistance band toe touch
0cecbd5b-c9c7-4561-af33-bda0e7c89ec9,Standing Quadriceps Stretch,leg,https://fitnessprogramer.com/wp-content/uploads/2021/08/Standing-Quadriceps-Stretch.gif,standing quadricep stretch
b3a4d44a-8c4f-4743-9ed1-39a4386b9aa3,Leg Curl On Stability Ball,leg,https://fitnessprogramer.com/wp-content/uploads/2021/08/leg-curl-on-stability-ball.gif,leg curl on stability ball
574dda23-8e2c-4543-aec3-8d40bc1360ea,Kettlebell Clean and Jerk,leg,https://fitnessprogramer.com/wp-content/uploads/2021/06/Kettlebell-Clean-and-Jerk.gif,kettlebell clean and jerk
8e29e022-7883-4513-bc53-36f27d0c4836,Kettlebell Deadlift,leg,https://fitnessprogramer.com/wp-content/uploads/2021/06/kettlebell-deadlift.gif,kettlebell deadlift
aa7b2e0d-5ef7-4eb5-98e7-f08a4b2caed9,Standing Toe Touches,leg,https://fitnessprogramer.com/wp-content/uploads/2022/04/Standing-Toe-Touches.gif,standing toe touche
8f27b46d-c0ec-44c9-9064-9d08dcd96d0f,Standing Side Toe Touching,leg,https://fitnessprogramer.com/wp-content/uploads/2022/04/Standing-Side-Toe-Touching.gif,standing side toe touching
da5e1f1e-4bb6-4dae-97f6-7684031c542e,Dumbbell Split Jump,leg,https://fitnessprogramer.com/wp-content/uploads/2022/04/Dumbbell-Split-Jump.gif,dumbbell split jump
db1a2b58-7a33-43d1-acf6-cc1188aee17f,Banded Step-up,leg,https://fitnessprogramer.com/wp-content/uploads/2022/04/Banded-Step-up.gif,banded step up
9dda8e13-e37d-402f-a0d0-47107d11938d,Barbell Curtsey Lunge,leg,https://fitnessprogramer.com/wp-content/uploads/2022/04/Barbell-Curtsey-Lunge.gif,barbell curtsey lunge
dae716b9-bb97-45a8-bf34-e53b51de4a5d,Dumbbell Jump Squat,leg,https://fitnessprogramer.com/wp-content/uploads/2022/04/Dumbbell-Jump-Squat.gif,dumbbell jump squat
c4d195ea-2a3c-4736-bb0a-9fda9cb275a6,Burpees,leg,https://fitnessprogramer.com/wp-content/uploads/2021/02/burpees.gif,burpee
0e9ddaa5-52f4-474b-908a-d35b1a53cd29,Lever Kneeling Leg Curl,leg,https://fitnessprogramer.com/wp-content/uploads/2021/09/Lever-Kneeling-Leg-Curl-.gif,lever kneeling leg curl
f3d2d6d3-1df8-4f1d-95d2-e4985cb3076c,Seated Toe Touches,leg,https://fitnessprogramer.com/wp-content/uploads/2021/06/Seated-Toe-Touches.gif,seated toe touche
6b7eceba-370e-406f-8047-f59b495503d9,Reverse Hack Squat,leg,https://fitnessprogramer.com/wp-content/uploads/2022/10/Reverse-Hack-Squat.gif,reverse hack squat
66700117-6bbe-4be3-8787-6c8b8b22bef3,Trap Bar Deadlift,leg,https://fitnessprogramer.com/wp-content/uploads/2021/06/Trap-Bar-Deadlift.gif,trap bar deadlift
21470ea8-99db-4126-8cb6-19e448064c53,One Arm Dumbbell Snatch,leg,https://fitnessprogramer.com/wp-content/uploads/2021/05/One-Arm-Dumbbell-Snatch.gif,one arm dumbbell snatch
196695b7-6330-4731-9714-6fd00ed4dde7,Landmine Lunge,leg,https://fitnessprogramer.com/wp-content/uploads/2022/10/Landmine-Lunge.gif,landmine lunge
5aa4cd1c-b1e7-4d13-a373-8de7ee488f75,Skater Squat,leg,https://fitnessprogramer.com/wp-content/uploads/2022/07/Skater-Squat.gif,skater squat
234893d7-e0a8-437b-a22a-9193ea692025,Shrimp Squat,leg,https://fitnessprogramer.com/wp-content/uploads/2021/02/shrimp-squats.gif,shrimp squat
9d5e5834-3f74-4c5d-921e-04f3f4eadd6b,Towel Leg Curl,leg,https://fitnessprogramer.com/wp-content/uploads/2022/02/Towel-Leg-Curl.gif,towel leg curl
490ad928-5a70-4936-8222-f72391827f12,Foam Roller IT (iliotibial Band) Stretch,leg,https://fitnessprogramer.com/wp-content/uploads/2022/02/Foam-Roller-IT-iliotibial-Band-Stretch.gif,foam roller it stretch
255003b1-c03b-4079-9f69-9fed9cc6d0a6,Foam Roller Quads,leg,https://fitnessprogramer.com/wp-content/uploads/2022/02/Foam-Roller-Quads.gif,foam roller quad
680cfa3a-64aa-4fb9-bf42-10acfaec36ed,Foam Roller Inner Thigh Adductor Stretch,leg,https://fitnessprogramer.com/wp-content/uploads/2022/02/Foam-Roller-Inner-Thigh-Adductor-Stretch.gif,foam roller inner thigh adductor stretch
8e2e87f0-81b2-45b1-8b48-cd56c07667b3,Foam Roller Hamstrings,leg,https://fitnessprogramer.com/wp-content/uploads/2022/02/Foam-Roller-Hamstrings.gif,foam roller hamstring
a3b95b30-0827-48bc-af55-f744c622c337,Foam Roller Plantar Fasciitis,leg,https://fitnessprogramer.com/wp-content/uploads/2022/02/Foam-Roller-Plantar-Fasciitis.gif,foam roller plantar fasciiti
5341f435-6365-454c-b005-d18c758d367d,90/90 Hip Stretch,leg,https://fitnessprogramer.com/wp-content/uploads/2022/08/90-90-Hip-Stretch.gif,90 90 hip stretch
02b7f156-19fb-4f93-a260-7864a44bc31c,Stiff Leg Deadlift,leg,https://fitnessprogramer.com/wp-content/uploads/2022/01/Stiff-Leg-Deadlift.gif,stiff leg deadlift
70273825-5279-4eca-9d10-16421aee03f3,Dumbbell Goblet Curtsey Lunge,leg,https://fitnessprogramer.com/wp-content/uploads/2022/02/Dumbbell-Goblet-Curtsey-Lunge.gif,dumbbell goblet curtsey lunge
7a203516-ad72-4c82-a77f-877dc11c0c6e,Cable Lunge,leg,https://fitnessprogramer.com/wp-content/uploads/2022/02/Cable-Lunge.gif,cable lunge
adb447ba-c761-4861-8b75-8cc632018a41,Bodyweight Kneeling Sissy Squat,leg,https://fitnessprogramer.com/wp-content/uploads/2023/02/Bodyweight-Kneeling-Sissy-Squat.gif,bodyweight kneeling sissy squat
9a1d277b-228d-45a2-aac6-62d94d8c9397,Trap Bar Jump Squat,leg,https://fitnessprogramer.com/wp-content/uploads/2023/02/trap-bar-jump-squat.gif,trap bar jump squat
23024acd-6cef-4dca-8e18-692a5070b371,Box Jump to Pistol Squat,leg,https://fitnessprogramer.com/wp-content/uploads/2023/02/Box-Jump-to-Pistol-Squat.gif,box jump to pistol squat
eef2cf71-275c-4719-bb8a-48923472da89,Bow Pose,leg,https://fitnessprogramer.com/wp-content/uploads/2021/02/Bow-Yoga-Pose.gif,bow pose
074db308-03ad-4135-9793-8bbf066163a8,Seated Straight Leg Calf Stretch,leg,https://fitnessprogramer.com/wp-content/uploads/2022/02/Seated-Straight-Leg-Calf-Stretch.gif,seated straight leg calf stretch
fa37bad0-5e35-430c-b45f-2a1094d59bb1,Crouching Heel Back Calf Stretch,leg,https://fitnessprogramer.com/wp-content/uploads/2022/02/Crouching-Heel-Back-Calf-Stretch.gif,crouching heel back calf stretch
01935d80-eca9-4252-b639-b7d810cf5f37,Barbell Jump Squat,leg,https://fitnessprogramer.com/wp-content/uploads/2023/01/Barbell-Jump-Squat.gif,barbell jump squat
dcdd8da9-2410-4046-947d-51392f1ce878,Frog Pose,leg,https://fitnessprogramer.com/wp-content/uploads/2022/12/Frog-Pose-mandukasana.gif,frog pose
2beaba62-7d7f-4c33-a0e6-ab0127717c0c,ATG Split Squat,leg,https://fitnessprogramer.com/wp-content/uploads/2022/12/ATG-Split-Squat.gif,atg split squat
941ca1a7-aa28-416b-9d1f-0fcda1989d41,Kettlebell Clean and Press,leg,https://fitnessprogramer.com/wp-content/uploads/2023/06/Kettlebell-Clean-and-Press.gif,kettlebell clean and press
b20a3b80-ddc8-48ba-80f4-06d08be64959,Seated Piriformis Stretch,leg,https://fitnessprogramer.com/wp-content/uploads/2022/12/Seated-Piriformis-Stretch.gif,seated piriformi stretch
8ef3ab15-7c70-433e-8a21-b2da4e980941,Heel Touch Side Kick Squat,leg,https://fitnessprogramer.com/wp-content/uploads/2022/12/Heel-Touch-Side-Kick-Squat.gif,heel touch side kick squat
28291cc1-cfdb-4273-92dd-ba7cc770c959,Decline Bench Dumbbell Lunge,leg,https://fitnessprogramer.com/wp-content/uploads/2022/02/Decline-Bench-Dumbbell-Lunge.gif,decline bench dumbbell lunge
fc1d2ce9-4724-4c3e-8137-9479b73ab739,Lateral Leg Swings,leg,https://fitnessprogramer.com/wp-content/uploads/2023/06/Lateral-Leg-Swings.gif,lateral leg swing
f7e8fd4a-aecd-48cc-83d4-a8bea534520b,Banded Walk,leg,https://fitnessprogramer.com/wp-content/uploads/2022/02/Banded-Walk.gif,banded walk
33055719-7dcc-4599-bce6-5a1f0d71d77e,Resistance Band Lateral Walk,leg,https://fitnessprogramer.com/wp-content/uploads/2022/02/Resistance-Band-Lateral-Walk.gif,resistance band lateral walk
285e4980-f152-4cf8-9eb6-f54570adb255,Banded Split Squat,leg,https://fitnessprogramer.com/wp-content/uploads/2022/10/Banded-Split-Squat.gif,banded split squat
f3e02379-68e9-49d4-88aa-1dd487b6f676,Banded Kettlebell Goblet Squat,leg,https://fitnessprogramer.com/wp-content/uploads/2022/10/Banded-Kettlebell-Goblet-Squat.gif,banded kettlebell goblet squat
6d6e5117-f9ab-4d58-b2a1-922caeea8669,Banded Lunge,leg,https://fitnessprogramer.com/wp-content/uploads/2022/10/Banded-Lunge.gif,banded lunge
3d57c3ea-e3b0-4e30-b7a6-0a26ed859c6e,Banded Leg Curl,leg,https://fitnessprogramer.com/wp-content/uploads/2022/10/Banded-Leg-Curl.gif,banded leg curl
d1ea5471-4f74-431a-ac52-96acbefe5ace,Standing Single Leg Curl Machine,leg,https://fitnessprogramer.com/wp-content/uploads/2022/10/Standing-Single-Leg-Curl-Machine.gif,standing single leg curl machine
76da60af-9f9e-402f-b3a6-a0debf89a734,Decline Dumbbell Leg Curl,leg,https://fitnessprogramer.com/wp-content/uploads/2022/10/Decline-Dumbbell-Leg-Curl.gif,decline dumbbell leg curl
6d4de4e5-35f1-46ec-94a3-07ffce1825b6,Single Knee To Chest,leg,https://fitnessprogramer.com/wp-content/uploads/2022/10/Single-Knee-To-Chest-Stretch.gif,single knee to chest
e4338da6-1c60-46c5-93c4-030d84eab36c,Pistol Squat to Box,leg,https://fitnessprogramer.com/wp-content/uploads/2022/10/Pistol-Squat-to-Box.gif,pistol squat to box
6188b5ed-0989-4ee8-9110-9b64d40c61c9,Landmine Deadlift,leg,https://fitnessprogramer.com/wp-content/uploads/2022/10/Landmine-Deadlift.gif,landmine deadlift
34c07aee-4281-4292-bbdf-849168c8fa1e,Standing Knee Hugs,leg,https://fitnessprogramer.com/wp-content/uploads/2021/02/STANDING-KNEE-HUGS.gif,standing knee hugs
e393f999-9ce9-4428-844c-c1a8e1921909,Snap Jumps,leg,https://fitnessprogramer.com/wp-content/uploads/2021/02/SNAP-JUMPS.gif,snap jump
82e36660-5bb6-4c4c-8249-74d693040463,High Knee Run,leg,https://fitnessprogramer.com/wp-content/uploads/2021/08/High-Knee-Run.gif,high knee run
d025de92-ec88-497c-9d2e-15264aab20a0,High Knee Skips,leg,https://fitnessprogramer.com/wp-content/uploads/2021/02/High-Knee-Skips_Cardio.gif,high knee skip
6cf5a5ad-a340-43b4-9345-b9af21516a0b,Inner Thigh Side Stretch,leg,https://fitnessprogramer.com/wp-content/uploads/2021/02/INNER-THIGH-SIDE-STRETCH.gif,inner thigh side stretch
895f2f42-55ee-404f-8c30-8cb36110c190,Skater,leg,https://fitnessprogramer.com/wp-content/uploads/2021/02/Skater.gif,skater
d96b80f3-55ec-434d-ab76-5ae2d9e5b1d8,Dumbbell Forward Leaning Lunge,leg,https://fitnessprogramer.com/wp-content/uploads/2022/09/dumbbell-forward-leaning-lunge.gif,dumbbell forward leaning lunge
0df6d6a0-c75f-49b5-bba1-125ee1e8304c,Bodyweight Bulgarian Split Squat,leg,https://fitnessprogramer.com/wp-content/uploads/2022/02/Bodyweight-Bulgarian-Split-Squat.gif,bodyweight bulgarian split squat
b05e57f1-1f76-4a97-b0be-98b746bb4b5f,Hip Adduction Machine,leg,https://fitnessprogramer.com/wp-content/uploads/2021/02/HIP-ADDUCTION-MACHINE.gif,hip adduction machine
1283d32e-9074-4e2e-8e8d-34b34b96a36c,Hip Abduction Machine,leg,https://fitnessprogramer.com/wp-content/uploads/2021/02/HiP-ABDUCTION-MACHINE.gif,hip abduction machine
5943caf3-9412-41de-ac94-2cb9938ebf98,Seated Banded Leg Extension,leg,https://fitnessprogramer.com/wp-content/uploads/2022/07/Seated-Banded-Leg-Extension.gif,seated banded leg extension
912da9d3-01bf-40fc-8ce4-96f8fad71cc5,Zercher Deadlift,leg,https://fitnessprogramer.com/wp-content/uploads/2022/10/zercher-deadlift.gif,zercher deadlift
d0dfa5f8-d8d0-44f4-8109-143a441dcfd3,Supported Pistol Squat,leg,https://fitnessprogramer.com/wp-content/uploads/2022/10/Supported-Pistol-Squat.gif,supported pistol squat
00f81ac3-d5e1-48a4-a398-5b88596b8629,Barbell Thruster,leg,https://fitnessprogramer.com/wp-content/uploads/2022/10/thruster.gif,barbell thruster
6f11ebfc-6925-40ba-9a49-9018351b7d48,Dumbbell Pull Through,leg,https://fitnessprogramer.com/wp-content/uploads/2022/10/Dumbbell-Pull-Through.gif,dumbbell pull through
117d23a4-83da-42be-bba4-177e0bc9373b,TRX Pistol Squat,leg,https://fitnessprogramer.com/wp-content/uploads/2023/01/TRX-Pistol-Squat.gif,trx pistol squat
dd9614a8-874d-409d-b522-64f3a30d5dcf,Sitting Wide Leg Adductor Stretch,leg,https://fitnessprogramer.com/wp-content/uploads/2022/06/Sitting-Wide-Leg-Adductor-Stretch.gif,sitting wide leg adductor stretch
0ee1c992-e166-49a3-9abf-f5d84ed12fd6,Standing Wide Knees Adductor Stretch,leg,https://fitnessprogramer.com/wp-content/uploads/2022/06/Standing-Wide-Knees-Adductor-Stretch.gif,standing wide knee adductor stretch
e6358b85-97f2-4935-941d-cfbcd3129568,Standing Wide Leg Adductor Stretch,leg,https://fitnessprogramer.com/wp-content/uploads/2022/06/Standing-Wide-Leg-Adductor-Stretch.gif,standing wide leg adductor stretch
7c0f7a80-e2d9-4680-a312-57beeafefbb7,Resistance Band Overhead Squat,leg,https://fitnessprogramer.com/wp-content/uploads/2023/01/Resistance-Band-Overhead-Squat.gif,resistance band overhead squat
fcf76ccb-bc38-468f-af35-23b602067c03,Hell Slide,leg,https://fitnessprogramer.com/wp-content/uploads/2022/08/Hell-Slide.gif,hell slide
000e95cf-831a-43e1-b75b-11e0d7f352b9,Wall Ball,leg,https://fitnessprogramer.com/wp-content/uploads/2023/01/wall-ball.gif,wall ball
53c72b19-0921-4c3e-b4c3-400ee8192bb6,Kneeling Leg Out Adductor Stretch,leg,https://fitnessprogramer.com/wp-content/uploads/2022/12/Kneeling-Leg-Out-Adductor-Stretch.gif,kneeling leg out adductor stretch
21df2ea5-e40f-40d6-945d-c65108462267,Half Frog Pose,leg,https://fitnessprogramer.com/wp-content/uploads/2022/12/Half-Frog-Pose-ardha-bhekasana.gif,half frog pose
7d8e0ab3-e5ea-4144-bb51-a220f9660c26,Happy Baby Pose,leg,https://fitnessprogramer.com/wp-content/uploads/2022/12/Happy-Baby-Pose.gif,happy baby pose
6047a4f6-6c3c-4ac5-bbec-5e4a4d6918b2,Kettlebell Figure 8,leg,https://fitnessprogramer.com/wp-content/uploads/2022/09/Kettlebell-Figure-8.gif,kettlebell figure 8
df5810d9-d39c-4a3d-b82b-c7f718e9b7dc,Dumbbell Single Leg Deadlift,leg,https://fitnessprogramer.com/wp-content/uploads/2022/09/Dumbbell-Single-Leg-Deadlift.gif,dumbbell single leg deadlift
4bdae167-fcb2-470c-826c-497fe0032208,Seated Leg Extension with Resistance Band,leg,https://fitnessprogramer.com/wp-content/uploads/2022/07/Seated-Leg-Extension-with-Resistance-Band.gif,seated leg extension with resistance band
168cc1f8-35d7-4d1e-9249-2e2314c93f53,Good Morning With Resistance Band,leg,https://fitnessprogramer.com/wp-content/uploads/2022/07/Good-Morning-With-Resistance-Band.gif,good morning with resistance band
f61dcc2e-ae30-4055-a92c-34972d622d8e,Pendulum Squat,leg,https://fitnessprogramer.com/wp-content/uploads/2022/10/Pendulum-Squat.gif,pendulum squat
680494a1-c6c8-4d4c-9ad0-7b38718ec4a9,Dumbbell Iron Cross,leg,https://fitnessprogramer.com/wp-content/uploads/2022/07/Dumbbell-Iron-Cross.gif,dumbbell iron cross
ab4e49e7-9edb-475c-88e6-b444d9480b16,Box Pistol Squat,leg,https://fitnessprogramer.com/wp-content/uploads/2022/07/Box-pistol-Squat.gif,box pistol squat
9b341612-b0c7-44a6-a390-457b59631e78,Sitting Rotation Hip Stretch,leg,https://fitnessprogramer.com/wp-content/uploads/2022/07/Sitting-Rotation-Hip-Stretch.gif,sitting rotation hip stretch
c073b991-6c6c-4de0-9c7f-c888ec62a22f,Supported One Leg Standing Hip Flexor And Knee Extensor Stretch,leg,https://fitnessprogramer.com/wp-content/uploads/2022/07/Supported-One-Leg-Standing-Hip-Flexor-And-Knee-Extensor-Stretch.gif,supported one leg standing hip flexor and knee extensor stretch
171d9840-f8d1-4545-b1a1-950692fe4488,Squat mobility Complex,leg,https://fitnessprogramer.com/wp-content/uploads/2022/07/Squat-mobility-Complex.gif,squat mobility complex
69d5fb83-1c0a-47a8-869f-1dc52a8d2d1c,Standing Straight Leg Raise With Resistance Band,leg,https://fitnessprogramer.com/wp-content/uploads/2022/05/Standing-straight-leg-raise.gif,standing straight leg raise with resistance band
141922d0-c09a-428c-8e55-f8503f3a8ae1,Standing Leg Raise With Resistance Band,leg,https://fitnessprogramer.com/wp-content/uploads/2022/05/Standing-Leg-Raise.gif,standing leg raise with resistance band
d8c36395-fc71-4718-ae34-2f8933b0fded,Standing Leg Extension With Resistance Band,leg,https://fitnessprogramer.com/wp-content/uploads/2022/05/Standing-leg-extension.gif,standing leg extension with resistance band
1c54fb08-1f6a-46cd-861d-f7b83af42261,Standing Leg Curl With Resistance Band,leg,https://fitnessprogramer.com/wp-content/uploads/2022/05/Standing-leg-curl.gif,standing leg curl with resistance band
033c9723-b91f-436c-9cec-59216733fd17,Split Squat | Gymstick,leg,https://fitnessprogramer.com/wp-content/uploads/2022/05/Split-Squat-Gymstick.gif,split squat gymstick
ec27f205-c5cc-410a-9c5f-6d610dbce0ce,Squat | Gymstick,leg,https://fitnessprogramer.com/wp-content/uploads/2022/05/Squat-Gymstick.gif,squat gymstick
4a195fcc-19cc-455a-880f-2ed3e4a8bf73,Banded Lying Leg Curl,leg,https://fitnessprogramer.com/wp-content/uploads/2022/05/Lying-leg-curl.gif,banded lying leg curl
90ef3d1f-0739-4850-9c65-496ddbb8dc47,Lying Alternate Leg Press | Gymstick,leg,https://fitnessprogramer.com/wp-content/uploads/2022/05/Lying-Alternate-Leg-Press.gif,lying alternate leg press gymstick
40e8f867-df8f-43e2-86e7-ea3c819d1292,Pin Squat,leg,https://fitnessprogramer.com/wp-content/uploads/2023/05/Pin-Squat.gif,pin squat
6d667b81-439a-4b67-ad33-d34fdf9cb910,The Box Jump,leg,https://fitnessprogramer.com/wp-content/uploads/2015/07/The-Box-Jump.gif,the box jump
5d8d360a-2e9f-482b-92d1-d6656c0b71b0,5 Dot Drills,cardio,https://fitnessprogramer.com/wp-content/uploads/2023/12/5-Dot-drills-agility-exercise.gif,5 dot drill
11381100-75be-487e-b013-8d51d21bb76a,Navy Seal Burpee,cardio,https://fitnessprogramer.com/wp-content/uploads/2023/10/Navy-Seal-Burpee.gif,navy seal burpee
b48be39f-5ed1-4cf6-a318-e4f1783adacf,Depth Jump to Hurdle Hop,cardio,https://fitnessprogramer.com/wp-content/uploads/2023/09/Depth-Jump-to-Hurdle-Hop.gif,depth jump to hurdle hop
1e896d05-7121-49dd-9498-e1e4a7119025,Power Lunge,cardio,https://fitnessprogramer.com/wp-content/uploads/2023/09/power-lunge.gif,power lunge
b87c92af-04ce-4dde-a917-d93fc4106c66,Riding Outdoor Bicycle,cardio,https://fitnessprogramer.com/wp-content/uploads/2022/02/Riding-Outdoor-Bicycle.gif,riding outdoor bicycle
ad286116-a237-4249-b1a5-dec3f0ad2180,Briskly Walking,cardio,https://fitnessprogramer.com/wp-content/uploads/2021/09/Briskly-Walking.gif,briskly walking
5c9f8dad-5000-428b-99cd-87de9bbef577,Sprint,cardio,https://fitnessprogramer.com/wp-content/uploads/2023/06/sprint.gif,sprint
91d44484-75ca-44fd-9fbd-bee2339564d4,Walk Wave Machine,cardio,https://fitnessprogramer.com/wp-content/uploads/2021/10/Walk-Wave-Machine.gif,walk wave machine
9121504d-2572-4920-abab-bd1d2c5fa088,Jump Rope,cardio,https://fitnessprogramer.com/wp-content/uploads/2021/06/Jump-Rope.gif,jump rope
f87fcde7-a82f-4d56-bdda-73b218688cab,Bike,cardio,https://fitnessprogramer.com/wp-content/uploads/2021/06/Bike.gif,bike
b2305f43-869a-4507-8788-33f96eaa9b31,Treadmill,cardio,https://fitnessprogramer.com/wp-content/uploads/2021/06/Treadmill-.gif,treadmill
2a734215-b8a7-484b-a02a-2ca6702ffc16,Incline Treadmill,cardio,https://fitnessprogramer.com/wp-content/uploads/2021/06/Incline-Treadmill.gif,incline treadmill
da6e2640-b85d-456b-ae92-780616f5943b,Rowing Machine,cardio,https://fitnessprogramer.com/wp-content/uploads/2021/06/Rowing-Machine.gif,rowing machine
6c8956c0-36bb-4ed5-82fc-6d6778ba1d1c,Manual Treadmill,cardio,https://fitnessprogramer.com/wp-content/uploads/2021/06/Assault-Air-Runner.gif,manual treadmill
a727d14d-9fd4-407b-8b14-d0df09f951c0,Elliptical Machine,cardio,https://fitnessprogramer.com/wp-content/uploads/2021/10/Elliptical-Machine.gif,elliptical machine
89392ad3-9ff2-4be3-985d-af62a9a0e1b4,Elbow To Knee Twists,cardio,https://fitnessprogramer.com/wp-content/uploads/2021/09/Elbow-To-Knee-Twists.gif,elbow to knee twist
4b925f75-b9c4-4065-ac86-fe61573dbdd2,Bicycle Crunch,cardio,https://fitnessprogramer.com/wp-content/uploads/2021/02/Bicycle-Crunch.gif,bicycle crunch
81e9ab1e-c636-4d8b-b916-ded84705462f,T-Cross Sit-up,cardio,https://fitnessprogramer.com/wp-content/uploads/2021/05/T-Cross-Sit-up.gif,t cross sit up
370b40bb-fd35-4259-87b3-d7649cee6d52,Power Skips,cardio,https://fitnessprogramer.com/wp-content/uploads/2021/09/Power-Skips.gif,power skip
35889ad6-3817-4d86-ab38-dea2dbfd2896,Plyo Jacks,cardio,https://fitnessprogramer.com/wp-content/uploads/2021/09/Plyo-Jacks.gif,plyo jack
60caa840-bb20-41c6-a12a-244f758cced1,Split Jacks,cardio,https://fitnessprogramer.com/wp-content/uploads/2021/09/Split-Jacks.gif,split jack
092ae57a-9e86-4cf6-877e-6f55b0a9fc46,Butt Kicks,cardio,https://fitnessprogramer.com/wp-content/uploads/2021/10/Butt-Kicks.gif,butt kick
4c8fa481-45da-4163-9a72-7dbaf8a1f5f0,Fast Feet Run,cardio,https://fitnessprogramer.com/wp-content/uploads/2021/09/Fast-Feet-Run.gif,fast feet run
d141898a-1e0a-4d8f-8b14-02a092f220b2,Wheel Run,cardio,https://fitnessprogramer.com/wp-content/uploads/2021/09/Wheel-Run.gif,wheel run
7d8e331c-8cd9-4360-9106-93778941d929,Zig Zag Hops Plyometric,cardio,https://fitnessprogramer.com/wp-content/uploads/2021/05/Zig-Zag-Hops-Plyometric.gif,zig zag hops plyometric
8fbc71f5-766c-4b5a-acc8-67a6256b91b4,Lateral Speed Step,cardio,https://fitnessprogramer.com/wp-content/uploads/2021/05/Lateral-Speed-Step.gif,lateral speed step
b35dd3be-46e0-4305-ba1f-581229188e92,Curtsy Squat,cardio,https://fitnessprogramer.com/wp-content/uploads/2021/05/Curtsey-Squat.gif,curtsy squat
1035332e-76b7-4da0-a715-6f4b4c0a90b4,Split Jump Squat,cardio,https://fitnessprogramer.com/wp-content/uploads/2021/05/Split-Squat.gif,split jump squat
75e4da87-8f60-4ff9-b6b1-7b0f14976a0d,Backward Jump,cardio,https://fitnessprogramer.com/wp-content/uploads/2021/05/Backward-Jumping.gif,backward jump
4c6895d9-f1bc-4132-93b2-ea486f4ab1ad,Single Leg Broad Jump,cardio,https://fitnessprogramer.com/wp-content/uploads/2021/05/Single-Leg-Broad-Jump.gif,single leg broad jump
aa1762fc-b40e-4645-8b93-cd6890bbcce5,Spider Plank,cardio,https://fitnessprogramer.com/wp-content/uploads/2021/05/Spider-Plank.gif,spider plank
7d35471f-6e8b-4b65-92d6-dc2c1bf92446,Run in Place,cardio,https://fitnessprogramer.com/wp-content/uploads/2021/09/Run-in-Place-exercise.gif,run in place
bf009c27-cfc5-4345-b624-5762584b6a05,Short Stride Run,cardio,https://fitnessprogramer.com/wp-content/uploads/2021/09/Short-Stride-Run.gif,short stride run
80c5180a-dbe2-4eee-8f61-a7186419c34a,Lateral Step-up,cardio,https://fitnessprogramer.com/wp-content/uploads/2022/04/Lateral-Step-up.gif,lateral step up
daac47be-39e0-462b-9a0d-ddce4e72091e,Step Up + Opposite Elbow to Knee Twist,cardio,https://fitnessprogramer.com/wp-content/uploads/2022/04/Step-Up-Opposite-Elbow-to-Knee-Twist.gif,step up opposite elbow to knee twist
ed59aa64-2b9a-4588-9966-6bbe0de17738,Band Assisted Sprinter Run,cardio,https://fitnessprogramer.com/wp-content/uploads/2021/10/Band-Assisted-Sprinter-Run.gif,band assisted sprinter run
3b915144-8c58-4e0b-8b03-c17cd2ff6d68,Backward Running,cardio,https://fitnessprogramer.com/wp-content/uploads/2021/08/Backwards-Running.gif,backward running
7f3d69ca-f653-4e8c-ab5f-836117651be6,High Knee Squat,cardio,https://fitnessprogramer.com/wp-content/uploads/2021/11/High-Knee-Squat.gif,high knee squat
12817b43-118f-4d90-b6cd-a19fea9de762,Boxer Shuffle Cardio,cardio,https://fitnessprogramer.com/wp-content/uploads/2022/02/Boxer-Shuffle-Cardio.gif,boxer shuffle cardio
ed8fd6da-d775-4eef-9538-2fa313807257,Jab Boxing,cardio,https://fitnessprogramer.com/wp-content/uploads/2022/10/Jab-Boxing.gif,jab boxing
eb277e47-9d8d-4099-b3fc-65f81092fee4,Punches,cardio,https://fitnessprogramer.com/wp-content/uploads/2021/09/Punches.gif,punche
4edbea83-dd48-44c4-81ea-9878ffc8cb46,Right Uppercut,cardio,https://fitnessprogramer.com/wp-content/uploads/2022/08/Right-Uppercut-Boxing.gif,right uppercut
72f06398-7971-453e-b797-3f496f5e49d6,Right Cross,cardio,https://fitnessprogramer.com/wp-content/uploads/2022/08/Right-Cross-Boxing.gif,right cross
d0e53fef-4ba0-47e9-acf6-b1769ea42db0,Hook Kick,cardio,https://fitnessprogramer.com/wp-content/uploads/2022/02/Hook-Kick-Kickboxing-with-boxing-bag.gif,hook kick
061d9369-6f02-4fac-9764-d8bc9cacd3c5,Boxing Right Cross,cardio,https://fitnessprogramer.com/wp-content/uploads/2022/02/Boxing-Right-Cross-with-boxing-bag.gif,boxing right cross
a2554679-7809-4dd7-9e1d-fd3434e2bfdd,High Knees Lift Run,cardio,https://fitnessprogramer.com/wp-content/uploads/2021/09/Run-in-Place.gif,high knee lift run
8bbe13f9-15e6-4270-a6f9-f0b414b37e07,Jack Burpees,cardio,https://fitnessprogramer.com/wp-content/uploads/2021/10/Jack-Burpees.gif,jack burpee
44382f68-bc31-4940-a11e-2e15994d6f05,Astride Jumps,cardio,https://fitnessprogramer.com/wp-content/uploads/2021/05/Astride-Jumps.gif,astride jump
89ea522e-0ffb-4124-af33-17eff6530cfa,Long Jump,cardio,https://fitnessprogramer.com/wp-content/uploads/2021/03/Long-Jump-Plyometrics.gif,long jump
6156408a-bb7d-4970-8ef5-a2cc21e887dd,Front Plank With Arm And Leg Lift,cardio,https://fitnessprogramer.com/wp-content/uploads/2021/08/Front-Plank-With-Arm-And-Leg-Lift.gif,front plank with arm and leg lift
deb4ada4-b6c9-4ea0-93ec-f046a38a46c1,Kettlebell Clean and Jerk,cardio,https://fitnessprogramer.com/wp-content/uploads/2021/06/Kettlebell-Clean-and-Jerk.gif,kettlebell clean and jerk
8c547c92-c155-4650-b73a-47e1055d2279,Dumbbell Burpees,cardio,https://fitnessprogramer.com/wp-content/uploads/2021/06/Dumbbell-Burpees.gif,dumbbell burpee
a4d07b84-65cd-489b-843f-9c4790b0d448,Ski Step,cardio,https://fitnessprogramer.com/wp-content/uploads/2022/04/Ski-Step.gif,ski step
8acbbd43-5fe9-4201-93ff-ad5fd5b5167a,Dumbbell Split Jump,cardio,https://fitnessprogramer.com/wp-content/uploads/2022/04/Dumbbell-Split-Jump.gif,dumbbell split jump
9042e860-47e3-4df9-a20c-c3b7321f9019,Dumbbell Jump Squat,cardio,https://fitnessprogramer.com/wp-content/uploads/2022/04/Dumbbell-Jump-Squat.gif,dumbbell jump squat
eec2cc8e-5f2e-4207-b5ae-433f64d6ed42,Burpees,cardio,https://fitnessprogramer.com/wp-content/uploads/2021/02/burpees.gif,burpee
901754e3-8a9b-4be8-ac62-14bbb82402f9,Vibration Plate,cardio,https://fitnessprogramer.com/wp-content/uploads/2023/06/Vibrate-Plate-Standing.gif,vibration plate
ca48241a-5f7c-4932-95a3-125c96de7784,High Knees Against Wall,cardio,https://fitnessprogramer.com/wp-content/uploads/2021/09/High-Knees-against-wall.gif,high knee against wall
ce5f4cbc-4f42-40f4-b79a-e7f398fa11ea,Cross Body Push-up,cardio,https://fitnessprogramer.com/wp-content/uploads/2022/02/Cross-Body-Push-up_Plyometric.gif,cross body push up
64a2c0e1-5744-497e-a3d9-10b14c2ed489,Box Jump to Pistol Squat,cardio,https://fitnessprogramer.com/wp-content/uploads/2023/02/Box-Jump-to-Pistol-Squat.gif,box jump to pistol squat
28d8219a-a6bb-4a11-96c1-a69071e3561c,Box Jump 2 to 1,cardio,https://fitnessprogramer.com/wp-content/uploads/2023/02/Box-Jump-2-to-1.gif,box jump 2 to 1
7b9b7049-1ea9-46c2-8c9a-bb4722cd0941,Box Jump 1 to 2,cardio,https://fitnessprogramer.com/wp-content/uploads/2023/02/Box-Jump-1-to-2.gif,box jump 1 to 2
31b8e99d-3de7-424c-bfa5-8f26e9a4c2c7,Single Leg Box Jump,cardio,https://fitnessprogramer.com/wp-content/uploads/2023/02/Single-Leg-Box-Jump.gif,single leg box jump
0c750010-6358-4f0c-94cb-2edbac0b2be7,Hands Bike,cardio,https://fitnessprogramer.com/wp-content/uploads/2022/02/Hands-Bike.gif,hand bike
1c327339-b798-4511-81c0-9b1d21ac998e,Squat Tuck Jump,cardio,https://fitnessprogramer.com/wp-content/uploads/2022/02/Squat-Tuck-Jump.gif,squat tuck jump
60e42eb8-c9e1-4898-92e9-7fa03d92070a,1-2 Stick Drill,cardio,https://fitnessprogramer.com/wp-content/uploads/2023/04/1-2-Stick-Drill-Plyometrics.gif,1 2 stick drill
1b0e4c88-74db-4260-b3bf-6eed0a4f07b2,Step Up with Knee Raises,cardio,https://fitnessprogramer.com/wp-content/uploads/2021/02/Step-up.gif,step up with knee raise
a974dece-7dec-4ff7-965c-29d0b783357d,Snap Jumps,cardio,https://fitnessprogramer.com/wp-content/uploads/2021/02/SNAP-JUMPS.gif,snap jump
00838670-2b1a-45e7-bfb4-b892010f3e8b,High Knee Run,cardio,https://fitnessprogramer.com/wp-content/uploads/2021/08/High-Knee-Run.gif,high knee run
c68798f2-91da-4dbe-9ec4-7d6b33ed65e6,High Knee Skips,cardio,https://fitnessprogramer.com/wp-content/uploads/2021/02/High-Knee-Skips_Cardio.gif,high knee skip
eda56042-ba00-457e-9c1d-1a2536880188,Skater,cardio,https://fitnessprogramer.com/wp-content/uploads/2021/02/Skater.gif,skater
b9a8aafc-cfe5-4d43-ad2e-97cf154e96ce,Assault AirBike,cardio,https://fitnessprogramer.com/wp-content/uploads/2022/06/Assault-AirBike.gif,assault airbike
dcea1718-a6b6-47c5-ab2b-b260ac153f44,The Box Jump,cardio,https://fitnessprogramer.com/wp-content/uploads/2015/07/The-Box-Jump.gif,the box jump
a8a193c5-bf1b-455f-b8b5-a8911e88938a,Battle Rope,cardio,https://fitnessprogramer.com/wp-content/uploads/2015/07/Battle-Rope.gif,battle rope
