title,matched_gif_title,similarity,description,category,body_part,target_muscle_gifsrc,equipment,difficulty_level,rating,gif_url,source_a_id,source_b_id
Partner plank band row,Ball Russian Twist throw with partner,0.448,The partner plank band row is an abdominal exercise where two partners perform single-arm planks while pulling on the opposite ends of an exercise band. This technique can be done for time or reps in any ab-focused workout.,Strength,Abdominals,abs,Bands,Intermediate,,https://fitnessprogramer.com/wp-content/uploads/2022/09/Ball-Russian-Twist-throw-with-partner.gif,928fc9b7-a40d-4307-b2fb-a3d92323aef7,a0b96102-09e9-4dc0-9760-e8bb089c7b9c
FYR Banded Plank Jack,Plank Jacks / Extended Leg,0.5711,"The banded plank jack is a variation on the plank that involves moving the legs in and out for repetitions. Having a band around the thighs forces the lower body to work harder, particularly the hips and glutes. The plank jack is commonly performed as part of a bodyweight circuit, or as part of a dynamic warm-up.",Strength,Abdominals,abs,Bands,Intermediate,,https://fitnessprogramer.com/wp-content/uploads/2015/06/Plank-Jacks-Extended-Leg.gif,8e502d13-106e-497c-b295-279d33d08f33,78f33a0a-6479-4c07-8147-93774a0915f7
Banded crunch,Banded Leg Curl,0.5719,"The banded crunch is an exercise targeting the abdominal muscles, particularly the rectus abdominis or ""six-pack"" muscles. The band adds resistance and continuous tension to this popular exercise.",Strength,Abdominals,leg,Bands,Intermediate,,https://fitnessprogramer.com/wp-content/uploads/2022/10/Banded-Leg-Curl.gif,999bc6df-cc42-4ba7-9a9d-e86565264ea9,3d57c3ea-e3b0-4e30-b7a6-0a26ed859c6e
Decline band press sit-up,Decline Hammer Press,0.5904,"The decline band press sit-up is a weighted core exercise that works the rectus abdominis or ""six pack"" muscles, as well as the deep core muscles. It also taxes the muscles of the shoulders and upper back. Sit-up variations with added resistance are usually performed for moderate to high reps, such as 8-12 reps per set or more, as part of the core-focused portion of a workout.",Strength,Abdominals,chest,Bands,Intermediate,,https://fitnessprogramer.com/wp-content/uploads/2022/01/Decline-hammer-press.gif,fc0adfe1-587c-42bc-80a6-022b434acccd,5bdd1f20-5373-4ce6-82b0-c32a052c3f6f
FYR2 Banded Frog Pump,Banded Leg Curl,0.3952,No description available,Strength,Abdominals,leg,Bands,Intermediate,,https://fitnessprogramer.com/wp-content/uploads/2022/10/Banded-Leg-Curl.gif,32139f86-6c53-4bd9-a1b5-015640ee4764,3d57c3ea-e3b0-4e30-b7a6-0a26ed859c6e
Band low-to-high twist,Band Alternating Low Row with Twist,0.5622,"The band low-to-high twist is a core exercise targeting the upper abdominals and the obliques. Take care to perform it with control, as rapid, uncontrolled twisting can injure the spine. It is usually performed for moderate to high reps, at least 8-15 per side, as part of the core-focused portion of a workout.",Strength,Abdominals,back,Bands,Intermediate,,https://fitnessprogramer.com/wp-content/uploads/2022/02/Band-Alternating-Low-Row-with-Twist.gif,27343016-8cb1-4fb1-88e7-fba72f53cbb1,b8f9d090-db14-4040-b418-530712f47504
Barbell roll-out,Standing Barbell Rollout,0.5178,"The barbell roll-out is an abdominal exercise that utilizes a barbell in the place of an ab roller. It is best performed with a barbell that has rotating collars, and is considered more difficult than other ab roller variations. Many lifters may not be able to perform a single rep at first, but once they can perform these for reps, they'll be rewarded with a seriously strong core.",Strength,Abdominals,abs,Barbell,Intermediate,,https://fitnessprogramer.com/wp-content/uploads/2022/04/Standing-Barbell-Rollout.gif,c9f33ed3-ea21-4127-8521-850d9605bcb9,ba1e32d4-39e7-47cd-a717-ec646f7ac2a0
Decline bar press sit-up,Decline Hammer Press,0.6064,"The decline bar press sit-up is a weighted core exercise targeting the abdominal muscles, particularly the lower abs. It also challenges the shoulders and upper back to move the weight. Weighted sit-up variations are usually performed for moderate to high reps, such as 8-12 reps per set or more, as part of the core-focused portion of a workout.",Strength,Abdominals,chest,Barbell,Intermediate,,https://fitnessprogramer.com/wp-content/uploads/2022/01/Decline-hammer-press.gif,3f757314-1b49-4b83-85f1-cdaa69dbc6b2,5bdd1f20-5373-4ce6-82b0-c32a052c3f6f
Bench barbell roll-out,Standing Barbell Rollout,0.4516,"The bench barbell roll-out is a challenging exercise targeting the abdominals. It is similar to using an ab roller, but using a barbell allows for a wider grip. Placing the knees on a bench rather than the floor makes the move more difficult by increasing the challenge to the upper body.",Strength,Abdominals,abs,Barbell,Beginner,,https://fitnessprogramer.com/wp-content/uploads/2022/04/Standing-Barbell-Rollout.gif,5b1eeb70-b31d-480d-95e1-07b96a940f68,ba1e32d4-39e7-47cd-a717-ec646f7ac2a0
Single-arm landmine pull and press,Landmine Squat to Press,0.6784,"The single-arm landmine pull and press is an explosive rotational movement using a barbell anchored in a landmine device. It combines a pull off the floor with rotation and finishes with a press. It is usually performed for low reps per set with an emphasis on speed and form, not moving heavy weight.",Strength,Abdominals,full-body,Barbell,Intermediate,,https://fitnessprogramer.com/wp-content/uploads/2021/04/Landmine-Press.gif,29887a87-7645-4261-939d-684de82f1fe4,25600b09-9cde-45e7-9a91-bb198174d5ed
Barbell Ab Roll Out - Gethin Variation,Standing Barbell Rollout,0.408,"The barbell roll-out is an abdominal exercise that utilizes a barbell in the place of an ab roller. It is best performed with a barbell that has rotating collars, and is considered more difficult than other ab roller variations. Many lifters may not be able to perform a single rep at first, but once they can perform these for reps, they'll be rewarded with a seriously strong core.",Strength,Abdominals,abs,Barbell,Intermediate,,https://fitnessprogramer.com/wp-content/uploads/2022/04/Standing-Barbell-Rollout.gif,a4dde2be-084b-4565-8022-188073d4d894,ba1e32d4-39e7-47cd-a717-ec646f7ac2a0
30 Barbell Floor Wiper,Half Wipers,0.5323,"The barbell floor wiper is a core exercise in which the barbell is held in the locked-out position of a floor press, and the hips and legs are rotated side to side. It targets the oblique muscles of the lateral abdomen, but is also seriously challenging to the deep core and rectus abdominis or ""six-pack"" muscles.",Strength,Abdominals,abs,Barbell,Intermediate,,https://fitnessprogramer.com/wp-content/uploads/2021/02/Half-Wipers.gif,ca54d5b0-c76e-4188-83ee-12606379a028,2c50f129-3d2a-48e1-ab64-0f75eb7432c5
30 Barbell Roll-Out,Standing Barbell Rollout,0.4982,"The barbell roll-out is an abdominal exercise that utilizes a barbell in the place of an ab roller. It is best performed with a barbell that has rotating collars, and is considered more difficult than other ab roller variations. Many lifters may not be able to perform a single rep at first, but once they can perform these for reps, they'll be rewarded with a seriously strong core.",Strength,Abdominals,abs,Barbell,Intermediate,,https://fitnessprogramer.com/wp-content/uploads/2022/04/Standing-Barbell-Rollout.gif,a05e0ad2-543c-4735-b174-392f1a3c4fd6,ba1e32d4-39e7-47cd-a717-ec646f7ac2a0
Decline plate sit-up,Decline Cable Fly,0.5031,"The decline plate sit-up is a weighted core exercise that works the rectus abdominis or ""six pack"" muscles, as well as the deep core muscles. Weighted sit-up variations are usually performed for moderate to high reps, such as 8-12 reps per set or more, as part of the core-focused portion of a workout.",Strength,Abdominals,chest,Barbell,Intermediate,,https://fitnessprogramer.com/wp-content/uploads/2021/06/Decline-Cable-Fly.gif,22d69045-9c5e-4c19-82bb-1e073130d562,a2609b9a-4dba-4898-b3b3-ba6d8d39b206
KV Barbell Hip Thrust,Barbell Thruster,0.6164,No description available,Strength,Abdominals,shoulders,Barbell,Intermediate,,https://fitnessprogramer.com/wp-content/uploads/2022/10/thruster.gif,0cbd20a3-359a-468f-a10c-9d0db9b313fb,b70eac51-1723-41ea-a555-a09190ed7c0d
Advanced Kettlebell Windmill,Dumbbell Windmill,0.5202,No description available,Strength,Abdominals,abs,Kettlebells,Beginner,,https://fitnessprogramer.com/wp-content/uploads/2022/07/Dumbbell-Windmill.gif,b8c1c519-a858-4ec2-87af-bfcd846c18ff,edaad500-79d5-415e-a618-a82fb0576867
Kettlebell Pass Between The Legs,Dips Between Chairs,0.4896,No description available,Strength,Abdominals,chest,Kettlebells,Beginner,,https://fitnessprogramer.com/wp-content/uploads/2022/04/Dips-Between-Chairs.gif,9ed5f8e6-8650-4ed9-92e5-1cfe7bce3202,b9c2b8ea-520e-42f4-8ac8-b9fc374e7ded
Kettlebell 3-point leg extension,Seated Banded Leg Extension,0.4011,"The kettlebell 3-point leg extension is a dynamic core exercise performed around and over a kettlebell or other short, stationary object. It is similar in some ways to a V-up or reverse crunch, but targets both the obliques and the rectus abdominis or ""six-pack"" muscles. It can be performed for reps or for time, usually in dedicated ab training or as part of a kettlebell and bodyweight circuit workout.",Strength,Abdominals,leg,Kettlebells,Intermediate,,https://fitnessprogramer.com/wp-content/uploads/2022/07/Seated-Banded-Leg-Extension.gif,9d953374-2d19-401d-9149-140c6b0d9db6,5943caf3-9412-41de-ac94-2cb9938ebf98
Burpee over kettlebell,Burpees,0.6523,"The burpee over kettlebell is a more advanced version of a popular conditioning exercise. If you're performing a circuit that already has both burpees and kettlebell movements, it's a simple way to provide a novel stimulus to the muscles of the lower body and create a more athletic style of training.",Strength,Abdominals,leg,Kettlebells,Intermediate,,https://fitnessprogramer.com/wp-content/uploads/2021/02/burpees.gif,58498aaa-c006-4bb0-92b5-4fd27f48ba8f,c4d195ea-2a3c-4736-bb0a-9fda9cb275a6
Kettlebell toe-touch,Standing Toe Touch,0.6102,"The kettlebell toe-touch is a more difficult version of a highly popular abdominal movement usually done for high reps. The simple addition of a weight makes the toe-touch far more difficult, providing a different stimulus to the core during training.",Strength,Abdominals,abs,Kettlebells,Intermediate,,https://fitnessprogramer.com/wp-content/uploads/2021/05/Standing-Toe-Touch.gif,d7007259-27ce-47e9-9758-91e1c1ab975a,4578902b-0274-4155-933f-064178f5df34
Two-way swing,Swing 360,0.3848,"The two-way kettlebell swing is an exercise that alternates a chest-height kettlebell swing (sometimes called a ""Russian"" or ""hardstyle"" swing) with an overhead kettlebell swing (sometimes called an ""American"" swing). Both swing variations work many of the same muscles, such as the hamstrings, glutes, and core, but because the weight must travel farther in the overhead swing, it's slightly more metabolically demanding and works the upper back and shoulders more. This combo can be performed for time or reps and works especially well in circuit-style or full-body training. If you can't perform the overhead swing without lower back or shoulder pain, just perform the chest-height swing.",Strength,Abdominals,back,Kettlebells,Intermediate,,https://fitnessprogramer.com/wp-content/uploads/2023/06/Swing-360.gif,98f222cb-7c1b-477b-b3ad-ce760289b0c4,d7a9ea20-e615-4021-9445-980777bda41e
Kettlebell crab reach,Kettlebell Deadlift,0.4424,"The kettlebell crab reach is a kettlebell pressing exercise in which the lifter presses a kettlebell overhead while in a modified single-arm bridge position. The simple addition of a weight makes the reach far more difficult, challenging the muscles of the back, shoulders, glutes, and core.",Strength,Abdominals,leg,Kettlebells,Intermediate,,https://fitnessprogramer.com/wp-content/uploads/2021/06/kettlebell-deadlift.gif,af6b0d3d-238b-4933-a179-00dea1596aff,8e29e022-7883-4513-bc53-36f27d0c4836
Taylor Single-Arm Kettlebell Swing,One Arm Kettlebell Swing,0.6389,No description available,Strength,Abdominals,full-body,Kettlebells,Intermediate,,https://fitnessprogramer.com/wp-content/uploads/2022/07/One-Arm-Kettlebell-Swing.gif,b3945473-485a-41fa-95bf-196369ac51d2,49862e3f-6ea5-4b66-9c54-984cd1f11b7c
Holman Kettlebell Up to Elbow Down,Kettlebell Deadlift,0.4089,No description available,Strength,Abdominals,leg,Kettlebells,Intermediate,,https://fitnessprogramer.com/wp-content/uploads/2021/06/kettlebell-deadlift.gif,d5e0efc2-1ab5-4f66-bbbf-f99cbadd6726,8e29e022-7883-4513-bc53-36f27d0c4836
FYR2 Double-Kettlebell Ski,Double Arm Dumbbell Curl,0.437,No description available,Strength,Abdominals,biceps,Kettlebells,Intermediate,,https://fitnessprogramer.com/wp-content/uploads/2022/04/Double-Arm-Dumbbell-Curl.gif,d3681972-55ce-42a1-b6fe-aa8119c8124f,9a0b4f7b-ed5a-4617-b0c0-0076c5b8d54f
FYR2 Kettlebell Hike,Kettlebell Deadlift,0.4341,No description available,Strength,Abdominals,leg,Kettlebells,Intermediate,,https://fitnessprogramer.com/wp-content/uploads/2021/06/kettlebell-deadlift.gif,6539974b-935c-4cde-b627-b47ba9d2a2bf,8e29e022-7883-4513-bc53-36f27d0c4836
FYR2 Kettlebell Cross-Body Catch,Cross Body Push-up,0.5188,No description available,Strength,Abdominals,full-body,Kettlebells,Intermediate,,https://fitnessprogramer.com/wp-content/uploads/2022/02/Cross-Body-Push-up_Plyometric.gif,b38404ca-e875-4360-a83e-97c19023ef34,bc4c077f-0fd8-42c4-b9e6-dbfabf81d8ec
FYR2 Kettlebell Duck Walk,Kettlebell Deadlift,0.4002,No description available,Strength,Abdominals,leg,Kettlebells,Intermediate,,https://fitnessprogramer.com/wp-content/uploads/2021/06/kettlebell-deadlift.gif,656f81aa-b34c-4b9b-9a5e-eef39dfdc2fd,8e29e022-7883-4513-bc53-36f27d0c4836
FYR2 Kettlebell Get-Up Reach,Kettlebell Deadlift,0.4207,No description available,Strength,Abdominals,leg,Kettlebells,Intermediate,,https://fitnessprogramer.com/wp-content/uploads/2021/06/kettlebell-deadlift.gif,ce2d50f3-efb9-4a09-8cbe-e317050c5ffa,8e29e022-7883-4513-bc53-36f27d0c4836
FYR2 Kettlebell Juggle,Kettlebell Deadlift,0.3645,No description available,Strength,Abdominals,leg,Kettlebells,Intermediate,,https://fitnessprogramer.com/wp-content/uploads/2021/06/kettlebell-deadlift.gif,8f902372-3a10-49a7-9b59-0a616649cfda,8e29e022-7883-4513-bc53-36f27d0c4836
FYR2 Squat-Clean-Alternating-Press Complex,Squat mobility Complex,0.4407,No description available,Strength,Abdominals,leg,Kettlebells,Intermediate,,https://fitnessprogramer.com/wp-content/uploads/2022/07/Squat-mobility-Complex.gif,ab651933-93cf-40ab-96ac-50174fc38b4d,171d9840-f8d1-4545-b1a1-950692fe4488
Dumbbell V-Sit Cross Jab,T-Cross Sit-up,0.6175,"The dumbbell V-sit cross jab is a hybrid movement that trains the abdominal and shoulder muscles simultaneously. It can address multiple muscle groups in a time-efficient muscle-building or circuit-style workout, while also providing a cardiovascular challenge.",Strength,Abdominals,abs,Dumbbell,Intermediate,,https://fitnessprogramer.com/wp-content/uploads/2021/05/T-Cross-Sit-up.gif,4a226d68-66bc-46e9-9c55-422959225238,e1d4694e-82dd-49ae-818e-85e8b8ecc28c
Dumbbell spell caster,Dumbbell Curl On Arm Blaster,0.3638,"The dumbbell spell caster is an exercise that primarily targets the abdominal muscles such as the obliques. However, it also works shoulders, back, hips, and legs, and demands all of those muscles work together in a coordinated motion. It is usually performed with relatively light weights for moderate to high reps, at least 8-12 reps per side. Make sure to only use a weight you can control.",Strength,Abdominals,biceps,Dumbbell,Beginner,,https://fitnessprogramer.com/wp-content/uploads/2021/08/Dumbbell-Curl-On-Arm-Blaster.gif,8dee9ecf-cf36-4e28-af21-1657c3cf1220,61ff4d6f-89f8-426b-9f09-dbe676fe4392
Dumbbell crunch,Dumbbell V-up,0.5396,"The dumbbell crunch is a more difficult version of a highly popular abdominal movement. The simple addition of a weight makes the crunch far more difficult, providing a different stimulus to the core during training.",Strength,Abdominals,abs,Dumbbell,Intermediate,,https://fitnessprogramer.com/wp-content/uploads/2021/10/Dumbbell-V-up.gif,575e5c8c-c450-4af5-98fe-c0e9d8e79194,a76d8e2a-9efb-483d-a8f0-f61498c2f4ec
Dumbbell Fix Dumbbell Sprawl,Dumbbell V-up,0.605,No description available,Strength,Abdominals,abs,Dumbbell,Intermediate,,https://fitnessprogramer.com/wp-content/uploads/2021/10/Dumbbell-V-up.gif,d7dd7c67-b08d-471e-9fd5-6cb3af25bebc,a76d8e2a-9efb-483d-a8f0-f61498c2f4ec
Dumbbell Fix Dumbbell Mountain Climber,Dumbbell V-up,0.4839,No description available,Strength,Abdominals,abs,Dumbbell,Intermediate,,https://fitnessprogramer.com/wp-content/uploads/2021/10/Dumbbell-V-up.gif,461c065f-563d-4829-8665-fbbdfe526f56,a76d8e2a-9efb-483d-a8f0-f61498c2f4ec
Dumbbell Fix Dumbbell Russian Twist,Dumbbell V-up,0.5244,No description available,Strength,Abdominals,abs,Dumbbell,Intermediate,,https://fitnessprogramer.com/wp-content/uploads/2021/10/Dumbbell-V-up.gif,d0b20350-2072-4dbe-92b4-793278f8ab46,a76d8e2a-9efb-483d-a8f0-f61498c2f4ec
Dumbbell Fix Dumbbell Pull-Over,Dumbbell V-up,0.6665,No description available,Strength,Abdominals,abs,Dumbbell,Intermediate,,https://fitnessprogramer.com/wp-content/uploads/2021/10/Dumbbell-V-up.gif,babffb2c-4d0c-4c2d-9296-e1a00e09cfd7,a76d8e2a-9efb-483d-a8f0-f61498c2f4ec
Dumbbell Fix Dumbbell Front Squat,Dumbbell Jump Squat,0.6328,No description available,Strength,Abdominals,leg,Dumbbell,Intermediate,,https://fitnessprogramer.com/wp-content/uploads/2022/04/Dumbbell-Jump-Squat.gif,524ce4cf-3f08-4770-a002-56a84ef3ea4f,dae716b9-bb97-45a8-bf34-e53b51de4a5d
Dumbbell Fix Full Man Maker,Full Crunch Machine,0.3405,No description available,Strength,Abdominals,abs,Dumbbell,Intermediate,,https://fitnessprogramer.com/wp-content/uploads/2022/07/Full-Crunch-Machine.gif,db12fc09-312a-4197-b26e-99d0056b7c42,b967ed7c-ce7c-476b-a24d-fdea9475be41
Dumbbell T-hold,Dumbbell V-up,0.5457,"The dumbbell T-hold is a static exercise that primarily targets the obliques, although it also works the shoulders and upper back. It involves holding a dumbbell in the air while in a side plank position. It is usually performed for timed holds, although it can be performed dynamically for reps as a plank with dumbbell rotation.",Strength,Abdominals,abs,Dumbbell,Intermediate,,https://fitnessprogramer.com/wp-content/uploads/2021/10/Dumbbell-V-up.gif,c85d1356-db2e-4282-a452-35c024795ede,a76d8e2a-9efb-483d-a8f0-f61498c2f4ec
Dumbbell hollow-body floor press,Dumbbell Z Press,0.4321,The dumbbell hollow-body floor press combines upper-body strength and core work in one move.,Strength,Abdominals,shoulders,Dumbbell,Intermediate,,https://fitnessprogramer.com/wp-content/uploads/2022/12/Dumbbell-Z-Press.gif,21167b0c-4287-469e-83e9-4cbb491109ba,5ae2f6ba-b82c-41c2-bb30-075a1ce5efde
Dumbbell Crunch - Gethin Variation,Dumbbell V-up,0.4206,"The dumbbell crunch is a more difficult version of a highly popular abdominal movement. The simple addition of a weight makes the crunch far more difficult, providing a different stimulus to the core during training.",Strength,Abdominals,abs,Dumbbell,Intermediate,,https://fitnessprogramer.com/wp-content/uploads/2021/10/Dumbbell-V-up.gif,5f9209bb-b39f-40b6-aa11-e48d9570f92b,a76d8e2a-9efb-483d-a8f0-f61498c2f4ec
Single-arm dumbbell crunch,Single Arm Push-up,0.5123,"The single-arm dumbbell crunch is a more difficult version of a highly popular abdominal movement. Adding a weight to one side makes the crunch far more difficult to your rectus abdominis or ""six-pack"" muscles, as well as the obliques and deep core muscles.",Strength,Abdominals,triceps,Dumbbell,Intermediate,,https://fitnessprogramer.com/wp-content/uploads/2021/09/Single-Arm-Push-up.gif,5a9b4627-c216-4f3c-a086-8be79c31e7a3,f38f07ce-2322-41ca-b7f6-c9b26c639508
HM Alternating Dumbbell Plank Row,Seated Alternating Dumbbell Curl,0.6694,No description available,Strength,Abdominals,biceps,Dumbbell,Intermediate,,https://fitnessprogramer.com/wp-content/uploads/2022/06/Seated-dumbbell-alternating-curl.gif,21e16327-735b-4e67-8ed1-80e778efa393,98334714-b20d-4c97-a9d9-e544e51a0c02
Dumbbell straight-legged hip raise,Dumbbell Raise,0.5184,The dumbbell straight-legged hip raise works the hips and glutes. It requires and teaches body control and coordination.,Strength,Abdominals,shoulders,Dumbbell,Intermediate,,https://fitnessprogramer.com/wp-content/uploads/2021/04/Dumbbell-Raise.gif,763bd13f-8448-48e4-8033-5930db9ecc71,ea4a4d10-0692-48ec-ab4d-32f848726548
Seated leg tuck with dumbbell,Seated Dumbbell Front Raise,0.4723,The seated leg tuck with dumbbell is an ab exercise requiring only a bench and a dumbbell. It's commonly performed for high reps as a burnout at the end of a core workout.,Strength,Abdominals,shoulders,Dumbbell,Intermediate,,https://fitnessprogramer.com/wp-content/uploads/2021/10/seated-dumbbell-front-raise.gif,a9532f49-7495-4f9f-bade-f6193949556e,16c6bcd5-057f-40bf-90d0-c7143ee19d15
Dumbbell V-sit cross jab-,T-Cross Sit-up,0.6175,"The dumbbell V-sit cross jab is a hybrid movement that trains the abdominal and shoulder muscles simultaneously. It can address multiple muscle groups in a time-efficient muscle-building or circuit-style workout, while also providing a cardiovascular challenge.",Strength,Abdominals,abs,Dumbbell,Intermediate,,https://fitnessprogramer.com/wp-content/uploads/2021/05/T-Cross-Sit-up.gif,6179f402-f536-402f-aeef-dc2ea36ebd84,e1d4694e-82dd-49ae-818e-85e8b8ecc28c
30 Hanging Leg Raise With Dumbbell,Hanging Side Knee Raises,0.6387,No description available,Strength,Abdominals,abs,Dumbbell,Intermediate,,https://fitnessprogramer.com/wp-content/uploads/2022/10/Hanging-Side-Knee-Raises.gif,63a311fa-1636-47ae-bb09-2e1656cc558d,0e60049a-3dad-4517-b3a8-ee293da19b9b
Dumbbell Get-Up Sit-Up,Dumbbell V-up,0.6143,No description available,Strength,Abdominals,abs,Dumbbell,Expert,,https://fitnessprogramer.com/wp-content/uploads/2021/10/Dumbbell-V-up.gif,4a600f95-8a7d-4cfc-9853-4b851669764d,a76d8e2a-9efb-483d-a8f0-f61498c2f4ec
Holman Right Side Plank with Left Triceps Press,Front to Side Plank,0.3636,No description available,Strength,Abdominals,abs,Dumbbell,Intermediate,,https://fitnessprogramer.com/wp-content/uploads/2021/05/Front-to-Side-Plank.gif,113a2c96-f629-43c0-9041-a3572ef3307f,cb995e4b-5fb7-4454-8df9-b1a6aad2ac76
Holman Left Side Plank with Right Triceps Press,Front to Side Plank,0.3636,No description available,Strength,Abdominals,abs,Dumbbell,Intermediate,,https://fitnessprogramer.com/wp-content/uploads/2021/05/Front-to-Side-Plank.gif,62a35c47-543b-4bd5-a537-020800514588,cb995e4b-5fb7-4454-8df9-b1a6aad2ac76
Holman Boat with Feet Push-Out and Overhead Press,Push Press,0.3592,No description available,Strength,Abdominals,shoulders,Dumbbell,Intermediate,,https://fitnessprogramer.com/wp-content/uploads/2021/02/push-press-1.gif,18404051-7f7a-4597-a982-4bed7223721f,6a02c8c4-7276-44bb-84e2-a2036b46e735
Holman Hovering Plank Row,Reverse Plank,0.2747,No description available,Strength,Abdominals,abs,Dumbbell,Intermediate,,https://fitnessprogramer.com/wp-content/uploads/2021/05/Reverse-plank.gif,e03be6e2-fd52-44d2-b80d-39619c56d3ee,0f764094-2ab8-43c2-bcea-c285da8e555d
Holman Weighted Seated Killer Abs to Russian Twist,Weighted Lying Twist,0.4521,No description available,Strength,Abdominals,abs,Dumbbell,Intermediate,,https://fitnessprogramer.com/wp-content/uploads/2021/08/weighted-lying-twist.gif,806cd3f8-6f8c-4045-a714-4d4c359b6808,725ea31c-5093-4de8-bbdb-c2fe705c77a7
Holman Straight Plank Dumbbell Reach-Under,Dumbbell Straight Leg Deadlift,0.4275,No description available,Strength,Abdominals,back,Dumbbell,Intermediate,,https://fitnessprogramer.com/wp-content/uploads/2021/04/Dumbbell-Straight-Leg-Deadlift.gif,8deec490-b2b9-404c-8a86-f33c1c3567e1,788a149d-dc32-4625-b35a-c9e95794d866
Holman Straight-Arm Side Plank Overhead Press to Chest Press,Lever One Arm Chest Press,0.428,No description available,Strength,Abdominals,chest,Dumbbell,Intermediate,,https://fitnessprogramer.com/wp-content/uploads/2021/08/Lever-One-Arm-Chest-Press.gif,d611cb3e-04bb-47b9-8118-9f7cba1459f6,87069922-75dd-4911-ab2a-dfce665f8e64
Holman Weighted Burpee to Pike,Burpees,0.554,No description available,Strength,Abdominals,leg,Dumbbell,Intermediate,,https://fitnessprogramer.com/wp-content/uploads/2021/02/burpees.gif,269dd411-545d-408c-9506-82354c86c258,c4d195ea-2a3c-4736-bb0a-9fda9cb275a6
Holman Straight-Legged Boat Chest Press,Straight Bar Dip,0.3687,No description available,Strength,Abdominals,full-body,Dumbbell,Intermediate,,https://fitnessprogramer.com/wp-content/uploads/2022/01/Straight-Bar-Dip.gif,c21311c2-29dd-4676-a527-324aa3722eef,27e268e4-b829-4ddf-8c8e-679378df19fd
Holman Weighted Burpee to Side Delt Raise,Burpees,0.4994,No description available,Strength,Abdominals,leg,Dumbbell,Intermediate,,https://fitnessprogramer.com/wp-content/uploads/2021/02/burpees.gif,a9f767fa-5ae8-461b-bc98-e1df3dda580d,c4d195ea-2a3c-4736-bb0a-9fda9cb275a6
Holman Heavy Double Pike,Double Leg Stretch,0.4015,No description available,Strength,Abdominals,abs,Dumbbell,Intermediate,,https://fitnessprogramer.com/wp-content/uploads/2021/05/Double-Leg-Stretch.gif,d666b3d6-3a73-45e8-9205-6f49c5bc9a6d,423c16e9-9321-4652-b9ac-eba1ca55bdb6
Holman Heavy Double Split Pike,Double Leg Stretch,0.3597,No description available,Strength,Abdominals,abs,Dumbbell,Intermediate,,https://fitnessprogramer.com/wp-content/uploads/2021/05/Double-Leg-Stretch.gif,a215a6fc-7ae9-404d-8334-497356590694,423c16e9-9321-4652-b9ac-eba1ca55bdb6
MetaBurn Alternating Dumbbell Sit-Through,Dumbbell Pull Through,0.5831,No description available,Strength,Abdominals,leg,Dumbbell,Intermediate,,https://fitnessprogramer.com/wp-content/uploads/2022/10/Dumbbell-Pull-Through.gif,0141b8d5-8318-4cae-81f7-741f450486df,6f11ebfc-6925-40ba-9a49-9018351b7d48
MetaBurn Alternating Plank Row With Dumbbell Pull-Through,Dumbbell Pull Through,0.6169,No description available,Strength,Abdominals,leg,Dumbbell,Intermediate,,https://fitnessprogramer.com/wp-content/uploads/2022/10/Dumbbell-Pull-Through.gif,7fca773f-1a50-4da2-81a0-927e011e333c,6f11ebfc-6925-40ba-9a49-9018351b7d48
MetaBurn Alternating Plank Row With Push-Up,Band Alternating Low Row with Twist,0.5112,No description available,Strength,Abdominals,back,Dumbbell,Intermediate,,https://fitnessprogramer.com/wp-content/uploads/2022/02/Band-Alternating-Low-Row-with-Twist.gif,7c5f232e-a684-49a1-9f91-4a2feacb754b,b8f9d090-db14-4040-b418-530712f47504
MetaBurn Dumbbell Russian Twist,Ball Russian Twist throw with partner,0.5081,No description available,Strength,Abdominals,abs,Dumbbell,Intermediate,,https://fitnessprogramer.com/wp-content/uploads/2022/09/Ball-Russian-Twist-throw-with-partner.gif,ae54264c-2961-4811-9305-0ce481b93af3,a0b96102-09e9-4dc0-9760-e8bb089c7b9c
MetaBurn Dumbbell Toe-Touch,Standing Toe Touch,0.5295,No description available,Strength,Abdominals,abs,Dumbbell,Intermediate,,https://fitnessprogramer.com/wp-content/uploads/2021/05/Standing-Toe-Touch.gif,6de3cd22-dee2-4a7b-875f-e36c0329df20,4578902b-0274-4155-933f-064178f5df34
MetaBurn Plank To Alternating Row,Band Alternating Low Row with Twist,0.4527,No description available,Strength,Abdominals,back,Dumbbell,Intermediate,,https://fitnessprogramer.com/wp-content/uploads/2022/02/Band-Alternating-Low-Row-with-Twist.gif,ae5dff0a-052d-46d6-a493-c31ade178e54,b8f9d090-db14-4040-b418-530712f47504
Standing dumbbell knee crunch-,Dumbbell Standing Palms In Press,0.5051,"The standing dumbbell knee crunch is a great way to train the abs while standing up. Additionally, the deltoids are worked because the lifter holds a pair of dumbbells overhead throughout.",Strength,Abdominals,shoulders,Dumbbell,Intermediate,,https://fitnessprogramer.com/wp-content/uploads/2021/09/Dumbbell-Standing-Palms-In-Press.gif,4cebc420-9549-4375-a4d6-89ddce38bbc2,d47c32be-1913-4330-803b-c3792d082d3b
MetaBurn Plank With Dumbbell Rotation,Side Plank Rotation,0.6078,No description available,Strength,Abdominals,abs,Dumbbell,Intermediate,,https://fitnessprogramer.com/wp-content/uploads/2023/01/Side-Plank-Rotation.gif,851192d7-35cf-4e43-a36a-06c1d5c56369,34876b31-d06c-4a5d-b4fc-2f079dc0aea7
FYR2 Dumbbell Crab Reach,Dumbbell V-up,0.3699,No description available,Strength,Abdominals,abs,Dumbbell,Intermediate,,https://fitnessprogramer.com/wp-content/uploads/2021/10/Dumbbell-V-up.gif,b72cfabb-4158-442b-beb6-7e65f90d476e,a76d8e2a-9efb-483d-a8f0-f61498c2f4ec
FYR2 Dumbbell Man-Maker,Dumbbell V-up,0.3665,No description available,Strength,Abdominals,abs,Dumbbell,Intermediate,,https://fitnessprogramer.com/wp-content/uploads/2021/10/Dumbbell-V-up.gif,523d1c1d-a9bb-45ba-9264-11adf56c3158,a76d8e2a-9efb-483d-a8f0-f61498c2f4ec
FYR2 Dumbbell Sit-Up Reach,Dumbbell V-up,0.4655,No description available,Strength,Abdominals,abs,Dumbbell,Intermediate,,https://fitnessprogramer.com/wp-content/uploads/2021/10/Dumbbell-V-up.gif,7e43da3b-0c1f-4a7e-a6c9-f87fbf5917d6,a76d8e2a-9efb-483d-a8f0-f61498c2f4ec
FYR2 Loaded Beast Sprawl,Plate Loaded Seated Row,0.4314,No description available,Strength,Abdominals,back,Dumbbell,Intermediate,,https://fitnessprogramer.com/wp-content/uploads/2022/02/Plate-Loaded-Seated-Row.gif,bcb42037-2f58-4106-a3ee-deec97f77a5c,3baa8ae6-c82b-47bf-b14c-928fa7aeafc2
FYR2 Loaded to Unloaded Beast,Plate Loaded Seated Row,0.5607,No description available,Strength,Abdominals,back,Dumbbell,Intermediate,,https://fitnessprogramer.com/wp-content/uploads/2022/02/Plate-Loaded-Seated-Row.gif,d42dc1c5-b155-4314-a621-4e51175bc3b3,3baa8ae6-c82b-47bf-b14c-928fa7aeafc2
Decline reverse crunch,Decline Cable Fly,0.4701,"The decline reverse crunch is a popular bodyweight exercise targeting the abdominal muscles, particularly the lower abs. It is usually performed for high reps, such as 10-15 reps per set or more, as part of the ab-focused portion of a workout.",Strength,Abdominals,chest,Other,Intermediate,,https://fitnessprogramer.com/wp-content/uploads/2021/06/Decline-Cable-Fly.gif,65099fae-36c2-4832-bb24-ca48b6a16e1b,a2609b9a-4dba-4898-b3b3-ba6d8d39b206
Plate Twist,Bent Over Twist,0.4899,No description available,Strength,Abdominals,abs,Other,Beginner,,https://fitnessprogramer.com/wp-content/uploads/2021/09/Bent-Over-Twist.gif,4c6b20a1-805e-40c2-af94-add3dc74e348,4d885faf-ae0c-4138-a4e9-509322e9afd5
Weighted Crunches,Weighted One Arm Pull-up,0.4984,"The weighted suitcase crunch is a weighted version of a popular abdominal training exercise. The simple addition of a weight makes the suitcase crunch far more difficult, helping build the ""six pack"" muscles and providing a different stimulus to the core during training.",Strength,Abdominals,back,Other,Intermediate,,https://fitnessprogramer.com/wp-content/uploads/2022/01/Weighted-One-Arm-Pull-up.gif,c5885c45-0c77-468c-a32c-6ff516f40070,e63af0a7-b130-4082-91df-a731e97d7b52
Otis-Up,Dumbbell V-up,0.079,"The Otis-up is a weighted exercise focusing on the abdominal muscles, as well as the shoulders to a lesser degree. It primarily targets the rectus abdominus or “six-pack” muscles, but also involves the obliques and deep core muscles. It is normally performed on a decline bench holding a weight plate, but can also be performed with a dumbbell, kettlebell, or other weight.",Strength,Abdominals,abs,Other,Intermediate,,https://fitnessprogramer.com/wp-content/uploads/2021/10/Dumbbell-V-up.gif,30f43b5a-84b6-473f-8a18-e01e9ee0e133,a76d8e2a-9efb-483d-a8f0-f61498c2f4ec
Captain's chair knee raise,Chair Dips,0.3853,"The captain's chair knee raise is a bodyweight exercise that targets the abs. It is performed on an apparatus that allows the forearms to rest on pads and the upright torso to hang freely. Knee raises are often performed for moderate to high reps, such as 8-12 reps or more, as part of ab-focused training.",Strength,Abdominals,triceps,Other,Intermediate,,https://fitnessprogramer.com/wp-content/uploads/2021/04/CHAIR-DIPS.gif,75b23790-7804-4c4a-b80e-efb090419762,ba47be99-9bd7-4f48-bb63-32deb50b8497
Sledgehammer swing,Tire Sledge Hammer,0.5361,The sledgehammer swing is an exercise working the abdominals and numerous other muscles. The sledgehammer is slammed from overhead onto a tire which absorbs the impact and causes the hammer to bounce back up. It can be performed for time or reps as part of a functional fitness or athleticism-focused workout.,Plyometrics,Abdominals,full-body,Other,Intermediate,,https://fitnessprogramer.com/wp-content/uploads/2022/02/Tire-SledgeHammer.gif,0cfb66b0-fcc2-4901-9354-a318668140fe,ba2ce6f7-d909-470f-b802-7ea68336fbe7
Suitcase crunch,Frog Crunch,0.3056,"The suitcase crunch is a bodyweight movement that targets the muscles of the abs, the rectus abdominis or ""six-pack"" muscles in particular. It is similar to a V-up, but the lower back stays flat against the ground. It can be performed for time or reps in the ab-focused portion of any workout.",Strength,Abdominals,abs,Other,Intermediate,,https://fitnessprogramer.com/wp-content/uploads/2021/06/frog-crunch.gif,9434cc2f-ad67-4a05-93c0-57c77869ac29,ac8a7e71-9b12-471c-ae5a-e4cc114d40df
FYR Rope Jumping,Jumping Pull-up,0.6433,"Jumping rope is classic conditioning exercise that is popular with everyone from children to boxers to CrossFit athletes. It targets many different muscles, including the calves, glutes, shoulders, and upper back, and is great for everything from fat loss to improving overall athletic performance.",Strength,Abdominals,back,Other,Intermediate,,https://fitnessprogramer.com/wp-content/uploads/2022/01/jumping-pull-up.gif,11f37b26-e8dd-4c85-8a03-fb9e1b7795f3,c0c4ea00-7069-410c-a0fa-753e0d37c08b
Barbell press sit-up,Barbell Clean and Press,0.5515,"The barbell press sit-up is a weighted exercise focusing on the abdominal muscles, as well as the shoulders to a lesser degree. It primarily targets the rectus abdominis or ""six-pack"" muscles, but also involves the obliques and deep core muscles. It can be performed on the floor with the feet anchored or unanchored, or on a decline or other bench. It is similar to the Otis-up, which is performed with a weight plate.",Strength,Abdominals,shoulders,Other,Intermediate,,https://fitnessprogramer.com/wp-content/uploads/2021/04/Barbell-Clean-and-Press-.gif,585dfecf-4819-4b7d-99d9-b073efdcb696,2f3ffb1c-0668-409c-970e-b54f7d7ec2b0
Single-arm bent-over rear delt fly,Bent Over Rear Delt Fly | Gymstick,0.6451,"The single-arm bent-over rear delt fly is a popular upper-body exercise that targets the muscles on the back of the shoulder joint, specifically the rear head of the deltoid. Since pressing movements build the front and (to a lesser degree) side deltoid heads, this move is often done to promote balanced shoulder development. It is usually performed for high reps, such as 10-15 reps per set or more, as part of a shoulder or upper-body workout.",Strength,Abdominals,trapezius,Other,Intermediate,,https://fitnessprogramer.com/wp-content/uploads/2022/05/Bent-Over-Rear-Delt-Fly-Gymstick.gif,216a5bd1-3321-472a-9d34-d5893acb9ce0,1c993a4b-2db2-4adb-a810-52f6a9ce814f
Shoulder-Elevated One-Leg Hip Thrusts,Lever Shoulder Press,0.3736,No description available,Strength,Abdominals,shoulders,Other,Intermediate,,https://fitnessprogramer.com/wp-content/uploads/2021/04/Lever-Shoulder-Press.gif,de8e75da-8f90-47a5-a7f9-cfedb834185e,4513304e-34f6-4e79-a6e7-f8cdd3210c5c
Ab Twist - Gethin Variation,Bent Over Twist,0.4474,"The cross-body sit-up is a bodyweight exercise targeting the ab muscles, the obliques and rectus abdominis or ""six-pack"" muscles in particular. It involves bringing the opposite-side knee and elbow together, usually alternating sides with each rep. It can be performed for time or reps as part of the ab-focused portion of any workout.",Strength,Abdominals,abs,Other,Intermediate,,https://fitnessprogramer.com/wp-content/uploads/2021/09/Bent-Over-Twist.gif,bb2ca38e-cac7-4ff4-8555-890846a25dfe,4d885faf-ae0c-4138-a4e9-509322e9afd5
Ab Wheel Roll-Out - Gethin Variation,Ab Wheel Rollout,0.6543,"The ab wheel roll-out is an exercise targeting the abdominals, often with an inexpensive wheel device with a handle on either side. Many trainers and strength coaches claim it's one of, if no the best exercise for developing strength in the midsection. Beginners may have to start with a limited range of motion or just wheel planks.",Strength,Abdominals,abs,Other,Intermediate,,https://fitnessprogramer.com/wp-content/uploads/2021/06/Ab-Wheel-Rollout.gif,8be55140-e0c0-44ac-811f-d8994353b8a3,7d66c3e9-82bc-43c5-b284-633ab5e74a1f
Bench crunch,Frog Crunch,0.5559,"The bench crunch is a popular ab exercise performed lying on a bench. It is largely similar to the same exercise performed on the floor, but being able to press the lower back into the bench pad can help reinforce proper form and increase the burn in the abs. Like most crunch variations, it is usually performed for moderate to high reps, such as 8-12 reps per set or more.",Strength,Abdominals,abs,Other,Intermediate,,https://fitnessprogramer.com/wp-content/uploads/2021/06/frog-crunch.gif,4f58f360-4cc3-460f-9c34-c5c1e6629011,ac8a7e71-9b12-471c-ae5a-e4cc114d40df
Decline plate sit-up twist,Decline Cable Fly,0.434,"The decline plate sit-up twist is a weighted core exercise that works the obliques and rectus abdominis or ""six pack"" muscles, as well as the deep core muscles. Weighted sit-up variations are usually performed for moderate to high reps, such as 8-12 reps per set or more, as part of the core-focused portion of a workout.",Strength,Abdominals,chest,Other,Intermediate,,https://fitnessprogramer.com/wp-content/uploads/2021/06/Decline-Cable-Fly.gif,6e9d936d-a3b8-4bfa-8055-0e609286f1f2,a2609b9a-4dba-4898-b3b3-ba6d8d39b206
Reverse ab roll-out,Reverse Push-up,0.4943,"The reverse ab roll-out is an exercise targeting the abdominals. It's a twist on the ab wheel roll-out, and is similar to a body saw exercise, only performed on a foam roller. Instead of your arms moving and your lower body remaining stationary, your lower body moves and your arms remain stationary. Beginners may need to use a limited range of motion.",Strength,Abdominals,chest,Other,Intermediate,,https://fitnessprogramer.com/wp-content/uploads/2021/09/Reverse-Push-up.gif,379b5cf0-14b2-4acb-8666-dd7a92e98826,2ec56c32-419c-4165-a9f5-9296af05f660
30 Seated Twist With PVC Pipe,Seated Twist Machine,0.4455,The seated bar twist is a core exercise aiming to strengthen the obliques.,Strength,Abdominals,abs,Other,Intermediate,,https://fitnessprogramer.com/wp-content/uploads/2021/10/Lever-Seated-Twist.gif,e2a3cb2f-60fe-49af-b761-e55e347862eb,ae030b6b-cc62-4e95-804d-1ec8e5b0eca8
Suspended crunch-,Frog Crunch,0.347,"The suspended crunch is an abdominal exercise performed with the feet in the stirrups of a suspension strap system. It targets the muscles of the core, most prominently the rectus abdominis or ""six-pack"" muscles, but also taxes the shoulders and deep core muscles.",Strength,Abdominals,abs,Other,Intermediate,,https://fitnessprogramer.com/wp-content/uploads/2021/06/frog-crunch.gif,d07702a5-fc45-4a2a-94e5-92f6eb56f8d1,ac8a7e71-9b12-471c-ae5a-e4cc114d40df
Suspended oblique crunch,Oblique Floor Crunches,0.5762,"The suspended oblique crunch is an abdominal exercise performed with the feet in the stirrups of a suspension strap system. It targets the muscles of the core, most prominently the obliques, but also the rectus abdominis or ""six-pack"" muscles, the shoulders, and deep core muscles.",Strength,Abdominals,abs,Other,Intermediate,,https://fitnessprogramer.com/wp-content/uploads/2021/05/Oblique-Floor-Crunches.gif,2181796f-9104-4099-836f-b0608a9bf5d2,5f13fe1b-b778-4c4f-a879-bcc7901f38d0
Weighted sit-up,Weighted One Arm Pull-up,0.6556,"The weighted sit-up is a more difficult version of a highly popular abdominal movement. The simple addition of a weight makes the sit-up far more difficult, providing a different stimulus to the core during training and helping build strong abs.",Strength,Abdominals,back,Other,Intermediate,,https://fitnessprogramer.com/wp-content/uploads/2022/01/Weighted-One-Arm-Pull-up.gif,cfb38dfe-af10-4682-a06f-e6b28ac462ef,e63af0a7-b130-4082-91df-a731e97d7b52
30 Decline Press Sit-Up,Decline Hammer Press,0.6225,The decline bar press sit-up is a core and upper body exercise targeting the lower abdominals and shoulders.,Strength,Abdominals,chest,Other,Intermediate,,https://fitnessprogramer.com/wp-content/uploads/2022/01/Decline-hammer-press.gif,f251cb92-825b-4485-bc3d-8262eb246b2b,5bdd1f20-5373-4ce6-82b0-c32a052c3f6f
Holman Towel Reverse Plank Alternating Heel Pull-in,Reverse Plank,0.4891,No description available,Strength,Abdominals,abs,Other,Intermediate,,https://fitnessprogramer.com/wp-content/uploads/2021/05/Reverse-plank.gif,a9ba2f74-9b1b-47d0-ab08-44e0a08ad761,0f764094-2ab8-43c2-bcea-c285da8e555d
Holman Boat with Weighted Cross Punch,Weighted One Arm Pull-up,0.3661,No description available,Strength,Abdominals,back,Other,Intermediate,,https://fitnessprogramer.com/wp-content/uploads/2022/01/Weighted-One-Arm-Pull-up.gif,5c5df6ff-3664-4ec4-ba1f-1252981ceefa,e63af0a7-b130-4082-91df-a731e97d7b52
Holman Weighted Hook Punch,Hook Kick,0.5233,No description available,Strength,Abdominals,cardio,Other,Intermediate,,https://fitnessprogramer.com/wp-content/uploads/2022/02/Hook-Kick-Kickboxing-with-boxing-bag.gif,38ab7bd7-4f9e-4a47-9100-b2d2886d85ba,d0e53fef-4ba0-47e9-acf6-b1769ea42db0
Holman Weighted Traveling Punch,Weighted One Arm Pull-up,0.356,No description available,Strength,Abdominals,back,Other,Intermediate,,https://fitnessprogramer.com/wp-content/uploads/2022/01/Weighted-One-Arm-Pull-up.gif,a1634695-b48c-4178-bf89-7cca39eefa25,e63af0a7-b130-4082-91df-a731e97d7b52
Holman Slow Weighted Double Pike,Weighted One Arm Pull-up,0.3692,No description available,Strength,Abdominals,back,Other,Intermediate,,https://fitnessprogramer.com/wp-content/uploads/2022/01/Weighted-One-Arm-Pull-up.gif,34b3066c-b1ab-4b46-b706-d5a7ec6b271e,e63af0a7-b130-4082-91df-a731e97d7b52
Holman Plate Straight Plank Reach,Straight Bar Dip,0.4051,No description available,Strength,Abdominals,full-body,Other,Intermediate,,https://fitnessprogramer.com/wp-content/uploads/2022/01/Straight-Bar-Dip.gif,5ac06d34-d440-41b4-affe-e4a737a6cf0c,27e268e4-b829-4ddf-8c8e-679378df19fd
Holman Plate Elbow Plank Jack to Straight Plank Jack,Side Plank Knee to Elbow,0.5028,No description available,Strength,Abdominals,abs,Other,Intermediate,,https://fitnessprogramer.com/wp-content/uploads/2022/10/Side-Plank-Knee-to-Elbow-.gif,4d02830a-b61d-4d36-81d8-d0ff10454616,e0d42756-de6e-46c6-9285-7fe8df347462
Holman Plate Hill Climber,Plate Loaded Seated Row,0.2255,No description available,Strength,Abdominals,back,Other,Intermediate,,https://fitnessprogramer.com/wp-content/uploads/2022/02/Plate-Loaded-Seated-Row.gif,847497e2-d8db-4c39-afe0-7cb277fa94f4,3baa8ae6-c82b-47bf-b14c-928fa7aeafc2
Holman Plate Reverse Plank Hill Climber,Reverse Plank,0.5683,No description available,Strength,Abdominals,abs,Other,Intermediate,,https://fitnessprogramer.com/wp-content/uploads/2021/05/Reverse-plank.gif,bb7dbad8-9bfe-472e-a7b3-7928ffe515e4,0f764094-2ab8-43c2-bcea-c285da8e555d
Holman Plate Straight Plank Pike to Jack,Straight Bar Dip,0.3739,No description available,Strength,Abdominals,full-body,Other,Intermediate,,https://fitnessprogramer.com/wp-content/uploads/2022/01/Straight-Bar-Dip.gif,2551c9fa-ec52-4ea9-9dda-eecc434c4376,27e268e4-b829-4ddf-8c8e-679378df19fd
Holman Plate In-and-Out Push-Up,Push-up With Push-up Bars,0.2883,No description available,Strength,Abdominals,chest,Other,Intermediate,,https://fitnessprogramer.com/wp-content/uploads/2021/10/Push-up-With-Push-up-Bars.gif,e56a16d9-b21a-4c52-ba14-844575199ed1,345a1ef0-7af8-4774-b19e-5ef064cf3138
Holman Plate Elbow Plank Reach,Side Plank Knee to Elbow,0.5345,No description available,Strength,Abdominals,abs,Other,Intermediate,,https://fitnessprogramer.com/wp-content/uploads/2022/10/Side-Plank-Knee-to-Elbow-.gif,41672d79-91e1-47b7-9198-4382e9322b38,e0d42756-de6e-46c6-9285-7fe8df347462
Holman Elbow Plank to Renegade Row,Push-Up to Renegade Row,0.6749,No description available,Strength,Abdominals,full-body,Other,Intermediate,,https://fitnessprogramer.com/wp-content/uploads/2022/07/Push-Up-to-Renegade-Row.gif,fea1205d-a12f-436d-8392-29d5b5eff3c4,433ff47c-5be0-4bba-8051-44c08af82e1e
Holman Straight Plank Weighted Hand Hill Climber,Weighted Front Plank,0.4674,No description available,Strength,Abdominals,abs,Other,Intermediate,,https://fitnessprogramer.com/wp-content/uploads/2021/04/Weighted-Front-Plank.gif,dfd0975e-4b62-46f5-a102-c47a63901b97,4a8855f4-0a2e-4eec-92e1-79c053954fd4
Holman Weighted Left Side Diagonal Pike,Diagonal Neck Stretch,0.4803,No description available,Strength,Abdominals,neck,Other,Intermediate,,https://fitnessprogramer.com/wp-content/uploads/2021/07/Diagonal-Neck-Stretch-360x360.png,79aa2fbf-a3e7-47d6-a9f5-e494740fda02,5ac027b6-d24d-455f-b331-c33688b01940
Holman Weighted Right Side Diagonal Pike,Diagonal Neck Stretch,0.4703,No description available,Strength,Abdominals,neck,Other,Intermediate,,https://fitnessprogramer.com/wp-content/uploads/2021/07/Diagonal-Neck-Stretch-360x360.png,c05c9519-b8dd-42b6-8622-17be038c855d,5ac027b6-d24d-455f-b331-c33688b01940
Holman Weighted W-Boat to Overhead Press,Overhead Shrug,0.3713,No description available,Strength,Abdominals,trapezius,Other,Intermediate,,https://fitnessprogramer.com/wp-content/uploads/2022/07/overhead-shrug.gif,f1b0efcf-a9b6-4754-916c-c8d905866d48,8159eaa8-c8f5-4d75-bc53-2136a597dfe0
Holman Weighted Kneeling Lift,Kneeling Push-up,0.514,No description available,Strength,Abdominals,chest,Other,Intermediate,,https://fitnessprogramer.com/wp-content/uploads/2022/01/Kneeling-Push-up.gif,6ac36797-2dba-4a3c-b7f8-42b9f7659ca0,24f0d65d-5027-4c71-b95d-ff6221deb64b
Holman Hips-Up Weighted Pull-Over,Weighted One Arm Pull-up,0.578,No description available,Strength,Abdominals,back,Other,Intermediate,,https://fitnessprogramer.com/wp-content/uploads/2022/01/Weighted-One-Arm-Pull-up.gif,7c97b5ca-881d-415a-b0df-73c9e66c5d32,e63af0a7-b130-4082-91df-a731e97d7b52
Holman Weighted Cross Punch,Weighted One Arm Pull-up,0.4375,No description available,Strength,Abdominals,back,Other,Intermediate,,https://fitnessprogramer.com/wp-content/uploads/2022/01/Weighted-One-Arm-Pull-up.gif,42ef61eb-9c37-49ad-af1e-cd19158eaaf6,e63af0a7-b130-4082-91df-a731e97d7b52
Holman Straight-Leg Boat Hover Chest Press,Lever Chest Press,0.3882,No description available,Strength,Abdominals,chest,Other,Intermediate,,https://fitnessprogramer.com/wp-content/uploads/2021/06/Lever-Chest-Press.gif,02ce0b01-0974-4b08-979d-2f56b26ea5e0,c0123679-27ae-42ae-8195-6360225763ae
Holman Weighted Pike,Weighted One Arm Pull-up,0.5007,No description available,Strength,Abdominals,back,Other,Intermediate,,https://fitnessprogramer.com/wp-content/uploads/2022/01/Weighted-One-Arm-Pull-up.gif,7af1c896-f596-43a1-93d7-13f4413afcbf,e63af0a7-b130-4082-91df-a731e97d7b52
Holman Feet-Elevated Wax-On Wax-Off,Side Lying Feet Raise,0.1812,No description available,Strength,Abdominals,abs,Other,Intermediate,,https://fitnessprogramer.com/wp-content/uploads/2022/06/Side-Lying-Feet-Raise.gif,a99394eb-4a91-4738-baad-a541113ad20b,05148618-7e6a-480d-aa82-b05143a722ae
Holman Elbow Plank to Towel Pike,Side Plank Knee to Elbow,0.5298,No description available,Strength,Abdominals,abs,Other,Intermediate,,https://fitnessprogramer.com/wp-content/uploads/2022/10/Side-Plank-Knee-to-Elbow-.gif,949c97c6-2662-4591-9492-9ad794014896,e0d42756-de6e-46c6-9285-7fe8df347462
Holman Seated Killer Abs Overhead Press,Seated EZ-Bar Overhead Triceps Extension,0.387,No description available,Strength,Abdominals,triceps,Other,Intermediate,,https://fitnessprogramer.com/wp-content/uploads/2021/06/Seated-EZ-Bar-Overhead-Triceps-Extension.gif,adce09a6-ee49-414f-9852-787f7e030802,1dcc6265-6ce5-474d-ac78-841a5b8b0062
Holman Straight Plank Alternating Weighted Open,Weighted Front Plank,0.4727,No description available,Strength,Abdominals,abs,Other,Intermediate,,https://fitnessprogramer.com/wp-content/uploads/2021/04/Weighted-Front-Plank.gif,91a2a69d-46e5-44d3-82c2-7ce99fcfe82e,4a8855f4-0a2e-4eec-92e1-79c053954fd4
Holman Weighted Killer Abs with Overhead Press,Overhead Shrug,0.3199,No description available,Strength,Abdominals,trapezius,Other,Intermediate,,https://fitnessprogramer.com/wp-content/uploads/2022/07/overhead-shrug.gif,e1a7794b-0694-4a52-ad3c-2bad500f4b70,8159eaa8-c8f5-4d75-bc53-2136a597dfe0
Holman Weighted Split-Leg Pike,Weighted One Arm Pull-up,0.4113,No description available,Strength,Abdominals,back,Other,Intermediate,,https://fitnessprogramer.com/wp-content/uploads/2022/01/Weighted-One-Arm-Pull-up.gif,a85d0114-640c-4249-a4e4-8551692cfd3b,e63af0a7-b130-4082-91df-a731e97d7b52
Holman Towel Reverse Plank Heel Pull-in,Reverse Plank,0.5628,No description available,Strength,Abdominals,abs,Other,Intermediate,,https://fitnessprogramer.com/wp-content/uploads/2021/05/Reverse-plank.gif,89afc3f0-ef14-42ee-93ac-8350dcced344,0f764094-2ab8-43c2-bcea-c285da8e555d
Stick Twist,Down to Up Twist |Gymstick,0.5998,No description available,Strength,Abdominals,abs,Other,Intermediate,,https://fitnessprogramer.com/wp-content/uploads/2022/05/Down-to-Up-Twist-Gymstick.gif,b3807bb5-76f9-419b-94ed-64f2bc0237db,4d4f20b2-0b45-481b-9b20-2ec3aa200ffd
Roc Everest,Lever Chest Press,0.1264,No description available,Cardio,Abdominals,chest,Other,Intermediate,,https://fitnessprogramer.com/wp-content/uploads/2021/06/Lever-Chest-Press.gif,e484f265-d3a3-499e-a1d9-11459babefe8,c0123679-27ae-42ae-8195-6360225763ae
Kneeling cable oblique crunch,Oblique Floor Crunches,0.6165,"The kneeling cable oblique crunch is a popular core isolation exercise using a rope attachment and cable stack while kneeling on the floor. It primarily targets the obliques and rectus abdominis or ""six-pack"" muscles, but also strengthens the deep core muscles. It is most commonly performed for moderate to high reps, such as 8-12 reps per set or higher.",Strength,Abdominals,abs,Cable,Intermediate,,https://fitnessprogramer.com/wp-content/uploads/2021/05/Oblique-Floor-Crunches.gif,700c8fd9-ab61-4570-8a62-a24239884dfe,5f13fe1b-b778-4c4f-a879-bcc7901f38d0
Rope Crunch,Jump Rope,0.5292,"The kneeling cable crunch is a popular core isolation exercise using a rope attachment and cable stack while kneeling on the floor. It primarily targets the rectus abdominus or ""six-pack"" muscles, but also strengthens the deep core muscles. It is most commonly performed early in an ab workout, usually in moderate to high reps like 8-12 reps per set or higher.",Strength,Abdominals,cardio,Cable,Intermediate,,https://fitnessprogramer.com/wp-content/uploads/2021/06/Jump-Rope.gif,480ee8e8-5ac8-4ed1-8d48-de4b769912f5,9121504d-2572-4920-abab-bd1d2c5fa088
Bosu Ball Cable Crunch With Side Bends,Cable Side Bend,0.6006,No description available,Strength,Abdominals,abs,Cable,Beginner,,https://fitnessprogramer.com/wp-content/uploads/2021/09/Cable-Side-Bend.gif,6d825884-4301-43d2-8941-6f4fbf8c2d59,d0fb12ce-f818-4512-ac1d-4d4b0d100c02
Standing Cable Wood Chop,Cable Twisting Standing High Row,0.3416,The standing cable high-to-low twist is a core exercise targeting the lower abdominals and the obliques.,Strength,Abdominals,back,Cable,Intermediate,,https://fitnessprogramer.com/wp-content/uploads/2022/02/Cable-Twisting-Standing-high-Row.gif,5d356d88-26e7-485a-81d7-721b54ccf15d,fc8de67c-ddcd-4ffb-8da1-a4ad71d62439
Cable reverse crunch,Lying Cable Reverse Fly,0.5938,"The cable reverse crunch is performed on the ground facing away from a high pulley, which helps target the lower abdominals specifically.",Strength,Abdominals,shoulders,Cable,Beginner,,https://fitnessprogramer.com/wp-content/uploads/2021/04/Lying-Cable-Reverse-Fly.gif,6e9ba348-7ac3-41b0-9397-edec382361df,d738ada9-d959-4f76-85eb-96fd57075f9d
Cable Russian Twists,Ball Russian Twist throw with partner,0.6168,No description available,Strength,Abdominals,abs,Cable,Beginner,,https://fitnessprogramer.com/wp-content/uploads/2022/09/Ball-Russian-Twist-throw-with-partner.gif,fffabcf7-ebbf-47ba-8c1e-d42e26863ac9,a0b96102-09e9-4dc0-9760-e8bb089c7b9c
Pallof press with rotation,Push-up With Rotation,0.593,The Pallof press with rotation is a dynamic variation of the Pallof press that incorporates weighted rotation away from the torso using resistance from a cable pulley. It is intended to build abdominal strength and teach proper bracing. It can be performed for time or for reps in the core-focused portion of any workout.,Strength,Abdominals,chest,Cable,Intermediate,,https://fitnessprogramer.com/wp-content/uploads/2023/01/push-up-with-rotation.gif,d4625ac3-3e74-4ecc-a84d-848c7924cd56,84dfdcf9-d3c2-41cf-8573-f963edda6896
Cable Judo Flip,Cable Curl,0.2834,No description available,Strength,Abdominals,biceps,Cable,Beginner,,https://fitnessprogramer.com/wp-content/uploads/2021/02/cable-curl.gif,531acf43-072c-4534-a83f-45f8f97dd01d,d791fbfe-5744-460f-815c-0b1a65d6b842
Exercise Ball Cable Crunch - Gethin Variation,Exercise Ball Frog Crunch,0.5381,"The exercise ball crunch is a popular gym exercise targeting the abdominals. Unlike crunches on the floor or a bench, by using a ball, you can increase the range of motion and both stretch and contract the abs on every rep. The ball crunch can be performed for low reps with a slower tempo, focusing on a hard contraction, or for higher reps.",Strength,Abdominals,abs,Cable,Intermediate,,https://fitnessprogramer.com/wp-content/uploads/2021/08/Exercise-Ball-Frog-Crunch.gif,2a64aacf-035e-4822-809c-12869b74ab47,8ead67c7-de85-4600-8fa8-7be6617c5836
Standing Cable Crunch - Gethin Variation,Cable Twisting Standing High Row,0.4103,"The standing cable crunch is a popular core isolation exercise using a rope attachment. It primarily targets the rectus abdominus or ""six-pack"" muscles, but also strengthens the deep core muscles. It is most commonly performed early in an ab workout, usually in moderate to high reps like 8-12 reps per set or higher.",Strength,Abdominals,back,Cable,Intermediate,,https://fitnessprogramer.com/wp-content/uploads/2022/02/Cable-Twisting-Standing-high-Row.gif,7754a469-9c58-4325-b029-0ab39443102e,fc8de67c-ddcd-4ffb-8da1-a4ad71d62439
AM Cable Crunch,Frog Crunch,0.5025,"The kneeling cable crunch is a popular core isolation exercise using a rope attachment and cable stack while kneeling on the floor. It primarily targets the rectus abdominus or ""six-pack"" muscles, but also strengthens the deep core muscles. It is most commonly performed early in an ab workout, usually in moderate to high reps like 8-12 reps per set or higher.",Strength,Abdominals,abs,Cable,Intermediate,,https://fitnessprogramer.com/wp-content/uploads/2021/06/frog-crunch.gif,d14517b1-a91f-4b86-9e62-607760b55900,ac8a7e71-9b12-471c-ae5a-e4cc114d40df
Tyler Holt Weighted Knee-To-Chest Crunch,Single Knee To Chest,0.3821,No description available,Strength,Abdominals,leg,Cable,Intermediate,,https://fitnessprogramer.com/wp-content/uploads/2022/10/Single-Knee-To-Chest-Stretch.gif,7bae8e2d-0fc5-4995-ac65-4bc1b97427f9,6d4de4e5-35f1-46ec-94a3-07ffce1825b6
30 Cable Rope Crunch,Seated Cable Rope Row,0.5585,"The kneeling cable crunch is a popular core isolation exercise using a rope attachment and cable stack while kneeling on the floor. It primarily targets the rectus abdominus or ""six-pack"" muscles, but also strengthens the deep core muscles. It is most commonly performed early in an ab workout, usually in moderate to high reps like 8-12 reps per set or higher.",Strength,Abdominals,back,Cable,Intermediate,,https://fitnessprogramer.com/wp-content/uploads/2021/06/Seated-Cable-Rope-Row.gif,0d29462e-78f6-4a56-a07a-2d9e8eb1993b,13515f5e-a593-4d0e-b642-9213274f1c1f
30 Cable Rope Oblique Crunch,Oblique Floor Crunches,0.6459,"The kneeling cable oblique crunch is a popular core isolation exercise using a rope attachment and cable stack while kneeling on the floor. It primarily targets the obliques and rectus abdominus or ""six-pack"" muscles, but also strengthens the deep core muscles. It is most commonly performed for moderate to high reps like 8-12 reps per set or higher.",Strength,Abdominals,abs,Cable,Intermediate,,https://fitnessprogramer.com/wp-content/uploads/2021/05/Oblique-Floor-Crunches.gif,51f0bab3-82bd-490a-a715-ded97d0285b3,5f13fe1b-b778-4c4f-a879-bcc7901f38d0
Cable lying twist on ball,Weighted Lying Twist,0.5682,The cable lying twist on ball is an exercise targeting the core and obliques with the added challenge of stability to keep from losing position on the unstable surface.,Strength,Abdominals,abs,Cable,Intermediate,,https://fitnessprogramer.com/wp-content/uploads/2021/08/weighted-lying-twist.gif,caff7f48-6ca1-4510-80a0-f38cb923f022,725ea31c-5093-4de8-bbdb-c2fe705c77a7
30 Cable Reverse Crunch On Ball,Lying Cable Reverse Fly,0.5074,"The cable reverse crunch on a BOSU is performed on top of a BOSU ball between two cable pulleys, which helps target the lower abdominals specifically and is more proprioceptively challenging than a cable reverse crunch on the floor.",Strength,Abdominals,shoulders,Cable,Intermediate,,https://fitnessprogramer.com/wp-content/uploads/2021/04/Lying-Cable-Reverse-Fly.gif,1dd6d934-f9dc-4a9e-ac2c-70f5abbea35b,d738ada9-d959-4f76-85eb-96fd57075f9d
30 Cable Reverse Crunch,Lying Cable Reverse Fly,0.5737,"The cable reverse crunch is performed on the ground facing away from a high pulley, which helps target the lower abdominals specifically.",Strength,Abdominals,shoulders,Cable,Intermediate,,https://fitnessprogramer.com/wp-content/uploads/2021/04/Lying-Cable-Reverse-Fly.gif,763fd684-96be-47a3-8b8a-ebaabc004675,d738ada9-d959-4f76-85eb-96fd57075f9d
Tyler Holt Cable Torso Twist,Cable Seated Cross Arm Twist,0.3062,No description available,Strength,Abdominals,abs,Cable,Intermediate,,https://fitnessprogramer.com/wp-content/uploads/2022/04/Cable-Seated-Cross-Arm-Twist.gif,e87a96f2-4531-456a-9a1b-c8d7ace9ff46,73417e7c-2f3d-410c-b45a-800d50776c2f
Single-Arm Cable Outward-Facing Biceps Curl,Single Arm Reverse Grip Cable Bicep Curl,0.4741,The single-arm cable outward-facing biceps curl is a cable exercise that targets the biceps. It is performed standing in front of a cable machine facing away from the cable stack to increase the range of motion by fully extending the elbows. This movement is usually performed for moderate to high reps for a burn and pump as part of an arm-focused workout.,Strength,Abdominals,biceps,Cable,Intermediate,,https://fitnessprogramer.com/wp-content/uploads/2022/06/Single-Arm-Reverse-Grip-Cable-Bicep-Curl.gif,ebf9c6be-eb5f-4a02-8e21-99265240cc67,d644b855-ecfa-4de1-a5c2-908356b012be
Biceps Rope Curl,Band Biceps Curl,0.6587,No description available,Strength,Abdominals,biceps,Cable,Intermediate,,https://fitnessprogramer.com/wp-content/uploads/2022/02/Band-Biceps-Curl.gif,4562bb7d-a194-4675-b858-df606eb28b03,13a520d2-95de-46be-8459-8dfd750c168c
Kneeling Cable Crunches,Cable Kneeling Biceps Curl,0.5951,No description available,Strength,Abdominals,biceps,Cable,Intermediate,,https://fitnessprogramer.com/wp-content/uploads/2022/12/Cable-Kneeling-Biceps-Curl.gif,a807b73a-81ae-46fc-ac50-b6f01a76fe6f,1212df0b-3b88-4378-bcb6-719b70dd3734
Smith machine straight-legged hip raise,Smith Machine Hex Press,0.4329,"The Smith machine straight-legged hip raise is an exercise targeting the abdominal muscles. Because of the potential awkwardness of getting into position, it is usually performed for moderate to high reps, such as 8-12 reps per set or more. If your Smith machine has safety bars, set them at a height that allows you a full range of motion while giving adequate protection from the weight potentially falling.",Strength,Abdominals,chest,Machine,Intermediate,,https://fitnessprogramer.com/wp-content/uploads/2021/09/Smith-Machine-Hex-Press.gif,c542456c-caee-4760-859d-d62ec3233cc5,792da8ae-239a-4d3f-9fde-449343848455
AM Ab Machine,Machine Fly,0.653,No description available,Strength,Abdominals,chest,Machine,Intermediate,,https://fitnessprogramer.com/wp-content/uploads/2021/05/10301301-Lever-Pec-Deck-Fly_Chest_720.gif,50b37d9d-2c93-4f18-afc7-b9e88490d4ad,99cc8f1a-ea7d-40d4-bb8a-13ab1ad2439d
Bottoms Up,Water Bottle Hammer Curl,0.2409,"The lying leg lift is a popular bodyweight exercise targeting the muscles of the abs, the rectus abdominis or “six-pack” muscles in particular. It can be performed for time or reps in the core-focused portion of any workout.",Strength,Abdominals,biceps,Body Only,Intermediate,,https://fitnessprogramer.com/wp-content/uploads/2022/06/Water-Bottle-Hammer-Curl.gif,cc9a3181-0899-424e-af7e-fb96bf6f0c96,27dffe95-c0da-4dde-9cee-637c6af45a48
Spider crawl,Spider Plank,0.6307,"The spider crawl is a bodyweight exercise that involves crawling on the floor with the knees outside of the elbows. It is different from a leopard crawl in that the hips are higher, and it's different from a bear crawl because the knees are wider. It can be done as a full-body warm-up, in short bursts for power or circuit training, or for longer durations as cardiovascular conditioning.",Strength,Abdominals,cardio,Body Only,Intermediate,,https://fitnessprogramer.com/wp-content/uploads/2021/05/Spider-Plank.gif,a53e2222-2c68-4664-9183-104ecb0e74ff,aa1762fc-b40e-4645-8b93-cd6890bbcce5
Cocoons,Cable Concentration Extension on Knee,0.0459,"The cocoon crunch is a bodyweight exercise targeting the ab muscles, the rectus abdominis or ""six-pack"" muscles in particular. It involves bringing your knees to your chest and your arms from overhead to center. It can be performed for time or reps as part of the ab-focused portion of any workout.",Strength,Abdominals,triceps,Body Only,Intermediate,,https://fitnessprogramer.com/wp-content/uploads/2021/09/Cable-Concentration-Extension-on-knee.gif,2ae5dbba-dda1-4f2d-ad1d-8cd376e52ef1,d85d40b5-65a5-444f-8399-73ef4fef1b12
Elbow-to-knee crunch,Elbow To Knee Twists,0.6666,"The elbow-to-knee crunch is a bodyweight exercise targeting the ab muscles, the obliques and rectus abdominis or ""six-pack"" muscles in particular. It can be performed for time or reps as part of the ab-focused portion of any workout.",Strength,Abdominals,cardio,Body Only,Intermediate,,https://fitnessprogramer.com/wp-content/uploads/2021/09/Elbow-To-Knee-Twists.gif,00fa426e-85a2-49df-9861-5d0432a64693,89392ad3-9ff2-4be3-985d-af62a9a0e1b4
Decline Crunch,Decline Cable Fly,0.5697,The decline crunch is an effective core exercise targeting the rectus abdominis.,Strength,Abdominals,chest,Body Only,Intermediate,,https://fitnessprogramer.com/wp-content/uploads/2021/06/Decline-Cable-Fly.gif,2bab12e0-36c2-44f5-97a7-246617175f7a,a2609b9a-4dba-4898-b3b3-ba6d8d39b206
Hanging toes-to-bar,Hanging Side Knee Raises,0.495,"The hanging toes-to-bar is an advanced abdominal exercise in which the lifter touches their feet to a pull-up bar. There are many ways to perform this movement (strict or swinging, arms completely straight or slightly bent, legs straight or bent) each providing unique benefits and challenges. Initially, it may be a difficult move to do for a single rep, but once you build the requisite core, lat, and shoulder strength, it can be performed for higher reps.",Strength,Abdominals,abs,Body Only,Intermediate,,https://fitnessprogramer.com/wp-content/uploads/2022/10/Hanging-Side-Knee-Raises.gif,6d973ba3-da79-4d16-ad39-30aefa40451b,0e60049a-3dad-4517-b3a8-ee293da19b9b
Hanging Oblique Knee Raise,Hanging Side Knee Raises,0.6735,"The hanging oblique crunch an abdominal exercise that targets both the rectus abdominus or “six-pack” muscles, and the oblique muscles. It can be performed hanging from a bar, or if grip strength is a limitation, by placing the elbows in ab straps. If hanging from a straight bar is uncomfortable to the wrists or shoulder, you can also perform them hanging with a neutral grip (palms facing one another)",Strength,Abdominals,abs,Body Only,Intermediate,,https://fitnessprogramer.com/wp-content/uploads/2022/10/Hanging-Side-Knee-Raises.gif,48776cd4-ce2e-4f45-9646-bf56042ca8f6,0e60049a-3dad-4517-b3a8-ee293da19b9b
Gorilla Chin/Crunch,Frog Crunch,0.312,No description available,Strength,Abdominals,abs,Body Only,Beginner,,https://fitnessprogramer.com/wp-content/uploads/2021/06/frog-crunch.gif,0864a19a-50cb-4172-8098-36275d3555fa,ac8a7e71-9b12-471c-ae5a-e4cc114d40df
3/4 sit-up,L-Sit,0.597,"The 3/4 sit-up is a bodyweight exercise focused on the muscles of the core. It is similar to a sit-up, but stops short of the top position. This keeps constant tension on the abs, making it more difficult than traditional sit-ups. It can be performed for time or for reps, with the feet anchored or free, as part of the ab-focused portion of any workout.",Strength,Abdominals,abs,Body Only,Intermediate,,https://fitnessprogramer.com/wp-content/uploads/2021/09/L-Sit.gif,d02c90f5-a95e-4184-b95c-6fbe7b57a356,f070c4e6-8561-4185-9b8f-2bdef417535d
Dead bug reach,Hands In Air Dead Bug,0.5517,"The dead bug reach is an exercise for strengthening the core in which you alternate lowering your opposing arm and leg simultaneously, controlling the movement with the abdominal muscles. It can be part of a dynamic warm-up to activate the core for other athletics or lifting, or be performed in a circuit or on its own in the ab-focused portion of any workout.",Strength,Abdominals,abs,Body Only,Intermediate,,https://fitnessprogramer.com/wp-content/uploads/2021/02/Dead-Bug.gif,152cd798-5422-46d8-99d8-d01057f24930,62588b67-16bd-42af-bae3-60f919d19c67
Crunch - Hands Overhead,Overhead Shrug,0.4987,No description available,Strength,Abdominals,trapezius,Body Only,Beginner,,https://fitnessprogramer.com/wp-content/uploads/2022/07/overhead-shrug.gif,ba5c0f87-b239-4543-986b-c3afc3eab059,8159eaa8-c8f5-4d75-bc53-2136a597dfe0
V-up,Dumbbell V-up,0.5196,"The V-up is a bodyweight movement that targets the muscles of the abs, the rectus abdominis or ""six-pack"" muscles in particular. It is similar to a suitcase crunch, but the lower back lifts off the ground at the top of each rep. It can be performed for time or reps in the ab-focused portion of any workout.",Strength,Abdominals,abs,Body Only,Intermediate,,https://fitnessprogramer.com/wp-content/uploads/2021/10/Dumbbell-V-up.gif,0aa24bbb-f9de-403d-8c8e-ac4337911c9f,a76d8e2a-9efb-483d-a8f0-f61498c2f4ec
Stomach Vacuum,4 Point Tummy Vacuum Exercise,0.4538,No description available,Stretching,Abdominals,abs,Body Only,Beginner,,https://fitnessprogramer.com/wp-content/uploads/2022/02/4-Point-Tummy-Vacuum-Exercise.gif,9b05e17e-0ed4-44fc-b6dc-9e2634d8aaf4,7f00f464-6926-4561-bdca-789f2c4ed299
Flat Bench Lying Leg Raise,Lying Knee Raise,0.5222,"The lying leg lift is a popular bodyweight exercise targeting the muscles of the abs, the rectus abdominis or “six-pack” muscles in particular. It can be performed for time or reps in the core-focused portion of any workout.",Strength,Abdominals,abs,Body Only,Intermediate,,https://fitnessprogramer.com/wp-content/uploads/2021/05/Lying-Knee-Raise.gif,57ba6036-81f0-4700-bb73-7bd675e7966d,22536a03-422a-4f63-a037-eee1404bda05
Knees tucked crunch,Tuck Crunch,0.5975,"The knees tucked crunch is a core exercise that involves performing a crunch while keeping the knees bent in a 90-degree position. It primarily targets the rectus abdominis or ""six-pack"" muscles. It can be performed for time or reps as part of any abs-focused circuit or workout.",Strength,Abdominals,abs,Body Only,Intermediate,,https://fitnessprogramer.com/wp-content/uploads/2021/05/Tuck-Crunch.gif,249f276b-d3ba-422b-9e1e-eccdf66b3308,a79e9846-183b-47ed-9cd0-91830e4e7f4c
Butt-Ups,Butt Kicks,0.6697,No description available,Strength,Abdominals,cardio,Body Only,Beginner,,https://fitnessprogramer.com/wp-content/uploads/2021/10/Butt-Kicks.gif,80ff5e1d-f5a7-485e-a3d2-7d97a6e36928,092ae57a-9e86-4cf6-877e-6f55b0a9fc46
Feet-elevated oblique crunch,Oblique Floor Crunches,0.5865,"The feet-elevated oblique crunch is a variation on the crunch exercise that targets the obliques as well as the rectus abdominis or ""six-pack"" muscles. Resting the feet on a bench takes some of the hip flexor activation out of the movement, focusing the stress more on the abs.",Strength,Abdominals,abs,Body Only,Intermediate,,https://fitnessprogramer.com/wp-content/uploads/2021/05/Oblique-Floor-Crunches.gif,f8ce4929-b06e-44a4-8927-4e7f8efc9c03,5f13fe1b-b778-4c4f-a879-bcc7901f38d0
Bent-knee reverse crunch,Bent Over Reverse Cable Fly,0.5318,"The bent-knee reverse crunch is a popular bodyweight core exercise. It targets the lower portion of the rectus abdominis or ""six-pack"" muscles. It can be performed for time or reps as part of any ab-focused workout.",Strength,Abdominals,shoulders,Body Only,Intermediate,,https://fitnessprogramer.com/wp-content/uploads/2021/04/bent-over-reverse-cable-fly.gif,8ddb7a30-506e-4369-a59f-49fdf1f18e2d,135c8ea5-3651-4424-9de3-5d51be9d3c6f
Suspended Reverse Crunch,Reverse Push-up,0.3799,No description available,Strength,Abdominals,chest,Body Only,Intermediate,,https://fitnessprogramer.com/wp-content/uploads/2021/09/Reverse-Push-up.gif,35a986f0-2b2b-48e0-a7f0-079a416fe1e9,2ec56c32-419c-4165-a9f5-9296af05f660
Lying bench reverse crunch,Lever Lying Crunch,0.6419,"The lying bench reverse crunch is a popular ab exercise performed by bringing the knees toward the chest while lying on a bench. It is largely similar to the same exercise performed on the floor, but being able to press the lower back into the bench pad can help reinforce proper form and increase the burn in the abs. Like most crunch variations, it is usually performed for moderate to high reps, such as 8-12 reps per set or more.",Strength,Abdominals,abs,Body Only,Intermediate,,https://fitnessprogramer.com/wp-content/uploads/2021/09/Lever-Lying-Crunch.gif,9b94ca28-f517-4b09-8fb7-626c397cb18a,e65b4ffc-5cf6-4bc9-be14-e86e23e9f3b1
Janda Sit-Up,L-Sit,0.344,No description available,Strength,Abdominals,abs,Body Only,Beginner,,https://fitnessprogramer.com/wp-content/uploads/2021/09/L-Sit.gif,8069aa32-045a-45e0-825c-52369ff0be85,f070c4e6-8561-4185-9b8f-2bdef417535d
Leg Pull-In,Leg Pull-in Knee-ups,0.656,"The reverse crunch is a popular exercise targeting the abdominals, particularly the lower half. It’s easy to perform on either the floor or a flat bench. Many lifters think of this as a companion to the crunch, which targets the upper abdominals more than the lower.",Strength,Abdominals,abs,Body Only,Beginner,,https://fitnessprogramer.com/wp-content/uploads/2021/02/Leg-Pull-In-Knee-ups.gif,d1e10055-2004-4b32-8922-191c80490b2b,f28adbbe-a65a-48d6-b030-b2c606d6e54d
Lower Back Curl,Back Lever,0.2973,No description available,Stretching,Abdominals,full-body,Body Only,Intermediate,,https://fitnessprogramer.com/wp-content/uploads/2023/06/Back-Lever.gif,ea935681-51d1-4d10-8209-2c97c1a969ab,cb041197-ceac-4e21-801e-3707d7d34a25
Exercise ball torso rotation,Push-up With Rotation,0.4803,"The exercise ball torso rotation is a rotational abdominal exercise performed while holding a yoga or exercise ball between the hands. It focuses on the rotational muscles of the core, including the obliques, glutes, and hip muscles. It can be performed one side at a time or alternating, either for time or reps. To make it more difficult, wrap a light exercise band around the ball and anchor it to a solid object.",Stretching,Abdominals,chest,Body Only,Intermediate,,https://fitnessprogramer.com/wp-content/uploads/2023/01/push-up-with-rotation.gif,657df7fc-b2f8-40d5-a3bc-0d350367cb53,84dfdcf9-d3c2-41cf-8573-f963edda6896
Seated Overhead Stretch,Seated Chest Stretch,0.6183,No description available,Stretching,Abdominals,chest,Body Only,Intermediate,,https://fitnessprogramer.com/wp-content/uploads/2022/02/Seated-Chest-Stretch.gif,36735f6d-0d31-48ec-b7de-cf6f66d9bd3a,e8771692-b60b-4438-95a3-4e1c3b35b7c9
Overhead Stretch,Overhead Shrug,0.5589,No description available,Stretching,Abdominals,trapezius,Body Only,Intermediate,,https://fitnessprogramer.com/wp-content/uploads/2022/07/overhead-shrug.gif,e8a6f4c5-9809-45f8-9948-d03394003bc1,8159eaa8-c8f5-4d75-bc53-2136a597dfe0
Partner resistance standing twist,Twist With Resistance Band,0.6574,"The partner resistance standing twist is a bodyweight exercise in which one partner performs bodyweight twists while the other provides manual resistance. It targets the muscles of the core, and the obliques in particular. It can be performed in the core-focused part of any workout.",Strength,Abdominals,abs,Body Only,Intermediate,,https://fitnessprogramer.com/wp-content/uploads/2022/05/Twist.gif,7e9b8a19-3779-4fb1-a773-ab263a386178,a82498a8-41bc-4621-ae88-283649a512e4
Full Moon,Full Crunch Machine,0.4014,No description available,Strength,Abdominals,abs,Body Only,Beginner,,https://fitnessprogramer.com/wp-content/uploads/2022/07/Full-Crunch-Machine.gif,95a30181-3ff7-492b-9604-9501f86c02cc,b967ed7c-ce7c-476b-a24d-fdea9475be41
Hanging knee raise with manual resistance,Calf Raise with Resistance Band,0.5501,"The hanging knee raise with manual resistance is a more advanced version of the hanging knee raise that utilizes a partner. The partner applies enough resistance to make the movement more difficult, while still allowing the lifter to perform multiple reps.",Strength,Abdominals,calf,Body Only,Beginner,,https://fitnessprogramer.com/wp-content/uploads/2022/05/Calf-Raise-with-Resistance-Band.gif,336e7388-4cea-4f62-b654-ebebb7e1ab44,d639ae83-8be1-42d8-af66-40bd12d1b361
Straight-Legged Hip Raise,Straight Bar Dip,0.4751,No description available,Strength,Abdominals,full-body,Body Only,Intermediate,,https://fitnessprogramer.com/wp-content/uploads/2022/01/Straight-Bar-Dip.gif,fe55b462-8dab-4957-a9b3-20fd59b05c9c,27e268e4-b829-4ddf-8c8e-679378df19fd
Wall mountain climber,Stair Climber Machine,0.4106,The wall mountain climber is a challenging exercise targeting the shoulders and abdominals. It's most common in bodyweight circuit training because it targets a lot of muscles as well as the cardiovascular system all at once. It can be performed for time or reps.,Plyometrics,Abdominals,cardio,Body Only,Intermediate,,https://fitnessprogramer.com/wp-content/uploads/2021/10/Walking-on-Stepmill.gif,fa34d58f-32ab-4af4-8ab2-a071457bf26c,cea6d945-0f7b-4954-a316-8b604cc9b08c
Skin The Cat To Push-Up,Push-up With Push-up Bars,0.2744,No description available,Strength,Abdominals,chest,Body Only,Intermediate,,https://fitnessprogramer.com/wp-content/uploads/2021/10/Push-up-With-Push-up-Bars.gif,c0eeddd9-b9b5-487f-85e4-bf00f18857e5,345a1ef0-7af8-4774-b19e-5ef064cf3138
Partner lying leg raise with lateral throw down,Ball Russian Twist throw with partner,0.4994,The partner lying leg raise with lateral throw down is a core exercise in which one partner performs a leg raise while the other partner pushes their legs back down at a lateral angle. The partner performing the exercise has to use core strength and stability to keep their legs from falling to the ground.,Strength,Abdominals,abs,Body Only,Beginner,,https://fitnessprogramer.com/wp-content/uploads/2022/09/Ball-Russian-Twist-throw-with-partner.gif,6d957a79-459a-4961-9bed-e4f31e95400c,a0b96102-09e9-4dc0-9760-e8bb089c7b9c
Hanging leg raise with throw down,Hanging Side Knee Raises,0.577,"The hanging leg raise with throw down is a more advanced version of the hanging knee raise that utilizes a partner to make the movement more difficult. The partner pushes down at the top of each rep, forcing the lifter to ""fight back"" with their abs.",Strength,Abdominals,abs,Body Only,Beginner,,https://fitnessprogramer.com/wp-content/uploads/2022/10/Hanging-Side-Knee-Raises.gif,a91d5f16-bcc9-4714-9dbe-05f9bfad1d69,0e60049a-3dad-4517-b3a8-ee293da19b9b
Partner sit-up with high-five,Ball Russian Twist throw with partner,0.4105,The partner sit-up with high-five is a full-body exercise targeting the core. Partners each perform a sit-up and high-five each other mid rep.,Strength,Abdominals,abs,Body Only,Beginner,,https://fitnessprogramer.com/wp-content/uploads/2022/09/Ball-Russian-Twist-throw-with-partner.gif,256ef349-7656-4e37-8991-4108b5c126ef,a0b96102-09e9-4dc0-9760-e8bb089c7b9c
Exercise ball knee roll-in,Leg Pull-in Knee-ups,0.3879,The exercise ball knee roll-in is an abdominal exercise that involves supporting yourself with your hands in a plank or push-up position and drawing the knees in toward the chest. This is a fairly advanced abdominal move requiring a fair amount of core strength.,Strength,Abdominals,abs,Body Only,Intermediate,,https://fitnessprogramer.com/wp-content/uploads/2021/02/Leg-Pull-In-Knee-ups.gif,fa05f06c-640f-4f80-a0f3-d5c436d5e887,f28adbbe-a65a-48d6-b030-b2c606d6e54d
Partner lying leg raise with throw down,Ball Russian Twist throw with partner,0.5517,The partner lying leg raise with throw down is a core exercise in which one partner performs a leg raise while the other partner pushes their legs back down. The partner performing the exercise has to use core strength and stability to keep their legs from falling to the ground.,Strength,Abdominals,abs,Body Only,Beginner,,https://fitnessprogramer.com/wp-content/uploads/2022/09/Ball-Russian-Twist-throw-with-partner.gif,8ff8d5a9-be59-436b-b67e-7fa7e9a2a784,a0b96102-09e9-4dc0-9760-e8bb089c7b9c
Side kick-through,Dumbbell Pull Through,0.6422,"The side kick-through is a full-body movement that involves isometric holds and moving the body through different ranges of motion, beginning in a bear crawl position. The difference between a side kick-through and a sit-through is that your butt stays off the ground throughout the entire rep. It is commonly performed in bodyweight circuits and animal-style flows, but can also work for reps on its own or as part of a dynamic warm-up or mobility sequence.",Strength,Abdominals,leg,Body Only,Intermediate,,https://fitnessprogramer.com/wp-content/uploads/2022/10/Dumbbell-Pull-Through.gif,f29a700b-3cd6-406a-8923-a5be05cf6dd0,6f11ebfc-6925-40ba-9a49-9018351b7d48
Partner target sit-up,Ball Russian Twist throw with partner,0.3281,"The partner target sit-up is a core exercise where one partner performs sit-ups, while the other uses his or her hands to create a target for them to reach for. This increases the challenge of each rep. It can be performed for time or reps in the ab-focused portion of any workout.",Strength,Abdominals,abs,Body Only,Beginner,,https://fitnessprogramer.com/wp-content/uploads/2022/09/Ball-Russian-Twist-throw-with-partner.gif,5aaaa650-4c74-4aa4-b698-581a87b5730a,a0b96102-09e9-4dc0-9760-e8bb089c7b9c
Suspended Crunch,Frog Crunch,0.347,No description available,Strength,Abdominals,abs,Body Only,Beginner,,https://fitnessprogramer.com/wp-content/uploads/2021/06/frog-crunch.gif,1839f359-3bbc-4a78-a6fa-deb839992ec6,ac8a7e71-9b12-471c-ae5a-e4cc114d40df
Jump Lunge,Side Lunge,0.5808,"The alternating lunge jump is an explosive bodyweight exercise that targets the lower-body muscles, including the quads, glutes, and hamstrings. It can be performed for time or reps in power training, and is also effective in any fat-loss or athleticism-focused workout.",Strength,Abdominals,leg,Body Only,Intermediate,,https://fitnessprogramer.com/wp-content/uploads/2021/05/Side-Lunge-Stretch.gif,1c2d3236-60a5-4a37-87d1-72ebadfff20c,3eb59696-2e13-40df-9181-556addf0e6b7
Side plank hip dip,Front to Side Plank,0.5398,"The side plank hip dip is a dynamic version of the side plank exercise focusing on the oblique muscles, as well as the transversus abdominis or deep core muscles. It can be performed for time or reps and can work in a warm-up or in the core-focused portion of any workout.",Strength,Abdominals,abs,Body Only,Intermediate,,https://fitnessprogramer.com/wp-content/uploads/2021/05/Front-to-Side-Plank.gif,619e77e0-e5b2-4b05-b41e-2d22f043a662,cb995e4b-5fb7-4454-8df9-b1a6aad2ac76
Elbow plank jack,Side Plank Knee to Elbow,0.6567,"The elbow plank jack is an isometric abdominal exercise with a dynamic lower-body component. It targets the muscles of the core, the deep core or transversus abdominis in particular. It can be performed for time or reps in the ab-focused portion of any workout.",Strength,Abdominals,abs,Body Only,Intermediate,,https://fitnessprogramer.com/wp-content/uploads/2022/10/Side-Plank-Knee-to-Elbow-.gif,5724e116-bb44-4b55-8d90-520586fd55d7,e0d42756-de6e-46c6-9285-7fe8df347462
Exercise ball V-up,Wall Ball,0.6223,"The exercise ball V-up is a popular movement to target the abdominal muscles, particularly the rectus abdominis or ""six-pack"" muscles. It involves passing an exercise ball or yoga ball back and forth between the hands and feet while performing V-ups. It can be performed for reps or time as part of any ab-focused workout or bodyweight circuit.",Strength,Abdominals,full-body,Body Only,Intermediate,,https://fitnessprogramer.com/wp-content/uploads/2023/01/wall-ball.gif,6d046199-3341-4d6a-95bf-078e7b5feaa8,c4798cba-e21b-4ad8-abfc-c7e63fdfd0a6
Standing torso twist stretch,Standing Triceps Stretch,0.5211,"The standing torso twist stretch is a stretching exercise targeting the lats and core, particularly the obliques. It’s great before a workout or any sporting event that involves a lot of twisting of the upper body.",Strength,Abdominals,triceps,Body Only,Intermediate,,https://fitnessprogramer.com/wp-content/uploads/2022/02/Triceps-Stretch.gif,b4843af7-06f3-4c35-960c-95fbafb3a431,c23ba636-b2fa-4bc2-823c-36cb67605aed
Slalom jumps,Jump Rope,0.2375,"The slalom jump is an explosive bodyweight exercise that targets the lower body, including the quads, glutes, and hamstrings. Performed for reps, it also provides a serious cardiovascular challenge. It can be performed for time or reps and is especially effective in a fat-loss or athleticism-focused circuit or workout.",Plyometrics,Abdominals,cardio,Body Only,Intermediate,,https://fitnessprogramer.com/wp-content/uploads/2021/06/Jump-Rope.gif,4a9bd90e-fc5a-4286-8c12-99764558391a,9121504d-2572-4920-abab-bd1d2c5fa088
Crab single-arm reach,Single Arm Push-up,0.4698,"The crab single-arm reach is a full-body exercise that requires maintaining a tabletop position while alternating arm raises. It is an excellent movement to include in a dynamic warm-up, a bodyweight circuit, or for muscle activation or mobility anytime.",Stretching,Abdominals,triceps,Body Only,Intermediate,,https://fitnessprogramer.com/wp-content/uploads/2021/09/Single-Arm-Push-up.gif,4f3d5bd6-3eca-4d3c-9adc-d9fea739d673,f38f07ce-2322-41ca-b7f6-c9b26c639508
Side lunge cross-body heel-touch,Heel Touch,0.652,"The side lunge cross-body heel-touch is a lower-body exercise targeting the quads, glutes, and hamstrings. The heel-touch adds a slight rotational challenge.",Strength,Abdominals,abs,Body Only,Intermediate,,https://fitnessprogramer.com/wp-content/uploads/2021/02/Heel-Touch.gif,b1fd9074-131d-4708-9857-edf684cc480b,db3605ce-6dc8-4b95-8ba0-80a8a93b2cac
Alligator Crawl,Rotator Cuff Stretch,0.1711,"The spider crawl is a bodyweight exercise that involves crawling on the floor with the knees outside of the elbows. It is different from a leopard crawl in that the hips are higher, and it's different from a bear crawl because the knees are wider. It can be done as a full-body warm-up, in short bursts for power or circuit training, or for longer durations as cardiovascular conditioning.",Strength,Abdominals,shoulders,Body Only,Intermediate,,https://fitnessprogramer.com/wp-content/uploads/2022/02/Rotator-Cuff-Stretch.gif,a4ae56ae-44bd-45e4-a386-d44bf1e63555,e8ea369b-d59d-4826-8a38-d8eeb5b6860b
Lying cross-over lower back stretch,Back Pec Stretch,0.4117,"The lying cross-over lower back stretch is a simple bodyweight stretch targeting the lower back, hips, and torso. It involves rotating the legs while lying flat on the back. It is commonly included in dynamic warm-ups, but can also be performed as full-body mobility work anytime.",Strength,Abdominals,chest,Body Only,Intermediate,,https://fitnessprogramer.com/wp-content/uploads/2021/05/Back-Pec-Stretch.gif,7a252253-814f-445a-96c9-923c9a235fa2,132e26a6-3d17-4773-b3a2-6ef1c501fdeb
Half bird dog,Half Frog Pose,0.3409,"The half bird dog is a core exercise designed to strengthen the posterior chain. In the half bird dog, you will raise one arm or one leg at a time, rather than both at once as you would for a regular bird dog.",Stretching,Abdominals,abs,Body Only,Intermediate,,https://fitnessprogramer.com/wp-content/uploads/2022/12/Half-Frog-Pose-ardha-bhekasana.gif,66b95f6c-fa90-40eb-8b7f-2a1da3e9c20d,72747e68-f310-4da0-90ba-f86e79d4a57d
Sprawl,Sprint,0.1638,"The sprawl is an explosive bodyweight exercise that targets the core, upper body, and lower body. It is similar to a burpee, but without a jump at the top and with a plank instead of a push-up at the bottom. It can be performed for time or reps in any fat-loss or athleticism-focused circuit or workout.",Strength,Abdominals,cardio,Body Only,Intermediate,,https://fitnessprogramer.com/wp-content/uploads/2023/06/sprint.gif,c9bc5855-e6d6-4ba9-96df-2a9b61f3d0eb,5c9f8dad-5000-428b-99cd-87de9bbef577
Pillar-To-Plank,Front to Side Plank,0.3025,No description available,Strength,Abdominals,abs,Body Only,Intermediate,,https://fitnessprogramer.com/wp-content/uploads/2021/05/Front-to-Side-Plank.gif,3e62276c-641c-4428-a085-83e061045764,cb995e4b-5fb7-4454-8df9-b1a6aad2ac76
Alternating High Knee Raise,Alternate Leg Raises,0.5502,No description available,Strength,Abdominals,abs,Body Only,Intermediate,,https://fitnessprogramer.com/wp-content/uploads/2022/08/Alternate-Leg-Raises.gif,8ff3f55b-1544-4975-888b-0672fe4bd924,7ac62e73-c11b-48e9-87f9-e79d191a0e42
Sumo Squat Pulse,Barbell Sumo Squat,0.613,No description available,Strength,Abdominals,leg,Body Only,Intermediate,,https://fitnessprogramer.com/wp-content/uploads/2021/02/Barbell-sumo-squat.gif,09f2f0fa-47ba-4575-a79b-021719f5c896,a028a56f-060b-4d8a-9403-d85ca3dc5614
Line-Drill Foot Work,5 Dot Drills,0.4229,No description available,Strength,Abdominals,leg,Body Only,Intermediate,,https://fitnessprogramer.com/wp-content/uploads/2023/12/5-Dot-drills-agility-exercise.gif,85a097d0-8ece-4dfc-9807-7a303ad41400,d1679c7f-2913-40aa-9007-fcc7b9df8a58
Plank Fire Hydrants,Reverse Plank,0.2296,No description available,Strength,Abdominals,abs,Body Only,Intermediate,,https://fitnessprogramer.com/wp-content/uploads/2021/05/Reverse-plank.gif,86e6c937-f8cc-43fd-9465-bf3cf706b471,0f764094-2ab8-43c2-bcea-c285da8e555d
Banded jumping jack,Jumping Pull-up,0.5914,"The banded jumping jack takes a classic plyometric exercise and adds an extra degree of difficulty in the form of a band surrounding the thighs, just above the knees. It can be performed for time or reps and is a great way to warm up for athletics or lower-body lifting.",Strength,Abdominals,back,Body Only,Intermediate,,https://fitnessprogramer.com/wp-content/uploads/2022/01/jumping-pull-up.gif,1285d566-1c57-4126-a7e4-ba9daab175b9,c0c4ea00-7069-410c-a0fa-753e0d37c08b
Shin hug,Standing Knee Hugs,0.1922,"The shin hug is a bodyweight exercise focused on the muscles of the core. It shares characteristics with V-ups and crunches, but finishes with the ribs touching the thighs. It can be performed for time or for reps as part of the ab-focused portion of any workout.",Strength,Abdominals,leg,Body Only,Intermediate,,https://fitnessprogramer.com/wp-content/uploads/2021/02/STANDING-KNEE-HUGS.gif,4e256293-7555-4866-becb-fc1f61876751,34c07aee-4281-4292-bbdf-849168c8fa1e
FYR Bear Crawl Fire Feet,Side Lying Feet Raise,0.2494,"Bear crawl fire feet is a variation of the bear crawl that involves running in place while in a static bear crawl hold. It adds an extra coordination and full-body challenge to an already intense full-body movement that targets the cardiovascular system as well as a wide range of muscle groups. It can be done as a full-body warm-up, or as part of a bodyweight circuit or flow.",Strength,Abdominals,abs,Body Only,Intermediate,,https://fitnessprogramer.com/wp-content/uploads/2022/06/Side-Lying-Feet-Raise.gif,111d838c-e833-4466-b47c-e607885799fa,05148618-7e6a-480d-aa82-b05143a722ae
Bear crawl up-down,Push-down,0.3688,"The bear crawl up-down is a variation of the bear crawl that involves lowering the forearms to the ground in an alternating rhythm while in a static bear crawl hold. It adds an extra coordination and upper-body challenge to an already intense full-body movement that targets the cardiovascular system as well as a wide range of muscle groups. It can be done as a full-body warm-up, or as part of a bodyweight circuit or flow.",Strength,Abdominals,triceps,Body Only,Intermediate,,https://fitnessprogramer.com/wp-content/uploads/2021/02/Pushdown.gif,296abea8-06f3-44df-bcc2-4c9c35575821,87a5b0c9-536a-45d6-8406-06cada37bc29
FYR Crab Kick,Butt Kicks,0.316,"The crab toe-touch is a full-body exercise targeting the glutes, hamstrings, quads, and core.",Strength,Abdominals,cardio,Body Only,Intermediate,,https://fitnessprogramer.com/wp-content/uploads/2021/10/Butt-Kicks.gif,1f5a4f3f-a411-4232-9ed5-988e4ca4bae3,092ae57a-9e86-4cf6-877e-6f55b0a9fc46
Bear crawl hold,Squat Hold Calf Raise,0.2863,"The bear crawl hold is a static variation of the bear crawl exercise performed for time. It looks simple, but it demands full-body tension and is taxing to the shoulders, core, and legs. It can be done as a full-body warm-up, as part of a bodyweight circuit or flow, or as a build-up to the traditional bear crawl.",Strength,Abdominals,calf,Body Only,Intermediate,,https://fitnessprogramer.com/wp-content/uploads/2021/12/Squat-Hold-Calf-Raise.gif,937e88fb-2961-4c89-a39c-2659dfe21a7f,278ecda6-1d60-4f62-a099-80c7f84b78d9
Traveling bear crawl,Kneeling Push-up,0.1775,"The traveling bear crawl is a more advanced version of the bear crawl exercise that moves side to side rather than front to back. While it looks simple, the traveling bear crawl is an intense full-body movement that targets the cardiovascular system as well as a wide range of muscle groups, the shoulders, core, and legs in particular. It can be done as a full-body warm-up, in short bursts for power or circuit training, or for longer durations as cardiovascular conditioning.",Strength,Abdominals,chest,Body Only,Intermediate,,https://fitnessprogramer.com/wp-content/uploads/2022/01/Kneeling-Push-up.gif,8ae89d8f-f38c-4ce7-9c72-36f889520251,24f0d65d-5027-4c71-b95d-ff6221deb64b
Single-leg V-up,Lever Single Leg Curl,0.6199,"The single-leg V-up is a bodyweight exercise that targets the abdominals and the hip flexors, working one side of the body at a time. It can be performed for time or reps in the ab-focused portion of any workout.",Strength,Abdominals,leg,Body Only,Intermediate,,https://fitnessprogramer.com/wp-content/uploads/2021/06/Lever-Single-Leg-Curl.gif,ce404f65-4744-412c-bc4b-8eaffec7d409,e312a666-db25-4cfa-9ea5-e37aee2e4b4f
FYR Bear Crawl Shoulder Tap,Lying Shoulder Press,0.3794,"The bear crawl shoulder tap is a variation of the bear crawl that involves touching the opposing shoulder while in a static bear crawl hold. It adds an extra coordination and core challenge to an already intense full-body movement that targets the cardiovascular system as well as a wide range of muscle groups. It can be done as a full-body warm-up, or as part of a bodyweight circuit or flow.",Strength,Abdominals,shoulders,Body Only,Intermediate,,https://fitnessprogramer.com/wp-content/uploads/2021/09/Lying-Shoulder-Press.gif,e95a49b2-d1b2-495c-870c-306cb5b67a25,fd54ec17-57dc-4621-8462-60cb4b2289b5
Alternating single-leg sprawl,Seated Alternating Dumbbell Curl,0.4461,"The alternating single-leg sprawl is an explosive bodyweight exercise that targets the core, upper body, and lower body. It differs from a standard sprawl by including a single-leg plank instead of a regular plank at the bottom. It can be performed for time or reps in any fat-loss or athleticism-focused circuit or workout.",Strength,Abdominals,biceps,Body Only,Intermediate,,https://fitnessprogramer.com/wp-content/uploads/2022/06/Seated-dumbbell-alternating-curl.gif,f5877cb0-3668-4e18-a71b-f76c3a21f037,98334714-b20d-4c97-a9d9-e544e51a0c02
Wide mountain climber,Stair Climber Machine,0.4099,"The wide mountain climber is a popular bodyweight exercise targeting the muscles of the core, as well as the shoulders, hips, and cardiovascular system. It is different from a traditional mountain climber because you bring the knee to the outside of the elbow rather than the inside. It can be performed for time or reps as part of a dynamic warm-up, for bodyweight cardio or conditioning, or as no-equipment dynamic core training.",Strength,Abdominals,cardio,Body Only,Intermediate,,https://fitnessprogramer.com/wp-content/uploads/2021/10/Walking-on-Stepmill.gif,278c69b9-e2d4-456b-8311-64aa8de4f0f5,cea6d945-0f7b-4954-a316-8b604cc9b08c
Glute bridge step-out,Side Bridge Hip Abduction,0.3665,"The glute bridge step-out is a lower-body bodyweight exercise that targets the glutes and hamstrings. It differs from a glute bridge by the addition of a step-out, which increases stress on the hamstrings. It can be performed for time or reps and works perfectly in a dynamic warm-up for lower-body training, but can also be performed for glute activation anytime.",Strength,Abdominals,abs,Body Only,Intermediate,,https://fitnessprogramer.com/wp-content/uploads/2022/02/Side-Bridge-Hip-Abduction.gif,af549193-508e-4ad5-9206-82e4218a9ec0,e756a8e5-2a51-48b0-a2a7-e9570ee89bf7
Knee up-down,Push-down,0.5419,"The knee up-down is a bodyweight exercise that mimics getting up and down from a kneeling position on the floor. It combines the low position of a squat with lunges, bringing some of the benefits of both. It can be done for time or reps as part of a dynamic warm-up or as part of a bodyweight circuit or workout.",Strength,Abdominals,triceps,Body Only,Intermediate,,https://fitnessprogramer.com/wp-content/uploads/2021/02/Pushdown.gif,e1368d67-d53b-4f12-aed9-591f0b6a484c,87a5b0c9-536a-45d6-8406-06cada37bc29
FYR Sprawl,Sprint,0.1441,"The sprawl is an explosive bodyweight exercise that targets the core, upper body, and lower body. It is similar to a burpee, but without a jump at the top and with a plank instead of a push-up at the bottom. It can be performed for time or reps in any fat-loss or athleticism-focused circuit or workout.",Strength,Abdominals,cardio,Body Only,Intermediate,,https://fitnessprogramer.com/wp-content/uploads/2023/06/sprint.gif,2daa2ff3-5aae-4425-ad1e-c4dcdcc12783,5c9f8dad-5000-428b-99cd-87de9bbef577
Reach crunch,Frog Crunch,0.4898,The reach crunch is a bodyweight core exercise that involves keeping the arms raised toward the ceiling while performing a crunch. It can be performed for time or reps as part of any abs-focused circuit or workout.,Strength,Abdominals,abs,Body Only,Intermediate,,https://fitnessprogramer.com/wp-content/uploads/2021/06/frog-crunch.gif,f8dfad7c-e397-49ba-be37-be9d14d990a3,ac8a7e71-9b12-471c-ae5a-e4cc114d40df
FYR Push-Up Plank Hold,Planche Push-Up,0.3445,"The straight-arm plank is an exercise targeting the core muscles. It is basically the top of a push-up position, with elbows fully extended and palms on the floor. The position is held for time to target the muscles of the core, as well as the shoulders.",Strength,Abdominals,full-body,Body Only,Intermediate,,https://fitnessprogramer.com/wp-content/uploads/2022/07/Planche-Push-Up.gif,faada7e7-45a3-497a-9603-208966b2e95c,7baf6125-8455-4cf3-a8c0-a71ea06ecc8d
FYR Hollow-Body Rock,Body Ups,0.3427,"The hollow-body rock is a bodyweight abdominal exercise performed on the floor. It starts with a hollow-body hold and adds a back-and-forth rock that challenges core stability and increases the difficulty of the movement. It can be performed for time or for reps, either in an ab-focused portion of a workout or as part of a circuit workout.",Strength,Abdominals,triceps,Body Only,Intermediate,,https://fitnessprogramer.com/wp-content/uploads/2021/06/Body-Ups.gif,4c463e1d-d036-4477-bf07-c93e76016106,04b0a6ac-8423-4ef6-9e8f-4b05904a6915
V-up plus knee-to-chest combo,Push-Up Plus,0.4916,The V-up plus knee-to-chest combo is a core exercise that targets the abdominals and hip flexors by combining two movements into a single sequence. It can be performed for time or reps in the ab-focused portion of any workout.,Strength,Abdominals,trapezius,Body Only,Intermediate,,https://fitnessprogramer.com/wp-content/uploads/2021/06/Push-Up-Plus.gif,e881974d-ccd3-42c7-a07b-a965fe703ff3,cf512c54-8c08-4520-8b94-41b3e2bd586d
Side plank lateral raise,Incline Dumbbell Side Lateral Raise,0.6733,"The side plank lateral raise is an exercise that combines an isometric side plank hold with a dumbbell raise to target both the core and the shoulders. You probably won't be able to use much weight without disrupting your balance, but even at light weight, this is a movement that can help address multiple muscle groups in a time-efficient workout.",Strength,Abdominals,shoulders,Body Only,Intermediate,,https://fitnessprogramer.com/wp-content/uploads/2021/06/Incline-Dumbbell-Side-Lateral-Raise.gif,4f8321c4-03d2-4e5a-982d-7fda62a51cd5,71b267db-1d01-4fb5-bbfc-d7f8ab3c123b
Superhero burpee,Burpees,0.4896,"The superhero burpee is an advanced variation of the burpee exercise. The main difference between this and the standard burpee is that while on the floor, the hands are extended in front of the body like Superman taking flight. This increases the challenge to the upper back and shoulders. These can be performed for time or reps as part of any fat-loss or athleticism-focused workout or circuit.",Strength,Abdominals,leg,Body Only,Intermediate,,https://fitnessprogramer.com/wp-content/uploads/2021/02/burpees.gif,f99c66ea-3aa1-4d05-b70f-1aa3f6cf3a89,c4d195ea-2a3c-4736-bb0a-9fda9cb275a6
Hollow-body abduction,Hip Abduction Machine,0.6098,"The hollow-body abduction is an isometric core exercise that includes leg abductions for an added challenge to the core and abductors. It targets multiple muscles of the core, but particularly the rectus abdominis or ""six-pack"" muscles. It can be performed for time or reps in the ab-focused portion of any workout.",Strength,Abdominals,leg,Body Only,Intermediate,,https://fitnessprogramer.com/wp-content/uploads/2021/02/HiP-ABDUCTION-MACHINE.gif,e93dedb8-d2ed-4189-914d-a6e457e85f44,1283d32e-9074-4e2e-8e8d-34b34b96a36c
FYR Hollow Hold,Squat Hold Calf Raise,0.3185,No description available,Strength,Abdominals,calf,Body Only,Intermediate,,https://fitnessprogramer.com/wp-content/uploads/2021/12/Squat-Hold-Calf-Raise.gif,2eb4b988-7778-4c64-b60a-27b9e37b5564,278ecda6-1d60-4f62-a099-80c7f84b78d9
Tip-toe crunch,Frog Crunch,0.4023,The tip-toe crunch is a variation on the crunch exercise that involves placing the toes on or near the ground. This can help isolate the abs from the hip flexors. The tip-toe crunch can be performed for time or for reps as part of the core-focused component of any workout.,Strength,Abdominals,abs,Body Only,Intermediate,,https://fitnessprogramer.com/wp-content/uploads/2021/06/frog-crunch.gif,cdb28aaf-8609-414b-8029-011f8bc0a6d0,ac8a7e71-9b12-471c-ae5a-e4cc114d40df
Knee-to-nose pulse,Close Grip Knee Push-up,0.2638,"The knee-to-nose pulse is a bodyweight exercise that targets the core by pulsing your knee toward your nose. It starts in a straight-arm plank position, and is similar to a mountain climber, but with a hold or pause in the bent-knee position.",Strength,Abdominals,chest,Body Only,Intermediate,,https://fitnessprogramer.com/wp-content/uploads/2022/07/Close-Grip-Knee-Push-up.gif,4420f7e1-ca98-45ac-bed6-c50366261d0f,a694cce5-f679-4977-8533-787fda435656
Plank walk-out,Banded Walk,0.4238,"The plank walk-out is an advanced plank variation targeting the core and shoulders. From a standing position, the lifter descends into a plank-type position but “walks” the hands forward until they are out in front of the head. This is far more challenging to the core than having the arms directly under the shoulders. Beginners will need to progress to this exercise.",Strength,Abdominals,leg,Body Only,Intermediate,,https://fitnessprogramer.com/wp-content/uploads/2022/02/Banded-Walk.gif,bbab089e-f0ca-497d-b8bf-1d1f5caf0b02,f7e8fd4a-aecd-48cc-83d4-a8bea534520b
FYR V-Up,Dumbbell V-up,0.2914,"The V-up is a bodyweight movement that targets the muscles of the abs, the rectus abdominis or ""six-pack"" muscles in particular. It is similar to a suitcase crunch, but the lower back lifts off the ground at the top of each rep. It can be performed for time or reps in the ab-focused portion of any workout.",Strength,Abdominals,abs,Body Only,Intermediate,,https://fitnessprogramer.com/wp-content/uploads/2021/10/Dumbbell-V-up.gif,be36952f-6d5f-4946-bd72-4b4f743eaaf5,a76d8e2a-9efb-483d-a8f0-f61498c2f4ec
FYR Breakdancer,Resistance Band Bent Over Rear Delt Fly,0.0583,"The side kick-through is a full-body movement that involves isometric holds and moving the body through different ranges of motion, beginning in a bear crawl position. The difference between a side kick-through and a sit-through is that your butt stays off the ground throughout the entire rep. It is commonly performed in bodyweight circuits and animal-style flows, but can also work for reps on its own or as part of a dynamic warm-up or mobility sequence.",Strength,Abdominals,trapezius,Body Only,Intermediate,,https://fitnessprogramer.com/wp-content/uploads/2023/01/Resistance-Band-Bent-Over-Rear-Delt-Fly.gif,000104c6-f132-4741-822e-6114d73efdd5,f005cb13-8ac3-49e0-af48-4079ed6535e8
Seated leg lift,Plank Leg Lift,0.5836,The seated leg lift is a bodyweight exercise targeting the muscles of the core and hip flexors. It can be performed for time or reps in the core-focused portion of any workout.,Strength,Abdominals,abs,Body Only,Intermediate,,https://fitnessprogramer.com/wp-content/uploads/2021/02/Plank-Leg-Lift.gif,c9fb28f7-93d1-437e-b3b3-5b1ce35d2464,15199dde-d1fe-43d4-8f35-fb1cde80c774
Gorilla burpee,Burpees,0.5569,"The gorilla burpee is a variation of the burpee exercise that consists of a reverse lunge on each leg, a full squat, then a standard burpee. It is extra challenging for the lower body, including the quads, glutes, and hamstrings. It can be performed for time or reps in any fat-loss or athleticism-focused circuit or workout.",Strength,Abdominals,leg,Body Only,Intermediate,,https://fitnessprogramer.com/wp-content/uploads/2021/02/burpees.gif,6bc9a18c-c796-42c1-af5a-dcb6299dcaab,c4d195ea-2a3c-4736-bb0a-9fda9cb275a6
Knee-in to V-out,Leg Pull-in Knee-ups,0.4148,"The knee-in to V-out is a bodyweight abdominal exercise performed on the floor. It is similar to both the reverse crunch and the V-up exercise, but combines elements of both. It primarily targets the muscles of the rectus abdominis, or “six-pack” muscles. It can be performed for reps or time, either as part of an ab-focused workout or as a component of a circuit workout.",Strength,Abdominals,abs,Body Only,Intermediate,,https://fitnessprogramer.com/wp-content/uploads/2021/02/Leg-Pull-In-Knee-ups.gif,7c41245b-78c7-466c-badb-b4b673a55e55,f28adbbe-a65a-48d6-b030-b2c606d6e54d
Bear crawl push-up,Push-up With Push-up Bars,0.3239,"The bear crawl push-up is a variation of the bear crawl hold with a push-up added. It adds an extra coordination and shoulder challenge to an already intense full-body movement that targets the cardiovascular system as well as a wide range of muscle groups, the shoulders, core, and legs in particular. It can be done as a full-body warm-up, or as part of a bodyweight circuit or flow.",Strength,Abdominals,chest,Body Only,Intermediate,,https://fitnessprogramer.com/wp-content/uploads/2021/10/Push-up-With-Push-up-Bars.gif,5845e477-e93c-46f3-9a5f-e0af0c9dc58c,345a1ef0-7af8-4774-b19e-5ef064cf3138
FYR Front Step,Ski Step,0.4147,No description available,Strength,Abdominals,cardio,Body Only,Intermediate,,https://fitnessprogramer.com/wp-content/uploads/2022/04/Ski-Step.gif,4a37e093-5c32-4ca2-bf1e-3df0a43376d5,a4d07b84-65cd-489b-843f-9c4790b0d448
Plank reach,Reverse Plank,0.4381,"The plank reach is an exercise targeting the entire core, particularly the oblique muscles. It resembles a plank exercise, but the primary difference is that the lifter extends their arms forward, one at time. The core, especially the obliques, must work hard to maintain stability. It can be performed for time, with holds in the reaching position, or for reps.",Strength,Abdominals,abs,Body Only,Intermediate,,https://fitnessprogramer.com/wp-content/uploads/2021/05/Reverse-plank.gif,c3cce74b-d634-412f-afaf-0640a7fd77df,0f764094-2ab8-43c2-bcea-c285da8e555d
Eiffel Tower leg raise,Leg Raise,0.3852,"The Eiffel Tower leg raise is a bodyweight exercise targeting the muscles of the abs, the rectus abdominis or “six-pack” muscles in particular. It is similar to a V-up, but with the added challenge of “drawing” a pyramid shape in the air with the legs during each rep. It can be performed for time or reps in the core-focused portion of any workout.",Strength,Abdominals,abs,Body Only,Intermediate,,https://fitnessprogramer.com/wp-content/uploads/2021/02/Lying-Leg-Raise.gif,f7fdc98c-f347-4368-b1e8-91c22f3bdde1,bff4d679-b3c5-4783-9e62-63a65baafa42
Straight-arm plank,Straight Bar Dip,0.5898,"The straight-arm plank is an exercise targeting the core muscles. It is basically the top of a push-up position, with elbows fully extended and palms on the floor. The position is held for time to target the muscles of the core, as well as the shoulders.",Strength,Abdominals,full-body,Body Only,Intermediate,,https://fitnessprogramer.com/wp-content/uploads/2022/01/Straight-Bar-Dip.gif,747aa55c-248b-428c-9a02-387e768f7b0f,27e268e4-b829-4ddf-8c8e-679378df19fd
Plank up-down,Push-down,0.5157,"The plank up-down is a variation of the plank push-up that ends in an elbow plank rather than with the chest on the ground. It involves transitioning between the two positions one arm at a time, rather than two. It puts more stress on the triceps and core than traditional planks. It can be performed for time or reps in any bodyweight workout or during the core-focused portion of any workout.",Strength,Abdominals,triceps,Body Only,Intermediate,,https://fitnessprogramer.com/wp-content/uploads/2021/02/Pushdown.gif,08b2b73f-20fc-4ed0-8bb7-f2ff6fa3a5e5,87a5b0c9-536a-45d6-8406-06cada37bc29
Frog kick,Frog Pose,0.5646,"The frog kick is an explosive bodyweight movement that involves hopping the rear legs up and forward from a straight-arm plank position. It targets the legs, core, and shoulders, but is also a high-intensity conditioning movement that will raise core body temperature and burn serious calories. It can be performed for time or reps as part of any athleticism-focused or fat-loss circuit or workout.",Strength,Abdominals,leg,Body Only,Intermediate,,https://fitnessprogramer.com/wp-content/uploads/2022/12/Frog-Pose-mandukasana.gif,cc4a92c8-2ae3-40b8-880e-b4f486790353,dcdd8da9-2410-4046-947d-51392f1ce878
Front kick-through,Dumbbell Pull Through,0.6142,"The front kick-through is a full-body movement that involves moving the legs from a bear crawl position to a balanced one-legged stance. It is commonly performed for reps or time in bodyweight circuits and animal-style flows, but can also work on its own or as part of a dynamic warm-up or mobility sequence.",Strength,Abdominals,leg,Body Only,Intermediate,,https://fitnessprogramer.com/wp-content/uploads/2022/10/Dumbbell-Pull-Through.gif,5f3568d5-e51b-4240-9eaf-adb06518f386,6f11ebfc-6925-40ba-9a49-9018351b7d48
FYR Sit-Up,L-Sit,0.5676,"The sit-up is a popular bodyweight exercise focused on the abdominal muscles. It has also been used as part of military, tactical, and scholastic fitness tests for many years. It can be performed for time or reps, with the feet anchored or free, on flat ground or a bench.",Strength,Abdominals,abs,Body Only,Intermediate,,https://fitnessprogramer.com/wp-content/uploads/2021/09/L-Sit.gif,c0339809-53d5-4c52-bf1d-84c1ca76ed9d,f070c4e6-8561-4185-9b8f-2bdef417535d
FYR Leg Lift,Plank Leg Lift,0.6365,The seated leg lift is a bodyweight exercise targeting the muscles of the core and hip flexors. It can be performed for time or reps in the core-focused portion of any workout.,Strength,Abdominals,abs,Body Only,Intermediate,,https://fitnessprogramer.com/wp-content/uploads/2021/02/Plank-Leg-Lift.gif,9b9d2b4b-83f7-439c-bd5f-f98323a56352,15199dde-d1fe-43d4-8f35-fb1cde80c774
Roman Chair Side Ups,Chair Dips,0.4948,No description available,Strength,Abdominals,triceps,Body Only,Intermediate,,https://fitnessprogramer.com/wp-content/uploads/2021/04/CHAIR-DIPS.gif,48f61db2-85d3-4dbd-86e0-096135e5bd41,ba47be99-9bd7-4f48-bb63-32deb50b8497
Push-Up Roll Out - Gethin Variation,Push-up With Push-up Bars,0.3052,No description available,Strength,Abdominals,chest,Body Only,Intermediate,,https://fitnessprogramer.com/wp-content/uploads/2021/10/Push-up-With-Push-up-Bars.gif,cc1764c4-831c-44c3-b68c-7aeebcf07490,345a1ef0-7af8-4774-b19e-5ef064cf3138
Cross-Body Crunch - Gethin Variation,Cross Body Push-up,0.6255,"The cross-body sit-up is a bodyweight exercise targeting the ab muscles, the obliques and rectus abdominis or ""six-pack"" muscles in particular. It involves bringing the opposite-side knee and elbow together, usually alternating sides with each rep. It can be performed for time or reps as part of the ab-focused portion of any workout.",Strength,Abdominals,full-body,Body Only,Intermediate,,https://fitnessprogramer.com/wp-content/uploads/2022/02/Cross-Body-Push-up_Plyometric.gif,5345f79b-13c1-4426-b1a2-1afd84f92bac,bc4c077f-0fd8-42c4-b9e6-dbfabf81d8ec
Decline leg lift with twist,Decline Dumbbell Leg Curl,0.4985,"The decline leg lift with twist is a bodyweight core exercise targeting the obliques and rectus abdominis or ""six-pack"" muscles, particularly the lower abs. It can be performed for time or for reps as part of the core-focused portion of any workout or circuit.",Strength,Abdominals,leg,Body Only,Intermediate,,https://fitnessprogramer.com/wp-content/uploads/2022/10/Decline-Dumbbell-Leg-Curl.gif,2807f6ee-8ee7-40b8-829e-ea797af0c121,76da60af-9f9e-402f-b3a6-a0debf89a734
Hanging Leg Raise - Variation Gethin,Hanging Side Knee Raises,0.662,"The hanging leg raise is an exercise targeting the abs and hip flexors. Instead of resting the forearms on the pads of apparatus, hang from a bar. It can be performed for time or reps in the ab-focused portion of any workout.",Strength,Abdominals,abs,Body Only,Intermediate,,https://fitnessprogramer.com/wp-content/uploads/2022/10/Hanging-Side-Knee-Raises.gif,4c6b4781-3f29-4b71-940b-b6ef1d6ef29a,0e60049a-3dad-4517-b3a8-ee293da19b9b
Butterfly crunch,Frog Crunch,0.3125,"The butterfly crunch is a popular bodyweight exercise that targets the rectus abdominis, or ""six-pack"" muscles. It gets its name from the position of the elbows and knees, both of which are bent out like wings. It can be performed for time or reps as part of any abs-focused circuit or workout.",Strength,Abdominals,abs,Body Only,Intermediate,,https://fitnessprogramer.com/wp-content/uploads/2021/06/frog-crunch.gif,c1f8f8aa-77a5-4510-bb9f-5723006a8490,ac8a7e71-9b12-471c-ae5a-e4cc114d40df
Flat Bench Lying Leg Raise - Gethin Variation,Lying Knee Raise,0.4586,"The lying leg lift is a popular bodyweight exercise targeting the muscles of the abs, the rectus abdominis or “six-pack” muscles in particular. It can be performed for time or reps in the core-focused portion of any workout.",Strength,Abdominals,abs,Body Only,Intermediate,,https://fitnessprogramer.com/wp-content/uploads/2021/05/Lying-Knee-Raise.gif,7658f3f2-c2c7-4b74-a8a9-6901cd7c1786,22536a03-422a-4f63-a037-eee1404bda05
Lying leg lift,Plank Leg Lift,0.5884,"The lying leg lift is a popular bodyweight exercise targeting the muscles of the abs, the rectus abdominis or “six-pack” muscles in particular. It can be performed for time or reps in the core-focused portion of any workout.",Strength,Abdominals,abs,Body Only,Intermediate,,https://fitnessprogramer.com/wp-content/uploads/2021/02/Plank-Leg-Lift.gif,314396da-e20e-4401-899d-2db4d9f1a9c8,15199dde-d1fe-43d4-8f35-fb1cde80c774
Hanging alternating single-leg raise,Hanging Side Knee Raises,0.5742,"The hanging alternating single-leg raise is an exercise targeting the abs, but which also works the lats and hip flexors. Rather than performing both legs at a time, you lift one and alternate with each rep. Leg raises are often performed for moderate to high reps, such as 8-12 reps or more, as part of ab-focused training. However, this difficult variation may require some time to build up to those rep ranges.",Strength,Abdominals,abs,Body Only,Intermediate,,https://fitnessprogramer.com/wp-content/uploads/2022/10/Hanging-Side-Knee-Raises.gif,f85c7dad-4f0b-4ec5-9138-f8381dbb1914,0e60049a-3dad-4517-b3a8-ee293da19b9b
Plank Walk,Banded Walk,0.5028,No description available,Strength,Abdominals,leg,Body Only,Intermediate,,https://fitnessprogramer.com/wp-content/uploads/2022/02/Banded-Walk.gif,86673a2c-2f82-4bc2-abcf-56ac735714a6,f7e8fd4a-aecd-48cc-83d4-a8bea534520b
Sit-Up - Gethin Variation,L-Sit,0.469,"The sit-up is a popular bodyweight exercise focused on the abdominal muscles. It has also been used as part of military, tactical, and scholastic fitness tests for many years. It can be performed for time or reps, with the feet anchored or free, on flat ground or a bench.",Strength,Abdominals,abs,Body Only,Intermediate,,https://fitnessprogramer.com/wp-content/uploads/2021/09/L-Sit.gif,e446140d-ab83-4b35-bbde-37f482880884,f070c4e6-8561-4185-9b8f-2bdef417535d
Plank Push-Up,Planche Push-Up,0.4917,"The plank up-down is a variation of the plank push-up that ends in an elbow plank rather than with the chest on the ground. It involves transitioning between the two positions one arm at a time, rather than two. It puts more stress on the triceps and core than traditional planks. It can be performed for time or reps in any bodyweight workout or during the core-focused portion of any workout.",Strength,Abdominals,full-body,Body Only,Intermediate,,https://fitnessprogramer.com/wp-content/uploads/2022/07/Planche-Push-Up.gif,b0436141-c784-4c0b-a136-2d36c781fd70,7baf6125-8455-4cf3-a8c0-a71ea06ecc8d
Decline crunch-,Decline Cable Fly,0.5697,"The decline crunch is a popular bodyweight exercise targeting the rectus abdominis or ""six-pack"" muscles, particular the upper abs. It is usually performed for high reps, such as 10-15 reps per set or more, as part of the ab-focused portion of a workout.",Strength,Abdominals,chest,Body Only,Intermediate,,https://fitnessprogramer.com/wp-content/uploads/2021/06/Decline-Cable-Fly.gif,f81512c8-7afd-4d35-a84f-63125f9fdca3,a2609b9a-4dba-4898-b3b3-ba6d8d39b206
Decline leg lift,Decline Dumbbell Leg Curl,0.6349,"The decline leg lift is a popular bodyweight core exercise targeting the rectus abdominis or ""six-pack"" muscles, particularly the lower abs. It can be performed for time or for reps as part of the core-focused portion of any workout or circuit.",Strength,Abdominals,leg,Body Only,Intermediate,,https://fitnessprogramer.com/wp-content/uploads/2022/10/Decline-Dumbbell-Leg-Curl.gif,620d9754-80c3-402e-95dd-705532a2d120,76da60af-9f9e-402f-b3a6-a0debf89a734
Crunch - Gethin Variation,Frog Crunch,0.4821,"The crunch is a popular core exercise targeting the rectus abdominis, or ""six-pack"" muscles, as well as the obliques. It has been the centerpiece of many ab-focused workouts, due to both its simplicity and the intense burn and mind-muscle connection it produces. It can be performed for time or reps as part of the ab-focused portion of any workout.",Strength,Abdominals,abs,Body Only,Intermediate,,https://fitnessprogramer.com/wp-content/uploads/2021/06/frog-crunch.gif,11ee4f2e-cfdc-4252-a5e3-9fc0bfa50b52,ac8a7e71-9b12-471c-ae5a-e4cc114d40df
Plank - Gethin Variation,Reverse Plank,0.4139,"The elbow plank is a popular isometric abdominal exercise. It is common in all types of exercise programs, as well as in group fitness and yoga classes. It targets the muscles of the core, the deep core or transversus abdominis in particular. It is also often prescribed for time to help back pain or to teach proper bracing.",Strength,Abdominals,abs,Body Only,Intermediate,,https://fitnessprogramer.com/wp-content/uploads/2021/05/Reverse-plank.gif,62f5c5e1-6023-4028-9396-40a93944b0d4,0f764094-2ab8-43c2-bcea-c285da8e555d
Barbell floor wiper,Barbell Floor Press,0.67,"The barbell floor wiper is a core exercise in which the barbell is held in the locked-out position of a floor press, and the hips and legs are rotated side to side. It targets the oblique muscles of the lateral abdomen, but is also seriously challenging to the deep core and rectus abdominis or ""six-pack"" muscles.",Strength,Abdominals,chest,Body Only,Intermediate,,https://fitnessprogramer.com/wp-content/uploads/2022/07/Barbell-Floor-Press.gif,f9dc03ed-450d-4348-809a-fcece6e3b254,0a9cb7c8-f33e-41a4-aa16-dcd00ba3669c
Prison Push-Up,Push-up With Push-up Bars,0.3138,No description available,Strength,Abdominals,chest,Body Only,Intermediate,,https://fitnessprogramer.com/wp-content/uploads/2021/10/Push-up-With-Push-up-Bars.gif,2ebb9a8e-bb8b-4ad0-873d-69605143668e,345a1ef0-7af8-4774-b19e-5ef064cf3138
McGill Modified Curl-Up,Modified Hindu Push-up,0.6063,No description available,Strength,Abdominals,full-body,Body Only,Intermediate,,https://fitnessprogramer.com/wp-content/uploads/2022/07/Modified-Hindu-Push-up.gif,e25fa80a-0264-4b56-8b2b-67776c792f6e,50b33fa9-c329-46be-acb6-7e13c485d66f
Cross-body toe-touch,Cross Body Push-up,0.6201,"The cross-body toe-touch is a version of the toe-touch stretch where instead of both hands reaching down toward both feet, one hand at a time reaches for the opposing foot. It's a common component in dynamic warm-ups for training or sports, but can also be performed for simple flexibility work anytime.",Strength,Abdominals,full-body,Body Only,Intermediate,,https://fitnessprogramer.com/wp-content/uploads/2022/02/Cross-Body-Push-up_Plyometric.gif,c3c9d59a-8dad-4199-a416-873cc91e564e,bc4c077f-0fd8-42c4-b9e6-dbfabf81d8ec
Toy soldier,Skier | Gymstick,0.0913,"The toy soldier is a calisthenics exercise targeting the hip flexors and legs, which are kicked up one at a time. When each leg is at the top of the kick, the opposing hand touches that foot. It's a common warm-up exercise before athletics, but can also help raise core temperature and mobilize a wide range of muscles and joints prior to training.",Strength,Abdominals,shoulders,Body Only,Intermediate,,https://fitnessprogramer.com/wp-content/uploads/2022/05/Skier-Gymstick.gif,25facf80-cf60-41c5-8efa-93bd00995891,4c8da776-7646-4ff0-9d51-7036805fffc0
Natural Glute Ham Raise with Stability Ball,Stability Ball V-Up,0.603,No description available,Strength,Abdominals,abs,Body Only,Intermediate,,https://fitnessprogramer.com/wp-content/uploads/2021/08/V-Up-Down-with-Stability-ball.gif,b36e2764-738b-4e31-b0b6-17ce46bccdf2,0104042b-d38f-480a-ba63-7e825d68f351
Lateral ape,Lateral Step-up,0.5506,"The lateral ape is an exercise focused on the lower body that involves staying in a low squat position as you hop laterally. It can be performed as part of a dynamic warm-up, to improve hip mobility, or as part of a fat-loss or athleticism-focused circuit workout.",Strength,Abdominals,leg,Body Only,Intermediate,,https://fitnessprogramer.com/wp-content/uploads/2022/04/Lateral-Step-up.gif,0cc63e05-ee6e-4393-8ca8-903b8b2df2d1,f25eb653-a8a6-41bb-926c-0c4ca7370597
Hollow-body knee tuck,Chin Tuck,0.388,"The hollow-body knee tuck is a bodyweight abdominal exercise performed on the floor. It is similar to both the hollow-body hold and the knee tuck or reverse crunch, combining elements of both. It primarily targets the muscles of the rectus abdominis, or “six-pack” muscles. It can be performed for reps or time, either as part of an ab-focused workout or as a component of a circuit workout.",Strength,Abdominals,neck,Body Only,Intermediate,,https://fitnessprogramer.com/wp-content/uploads/2021/06/Chin-Tuck.gif,dcc0206c-06fe-4c8a-bee4-58179af53b9b,caba7fb1-2cb9-46bc-9e4b-03bcc34c02a2
HM Air Jumping Rope,Jumping Pull-up,0.5882,No description available,Strength,Abdominals,back,Body Only,Intermediate,,https://fitnessprogramer.com/wp-content/uploads/2022/01/jumping-pull-up.gif,fd7f908b-f086-474f-ada9-98b9195893e1,c0c4ea00-7069-410c-a0fa-753e0d37c08b
HM Alternating Lunge Reach,Seated Alternating Dumbbell Curl,0.4888,No description available,Strength,Abdominals,biceps,Body Only,Intermediate,,https://fitnessprogramer.com/wp-content/uploads/2022/06/Seated-dumbbell-alternating-curl.gif,cc25fa53-4eec-4444-9858-5d1d035b2c15,98334714-b20d-4c97-a9d9-e544e51a0c02
HM Alternating Side Plank Reach,Seated Alternating Dumbbell Curl,0.4587,No description available,Strength,Abdominals,biceps,Body Only,Intermediate,,https://fitnessprogramer.com/wp-content/uploads/2022/06/Seated-dumbbell-alternating-curl.gif,7ce86006-22b6-4ead-9b8d-3440813fea64,98334714-b20d-4c97-a9d9-e544e51a0c02
HM Superman Plank,Reverse Plank,0.2876,No description available,Strength,Abdominals,abs,Body Only,Intermediate,,https://fitnessprogramer.com/wp-content/uploads/2021/05/Reverse-plank.gif,a9f36c06-77a6-4e49-9602-ebcc8662037c,0f764094-2ab8-43c2-bcea-c285da8e555d
HM Table Pose,Bow Pose,0.4619,No description available,Strength,Abdominals,abs,Body Only,Intermediate,,https://fitnessprogramer.com/wp-content/uploads/2021/02/Bow-Yoga-Pose.gif,10d4b6cf-6287-4abe-bf2c-267fcbc23a81,214acda1-4903-4c65-8a6c-9f5f69e5eba5
HM Right Side Bird-Dog,Right Cross,0.3261,No description available,Stretching,Abdominals,cardio,Body Only,Intermediate,,https://fitnessprogramer.com/wp-content/uploads/2022/08/Right-Cross-Boxing.gif,a0d72bb5-4d64-4a60-925a-29d458de741a,72f06398-7971-453e-b797-3f496f5e49d6
HM Right Side Crunch,Seated Side Crunch,0.6154,No description available,Strength,Abdominals,abs,Body Only,Intermediate,,https://fitnessprogramer.com/wp-content/uploads/2021/05/Seated-Side-Crunches.gif,9a7197ec-3db1-43cc-856c-602c8a5ec39c,57cf5497-e455-4796-93d9-b07d28cbabbf
HM Bird-Dog Plank,Reverse Plank,0.3117,No description available,Strength,Abdominals,abs,Body Only,Intermediate,,https://fitnessprogramer.com/wp-content/uploads/2021/05/Reverse-plank.gif,571ec0f8-7af6-4c9f-baa7-8fdca0b3398f,0f764094-2ab8-43c2-bcea-c285da8e555d
HM Bottoms Up,Water Bottle Hammer Curl,0.2334,No description available,Strength,Abdominals,biceps,Body Only,Intermediate,,https://fitnessprogramer.com/wp-content/uploads/2022/06/Water-Bottle-Hammer-Curl.gif,64700f76-db2b-41e3-8348-817a28166c33,27dffe95-c0da-4dde-9cee-637c6af45a48
HM Bridge,Side Bridge Hip Abduction,0.5495,No description available,Strength,Abdominals,abs,Body Only,Intermediate,,https://fitnessprogramer.com/wp-content/uploads/2022/02/Side-Bridge-Hip-Abduction.gif,bc82d8a1-af2d-4aa0-af1f-9fcd75dc1410,e756a8e5-2a51-48b0-a2a7-e9570ee89bf7
HM Running Man Crunch,Backward Running,0.5255,No description available,Cardio,Abdominals,cardio,Body Only,Intermediate,,https://fitnessprogramer.com/wp-content/uploads/2021/08/Backwards-Running.gif,6b5f1d20-f9db-4420-80f5-ee1ab77fae24,3b915144-8c58-4e0b-8b03-c17cd2ff6d68
HM Side-Bend Pose,Cable Side Bend,0.6341,No description available,Strength,Abdominals,abs,Body Only,Intermediate,,https://fitnessprogramer.com/wp-content/uploads/2021/09/Cable-Side-Bend.gif,9748aef6-cbc0-4c6d-85e4-2d9eb4a63f78,d0fb12ce-f818-4512-ac1d-4d4b0d100c02
HM Side-Plank Arm Wrap,Front to Side Plank,0.464,No description available,Strength,Abdominals,abs,Body Only,Intermediate,,https://fitnessprogramer.com/wp-content/uploads/2021/05/Front-to-Side-Plank.gif,69c6aa36-ad3e-42f7-be93-dd3be7d18f14,cb995e4b-5fb7-4454-8df9-b1a6aad2ac76
HM Side-Plank with Hip Touch,Front to Side Plank,0.4559,No description available,Strength,Abdominals,abs,Body Only,Intermediate,,https://fitnessprogramer.com/wp-content/uploads/2021/05/Front-to-Side-Plank.gif,1f80e0b8-8b71-4376-98cc-9a643b9d7577,cb995e4b-5fb7-4454-8df9-b1a6aad2ac76
HM Side-Plank with Kick,Reverse Plank Kicks,0.557,No description available,Strength,Abdominals,abs,Body Only,Intermediate,,https://fitnessprogramer.com/wp-content/uploads/2021/02/Reverse-Plank-Kicks.gif,72ddcc02-5d82-4b4e-90c9-0cc1306710d5,7b39b096-90a2-4e44-a42e-d420cfd90f84
HM Side V-Up,Side Bent,0.5047,No description available,Strength,Abdominals,abs,Body Only,Intermediate,,https://fitnessprogramer.com/wp-content/uploads/2022/12/Side-Bent.gif,a6c523be-e05e-4086-bf31-8250ca0db72d,d4789325-4dfd-4a1e-b00a-3b969ef4b375
HM Crab Crunch,Frog Crunch,0.4717,No description available,Strength,Abdominals,abs,Body Only,Intermediate,,https://fitnessprogramer.com/wp-content/uploads/2021/06/frog-crunch.gif,53c316ab-50cc-423e-bdd2-3720d1835981,ac8a7e71-9b12-471c-ae5a-e4cc114d40df
HM Crunch Pulse,Frog Crunch,0.4337,No description available,Strength,Abdominals,abs,Body Only,Intermediate,,https://fitnessprogramer.com/wp-content/uploads/2021/06/frog-crunch.gif,67ac34f8-5e13-4399-bdfc-b8d279aab9ca,ac8a7e71-9b12-471c-ae5a-e4cc114d40df
HM Single-Leg Inchworm,Lever Single Leg Curl,0.3266,No description available,Strength,Abdominals,leg,Body Only,Intermediate,,https://fitnessprogramer.com/wp-content/uploads/2021/06/Lever-Single-Leg-Curl.gif,72ec3c4e-d29a-45f8-afda-925ebeef2ed7,e312a666-db25-4cfa-9ea5-e37aee2e4b4f
HM Floor Jack,Floor Crunch,0.5661,No description available,Strength,Abdominals,abs,Body Only,Intermediate,,https://fitnessprogramer.com/wp-content/uploads/2021/05/Floor-Crunch.gif,c1c333b6-ec94-47f0-b221-dd52478f2400,99342b9b-e469-4a44-b8f7-7ada342d78e8
HM Floor Kick,Floor Crunch,0.58,No description available,Strength,Abdominals,abs,Body Only,Intermediate,,https://fitnessprogramer.com/wp-content/uploads/2021/05/Floor-Crunch.gif,1bb90fcf-249d-4d07-84f8-df28ae729e32,99342b9b-e469-4a44-b8f7-7ada342d78e8
HM Sit-Up,L-Sit,0.6734,No description available,Strength,Abdominals,abs,Body Only,Intermediate,,https://fitnessprogramer.com/wp-content/uploads/2021/09/L-Sit.gif,5cd6b555-40c1-484b-990e-bea042a42f42,f070c4e6-8561-4185-9b8f-2bdef417535d
HM Slow Mountain Climber,Stair Climber Machine,0.3919,No description available,Strength,Abdominals,cardio,Body Only,Intermediate,,https://fitnessprogramer.com/wp-content/uploads/2021/10/Walking-on-Stepmill.gif,048e8f97-3fab-4fa1-ad73-761d03690857,cea6d945-0f7b-4954-a316-8b604cc9b08c
HM Slow Sit-Up,L-Sit,0.439,No description available,Strength,Abdominals,abs,Body Only,Intermediate,,https://fitnessprogramer.com/wp-content/uploads/2021/09/L-Sit.gif,d68014ba-eb58-403b-881d-d2ba26157cad,f070c4e6-8561-4185-9b8f-2bdef417535d
HM Half-Up,Half Wipers,0.508,No description available,Strength,Abdominals,abs,Body Only,Intermediate,,https://fitnessprogramer.com/wp-content/uploads/2021/02/Half-Wipers.gif,d7710339-a2fb-464a-9e89-3e36f501d488,2c50f129-3d2a-48e1-ab64-0f75eb7432c5
HM Hollow-Body Pulse,Body Ups,0.3593,No description available,Strength,Abdominals,triceps,Body Only,Intermediate,,https://fitnessprogramer.com/wp-content/uploads/2021/06/Body-Ups.gif,5bab2d06-824b-4306-b063-d302e9a5ad4a,04b0a6ac-8423-4ef6-9e8f-4b05904a6915
HM Inchworm,Cable Two Arm Curl on Incline Bench,0.0768,No description available,Strength,Abdominals,biceps,Body Only,Intermediate,,https://fitnessprogramer.com/wp-content/uploads/2022/02/Cable-Two-Arm-Curl-on-Incline-Bench.gif,da7e1e69-0001-48b0-bce1-0812fd88e2c2,5ca1f7e8-b8f0-4965-9495-1c52cd9d5df2
HM Right Side Hollow Hold with Pulse,Right Cross,0.259,No description available,Strength,Abdominals,cardio,Body Only,Intermediate,,https://fitnessprogramer.com/wp-content/uploads/2022/08/Right-Cross-Boxing.gif,d1997605-76d8-4c48-b582-1735b932a5d8,72f06398-7971-453e-b797-3f496f5e49d6
HM Reverse Crunch with Frisbee,Crunch With Leg Raise,0.3713,No description available,Strength,Abdominals,abs,Body Only,Intermediate,,https://fitnessprogramer.com/wp-content/uploads/2021/05/Crunch-With-Leg-Raise.gif,933e4e37-7df2-4177-9d0f-3402b8580716,ca3d5cd7-0115-4229-bac2-4fbeb53b857f
HM Left Side Bird-Dog,Side Bent,0.2548,No description available,Strength,Abdominals,abs,Body Only,Intermediate,,https://fitnessprogramer.com/wp-content/uploads/2022/12/Side-Bent.gif,bc68b2b7-1fc8-4afe-ab23-f2446b794312,d4789325-4dfd-4a1e-b00a-3b969ef4b375
HM Left Side Crunch,Seated Side Crunch,0.6189,No description available,Strength,Abdominals,abs,Body Only,Intermediate,,https://fitnessprogramer.com/wp-content/uploads/2021/05/Seated-Side-Crunches.gif,80e9151e-a49b-49e0-9a5a-8154e2816b13,57cf5497-e455-4796-93d9-b07d28cbabbf
HM Left Side Hollow Hold With Pulse,Squat Hold Calf Raise,0.2389,No description available,Strength,Abdominals,calf,Body Only,Intermediate,,https://fitnessprogramer.com/wp-content/uploads/2021/12/Squat-Hold-Calf-Raise.gif,349758f6-29a4-4655-aecc-3c901101648f,278ecda6-1d60-4f62-a099-80c7f84b78d9
HM Reverse Crunch,Reverse Push-up,0.566,No description available,Strength,Abdominals,chest,Body Only,Intermediate,,https://fitnessprogramer.com/wp-content/uploads/2021/09/Reverse-Push-up.gif,0d96a2dc-992b-4b8f-bd80-c431bf98a006,2ec56c32-419c-4165-a9f5-9296af05f660
HM Low Lunge With External Twist And Arm Reach,Band Alternating Low Row with Twist,0.461,No description available,Strength,Abdominals,back,Body Only,Intermediate,,https://fitnessprogramer.com/wp-content/uploads/2022/02/Band-Alternating-Low-Row-with-Twist.gif,6966beaf-5819-4a5d-be4d-a73d6ae44d5f,b8f9d090-db14-4040-b418-530712f47504
HM Prison Sit-Up,L-Sit,0.3384,No description available,Strength,Abdominals,abs,Body Only,Intermediate,,https://fitnessprogramer.com/wp-content/uploads/2021/09/L-Sit.gif,30655172-ebd2-4eaf-8ed6-ed2a118e7fdd,f070c4e6-8561-4185-9b8f-2bdef417535d
HM Plank Alternating Hip-Dip,Seated Alternating Dumbbell Curl,0.4805,No description available,Strength,Abdominals,biceps,Body Only,Intermediate,,https://fitnessprogramer.com/wp-content/uploads/2022/06/Seated-dumbbell-alternating-curl.gif,48fe4c4d-d594-4dbf-b682-193047116b7d,98334714-b20d-4c97-a9d9-e544e51a0c02
HM Tuck-Up Get-Up,Chin Tuck,0.5162,No description available,Strength,Abdominals,neck,Body Only,Intermediate,,https://fitnessprogramer.com/wp-content/uploads/2021/06/Chin-Tuck.gif,b157a21d-0256-45da-89e1-27d05e290d70,caba7fb1-2cb9-46bc-9e4b-03bcc34c02a2
HM Flutter Kick,Butt Kicks,0.3028,No description available,Strength,Abdominals,cardio,Body Only,Intermediate,,https://fitnessprogramer.com/wp-content/uploads/2021/10/Butt-Kicks.gif,51810a3e-5314-49c7-9b59-8d30312fa59f,092ae57a-9e86-4cf6-877e-6f55b0a9fc46
McGill Pull-Up,L-Sit Pull-Up,0.2677,No description available,Strength,Abdominals,full-body,Body Only,Intermediate,,https://fitnessprogramer.com/wp-content/uploads/2023/06/L-Pull-Up.gif,0bd8b73f-2375-4c5a-a914-638f0fdddfbf,a6dd99e0-a051-4c26-ac6f-e68599ca88c2
AM Leg Lift,Plank Leg Lift,0.6766,"The captain's chair leg raise is an exercise that targets the abs and hip flexors. It involves an apparatus that allows the forearms to rest on pads and the upright torso to hang freely. Unlike the Captain’s chair knee raise, the legs are straight here.",Strength,Abdominals,abs,Body Only,Intermediate,,https://fitnessprogramer.com/wp-content/uploads/2021/02/Plank-Leg-Lift.gif,7b17f84f-a5f4-4f7b-aa2b-c046c2f0caa8,15199dde-d1fe-43d4-8f35-fb1cde80c774
AM Decline Abs,Decline Cable Fly,0.5311,"The decline sit-up is a core exercise that works the iliopsoas, quads, hip flexors, and adductors. The rectus abdominis and obliques are the stabilizers in this movement.",Strength,Abdominals,chest,Body Only,Intermediate,,https://fitnessprogramer.com/wp-content/uploads/2021/06/Decline-Cable-Fly.gif,941a462e-bb2b-41d1-abf7-d5341a26b208,a2609b9a-4dba-4898-b3b3-ba6d8d39b206
Hanging crunch,Hanging Side Knee Raises,0.5817,"The hanging crunch an abdominal exercise that targets the rectus abdominis or ""six-pack"" muscles. It can be performed hanging from a bar, on a dip station or parallel bars, or if grip strength is a limitation, by placing the elbows in ab straps. If hanging from a straight bar is uncomfortable to the wrists or shoulders, you can also perform them hanging with a neutral grip (palms facing one another). It is similar to a hanging knee raise, but with more spinal curling and a more pronounced ""crunch"" at the top.",Strength,Abdominals,abs,Body Only,Intermediate,,https://fitnessprogramer.com/wp-content/uploads/2022/10/Hanging-Side-Knee-Raises.gif,970a20f1-eafa-42df-80d3-9a70b72d3a43,0e60049a-3dad-4517-b3a8-ee293da19b9b
Tyler Holt Hanging Toes-To-Bar,Hanging Side Knee Raises,0.3677,No description available,Strength,Abdominals,abs,Body Only,Intermediate,,https://fitnessprogramer.com/wp-content/uploads/2022/10/Hanging-Side-Knee-Raises.gif,8ee87864-7d1f-40d6-82ac-779d4ffebc7d,0e60049a-3dad-4517-b3a8-ee293da19b9b
UNS Foam Roll Thigh,Thigh fly (Adductor Magnus Stretch),0.486,No description available,Strength,Abdominals,leg,Body Only,Intermediate,,https://fitnessprogramer.com/wp-content/uploads/2021/05/Adductor-Magnus-Stretch.gif,35601cef-3f7c-45a3-93eb-56b570e74e9d,8d7ac388-5fcf-4024-a5fc-16ed6b904b27
UNS T-spine rotation with reach,Kneeling T-spine Rotation,0.6258,No description available,Strength,Abdominals,shoulders,Body Only,Intermediate,,https://fitnessprogramer.com/wp-content/uploads/2022/08/Kneeling-T-spine-Rotation.gif,c2976b03-81ee-46dd-bb74-60650565e6e7,94376abc-6e7f-48ec-8eaa-c65e9172613a
UNS Quadruped thoracic rotation,Push-up With Rotation,0.3022,No description available,Strength,Abdominals,chest,Body Only,Intermediate,,https://fitnessprogramer.com/wp-content/uploads/2023/01/push-up-with-rotation.gif,00161024-23ce-4723-98d6-d9d8165c1a42,84dfdcf9-d3c2-41cf-8573-f963edda6896
UNS Lat stretch,Foam Roller Lat Stretch,0.4843,No description available,Strength,Abdominals,back,Body Only,Intermediate,,https://fitnessprogramer.com/wp-content/uploads/2022/02/Foam-Roller-Lat-Stretch.gif,587c24c7-0c8b-4fd6-8d91-224577eb8f4d,5a945bc4-8bae-4920-bceb-39a0b5c45942
UNS Foam Roll,Foam Roller Quads,0.5117,No description available,Strength,Abdominals,leg,Body Only,Intermediate,,https://fitnessprogramer.com/wp-content/uploads/2022/02/Foam-Roller-Quads.gif,bd93b1e0-2e62-4cf3-8414-fa70fed5a1cb,255003b1-c03b-4079-9f69-9fed9cc6d0a6
UNS Foam Roll Lats,Foam Roller Lat Stretch,0.4268,No description available,Strength,Abdominals,back,Body Only,Intermediate,,https://fitnessprogramer.com/wp-content/uploads/2022/02/Foam-Roller-Lat-Stretch.gif,c9d5c56f-1914-4c53-bb66-0f33642c2f21,5a945bc4-8bae-4920-bceb-39a0b5c45942
UNS Rocking Adductor Stretch,Standing Wide Leg Adductor Stretch,0.6019,No description available,Strength,Abdominals,leg,Body Only,Intermediate,,https://fitnessprogramer.com/wp-content/uploads/2022/06/Standing-Wide-Leg-Adductor-Stretch.gif,68809ae3-27a1-43dd-b0d5-5e0a63976ab0,e6358b85-97f2-4935-941d-cfbcd3129568
UNS Bird Dog,Frog Pose,0.0495,No description available,Strength,Abdominals,leg,Body Only,Intermediate,,https://fitnessprogramer.com/wp-content/uploads/2022/12/Frog-Pose-mandukasana.gif,409974da-7092-4c12-a1f6-49cc19966b78,dcdd8da9-2410-4046-947d-51392f1ce878
UNS Jumping Jack,Jumping Pull-up,0.6225,No description available,Strength,Abdominals,back,Body Only,Intermediate,,https://fitnessprogramer.com/wp-content/uploads/2022/01/jumping-pull-up.gif,af2b2910-4854-4354-a1dd-310ac27146d7,c0c4ea00-7069-410c-a0fa-753e0d37c08b
Bench mountain climber,Stair Climber Machine,0.4115,"The bench mountain climber is a bodyweight exercise that works the core, shoulders, and lower body while burning a lot of calories. Placing the hands on an elevated surface such as a bench decreases the challenge to the shoulders, allowing lifters to focus their work on the other body parts. Mountain climber variations are usually performed at a fast pace for moderate to high reps, such as 8-12 reps per leg or more.",Strength,Abdominals,cardio,Body Only,Intermediate,,https://fitnessprogramer.com/wp-content/uploads/2021/10/Walking-on-Stepmill.gif,f57a3bf0-71e8-4811-9dd5-a7b32ad8d6ad,cea6d945-0f7b-4954-a316-8b604cc9b08c
Feet-elevated bench side plank,Bench Side Bend,0.417,"The feet-elevated bench side plank is an advanced version of the side plank performed with the feet elevated on a bench. It targets the same muscles as the side plank, including the obliques, shoulders, and lateral hips, but the body angle makes it more difficult than side planks on the floor. Most lifters will need to progress to this version after mastering the basic side plank first.",Strength,Abdominals,abs,Body Only,Intermediate,,https://fitnessprogramer.com/wp-content/uploads/2021/05/Bench-Side-Bend.gif,d06a7389-1415-436f-a519-a21b58073215,d2b36800-6575-4d6b-abdb-26cf45de1c23
Decline kayak,Decline Cable Fly,0.4065,"The decline kayak is a core exercise targeting the obliques. It involves making a paddling motion on a decline bench with the feet anchored, using a bar or pipe for weight. It is usually performed for moderate to high reps, at least 8-12 reps per side, as part of the ab-focused portion of a workout or circuit.",Strength,Abdominals,chest,Body Only,Intermediate,,https://fitnessprogramer.com/wp-content/uploads/2021/06/Decline-Cable-Fly.gif,542ede12-1347-4f51-96d8-739808c8d183,a2609b9a-4dba-4898-b3b3-ba6d8d39b206
30 Decline Reverse Crunch,Decline Cable Fly,0.4576,The decline reverse crunch is a core exercise targeting the lower abdominals.,Strength,Abdominals,chest,Body Only,Intermediate,,https://fitnessprogramer.com/wp-content/uploads/2021/06/Decline-Cable-Fly.gif,887bcfb9-b5c2-4734-82e5-baa636371a7a,a2609b9a-4dba-4898-b3b3-ba6d8d39b206
Decline sit-up twist,Decline Cable Fly,0.503,"The decline sit-up twist is a bodyweight core exercise that targets the obliques, as well as the rectus abdominis or ""six pack"" muscles. Sit-up variations are usually performed for moderate to high reps, such as 10-15 reps per set or more, as part of the core-focused portion of a workout.",Strength,Abdominals,chest,Body Only,Intermediate,,https://fitnessprogramer.com/wp-content/uploads/2021/06/Decline-Cable-Fly.gif,18d0d89f-4197-4b6a-ab3f-82d2d45510aa,a2609b9a-4dba-4898-b3b3-ba6d8d39b206
30 Flat Bench Leg Raise,Leg Raise,0.5518,"The lying leg lift is a popular bodyweight exercise targeting the muscles of the abs, the rectus abdominis or “six-pack” muscles in particular. It can be performed for time or reps in the core-focused portion of any workout.",Strength,Abdominals,abs,Body Only,Intermediate,,https://fitnessprogramer.com/wp-content/uploads/2021/02/Lying-Leg-Raise.gif,7d579e92-78c3-47d6-8433-b12157d9419f,bff4d679-b3c5-4783-9e62-63a65baafa42
Chin-up crunch,One Arm Chin-Up,0.5099,The chin-up crunch is an exercise targeting the core and overall upper-body strength. It combines a chin-up with a knee raise or crunch to give extra emphasis to the core.,Strength,Abdominals,biceps,Body Only,Intermediate,,https://fitnessprogramer.com/wp-content/uploads/2022/01/One-Arm-Chin-Up.gif,b9be25c1-0129-45c8-9217-080ef496aae8,e97ebd18-b154-4754-9454-06cebb88ea54
30 Gorilla Chin Oblique Crunch,Oblique Floor Crunches,0.5328,No description available,Strength,Abdominals,abs,Body Only,Intermediate,,https://fitnessprogramer.com/wp-content/uploads/2021/05/Oblique-Floor-Crunches.gif,e79124d0-cfce-4b5e-ad83-9f4b2c594e0a,5f13fe1b-b778-4c4f-a879-bcc7901f38d0
Half Turkish get-up,Half Wipers,0.2454,"The half Turkish get-up is a kettlebell movement that focuses on the first portion of the Turkish get-up exercise. It is often taught as a precursor to the full Turkish get-up, but is also a valuable abdominal and shoulder exercise in its own right. It can be performed for reps or time, either in lower rep ranges for strength or higher rep ranges for technique practice or conditioning.",Strength,Abdominals,abs,Body Only,Intermediate,,https://fitnessprogramer.com/wp-content/uploads/2021/02/Half-Wipers.gif,0d151a6e-91c7-439d-b0c5-81e677c4caf5,2c50f129-3d2a-48e1-ab64-0f75eb7432c5
30 Hanging Oblique Crunch,Oblique Floor Crunches,0.62,"The hanging oblique crunch an abdominal exercise that targets both the rectus abdominus or “six-pack” muscles, and the oblique muscles. It can be performed hanging from a bar, or if grip strength is a limitation, by placing the elbows in ab straps. If hanging from a straight bar is uncomfortable to the wrists or shoulder, you can also perform them hanging with a neutral grip (palms facing one another)",Strength,Abdominals,abs,Body Only,Intermediate,,https://fitnessprogramer.com/wp-content/uploads/2021/05/Oblique-Floor-Crunches.gif,9dd22d46-a105-4214-bb23-f77594d5350f,5f13fe1b-b778-4c4f-a879-bcc7901f38d0
30 Hollow-Body Hold,Body Ups,0.3737,"The hollow-body hold is an isometric exercise that increases strength and stability in the core muscles. It is common in gymnastics training, CrossFit training, and as a core tension and bracing drill for lifters and athletes of all types. It is performed for time and can be performed as an activation drill prior to lifting, as part of a circuit, or as equipment-free core training anytime.",Strength,Abdominals,triceps,Body Only,Intermediate,,https://fitnessprogramer.com/wp-content/uploads/2021/06/Body-Ups.gif,3e9bce42-4c58-47bb-883a-353274aadfe8,04b0a6ac-8423-4ef6-9e8f-4b05904a6915
Parallel bars knee raise,Parallel Bar Dips,0.6666,"The parallel bars knee raise is a bodyweight exercise that targets the abs. It is performed on parallel bars, starting in the top position of a dip. Knee raises are often performed for moderate to high reps, such as 8-12 reps or more, as part of ab-focused training.",Strength,Abdominals,triceps,Body Only,Intermediate,,https://fitnessprogramer.com/wp-content/uploads/2022/04/parallel-bar-dip.gif,9c89f2d4-4ae6-472d-a22c-88a04a677623,5936808b-64b6-4af9-abbc-1c85c7b685e7
Otis-up-,Dumbbell V-up,0.079,"The Otis-up is a weighted exercise focusing on the abdominal muscles and the shoulders to a lesser degree. It primarily targets the rectus abdominis or ""six-pack"" muscles, but also involves the obliques and deep core muscles. It is normally performed on a decline bench holding a weight plate, but can also be performed with a dumbbell, kettlebell, or other weight.",Strength,Abdominals,abs,Body Only,Intermediate,,https://fitnessprogramer.com/wp-content/uploads/2021/10/Dumbbell-V-up.gif,04bf1805-cf05-4f9a-b84d-de15a5693be2,a76d8e2a-9efb-483d-a8f0-f61498c2f4ec
30 Shoulder Tap,Lying Shoulder Press,0.5565,"The shoulder tap is an exercise targeting the abdominals and core. The basic stance matches the top of a push-up position. From there, one hand is raised to tap its opposing shoulder. A tap with each hand to each opposing shoulder equals one rep.",Strength,Abdominals,shoulders,Body Only,Intermediate,,https://fitnessprogramer.com/wp-content/uploads/2021/09/Lying-Shoulder-Press.gif,9bd614ed-93e8-4fb9-98a6-1211119ba5cc,fd54ec17-57dc-4621-8462-60cb4b2289b5
30 Spider Crawl,Spider Plank,0.612,"The spider crawl is a bodyweight exercise that involves crawling on the floor with the knees outside of the elbows. It is different from a leopard crawl in that the hips are higher, and it's different from a bear crawl because the knees are wider. It can be done as a full-body warm-up, in short bursts for power or circuit training, or for longer durations as cardiovascular conditioning.",Strength,Abdominals,cardio,Body Only,Intermediate,,https://fitnessprogramer.com/wp-content/uploads/2021/05/Spider-Plank.gif,f0a9c972-6218-4f1a-861d-d6335d861a1f,aa1762fc-b40e-4645-8b93-cd6890bbcce5
Spider crunch,Spider Plank,0.6656,"The spider crunch is a core exercise that begins in a straight-arm plank position and involves raising one knee toward your same-side elbow to target the obliques. It is similar to a mountain climber, but with the knees out wider. It can be performed for time or reps as bodyweight ab training or conditioning.",Strength,Abdominals,cardio,Body Only,Intermediate,,https://fitnessprogramer.com/wp-content/uploads/2021/05/Spider-Plank.gif,f4386160-0a08-4504-9de4-268e50151694,aa1762fc-b40e-4645-8b93-cd6890bbcce5
30 Hanging Toes-To-Bar,Hanging Side Knee Raises,0.4836,"The hanging toes-to-bar is an advanced abdominal exercise in which the lifter touches their feet to a pull-up bar. There are many ways to perform this movement: strict or swinging, arms completely straight or slightly bent, legs straight or bent, each providing unique benefits and challenges. Initially, it may be a difficult move to do for a single rep, but once you build the requisite core, lat, and shoulder strength, it can be performed for higher reps.",Strength,Abdominals,abs,Body Only,Intermediate,,https://fitnessprogramer.com/wp-content/uploads/2022/10/Hanging-Side-Knee-Raises.gif,393876df-8d78-4903-9edc-8af595c9a7eb,0e60049a-3dad-4517-b3a8-ee293da19b9b
30 V-Up,Dumbbell V-up,0.3898,"The V-up is a bodyweight movement that targets the muscles of the abs, the rectus abdominis or ""six-pack"" muscles in particular. It is similar to a suitcase crunch, but the lower back lifts off the ground at the top of each rep. It can be performed for time or reps in the ab-focused portion of any workout.",Strength,Abdominals,abs,Body Only,Intermediate,,https://fitnessprogramer.com/wp-content/uploads/2021/10/Dumbbell-V-up.gif,05b6fe2b-ecee-44ae-8ab8-d71616312c4b,a76d8e2a-9efb-483d-a8f0-f61498c2f4ec
Cocoon crunch,Frog Crunch,0.3369,"The cocoon crunch is a bodyweight exercise targeting the ab muscles, the rectus abdominis or ""six-pack"" muscles in particular. It involves bringing your knees to your chest and your arms from overhead to center. It can be performed for time or reps as part of the ab-focused portion of any workout.",Strength,Abdominals,abs,Body Only,Intermediate,,https://fitnessprogramer.com/wp-content/uploads/2021/06/frog-crunch.gif,aa8922a0-097e-4c07-9f82-05649b34f1e4,ac8a7e71-9b12-471c-ae5a-e4cc114d40df
Full moon-,Full Crunch Machine,0.4014,"The full moon is a bodyweight exercise targeting the muscles of the abs. It is similar to a V-up, but with the added challenge of “drawing” a circle shape in the air during each rep. It can be performed for time or reps in the core-focused portion of any workout.",Strength,Abdominals,abs,Body Only,Intermediate,,https://fitnessprogramer.com/wp-content/uploads/2022/07/Full-Crunch-Machine.gif,3f52fd0d-9a9e-48a6-b970-4d824d3377fc,b967ed7c-ce7c-476b-a24d-fdea9475be41
Push-up to side plank,Front to Side Plank,0.6764,"The push-up to side plank is an upper-body and core-focused exercise combining two popular bodyweight movements. It targets the chest, triceps, and shoulders with the push-up, and the obliques and hip external rotator muscles with the side plank. It can be performed as part of a dynamic warm-up or any bodyweight strength-training workout.",Strength,Abdominals,abs,Body Only,Intermediate,,https://fitnessprogramer.com/wp-content/uploads/2021/05/Front-to-Side-Plank.gif,1c00fdf1-58a1-41df-84e8-fd66961e4598,cb995e4b-5fb7-4454-8df9-b1a6aad2ac76
Tyler Holt V-Up,Dumbbell V-up,0.1377,No description available,Strength,Abdominals,abs,Body Only,Intermediate,,https://fitnessprogramer.com/wp-content/uploads/2021/10/Dumbbell-V-up.gif,e72e1256-5ec9-4ebe-861f-8f5e8ae3eb65,a76d8e2a-9efb-483d-a8f0-f61498c2f4ec
Tyler Holt Plank,Reverse Plank,0.2804,No description available,Strength,Abdominals,abs,Body Only,Intermediate,,https://fitnessprogramer.com/wp-content/uploads/2021/05/Reverse-plank.gif,3232d203-22c4-42ea-83a8-ef76d6487183,0f764094-2ab8-43c2-bcea-c285da8e555d
Tyler Holt Hip-Dip,Dip Shrugs (Serratus Shrugs),0.2216,No description available,Strength,Abdominals,trapezius,Body Only,Intermediate,,https://fitnessprogramer.com/wp-content/uploads/2022/02/Dip-Shrugs.gif,3b55cfd4-bc5a-4ba9-985b-f9831e057ebc,7c3ad67d-a7f7-49bf-9723-b31e20dfc0cb
Suicides,Side Bent,0.0804,No description available,Strength,Abdominals,abs,Body Only,Intermediate,,https://fitnessprogramer.com/wp-content/uploads/2022/12/Side-Bent.gif,048e91b3-df18-42da-9c20-253e9747ed92,d4789325-4dfd-4a1e-b00a-3b969ef4b375
Holman Towel Straight Plank Jack,Towel Leg Curl,0.4244,No description available,Strength,Abdominals,leg,Body Only,Intermediate,,https://fitnessprogramer.com/wp-content/uploads/2022/02/Towel-Leg-Curl.gif,61457db1-7f4f-4e05-885a-1c70b9880bc8,9d5e5834-3f74-4c5d-921e-04f3f4eadd6b
Holman Towel Hill Climber,Towel Leg Curl,0.4216,No description available,Strength,Abdominals,leg,Body Only,Intermediate,,https://fitnessprogramer.com/wp-content/uploads/2022/02/Towel-Leg-Curl.gif,01e9beb6-9a37-4bb8-825e-06f46af39876,9d5e5834-3f74-4c5d-921e-04f3f4eadd6b
Holman Towel Elbow Plank Jack,Side Plank Knee to Elbow,0.516,No description available,Strength,Abdominals,abs,Body Only,Intermediate,,https://fitnessprogramer.com/wp-content/uploads/2022/10/Side-Plank-Knee-to-Elbow-.gif,16e8cec4-0cb1-4285-aba5-e4e7d130f806,e0d42756-de6e-46c6-9285-7fe8df347462
Holman Towel Elbow Plank Pike,Side Plank Knee to Elbow,0.5056,No description available,Strength,Abdominals,abs,Body Only,Intermediate,,https://fitnessprogramer.com/wp-content/uploads/2022/10/Side-Plank-Knee-to-Elbow-.gif,5ae442b4-e494-4a1b-b9f2-474d1c817793,e0d42756-de6e-46c6-9285-7fe8df347462
Holman Towel Straight Plank Hand Reach,Towel Leg Curl,0.3902,No description available,Strength,Abdominals,leg,Body Only,Intermediate,,https://fitnessprogramer.com/wp-content/uploads/2022/02/Towel-Leg-Curl.gif,d44c0d6a-6f43-4b52-a555-957b45a54d49,9d5e5834-3f74-4c5d-921e-04f3f4eadd6b
Holman Towel Wax-On Wax-Off,Towel Leg Curl,0.3224,No description available,Strength,Abdominals,leg,Body Only,Intermediate,,https://fitnessprogramer.com/wp-content/uploads/2022/02/Towel-Leg-Curl.gif,9facc562-4d20-4d8a-a508-b8d1c6d1621b,9d5e5834-3f74-4c5d-921e-04f3f4eadd6b
Holman Towel Wide Hill Climber,Towel Leg Curl,0.3921,No description available,Strength,Abdominals,leg,Body Only,Intermediate,,https://fitnessprogramer.com/wp-content/uploads/2022/02/Towel-Leg-Curl.gif,af129aed-48e7-4d75-8f7d-79d7ae4e5ef6,9d5e5834-3f74-4c5d-921e-04f3f4eadd6b
Holman Towel Dirty Dog,Towel Leg Curl,0.4164,No description available,Strength,Abdominals,leg,Body Only,Intermediate,,https://fitnessprogramer.com/wp-content/uploads/2022/02/Towel-Leg-Curl.gif,fd2f4228-5eeb-4f7c-9f61-b065dc3f8461,9d5e5834-3f74-4c5d-921e-04f3f4eadd6b
Holman Straight Plank Shoulder Tap,Straight Bar Dip,0.4214,No description available,Strength,Abdominals,full-body,Body Only,Intermediate,,https://fitnessprogramer.com/wp-content/uploads/2022/01/Straight-Bar-Dip.gif,56c3b35e-67cb-49c5-b83a-e8486171a9f5,27e268e4-b829-4ddf-8c8e-679378df19fd
Holman Killer Abs,Ab Roller Crunch,0.2235,No description available,Strength,Abdominals,abs,Body Only,Intermediate,,https://fitnessprogramer.com/wp-content/uploads/2021/12/Ab-Roller-Crunch.gif,5c8ce2aa-4a67-4091-944d-760dfe1541aa,cefdabd7-da1e-4cbc-9fb3-e03e6b625073
Holman Straight Plank Split Jack,Split Jacks,0.6456,No description available,Strength,Abdominals,cardio,Body Only,Intermediate,,https://fitnessprogramer.com/wp-content/uploads/2021/09/Split-Jacks.gif,a6695b20-d379-4f67-90ec-3c8deeb55895,60caa840-bb20-41c6-a12a-244f758cced1
Holman Elbow Plank Swim,Side Plank Knee to Elbow,0.5313,No description available,Strength,Abdominals,abs,Body Only,Intermediate,,https://fitnessprogramer.com/wp-content/uploads/2022/10/Side-Plank-Knee-to-Elbow-.gif,957de642-6cf8-41e8-a16c-80056ebec974,e0d42756-de6e-46c6-9285-7fe8df347462
Holman Elbow Plank Saw,Side Plank Knee to Elbow,0.5652,No description available,Strength,Abdominals,abs,Body Only,Intermediate,,https://fitnessprogramer.com/wp-content/uploads/2022/10/Side-Plank-Knee-to-Elbow-.gif,67ee4180-7d4c-499c-b353-b881fe9e67c6,e0d42756-de6e-46c6-9285-7fe8df347462
Holman Feet-Elevated Straight Plank Toe-Tap Series,Straight Bar Dip,0.3035,No description available,Strength,Abdominals,full-body,Body Only,Intermediate,,https://fitnessprogramer.com/wp-content/uploads/2022/01/Straight-Bar-Dip.gif,006fee42-07cd-4bb0-ad47-4d8ea3f84854,27e268e4-b829-4ddf-8c8e-679378df19fd
Holman Elbow Plank Pike Pull,Side Plank Knee to Elbow,0.5476,No description available,Strength,Abdominals,abs,Body Only,Intermediate,,https://fitnessprogramer.com/wp-content/uploads/2022/10/Side-Plank-Knee-to-Elbow-.gif,fef2d5d3-0feb-44f8-850b-bc2650666c33,e0d42756-de6e-46c6-9285-7fe8df347462
Holman Hand-Elevated Walk-Over Push-Up,Handstand Walk,0.364,No description available,Strength,Abdominals,full-body,Body Only,Intermediate,,https://fitnessprogramer.com/wp-content/uploads/2022/12/handstand-walk.gif,b5df040f-8316-4cda-8927-2f3e944ef7ff,73d41489-d8f3-4952-b33a-71e5b3acb700
Holman Hands-Elevated Hill Climber,Hands Bike,0.186,No description available,Strength,Abdominals,cardio,Body Only,Intermediate,,https://fitnessprogramer.com/wp-content/uploads/2022/02/Hands-Bike.gif,351e64b7-d610-43ef-b195-eab0ed4de5c7,0c750010-6358-4f0c-94cb-2edbac0b2be7
Holman Seated Pike,Pike Push-up,0.5201,No description available,Strength,Abdominals,shoulders,Body Only,Intermediate,,https://fitnessprogramer.com/wp-content/uploads/2021/06/Pike-Push-up.gif,33115a98-f82a-4cea-b5ba-64c5189cbfe1,f82e27ff-e143-48d3-a6e8-318a0a643ee1
Holman Feet-Elevated Up-Down Plank,Push-down,0.2904,No description available,Strength,Abdominals,triceps,Body Only,Intermediate,,https://fitnessprogramer.com/wp-content/uploads/2021/02/Pushdown.gif,6a9e71a9-73c1-4f3d-954b-f6d9fe57d4aa,87a5b0c9-536a-45d6-8406-06cada37bc29
Holman Feet-Elevated Hand Tap,Side Lying Feet Raise,0.264,No description available,Strength,Abdominals,abs,Body Only,Intermediate,,https://fitnessprogramer.com/wp-content/uploads/2022/06/Side-Lying-Feet-Raise.gif,24217ca0-a770-41e9-904a-c50bb6de6b8d,05148618-7e6a-480d-aa82-b05143a722ae
Holman Reverse Straight Plank with Alternating Heel Pull-In,Reverse Plank,0.4783,No description available,Strength,Abdominals,abs,Body Only,Intermediate,,https://fitnessprogramer.com/wp-content/uploads/2021/05/Reverse-plank.gif,a94c6d53-bc1a-4251-994a-f3438295be4f,0f764094-2ab8-43c2-bcea-c285da8e555d
Holman Straight Plank Squat Thrust,Straight Bar Dip,0.4252,No description available,Strength,Abdominals,full-body,Body Only,Intermediate,,https://fitnessprogramer.com/wp-content/uploads/2022/01/Straight-Bar-Dip.gif,c0039b43-189f-41e3-a246-8178dd9f22c1,27e268e4-b829-4ddf-8c8e-679378df19fd
Holman Alternating Single-Leg Pike,Seated Alternating Dumbbell Curl,0.4556,No description available,Strength,Abdominals,biceps,Body Only,Intermediate,,https://fitnessprogramer.com/wp-content/uploads/2022/06/Seated-dumbbell-alternating-curl.gif,d31fdc21-9e3e-48f3-8b83-57e2cdacd4d7,98334714-b20d-4c97-a9d9-e544e51a0c02
Holman Knee Pull-In Crunch,Leg Pull-in Knee-ups,0.5054,No description available,Strength,Abdominals,abs,Body Only,Intermediate,,https://fitnessprogramer.com/wp-content/uploads/2021/02/Leg-Pull-In-Knee-ups.gif,f045a219-250c-451a-9b33-d645c7206df1,f28adbbe-a65a-48d6-b030-b2c606d6e54d
Holman Straight Plank with Hand Tap,Straight Bar Dip,0.43,No description available,Strength,Abdominals,full-body,Body Only,Intermediate,,https://fitnessprogramer.com/wp-content/uploads/2022/01/Straight-Bar-Dip.gif,33f3b8f1-11a3-4cf1-9c5b-0ec09af344f3,27e268e4-b829-4ddf-8c8e-679378df19fd
Holman Straight Plank with Dirty Dog,Straight Bar Dip,0.3864,No description available,Strength,Abdominals,full-body,Body Only,Intermediate,,https://fitnessprogramer.com/wp-content/uploads/2022/01/Straight-Bar-Dip.gif,551c1014-5402-4cc6-8656-335f2fbe4f24,27e268e4-b829-4ddf-8c8e-679378df19fd
Holman Elbow Plank Roll,Side Plank Knee to Elbow,0.5967,No description available,Strength,Abdominals,abs,Body Only,Intermediate,,https://fitnessprogramer.com/wp-content/uploads/2022/10/Side-Plank-Knee-to-Elbow-.gif,a8421089-2167-4df3-a748-0e6168bae4e6,e0d42756-de6e-46c6-9285-7fe8df347462
Holman Froggy Push-Up,Push-up With Push-up Bars,0.2882,No description available,Strength,Abdominals,chest,Body Only,Intermediate,,https://fitnessprogramer.com/wp-content/uploads/2021/10/Push-up-With-Push-up-Bars.gif,06918be5-2e32-4d16-b28e-6f9a40009a1d,345a1ef0-7af8-4774-b19e-5ef064cf3138
Holman Straight Plank Hand Tap to Shoulder Tap,Chest Tap Push-up,0.3536,No description available,Strength,Abdominals,chest,Body Only,Intermediate,,https://fitnessprogramer.com/wp-content/uploads/2022/07/Chest-Tap-Push-up.gif,bfa89fd4-19f3-4bbe-b36a-5bb88fca847a,217692d0-56db-4183-a34b-75f42205c28d
Holman In-Out Straight Plank,Straight Bar Dip,0.4803,No description available,Strength,Abdominals,full-body,Body Only,Intermediate,,https://fitnessprogramer.com/wp-content/uploads/2022/01/Straight-Bar-Dip.gif,213096b0-d182-4184-a6df-3060565caa1b,27e268e4-b829-4ddf-8c8e-679378df19fd
Holman Alternating Diagonal Knee Pull-in,Diagonal Neck Stretch,0.5031,No description available,Strength,Abdominals,neck,Body Only,Intermediate,,https://fitnessprogramer.com/wp-content/uploads/2021/07/Diagonal-Neck-Stretch-360x360.png,fb88a9ad-1ca5-4b46-88c5-64c6a59e4667,5ac027b6-d24d-455f-b331-c33688b01940
Holman Elbow Plank with Step-Out,Side Plank Knee to Elbow,0.5104,No description available,Strength,Abdominals,abs,Body Only,Intermediate,,https://fitnessprogramer.com/wp-content/uploads/2022/10/Side-Plank-Knee-to-Elbow-.gif,35a3f9fa-757a-44bf-a4eb-ab4363abe1b8,e0d42756-de6e-46c6-9285-7fe8df347462
Holman Alternating Slow L-Raise,Alternate Leg Raises,0.513,No description available,Strength,Abdominals,abs,Body Only,Intermediate,,https://fitnessprogramer.com/wp-content/uploads/2022/08/Alternate-Leg-Raises.gif,d72ae3c3-75f8-4cf1-b2ea-97e870a68cdc,7ac62e73-c11b-48e9-87f9-e79d191a0e42
Holman Feet-Elevated Plank with Shoulder Tap,Lever Shoulder Press,0.3387,No description available,Strength,Abdominals,shoulders,Body Only,Intermediate,,https://fitnessprogramer.com/wp-content/uploads/2021/04/Lever-Shoulder-Press.gif,ff104f26-212f-45ff-be0a-c6fb05f7e846,4513304e-34f6-4e79-a6e7-f8cdd3210c5c
Holman Feet-Elevated Inchworm Pike to Straight Plank Push-Up,Pike Push-up,0.3804,No description available,Strength,Abdominals,shoulders,Body Only,Intermediate,,https://fitnessprogramer.com/wp-content/uploads/2021/06/Pike-Push-up.gif,b0a06933-9889-44a2-a3dc-ca29386acc83,f82e27ff-e143-48d3-a6e8-318a0a643ee1
Holman Feet-Elevated Up-Down Elbow Plank,Side Plank Knee to Elbow,0.4582,No description available,Strength,Abdominals,abs,Body Only,Intermediate,,https://fitnessprogramer.com/wp-content/uploads/2022/10/Side-Plank-Knee-to-Elbow-.gif,147acdb6-cea5-4094-9b5f-38cdc5bf1c01,e0d42756-de6e-46c6-9285-7fe8df347462
Holman Feet-Elevated Plank Pike Pull,Pike Push-up,0.3564,No description available,Strength,Abdominals,shoulders,Body Only,Intermediate,,https://fitnessprogramer.com/wp-content/uploads/2021/06/Pike-Push-up.gif,940b5961-4cd3-4d63-8db4-ea3c93ef8ccb,f82e27ff-e143-48d3-a6e8-318a0a643ee1
Holman Feet-Elevated Alternating Single-Leg Hip Raise,Alternate Leg Raises,0.4692,No description available,Strength,Abdominals,abs,Body Only,Intermediate,,https://fitnessprogramer.com/wp-content/uploads/2022/08/Alternate-Leg-Raises.gif,4db32ac3-5708-4a32-80c7-0d4e179c8fec,7ac62e73-c11b-48e9-87f9-e79d191a0e42
Holman Feet-Elevated Plank Pike Pull to Push-Up,Pike Push-up,0.5071,No description available,Strength,Abdominals,shoulders,Body Only,Intermediate,,https://fitnessprogramer.com/wp-content/uploads/2021/06/Pike-Push-up.gif,1e346b51-04fc-4bfd-ad73-aa70da37881d,f82e27ff-e143-48d3-a6e8-318a0a643ee1
Holman Standing Heel Click,Heel Touch,0.3436,No description available,Strength,Abdominals,abs,Body Only,Intermediate,,https://fitnessprogramer.com/wp-content/uploads/2021/02/Heel-Touch.gif,db66111b-22de-4485-ad09-b6a81aa6b78b,db3605ce-6dc8-4b95-8ba0-80a8a93b2cac
Holman Straight Plank Right-Left Jack to Split Jack,Split Jacks,0.6371,No description available,Strength,Abdominals,cardio,Body Only,Intermediate,,https://fitnessprogramer.com/wp-content/uploads/2021/09/Split-Jacks.gif,ff37016d-3590-4e72-be2f-eae96875342d,60caa840-bb20-41c6-a12a-244f758cced1
Holman Elbow Plank Jack to Ninja Knees,Side Plank Knee to Elbow,0.5994,No description available,Strength,Abdominals,abs,Body Only,Intermediate,,https://fitnessprogramer.com/wp-content/uploads/2022/10/Side-Plank-Knee-to-Elbow-.gif,45aacf10-9d84-41c0-9c64-95da580fceb2,e0d42756-de6e-46c6-9285-7fe8df347462
Holman Right Side Elbow Plank with Left Leg Swing,Side Plank Knee to Elbow,0.5357,No description available,Strength,Abdominals,abs,Body Only,Intermediate,,https://fitnessprogramer.com/wp-content/uploads/2022/10/Side-Plank-Knee-to-Elbow-.gif,f30054de-e594-4452-bcfe-796f409f03e0,e0d42756-de6e-46c6-9285-7fe8df347462
Holman Left Side Elbow Plank with Right Leg Swing,Side Plank Knee to Elbow,0.5357,No description available,Strength,Abdominals,abs,Body Only,Intermediate,,https://fitnessprogramer.com/wp-content/uploads/2022/10/Side-Plank-Knee-to-Elbow-.gif,9322747a-d516-4e44-b942-63c2dc32da7d,e0d42756-de6e-46c6-9285-7fe8df347462
Holman Straight Plank with Alternating Diagonal Sit-Back,Diagonal Neck Stretch,0.4571,No description available,Strength,Abdominals,neck,Body Only,Intermediate,,https://fitnessprogramer.com/wp-content/uploads/2021/07/Diagonal-Neck-Stretch-360x360.png,bf580d13-750b-4694-b334-c3e8c3d7290c,5ac027b6-d24d-455f-b331-c33688b01940
Holman Boat Press with Leg Extension,Seated Leg Extension with Resistance Band,0.4509,No description available,Strength,Abdominals,leg,Body Only,Intermediate,,https://fitnessprogramer.com/wp-content/uploads/2022/07/Seated-Leg-Extension-with-Resistance-Band.gif,fe0401b5-5594-4c33-afd7-bed9367fda5d,4bdae167-fcb2-470c-826c-497fe0032208
Holman Shoulder Tap to Dirty Dog,Lying Shoulder Press,0.3408,No description available,Strength,Abdominals,shoulders,Body Only,Intermediate,,https://fitnessprogramer.com/wp-content/uploads/2021/09/Lying-Shoulder-Press.gif,0903cd7e-d3fd-4949-a675-fcd3739f773e,fd54ec17-57dc-4621-8462-60cb4b2289b5
Holman Standing Russian Twist,Ball Russian Twist throw with partner,0.5458,No description available,Strength,Abdominals,abs,Body Only,Intermediate,,https://fitnessprogramer.com/wp-content/uploads/2022/09/Ball-Russian-Twist-throw-with-partner.gif,8ae2ad9f-b0e6-42fb-8a05-6a97368c7d60,a0b96102-09e9-4dc0-9760-e8bb089c7b9c
Holman Hovering Plank with Shoulder Tap,Lying Shoulder Press,0.3379,No description available,Strength,Abdominals,shoulders,Body Only,Intermediate,,https://fitnessprogramer.com/wp-content/uploads/2021/09/Lying-Shoulder-Press.gif,844316ac-4a43-47ce-a872-5dcb464d1341,fd54ec17-57dc-4621-8462-60cb4b2289b5
Holman Elbow Plank to Stacked Plank Hip Drop,Side Plank Knee to Elbow,0.5005,No description available,Strength,Abdominals,abs,Body Only,Intermediate,,https://fitnessprogramer.com/wp-content/uploads/2022/10/Side-Plank-Knee-to-Elbow-.gif,cf64da21-4a80-4055-93af-d23a4a254c95,e0d42756-de6e-46c6-9285-7fe8df347462
Holman Elbow Plank to Walk-Up Pike,Side Plank Knee to Elbow,0.5398,No description available,Strength,Abdominals,abs,Body Only,Intermediate,,https://fitnessprogramer.com/wp-content/uploads/2022/10/Side-Plank-Knee-to-Elbow-.gif,456d7776-98f8-48a1-bcf3-a0fc599fb435,e0d42756-de6e-46c6-9285-7fe8df347462
Holman Hill Climber,Legless Rope Climb,0.2103,No description available,Strength,Abdominals,full-body,Body Only,Intermediate,,https://fitnessprogramer.com/wp-content/uploads/2022/02/Rope-Climb.gif,b9a0c1e4-0fed-439b-96ef-56e2e5dde677,b7c3202e-6bd0-48d0-bf89-7b056b198995
Holman Straight Plank Pike to Renegade Row,Push-Up to Renegade Row,0.6089,No description available,Strength,Abdominals,full-body,Body Only,Intermediate,,https://fitnessprogramer.com/wp-content/uploads/2022/07/Push-Up-to-Renegade-Row.gif,254c3b3e-308c-40c6-b580-d47775841e15,433ff47c-5be0-4bba-8051-44c08af82e1e
Holman Alternating Hip Drop to Push-Up,Seated Alternating Dumbbell Curl,0.4284,No description available,Strength,Abdominals,biceps,Body Only,Intermediate,,https://fitnessprogramer.com/wp-content/uploads/2022/06/Seated-dumbbell-alternating-curl.gif,18d128fc-2a21-4ee9-b10d-b80ba006cefe,98334714-b20d-4c97-a9d9-e544e51a0c02
Holman Crab Kick,Butt Kicks,0.3121,No description available,Strength,Abdominals,cardio,Body Only,Intermediate,,https://fitnessprogramer.com/wp-content/uploads/2021/10/Butt-Kicks.gif,a5db752c-6994-4cbb-b7c5-ef235719022b,092ae57a-9e86-4cf6-877e-6f55b0a9fc46
Holman Wounded Bear Crawl,Banded Leg Curl,0.1494,No description available,Strength,Abdominals,leg,Body Only,Intermediate,,https://fitnessprogramer.com/wp-content/uploads/2022/10/Banded-Leg-Curl.gif,836ce245-f73a-4deb-9ba8-5554ed71b36b,3d57c3ea-e3b0-4e30-b7a6-0a26ed859c6e
Holman Alternating Crab Reach,Seated Alternating Dumbbell Curl,0.4499,No description available,Strength,Abdominals,biceps,Body Only,Intermediate,,https://fitnessprogramer.com/wp-content/uploads/2022/06/Seated-dumbbell-alternating-curl.gif,2a2f854f-e6a5-42c3-857d-30f090088628,98334714-b20d-4c97-a9d9-e544e51a0c02
Holman Hovering Panther Core Stabilizer,Stability Ball V-Up,0.2721,No description available,Strength,Abdominals,abs,Body Only,Intermediate,,https://fitnessprogramer.com/wp-content/uploads/2021/08/V-Up-Down-with-Stability-ball.gif,4e972523-7a8e-4154-a4fe-b4d39e199dbf,0104042b-d38f-480a-ba63-7e825d68f351
Holman Burpee to Forward Lunge,Dumbbell Forward Leaning Lunge,0.5502,No description available,Strength,Abdominals,leg,Body Only,Intermediate,,https://fitnessprogramer.com/wp-content/uploads/2022/09/dumbbell-forward-leaning-lunge.gif,831ef303-9025-4153-9c19-efece6cdd83b,d96b80f3-55ec-434d-ab76-5ae2d9e5b1d8
Holman Seated Knee Pull-In Series,Seated Bench Leg Pull-in,0.4331,No description available,Strength,Abdominals,abs,Body Only,Intermediate,,https://fitnessprogramer.com/wp-content/uploads/2021/02/Seated-Bench-Leg-Pull-in.gif,f34f4f60-81fa-4d19-b0f9-4e4380c94f17,cdbd6415-f592-42c0-8553-cc3eace30789
Holman Elbow Plank Pike,Side Plank Knee to Elbow,0.5809,No description available,Strength,Abdominals,abs,Body Only,Intermediate,,https://fitnessprogramer.com/wp-content/uploads/2022/10/Side-Plank-Knee-to-Elbow-.gif,4a2af59a-1e21-4c60-911c-16b7abfb5db1,e0d42756-de6e-46c6-9285-7fe8df347462
Holman Elbow Plank Jack to Straight Plank Split Jack,Split Jacks,0.6023,No description available,Strength,Abdominals,cardio,Body Only,Intermediate,,https://fitnessprogramer.com/wp-content/uploads/2021/09/Split-Jacks.gif,dfd9a609-1d43-4369-a6eb-95a952ae1001,60caa840-bb20-41c6-a12a-244f758cced1
Holman Boat Pull-Over,Boat Pose,0.5146,No description available,Strength,Abdominals,leg,Body Only,Intermediate,,https://fitnessprogramer.com/wp-content/uploads/2022/01/Boat-Pose-Stretch.gif,1e0f0eb2-5a72-4e92-a711-d44c8bd1c23f,76cd099b-8f9d-4af6-8f49-c8ee3a2108f0
Holman Squat Pulse to Plyometric Jump,Zig Zag Hops Plyometric,0.5194,No description available,Strength,Abdominals,leg,Body Only,Intermediate,,https://fitnessprogramer.com/wp-content/uploads/2021/05/Zig-Zag-Hops-Plyometric.gif,9281f5ed-252a-4f07-aa7c-ea697b4bf968,f50323f4-bfd7-433e-b92d-1c55c4e2ef02
Holman Hands Down Heel Click,Heel Touch,0.3371,No description available,Strength,Abdominals,abs,Body Only,Intermediate,,https://fitnessprogramer.com/wp-content/uploads/2021/02/Heel-Touch.gif,6c750eaf-5867-42d7-94dc-0dbadbc62cca,db3605ce-6dc8-4b95-8ba0-80a8a93b2cac
Holman Straight Plank to Kick-Up,Straight Bar Dip,0.4788,No description available,Strength,Abdominals,full-body,Body Only,Intermediate,,https://fitnessprogramer.com/wp-content/uploads/2022/01/Straight-Bar-Dip.gif,5f607bc2-8262-4033-8934-141eab399796,27e268e4-b829-4ddf-8c8e-679378df19fd
Holman Hands-Elevated Split Jack,Split Jacks,0.6301,No description available,Strength,Abdominals,cardio,Body Only,Intermediate,,https://fitnessprogramer.com/wp-content/uploads/2021/09/Split-Jacks.gif,12799685-8c96-453d-b372-bfffecfe81d2,60caa840-bb20-41c6-a12a-244f758cced1
Holman Feet-Elevated Plank Reach,Reverse Plank,0.261,No description available,Strength,Abdominals,abs,Body Only,Intermediate,,https://fitnessprogramer.com/wp-content/uploads/2021/05/Reverse-plank.gif,02404173-86a2-4196-acf6-cc660be45249,0f764094-2ab8-43c2-bcea-c285da8e555d
Holman Hand-Elevated Side Plank Semicircle,Front to Side Plank,0.2792,No description available,Strength,Abdominals,abs,Body Only,Intermediate,,https://fitnessprogramer.com/wp-content/uploads/2021/05/Front-to-Side-Plank.gif,b752ddc2-549d-429f-9d74-af52b2d13c23,cb995e4b-5fb7-4454-8df9-b1a6aad2ac76
Holman Hands-Elevated Straight Plank Pike,Straight Bar Dip,0.3717,No description available,Strength,Abdominals,full-body,Body Only,Intermediate,,https://fitnessprogramer.com/wp-content/uploads/2022/01/Straight-Bar-Dip.gif,10d13bf1-6db1-4e8b-a5a1-994ee4d41e58,27e268e4-b829-4ddf-8c8e-679378df19fd
Holman Alternating Rolling Elbow Plank,Side Plank Knee to Elbow,0.4226,No description available,Strength,Abdominals,abs,Body Only,Intermediate,,https://fitnessprogramer.com/wp-content/uploads/2022/10/Side-Plank-Knee-to-Elbow-.gif,ed5a5f23-ae43-4e89-bbc7-0d5dbf97dbf4,e0d42756-de6e-46c6-9285-7fe8df347462
Holman Elbow Plank Jack,Side Plank Knee to Elbow,0.5975,No description available,Strength,Abdominals,abs,Body Only,Intermediate,,https://fitnessprogramer.com/wp-content/uploads/2022/10/Side-Plank-Knee-to-Elbow-.gif,6999d9b9-d195-4dc0-bca5-c8f4522ca26a,e0d42756-de6e-46c6-9285-7fe8df347462
Holman Squat Thrust to Alternating Knee-In,Seated Alternating Dumbbell Curl,0.4149,No description available,Strength,Abdominals,biceps,Body Only,Intermediate,,https://fitnessprogramer.com/wp-content/uploads/2022/06/Seated-dumbbell-alternating-curl.gif,2912adcd-514e-4238-8b00-0ef4c0df34ac,98334714-b20d-4c97-a9d9-e544e51a0c02
Holman Supine Double Pike,Double Leg Stretch,0.3925,No description available,Strength,Abdominals,abs,Body Only,Intermediate,,https://fitnessprogramer.com/wp-content/uploads/2021/05/Double-Leg-Stretch.gif,893b58d9-2590-440a-9e4a-1eaa7a38a392,423c16e9-9321-4652-b9ac-eba1ca55bdb6
Holman Elbow Plank Alternating Pike,Side Plank Knee to Elbow,0.4706,No description available,Strength,Abdominals,abs,Body Only,Intermediate,,https://fitnessprogramer.com/wp-content/uploads/2022/10/Side-Plank-Knee-to-Elbow-.gif,471cf572-6a10-4479-b299-0d7e5b6eef9f,e0d42756-de6e-46c6-9285-7fe8df347462
Holman Seated Killer Abs,Seated Side Crunch,0.2556,No description available,Strength,Abdominals,abs,Body Only,Intermediate,,https://fitnessprogramer.com/wp-content/uploads/2021/05/Seated-Side-Crunches.gif,b2338549-93e3-440a-8971-bde249b46ab2,57cf5497-e455-4796-93d9-b07d28cbabbf
Holman Side Plank Hip Drop,Front to Side Plank,0.4377,No description available,Strength,Abdominals,abs,Body Only,Intermediate,,https://fitnessprogramer.com/wp-content/uploads/2021/05/Front-to-Side-Plank.gif,92d6811f-71c9-4426-a331-fba045e830ab,cb995e4b-5fb7-4454-8df9-b1a6aad2ac76
Holman Wide Hill Climber,Wide-Grip Reverse Bench Press,0.193,No description available,Strength,Abdominals,chest,Body Only,Intermediate,,https://fitnessprogramer.com/wp-content/uploads/2022/10/Wide-Grip-Reverse-Bench-Press.gif,4ae9fada-3ce1-47ef-a6f2-d0683c5012b8,91ab2d2b-47ab-4b71-b875-e710a86a6592
Holman Straight-Legged Bicycle,Bicycle Crunch,0.5429,No description available,Strength,Abdominals,abs,Body Only,Intermediate,,https://fitnessprogramer.com/wp-content/uploads/2021/02/Bicycle-Crunch.gif,407e425a-7f60-43da-97de-7343f897250b,49c2f0e2-7654-4e0e-b0e0-f4884ced1f57
Holman Stair Toe Tap,Chest Tap Push-up,0.2635,No description available,Strength,Abdominals,chest,Body Only,Intermediate,,https://fitnessprogramer.com/wp-content/uploads/2022/07/Chest-Tap-Push-up.gif,ad57a2b4-9d59-4f37-9af7-34ee24b7cd25,217692d0-56db-4183-a34b-75f42205c28d
Holman Elbow Plank Ninja,Side Plank Knee to Elbow,0.4998,No description available,Strength,Abdominals,abs,Body Only,Intermediate,,https://fitnessprogramer.com/wp-content/uploads/2022/10/Side-Plank-Knee-to-Elbow-.gif,bb00ba01-7eb3-4010-a643-5be6055c7b95,e0d42756-de6e-46c6-9285-7fe8df347462
Holman Traveling Stair Climb Push-Up,Kneeling Push-up,0.29,No description available,Strength,Abdominals,chest,Body Only,Intermediate,,https://fitnessprogramer.com/wp-content/uploads/2022/01/Kneeling-Push-up.gif,bcde2528-ffd4-4cb8-9c12-fa8b568d96cc,24f0d65d-5027-4c71-b95d-ff6221deb64b
Holman Hands-Elevated Burpee,Burpees,0.5658,No description available,Strength,Abdominals,leg,Body Only,Intermediate,,https://fitnessprogramer.com/wp-content/uploads/2021/02/burpees.gif,7d18fb55-7413-4d47-a219-4b68c230f1c2,c4d195ea-2a3c-4736-bb0a-9fda9cb275a6
Holman Straight Plank Donkey Kick,Lever Donkey Calf Raise,0.435,No description available,Strength,Abdominals,calf,Body Only,Intermediate,,https://fitnessprogramer.com/wp-content/uploads/2021/09/Lever-Donkey-Calf-Raise.gif,5bf90fb2-ca6f-40e9-a7ea-cbc4537958ac,973fb2fc-aded-4d05-9958-df8963fa3faf
Holman Feet-Elevated Straight Plank Pike Pull,Straight Bar Dip,0.3503,No description available,Strength,Abdominals,full-body,Body Only,Intermediate,,https://fitnessprogramer.com/wp-content/uploads/2022/01/Straight-Bar-Dip.gif,f9a30460-661a-44f0-8fe6-109b22123594,27e268e4-b829-4ddf-8c8e-679378df19fd
Holman Towel Burpee,Burpees,0.6476,No description available,Strength,Abdominals,leg,Body Only,Intermediate,,https://fitnessprogramer.com/wp-content/uploads/2021/02/burpees.gif,0e456eb1-5efe-43d9-95e7-26279c5c043c,c4d195ea-2a3c-4736-bb0a-9fda9cb275a6
Holman Elbow Plank to Alternating Side Plank Crunch,Side Plank Knee to Elbow,0.6541,No description available,Strength,Abdominals,abs,Body Only,Intermediate,,https://fitnessprogramer.com/wp-content/uploads/2022/10/Side-Plank-Knee-to-Elbow-.gif,e91dd522-b605-44df-b5c4-7838090df21f,e0d42756-de6e-46c6-9285-7fe8df347462
Holman Straight-Legged Hip Raise,Straight Bar Dip,0.4459,No description available,Strength,Abdominals,full-body,Body Only,Intermediate,,https://fitnessprogramer.com/wp-content/uploads/2022/01/Straight-Bar-Dip.gif,cd86f129-8201-44fc-a621-d5f012a33beb,27e268e4-b829-4ddf-8c8e-679378df19fd
Holman Feet-Elevated Hill Climber,Side Lying Feet Raise,0.2261,No description available,Strength,Abdominals,abs,Body Only,Intermediate,,https://fitnessprogramer.com/wp-content/uploads/2022/06/Side-Lying-Feet-Raise.gif,ffdacc92-369f-4094-9187-dcfb7255a9b6,05148618-7e6a-480d-aa82-b05143a722ae
Holman Ninja Knee Hill Climber,High Knee Squat,0.1957,No description available,Strength,Abdominals,leg,Body Only,Intermediate,,https://fitnessprogramer.com/wp-content/uploads/2021/11/High-Knee-Squat.gif,b5281e42-aa95-4160-b08b-e5d1248191e4,e8184c36-3b8b-49dc-b23b-ad26c51d3830
Holman Feet-Elevated Shoulder Tap,Lever Shoulder Press,0.3764,No description available,Strength,Abdominals,shoulders,Body Only,Intermediate,,https://fitnessprogramer.com/wp-content/uploads/2021/04/Lever-Shoulder-Press.gif,fb54e99c-7064-4ff2-834d-8b294f7262e8,4513304e-34f6-4e79-a6e7-f8cdd3210c5c
Holman Feet-Elevated Hip Raise,Side Lying Feet Raise,0.437,No description available,Strength,Abdominals,abs,Body Only,Intermediate,,https://fitnessprogramer.com/wp-content/uploads/2022/06/Side-Lying-Feet-Raise.gif,02afbb0d-a2c1-4a3f-9285-8e6e1f598750,05148618-7e6a-480d-aa82-b05143a722ae
Holman Left Hand Right Foot Crab Reach,Right Cross,0.2693,No description available,Strength,Abdominals,cardio,Body Only,Intermediate,,https://fitnessprogramer.com/wp-content/uploads/2022/08/Right-Cross-Boxing.gif,b6b8ab71-3ccf-4d97-b06b-2936210dd11f,72f06398-7971-453e-b797-3f496f5e49d6
Holman Alternating Crab Flip to Froggy Push-Up to Kicks,Seated Alternating Dumbbell Curl,0.3172,No description available,Strength,Abdominals,biceps,Body Only,Intermediate,,https://fitnessprogramer.com/wp-content/uploads/2022/06/Seated-dumbbell-alternating-curl.gif,132ec50e-7772-43f4-a2ff-9ce7b6e45be0,98334714-b20d-4c97-a9d9-e544e51a0c02
Holman Right Hand Left Foot Sleeping Crab,Right Cross,0.2257,No description available,Strength,Abdominals,cardio,Body Only,Intermediate,,https://fitnessprogramer.com/wp-content/uploads/2022/08/Right-Cross-Boxing.gif,47efa0fd-15d5-4fb7-98cd-44508d174799,72f06398-7971-453e-b797-3f496f5e49d6
Holman Left Hand Right Foot Sleeping Crab,Right Cross,0.2257,No description available,Strength,Abdominals,cardio,Body Only,Intermediate,,https://fitnessprogramer.com/wp-content/uploads/2022/08/Right-Cross-Boxing.gif,0e917a5f-565d-4e0f-a41b-5769a71f0652,72f06398-7971-453e-b797-3f496f5e49d6
Holman Straight Plank with Alternating Leg Kick-Under,Band Alternating Low Row with Twist,0.391,No description available,Strength,Abdominals,back,Body Only,Intermediate,,https://fitnessprogramer.com/wp-content/uploads/2022/02/Band-Alternating-Low-Row-with-Twist.gif,e6a8f377-d1a8-4859-a84a-048e6bde4695,b8f9d090-db14-4040-b418-530712f47504
Holman Right Hip Drop Push-Up,Right Cross,0.323,No description available,Strength,Abdominals,cardio,Body Only,Intermediate,,https://fitnessprogramer.com/wp-content/uploads/2022/08/Right-Cross-Boxing.gif,91662c24-d1a0-49ae-a37d-48dbd74c58e5,72f06398-7971-453e-b797-3f496f5e49d6
Holman Right Side Diagonal Burpee,Diagonal Neck Stretch,0.5175,No description available,Strength,Abdominals,neck,Body Only,Intermediate,,https://fitnessprogramer.com/wp-content/uploads/2021/07/Diagonal-Neck-Stretch-360x360.png,d33074b4-7cba-49c0-bffd-dfaec3f47785,5ac027b6-d24d-455f-b331-c33688b01940
Holman Left Hip Drop Push-Up,Single Heel Drop Calf Stretch,0.3205,No description available,Strength,Abdominals,calf,Body Only,Intermediate,,https://fitnessprogramer.com/wp-content/uploads/2022/02/Single-Heel-Drop-Calf-Stretch.gif,aa21938d-6b19-4e8c-97c5-cb84d300e067,8b586664-31e9-4f57-aa88-8cf84425543c
Holman Right Leg 7-Up Crunch,Crunch With Leg Raise,0.4734,No description available,Strength,Abdominals,abs,Body Only,Intermediate,,https://fitnessprogramer.com/wp-content/uploads/2021/05/Crunch-With-Leg-Raise.gif,9b39cf6c-77b3-448f-bc72-472530bd7f13,ca3d5cd7-0115-4229-bac2-4fbeb53b857f
Holman Left Leg 7-Up Crunch,Crunch With Leg Raise,0.4848,No description available,Strength,Abdominals,abs,Body Only,Intermediate,,https://fitnessprogramer.com/wp-content/uploads/2021/05/Crunch-With-Leg-Raise.gif,bdfcc2d7-9be2-4057-a6ee-010e4f725684,ca3d5cd7-0115-4229-bac2-4fbeb53b857f
Holman Straight Plank Jack,Straight Bar Dip,0.4888,No description available,Strength,Abdominals,full-body,Body Only,Intermediate,,https://fitnessprogramer.com/wp-content/uploads/2022/01/Straight-Bar-Dip.gif,2970a20b-fed1-4e19-a0ce-9fdf08fabb5e,27e268e4-b829-4ddf-8c8e-679378df19fd
Holman Feet-Elevated Couch Hill Climber,Side Lying Feet Raise,0.1989,No description available,Strength,Abdominals,abs,Body Only,Intermediate,,https://fitnessprogramer.com/wp-content/uploads/2022/06/Side-Lying-Feet-Raise.gif,372492e4-4d8f-4977-93de-946d3458eb64,05148618-7e6a-480d-aa82-b05143a722ae
Holman Feet-Elevated Right Side Plank,Side Lying Feet Raise,0.3786,No description available,Strength,Abdominals,abs,Body Only,Intermediate,,https://fitnessprogramer.com/wp-content/uploads/2022/06/Side-Lying-Feet-Raise.gif,3f975784-08f6-4c7f-92f2-b9cd6c59d657,05148618-7e6a-480d-aa82-b05143a722ae
Holman Alternating Up-Down Plank to Push-Up,Band Alternating Lat Pulldown,0.4845,No description available,Strength,Abdominals,back,Body Only,Intermediate,,https://fitnessprogramer.com/wp-content/uploads/2022/02/Band-Alternating-Lat-Pulldown.gif,6a0a12d1-f26b-48bf-bda4-fd67c15a6e5d,ce4357f3-6422-436a-9852-d9b98b3cbf6b
Holman Straight Plank Pike,Straight Bar Dip,0.4758,No description available,Strength,Abdominals,full-body,Body Only,Intermediate,,https://fitnessprogramer.com/wp-content/uploads/2022/01/Straight-Bar-Dip.gif,c97d3fe7-1a24-4695-bfd0-183ef8abeee4,27e268e4-b829-4ddf-8c8e-679378df19fd
Holman Ninja Knee Straight Plank,Straight Bar Dip,0.3887,No description available,Strength,Abdominals,full-body,Body Only,Intermediate,,https://fitnessprogramer.com/wp-content/uploads/2022/01/Straight-Bar-Dip.gif,f18f7a52-7e29-4c2a-a706-200467549921,27e268e4-b829-4ddf-8c8e-679378df19fd
Holman Reverse Crunch to Hip Raise,Crunch With Leg Raise,0.524,No description available,Strength,Abdominals,abs,Body Only,Intermediate,,https://fitnessprogramer.com/wp-content/uploads/2021/05/Crunch-With-Leg-Raise.gif,65b36e24-405c-4ff9-a468-c79fd6f5ce03,ca3d5cd7-0115-4229-bac2-4fbeb53b857f
Holman Straight Plank Quick Reach,Straight Bar Dip,0.384,No description available,Strength,Abdominals,full-body,Body Only,Intermediate,,https://fitnessprogramer.com/wp-content/uploads/2022/01/Straight-Bar-Dip.gif,456412fb-58ee-49ac-be1c-7e2846bc2aa6,27e268e4-b829-4ddf-8c8e-679378df19fd
Holman Alternating Diagonal Straight Plank,Diagonal Neck Stretch,0.4953,No description available,Strength,Abdominals,neck,Body Only,Intermediate,,https://fitnessprogramer.com/wp-content/uploads/2021/07/Diagonal-Neck-Stretch-360x360.png,169eb216-12b7-4089-891d-d4102690dfee,5ac027b6-d24d-455f-b331-c33688b01940
Holman Feet-Elevated Left Side Plank,Side Lying Feet Raise,0.3796,No description available,Strength,Abdominals,abs,Body Only,Intermediate,,https://fitnessprogramer.com/wp-content/uploads/2022/06/Side-Lying-Feet-Raise.gif,fd4c0bc0-1a71-416a-bb4d-4dc573600d4c,05148618-7e6a-480d-aa82-b05143a722ae
Holman Right Hand Left Foot Crab Reach,Right Cross,0.2693,No description available,Strength,Abdominals,cardio,Body Only,Intermediate,,https://fitnessprogramer.com/wp-content/uploads/2022/08/Right-Cross-Boxing.gif,ebb5f6d4-2e24-42f3-9755-282076cb2ad5,72f06398-7971-453e-b797-3f496f5e49d6
Holman Low-Impact Crab Kick,Low Cable Tricep Kickback,0.2003,No description available,Strength,Abdominals,triceps,Body Only,Intermediate,,https://fitnessprogramer.com/wp-content/uploads/2022/10/Low-Cable-Tricep-Kickback.gif,ef9b9155-4f6c-4e0f-98b0-4fc92a60ebea,2690d58b-9ad5-4d61-a396-aea95cf3d1fc
Holman Alternating Crab Flip to Froggy Push-Up,Seated Alternating Dumbbell Curl,0.3388,No description available,Strength,Abdominals,biceps,Body Only,Intermediate,,https://fitnessprogramer.com/wp-content/uploads/2022/06/Seated-dumbbell-alternating-curl.gif,39760ee1-3af0-40c4-9c32-368f360b8b4b,98334714-b20d-4c97-a9d9-e544e51a0c02
Holman High-Impact Crab Kick,Dumbbell High Curl,0.2043,No description available,Strength,Abdominals,biceps,Body Only,Intermediate,,https://fitnessprogramer.com/wp-content/uploads/2021/09/Dumbbell-High-Curl.gif,ca5fbdaf-157f-4b6e-8f7d-6687d39f8afe,342b2940-ae42-4db2-b0fa-e39671c4cf6f
Holman Single-Leg Right Pike,Pike Push-up,0.4294,No description available,Strength,Abdominals,shoulders,Body Only,Intermediate,,https://fitnessprogramer.com/wp-content/uploads/2021/06/Pike-Push-up.gif,7ba48331-f5ad-4467-abc8-31277c493f02,f82e27ff-e143-48d3-a6e8-318a0a643ee1
Holman Single-Leg Left Pike,Pike Push-up,0.426,No description available,Strength,Abdominals,shoulders,Body Only,Intermediate,,https://fitnessprogramer.com/wp-content/uploads/2021/06/Pike-Push-up.gif,617fac61-c494-4bc5-8962-5736e71891a3,f82e27ff-e143-48d3-a6e8-318a0a643ee1
Holman Shoulder Tap to Hand Tap,Chest Tap Push-up,0.4171,No description available,Strength,Abdominals,chest,Body Only,Intermediate,,https://fitnessprogramer.com/wp-content/uploads/2022/07/Chest-Tap-Push-up.gif,35a6ae0e-3c57-41e6-8945-81f3bd8a7800,217692d0-56db-4183-a34b-75f42205c28d
Holman Towel Reverse Plank Jack,Reverse Plank,0.6329,No description available,Strength,Abdominals,abs,Body Only,Intermediate,,https://fitnessprogramer.com/wp-content/uploads/2021/05/Reverse-plank.gif,941ea75f-4d4e-4b4b-8ac0-ac3a98849964,0f764094-2ab8-43c2-bcea-c285da8e555d
Holman Side-to-Side Twist,Side Bent,0.5041,No description available,Strength,Abdominals,abs,Body Only,Intermediate,,https://fitnessprogramer.com/wp-content/uploads/2022/12/Side-Bent.gif,9537cf3e-7cfb-49f8-b3b0-a65a366d530b,d4789325-4dfd-4a1e-b00a-3b969ef4b375
Holman Crab Kick with Hop,Hook Kick,0.2558,No description available,Strength,Abdominals,cardio,Body Only,Intermediate,,https://fitnessprogramer.com/wp-content/uploads/2022/02/Hook-Kick-Kickboxing-with-boxing-bag.gif,175d7101-7886-4bff-b852-cf932ab32e7d,d0e53fef-4ba0-47e9-acf6-b1769ea42db0
Holman Crab Reach to Crab Kick,Toe Reaches,0.2116,No description available,Strength,Abdominals,abs,Body Only,Intermediate,,https://fitnessprogramer.com/wp-content/uploads/2021/02/Toe-Reaches.gif,2a8cb665-49f1-4a03-b975-5bfdb50e98b8,0464de3e-4c5a-422c-ab86-360033add7ad
Holman Wide Squat Side-to-Side Obliques,Seated Oblique Twist,0.4585,No description available,Strength,Abdominals,abs,Body Only,Intermediate,,https://fitnessprogramer.com/wp-content/uploads/2021/06/Seated-Oblique-Twist.gif,b5cd9ea9-88f4-407b-bd17-9beee574ab05,8d456049-a9d7-43a0-a571-c89e1d392637
Holman Side Plank Crunch,Seated Side Crunch,0.586,No description available,Strength,Abdominals,abs,Body Only,Intermediate,,https://fitnessprogramer.com/wp-content/uploads/2021/05/Seated-Side-Crunches.gif,9acef2be-425f-4bf6-a33d-db4d37e6f3bd,57cf5497-e455-4796-93d9-b07d28cbabbf
Total Fitness Ab Tuck,Chin Tuck,0.3533,"The hollow-body knee tuck is a bodyweight abdominal exercise performed on the floor. It is similar to both the hollow-body hold and the knee tuck or reverse crunch, combining elements of both. It primarily targets the muscles of the rectus abdominis, or “six-pack” muscles. It can be performed for reps or time, either as part of an ab-focused workout or as a component of a circuit workout.",Strength,Abdominals,neck,Body Only,Intermediate,,https://fitnessprogramer.com/wp-content/uploads/2021/06/Chin-Tuck.gif,51df0624-b175-4bc7-b2ae-0e9ba2b51533,caba7fb1-2cb9-46bc-9e4b-03bcc34c02a2
Active hang from bar,Dead Hang,0.301,"The active hang from bar is a static exercise that involves isometrically squeezing the shoulders into the sockets and activating the muscles of the upper back and core. It can be used to improve pull-up form or to do more pull-ups, but also has postural and shoulder health benefits.",Strength,Abdominals,back,Body Only,Intermediate,,https://fitnessprogramer.com/wp-content/uploads/2021/02/dead-hang-360x360.png,6acae83b-0c06-4115-a1b9-0f82cca16556,33d7ef85-98ad-4d98-a7fc-b891091ddbd3
Crab walk,Banded Walk,0.4605,"The crab walk is a full-body exercise that has been popular in schools and gym classes for decades. It's a full-body coordination challenge that also burns serious calories, making it an excellent inclusion in a full-body warm-up or bodyweight circuit workout.",Strength,Abdominals,leg,Body Only,Intermediate,,https://fitnessprogramer.com/wp-content/uploads/2022/02/Banded-Walk.gif,36e0fc22-dea8-441d-a122-42b3f21ddd02,f7e8fd4a-aecd-48cc-83d4-a8bea534520b
Lunge with overhead reach,Overhead Shrug,0.4504,The lunge with overhead reach is a full-body bodyweight movement targeting the quads and shoulders. It has both strength and mobility benefits and can be performed one leg at a time or alternating for time or for reps.,Strength,Abdominals,trapezius,Body Only,Intermediate,,https://fitnessprogramer.com/wp-content/uploads/2022/07/overhead-shrug.gif,87e77a08-005c-4a3c-8bbb-fa86268eef65,8159eaa8-c8f5-4d75-bc53-2136a597dfe0
Hang from bar,Dead Hang,0.4532,"The hang from bar is a static exercise that involves hanging from a bar by two hands. It can either be an ""active hang,"" where you pack the shoulders and activate the muscles of the upper back, or a ""passive hang,"" where you let the shoulders unpack and let the muscles of the upper body stretch. A passive hang may not be appropriate for all people depending on their shoulder health, but many coaches believe hanging can be healthy for the shoulders when done properly.",Strength,Abdominals,back,Body Only,Intermediate,,https://fitnessprogramer.com/wp-content/uploads/2021/02/dead-hang-360x360.png,cd5351e3-ddfd-46a8-823e-9119f7429a31,33d7ef85-98ad-4d98-a7fc-b891091ddbd3
Total Fitness Hollow Hold,Squat Hold Calf Raise,0.2261,"The hollow-body hold is an isometric exercise that increases strength and stability in the core muscles. It is common in gymnastics training, CrossFit training, and as a core tension and bracing drill for lifters and athletes of all types. It is performed for time and can be performed as an activation drill prior to lifting, as part of a circuit, or as equipment-free core training anytime.",Strength,Abdominals,calf,Body Only,Intermediate,,https://fitnessprogramer.com/wp-content/uploads/2021/12/Squat-Hold-Calf-Raise.gif,426497a2-9af1-4638-b6a0-10a23c5f195f,278ecda6-1d60-4f62-a099-80c7f84b78d9
Total Fitness Side Plank,Front to Side Plank,0.3969,"The side plank is a popular isometric abdominal exercise focusing on the oblique muscles, as well as the transversus abdominis or deep core muscles. It is sometimes paired with the curl up and bird dog as the “McGill big three” for core strength and stability. It is performed for time and can work in a warm-up or in the core-focused portion of any workout.",Strength,Abdominals,abs,Body Only,Intermediate,,https://fitnessprogramer.com/wp-content/uploads/2021/05/Front-to-Side-Plank.gif,31eb1368-4220-4313-913e-48d1a5ce4e8f,cb995e4b-5fb7-4454-8df9-b1a6aad2ac76
Side plank pulse,Front to Side Plank,0.526,"The side plank pulse is a dynamic version of the side plank exercise focusing on the oblique muscles, as well as the transversus abdominis or deep core muscles. It can be performed for time or reps and can work in a warm-up or in the core-focused portion of any workout.",Strength,Abdominals,abs,Body Only,Intermediate,,https://fitnessprogramer.com/wp-content/uploads/2021/05/Front-to-Side-Plank.gif,f2aefc2a-b6c3-480f-960b-7650a8a1aa0e,cb995e4b-5fb7-4454-8df9-b1a6aad2ac76
Total Fitness Spider Crawl (Unweighted),Spider Plank,0.4239,"The spider crawl is a bodyweight exercise that involves crawling on the floor with the knees outside of the elbows. It is different from a leopard crawl in that the hips are higher, and it's different from a bear crawl because the knees are wider. It can be done as a full-body warm-up, in short bursts for power or circuit training, or for longer durations as cardiovascular conditioning.",Strength,Abdominals,cardio,Body Only,Intermediate,,https://fitnessprogramer.com/wp-content/uploads/2021/05/Spider-Plank.gif,747c714e-6866-44cf-a593-36c0f3c8f9c6,aa1762fc-b40e-4645-8b93-cd6890bbcce5
Total Fitness V-Up,Dumbbell V-up,0.1292,"The V-up is a bodyweight movement that targets the muscles of the abs, the rectus abdominis or ""six-pack"" muscles in particular. It is similar to a suitcase crunch, but the lower back lifts off the ground at the top of each rep. It can be performed for time or reps in the ab-focused portion of any workout.",Strength,Abdominals,abs,Body Only,Intermediate,,https://fitnessprogramer.com/wp-content/uploads/2021/10/Dumbbell-V-up.gif,eb9f1479-c4b0-48df-bec6-75d9e7ebe87b,a76d8e2a-9efb-483d-a8f0-f61498c2f4ec
MetaBurn Alternating Knee-to-Elbow Mountain Climber,Elbow To Knee Twists,0.3554,No description available,Strength,Abdominals,cardio,Body Only,Intermediate,,https://fitnessprogramer.com/wp-content/uploads/2021/09/Elbow-To-Knee-Twists.gif,f106c184-ece7-4ba6-872b-58ee7baf9781,89392ad3-9ff2-4be3-985d-af62a9a0e1b4
Alternating sit-through with crunch-,Dumbbell Pull Through,0.4815,"The alternating sit-through with crunch is a full-body movement that starts in a bear crawl position and ends with a leg kicked out to the side. In between reps, you perform a crunch. It is commonly performed for reps or time in bodyweight circuits and animal-style flows, but can also work on its own or as part of a dynamic warm-up or mobility sequence.",Strength,Abdominals,leg,Body Only,Intermediate,,https://fitnessprogramer.com/wp-content/uploads/2022/10/Dumbbell-Pull-Through.gif,61ececd0-4618-4a2d-8b29-109512a6cbe3,6f11ebfc-6925-40ba-9a49-9018351b7d48
MetaBurn Alternating Toe-Touch,Standing Toe Touch,0.4886,No description available,Strength,Abdominals,abs,Body Only,Intermediate,,https://fitnessprogramer.com/wp-content/uploads/2021/05/Standing-Toe-Touch.gif,fc4c5369-2eb2-40d2-bb8f-13d8f700d5b9,4578902b-0274-4155-933f-064178f5df34
MetaBurn Janda Sit-Up,L-Sit,0.2712,No description available,Strength,Abdominals,abs,Body Only,Intermediate,,https://fitnessprogramer.com/wp-content/uploads/2021/09/L-Sit.gif,77f29017-dd04-4fa3-90d9-2338a5e9c53a,f070c4e6-8561-4185-9b8f-2bdef417535d
MetaBurn Oblique Roll Crunch,Oblique Floor Crunches,0.5869,No description available,Strength,Abdominals,abs,Body Only,Intermediate,,https://fitnessprogramer.com/wp-content/uploads/2021/05/Oblique-Floor-Crunches.gif,e40a411e-35bf-40e1-b313-b90802c916b0,5f13fe1b-b778-4c4f-a879-bcc7901f38d0
MetaBurn Plank Jack,Plank Jacks / Extended Leg,0.4184,No description available,Strength,Abdominals,abs,Body Only,Intermediate,,https://fitnessprogramer.com/wp-content/uploads/2015/06/Plank-Jacks-Extended-Leg.gif,19057404-182d-4f57-a5a1-650cabfb8836,78f33a0a-6479-4c07-8147-93774a0915f7
MetaBurn Plank To Alternating Side Plank,Front to Side Plank,0.5301,No description available,Strength,Abdominals,abs,Body Only,Intermediate,,https://fitnessprogramer.com/wp-content/uploads/2021/05/Front-to-Side-Plank.gif,0e78f81f-6368-46a1-8288-9521de331bae,cb995e4b-5fb7-4454-8df9-b1a6aad2ac76
MetaBurn Plank Up-Down,Push-down,0.3451,No description available,Strength,Abdominals,triceps,Body Only,Intermediate,,https://fitnessprogramer.com/wp-content/uploads/2021/02/Pushdown.gif,e1d9fc54-b545-41b8-9d57-811700305ddc,87a5b0c9-536a-45d6-8406-06cada37bc29
MetaBurn Plank Wiper,Half Wipers,0.5084,No description available,Strength,Abdominals,abs,Body Only,Intermediate,,https://fitnessprogramer.com/wp-content/uploads/2021/02/Half-Wipers.gif,d5142ab6-b564-4abf-acc9-c6b5a8a89771,2c50f129-3d2a-48e1-ab64-0f75eb7432c5
MetaBurn Plank With Alternating Toe-Touch,Standing Toe Touch,0.4428,No description available,Strength,Abdominals,abs,Body Only,Intermediate,,https://fitnessprogramer.com/wp-content/uploads/2021/05/Standing-Toe-Touch.gif,7a2d659a-02d8-4b69-8b34-012cc5ae3797,4578902b-0274-4155-933f-064178f5df34
MetaBurn Plyo Push-Up,Plyo Jacks,0.4894,No description available,Strength,Abdominals,cardio,Body Only,Intermediate,,https://fitnessprogramer.com/wp-content/uploads/2021/09/Plyo-Jacks.gif,d41ebb53-0b8c-4ea4-b1ae-1e5b3400a4ef,35889ad6-3817-4d86-ab38-dea2dbfd2896
MetaBurn Psycho Crunch,Frog Crunch,0.2627,No description available,Strength,Abdominals,abs,Body Only,Intermediate,,https://fitnessprogramer.com/wp-content/uploads/2021/06/frog-crunch.gif,090f092b-bb71-41c6-bf6e-6c029ad3e5f0,ac8a7e71-9b12-471c-ae5a-e4cc114d40df
MetaBurn Scorpion,Scott Press,0.1204,No description available,Strength,Abdominals,shoulders,Body Only,Intermediate,,https://fitnessprogramer.com/wp-content/uploads/2021/06/scott-press.gif,31ac4342-f9ad-41ef-b648-f3bcb872c21b,fb279d88-ad92-44ef-a3c4-3d036dd99f88
MetaBurn Side Crawler,Side Bent,0.2187,No description available,Strength,Abdominals,abs,Body Only,Intermediate,,https://fitnessprogramer.com/wp-content/uploads/2022/12/Side-Bent.gif,74500257-e3e0-4265-8fb9-9cc929488c35,d4789325-4dfd-4a1e-b00a-3b969ef4b375
MetaBurn Sit-Through,Dumbbell Pull Through,0.5541,No description available,Strength,Abdominals,leg,Body Only,Intermediate,,https://fitnessprogramer.com/wp-content/uploads/2022/10/Dumbbell-Pull-Through.gif,32812cee-2ba3-48c5-8e88-801efb1ffe36,6f11ebfc-6925-40ba-9a49-9018351b7d48
MetaBurn Sit-Up To V-Up,L-Sit Pull-Up,0.3678,No description available,Strength,Abdominals,full-body,Body Only,Intermediate,,https://fitnessprogramer.com/wp-content/uploads/2023/06/L-Pull-Up.gif,dd4635a2-6d62-4fea-8724-acac6a90e4d9,a6dd99e0-a051-4c26-ac6f-e68599ca88c2
MetaBurn Sit-Up With Rotation,Push-up With Rotation,0.6467,No description available,Strength,Abdominals,chest,Body Only,Intermediate,,https://fitnessprogramer.com/wp-content/uploads/2023/01/push-up-with-rotation.gif,0ec1b03f-2dc4-4841-88e6-3267a1c44d13,84dfdcf9-d3c2-41cf-8573-f963edda6896
MetaBurn Split-Leg Crunch,Crunch With Leg Raise,0.4007,No description available,Strength,Abdominals,abs,Body Only,Intermediate,,https://fitnessprogramer.com/wp-content/uploads/2021/05/Crunch-With-Leg-Raise.gif,8edb230e-fc40-4f72-875e-5b51e82e2da5,ca3d5cd7-0115-4229-bac2-4fbeb53b857f
MetaBurn Tabletop Hip Thrust,Barbell Thruster,0.2393,No description available,Strength,Abdominals,shoulders,Body Only,Intermediate,,https://fitnessprogramer.com/wp-content/uploads/2022/10/thruster.gif,bd90d7f5-a8b6-45c9-9586-193a3160c132,b70eac51-1723-41ea-a555-a09190ed7c0d
MetaBurn Tabletop With Russian Kick,Ball Russian Twist throw with partner,0.3434,No description available,Strength,Abdominals,abs,Body Only,Intermediate,,https://fitnessprogramer.com/wp-content/uploads/2022/09/Ball-Russian-Twist-throw-with-partner.gif,36ce7870-02bc-4883-ac17-be43743029e4,a0b96102-09e9-4dc0-9760-e8bb089c7b9c
MetaBurn Toe Driver Abs,Cable Rear Drive,0.3401,No description available,Strength,Abdominals,triceps,Body Only,Intermediate,,https://fitnessprogramer.com/wp-content/uploads/2021/09/Cable-Rear-Drive.gif,9de3085e-fbb2-47ed-9f04-b8b884493da6,7354c006-386d-4f3e-a8c6-ac2af65114ec
MetaBurn-V-Up,Dumbbell V-up,0.1746,No description available,Strength,Abdominals,abs,Body Only,Intermediate,,https://fitnessprogramer.com/wp-content/uploads/2021/10/Dumbbell-V-up.gif,fdd7e9f0-ea31-450b-991c-deb0d8d272a7,a76d8e2a-9efb-483d-a8f0-f61498c2f4ec
X-body V-up,Body Ups,0.6282,"The X-body V-up is a bodyweight abdominal exercise performed on the floor. It is similar to the popular V-up exercise, but is performed with the arms and legs out wide in an X-shape. It primarily targets the muscles of the rectus abdominis, or “six-pack” muscles. It can be performed for reps or time, either as part of an ab-focused workout or as a component of a circuit workout.",Strength,Abdominals,triceps,Body Only,Intermediate,,https://fitnessprogramer.com/wp-content/uploads/2021/06/Body-Ups.gif,c171cdcf-a60c-4496-a3e5-a6459208e630,04b0a6ac-8423-4ef6-9e8f-4b05904a6915
MetaBurn Swivel Crunch,Frog Crunch,0.2805,No description available,Strength,Abdominals,abs,Body Only,Intermediate,,https://fitnessprogramer.com/wp-content/uploads/2021/06/frog-crunch.gif,298d3ddf-c4c3-475d-b8a1-89541655c7e7,ac8a7e71-9b12-471c-ae5a-e4cc114d40df
Robertson Core-Engaged Dead Bug,Hands In Air Dead Bug,0.2654,No description available,Strength,Abdominals,abs,Body Only,Intermediate,,https://fitnessprogramer.com/wp-content/uploads/2021/02/Dead-Bug.gif,849b62b8-c823-458f-aade-921b1e5e3042,62588b67-16bd-42af-bae3-60f919d19c67
FYR2 Double-Under,Double Leg Stretch,0.4524,No description available,Strength,Abdominals,abs,Body Only,Intermediate,,https://fitnessprogramer.com/wp-content/uploads/2021/05/Double-Leg-Stretch.gif,6c58bc0b-f8b6-4073-b5e4-2921984320bc,423c16e9-9321-4652-b9ac-eba1ca55bdb6
FYR2 Fire Feet with Burpee Tuck Jump Drill,Burpees,0.4103,No description available,Strength,Abdominals,leg,Body Only,Intermediate,,https://fitnessprogramer.com/wp-content/uploads/2021/02/burpees.gif,2456aeb6-cbf4-4750-bcfb-191b593fdf57,c4d195ea-2a3c-4736-bb0a-9fda9cb275a6
FYR2 Flutter Kick,Butt Kicks,0.2842,No description available,Strength,Abdominals,cardio,Body Only,Intermediate,,https://fitnessprogramer.com/wp-content/uploads/2021/10/Butt-Kicks.gif,af952121-45c6-476d-b961-c5416c3ad4e1,092ae57a-9e86-4cf6-877e-6f55b0a9fc46
FYR2 Half-Moon,Half Wipers,0.3131,No description available,Strength,Abdominals,abs,Body Only,Intermediate,,https://fitnessprogramer.com/wp-content/uploads/2021/02/Half-Wipers.gif,c09f277f-a6dd-43d9-917f-9ba2e6586e45,2c50f129-3d2a-48e1-ab64-0f75eb7432c5
FYR2 Leopard Crawl,Backward Jump,0.0747,No description available,Strength,Abdominals,leg,Body Only,Intermediate,,https://fitnessprogramer.com/wp-content/uploads/2021/05/Backward-Jumping.gif,4e425a09-c8af-4614-8337-11230052de8f,e64e36a9-7c46-4f49-99a7-1b181d7e02f1
FYR2 Plank Alternating Front Step,Front to Side Plank,0.4731,No description available,Strength,Abdominals,abs,Body Only,Intermediate,,https://fitnessprogramer.com/wp-content/uploads/2021/05/Front-to-Side-Plank.gif,c61d2f6c-0034-4c09-b973-6b6ea245f981,cb995e4b-5fb7-4454-8df9-b1a6aad2ac76
FYR2 Shoulder Tap,Lying Shoulder Press,0.5034,No description available,Strength,Abdominals,shoulders,Body Only,Intermediate,,https://fitnessprogramer.com/wp-content/uploads/2021/09/Lying-Shoulder-Press.gif,294dd871-89c6-4cff-aa0d-265750236d63,fd54ec17-57dc-4621-8462-60cb4b2289b5
Hand shift plank,Plank Leg Lift,0.3628,The hand shift plank is a progression of the straight-arm plank exercise where you maintain a plank position as you shift your hands side to side. The additional movement forces the core muscles to work harder to stabilize.,Strength,Abdominals,abs,Body Only,Intermediate,,https://fitnessprogramer.com/wp-content/uploads/2021/02/Plank-Leg-Lift.gif,f48437da-b650-415c-ba44-ba9dd7c0f4f8,15199dde-d1fe-43d4-8f35-fb1cde80c774
Cross-body plank march,Cross Body Push-up,0.5382,"The cross-body plank march is an exercise targeting the entire core but especially the obliques. It’s more difficult than a standard plank, with the extra stabilization challenge of bringing one knee at a time off the ground toward the opposing elbow. This will increase the challenge to the core and shoulder muscles, but also present a coordination and balance challenge.",Strength,Abdominals,full-body,Body Only,Intermediate,,https://fitnessprogramer.com/wp-content/uploads/2022/02/Cross-Body-Push-up_Plyometric.gif,590fc490-a774-4537-b5a5-8036d7c8d654,bc4c077f-0fd8-42c4-b9e6-dbfabf81d8ec
Bent-knee Copenhagen hip adduction,Hip Adduction Machine,0.4907,"The bent-knee Copenhagen hip adduction is an advanced exercise that combines the isometric stabilization of the Copenhagen plank with dynamic adductions to challenge the core stabilizers and adductors. This exercise targets the same muscles as the side plank, including the obliques, shoulders, and lateral hips, but places extra emphasis on the adductors and is more difficult than side planks on the floor. Most lifters will need to progress to this version after mastering the basic side plank or Copenhagen plank first.",Strength,Abdominals,leg,Body Only,Intermediate,,https://fitnessprogramer.com/wp-content/uploads/2021/02/HIP-ADDUCTION-MACHINE.gif,c18e3e7e-cd9c-4b1b-9c11-f280a4045494,b05e57f1-1f76-4a97-b0be-98b746bb4b5f
Copenhagen plank,Reverse Plank,0.215,"The Copenhagen plank is an advanced version of the side plank performed with one foot on a bench and the other foot hovering under it. This exercise targets the same muscles as the side plank, including the obliques, shoulders, and lateral hips, but places extra emphasis on the adductors and is more difficult than side planks on the floor. Most lifters will need to progress to this version after mastering the basic side plank or feet-elevated side plank first.",Strength,Abdominals,abs,Body Only,Intermediate,,https://fitnessprogramer.com/wp-content/uploads/2021/05/Reverse-plank.gif,53063ae1-ce86-4ab9-8b20-0b86813c9f6c,0f764094-2ab8-43c2-bcea-c285da8e555d
ACFT Hanging leg tuck,Hanging Side Knee Raises,0.4482,"The hanging leg tuck is an exercise targeting the entire body, including the arms, upper back, abs, and hip flexors. This specific exercise is part of the new Army Combat Fitness Test or ACFT. It is performe while hanging from a bar and combines elements of a pull-up with a leg raise. Experienced lifters make these look easy, but beginners may need time to build up to sets of 8-12 reps.",Strength,Abdominals,abs,Body Only,Intermediate,,https://fitnessprogramer.com/wp-content/uploads/2022/10/Hanging-Side-Knee-Raises.gif,55513dcd-c06c-4980-b34a-6a7064174c0d,0e60049a-3dad-4517-b3a8-ee293da19b9b
Twisting Mountain Climbers,Cable Twisting Standing High Row,0.3827,No description available,Strength,Abdominals,back,Body Only,Intermediate,,https://fitnessprogramer.com/wp-content/uploads/2022/02/Cable-Twisting-Standing-high-Row.gif,4b18f24b-67e3-4986-8c33-83706fa64fd9,fc8de67c-ddcd-4ffb-8da1-a4ad71d62439
Jack Knives,Banded Jack knife sit-up,0.3195,No description available,Strength,Abdominals,abs,Body Only,Intermediate,,https://fitnessprogramer.com/wp-content/uploads/2022/05/Jack-knife-sit-up.gif,fecaae25-1474-48a4-963e-3b768441c01b,b0332710-c41d-4a50-ae97-bdbb6475f074
Dumbbell suitcase crunch,Dumbbell V-up,0.2883,"The dumbbell suitcase crunch is a weighted version of a popular abdominal training exercise. The simple addition of a weight makes the suitcase crunch far more difficult, helping build the ""six pack"" muscles and providing a different stimulus to the core during training.",Strength,Abdominals,abs,Medicine Ball,Intermediate,,https://fitnessprogramer.com/wp-content/uploads/2021/10/Dumbbell-V-up.gif,d0bed6b5-8c26-48d3-a885-a9fa39136355,a76d8e2a-9efb-483d-a8f0-f61498c2f4ec
Hollow-hold ball toss,Squat Hold Calf Raise,0.2625,"The hollow-hold ball toss is a more difficult version of the hollow-body hold exercise. It involves tossing a ball to a partner while maintaining an isometric hold in the hollow-body position. It can be done for reps or time in any ab-focused workout, or in an ""I go, you go"" format.",Strength,Abdominals,calf,Medicine Ball,Intermediate,,https://fitnessprogramer.com/wp-content/uploads/2021/12/Squat-Hold-Calf-Raise.gif,38ca9893-9b98-487b-bd14-b3ace867a2b8,278ecda6-1d60-4f62-a099-80c7f84b78d9
Sit-up with single-arm overhand throw,Single Arm Push-up,0.4098,"The sit-up with single-arm overhand throw is an exercise targeting the core muscles, but the inclusion of the throw also brings in other upper-body muscles. When you come to the top of the sit-up position, you throw a medicine ball using one arm to a partner who then throws it right back to you to be caught with both hands. It can be performed for time or reps as part of the ab-focused portion of any workout.",Plyometrics,Abdominals,triceps,Medicine Ball,Intermediate,,https://fitnessprogramer.com/wp-content/uploads/2021/09/Single-Arm-Push-up.gif,e05a77ae-ae64-4785-98cf-59e36fce59c3,f38f07ce-2322-41ca-b7f6-c9b26c639508
Medicine ball partner twist,Medicine Ball Push-Up,0.5978,"The medicine ball partner twist is a plyometrics exercise targeting the core muscles, particularly the obliques. You and a partner stand back to back and rotate in unison to pass a medicine ball back and forth on alternating sides.",Plyometrics,Abdominals,triceps,Medicine Ball,Intermediate,,https://fitnessprogramer.com/wp-content/uploads/2022/08/Medicine-Ball-Push-Up.gif,c4755155-47f6-473b-9b79-c7ed1fec7bf4,14d97bf8-6a88-4499-93b6-517de2bc984a
Medicine ball half moon,Medicine Ball Push-Up,0.6436,"The medicine ball half moon is a dynamic core exercise performed around and over a medicine ball or other short, stationary object. It is similar in some ways to a V-up or reverse crunch, and targets both the obliques and the rectus abdominis or ""six-pack"" muscles. It can be performed for reps or for time, usually in dedicated ab training or as part of a medicine ball and bodyweight circuit workout.",Strength,Abdominals,triceps,Medicine Ball,Intermediate,,https://fitnessprogramer.com/wp-content/uploads/2022/08/Medicine-Ball-Push-Up.gif,30d667e3-f1dd-4075-99a3-15f1ef32abc9,14d97bf8-6a88-4499-93b6-517de2bc984a
Exercise ball roll-out,Swiss Ball Rollout,0.4432,"The exercise ball roll-out is an exercise that strengthens the core, shoulders and upper- back muscles. It starts in a plank-style position, with the arms resting on a ball. Then, roll the ball out in front of you as far as you can while maintaining a strong, neutral spinal position. The lack of stability from the ball increases the degree of difficulty. This is a difficult movement, and beginners may need to use a limited range of motion.",Strength,Abdominals,abs,Medicine Ball,Intermediate,,https://fitnessprogramer.com/wp-content/uploads/2021/08/swiss-ball-rollout.gif,54a75a30-8815-45f9-923e-a97af9612da4,3c8889e6-0ad9-4f43-8996-9010d872d8f2
Partner medicine ball sit-up,Medicine Ball-Sit-up Throw,0.6551,"The partner medicine ball sit-up is a more difficult version of the traditional abdominal exercise. Two partners pass a medicine ball back and forth at the top of each rep, so each one must alternate a weighted rep with an unweighted rep. This technique can be done for reps or time in any ab-focused workout, in an ""I go, you go"" format.",Strength,Abdominals,full-body,Medicine Ball,Intermediate,,https://fitnessprogramer.com/wp-content/uploads/2023/01/Medicine-Ball-Sit-up-Throw.gif,ec935aca-c94b-434e-93af-5299710a99f1,0d2a5025-9955-4bfa-bee8-fcb39f795da8
Medicine ball Russian twist,Medicine Ball Push-Up,0.5883,"The medicine ball Russian twist is a weighted version of a popular abdominal training exercise. It targets the oblique muscles, as well as the deep muscles of the core and the rectus abdominis or ""six pack"" muscles. It can be done for reps or time in the ab-focused portion of any workout.",Strength,Abdominals,triceps,Medicine Ball,Intermediate,,https://fitnessprogramer.com/wp-content/uploads/2022/08/Medicine-Ball-Push-Up.gif,5a9f0106-fe48-4ed2-846e-6c608f69670b,14d97bf8-6a88-4499-93b6-517de2bc984a
FYR2 Medicine Ball Complex,Medicine Ball Push-Up,0.5948,No description available,Strength,Abdominals,triceps,Medicine Ball,Intermediate,,https://fitnessprogramer.com/wp-content/uploads/2022/08/Medicine-Ball-Push-Up.gif,e8afda8f-dd42-450c-98b2-beedcebde47b,14d97bf8-6a88-4499-93b6-517de2bc984a
FYR2 Medicine Ball Fire-Feet Drill,Medicine Ball Push-Up,0.5374,No description available,Strength,Abdominals,triceps,Medicine Ball,Intermediate,,https://fitnessprogramer.com/wp-content/uploads/2022/08/Medicine-Ball-Push-Up.gif,1e853f77-5a2c-44b6-8a56-f7725b1dbbe2,14d97bf8-6a88-4499-93b6-517de2bc984a
FYR2 Medicine Ball Knees-to-Chest,Medicine Ball Push-Up,0.6611,No description available,Strength,Abdominals,triceps,Medicine Ball,Intermediate,,https://fitnessprogramer.com/wp-content/uploads/2022/08/Medicine-Ball-Push-Up.gif,3682a21c-a4c7-45be-9e20-58c5b16fad59,14d97bf8-6a88-4499-93b6-517de2bc984a
FYR2 Medicine Ball Mountain Climber,Medicine Ball Push-Up,0.5135,No description available,Strength,Abdominals,triceps,Medicine Ball,Intermediate,,https://fitnessprogramer.com/wp-content/uploads/2022/08/Medicine-Ball-Push-Up.gif,5a0f7855-3839-4eaf-9972-ea1ca13f2c33,14d97bf8-6a88-4499-93b6-517de2bc984a
Decline oblique crunch,Oblique Floor Crunches,0.6633,"The decline oblique crunch is a popular bodyweight exercise targeting the obliques and the rectus abdominis or ""six-pack"" muscles. It is usually performed for high reps, such as 10-15 reps per set or more, as part of the ab-focused portion of a workout.",Strength,Abdominals,abs,Bodyweight,Intermediate,,https://fitnessprogramer.com/wp-content/uploads/2021/05/Oblique-Floor-Crunches.gif,4ebe3bfe-e015-49ec-8521-df99b39baffe,5f13fe1b-b778-4c4f-a879-bcc7901f38d0
Exercise Ball Pull-In,Wall Ball,0.5151,The exercise ball knee roll-in is an abdominal exercise that involves supporting yourself with your hands in a plank or push-up position and drawing the knees in toward the chest. This is a fairly advanced abdominal move requiring core strength.,Strength,Abdominals,full-body,Exercise Ball,Intermediate,,https://fitnessprogramer.com/wp-content/uploads/2023/01/wall-ball.gif,9ebe78f7-c1f6-4027-aa22-8dffdac34bd6,c4798cba-e21b-4ad8-abfc-c7e63fdfd0a6
Feet-elevated crunch,Seated Side Crunch,0.4243,"The feet-elevated crunch is a variation on the basic crunch, a very popular ab move. Resting the feet on a bench takes some of the hip flexor activation out of the movement, focusing the stress more on the abs. It may have a small range of motion, but this movement produces a major burn.",Strength,Abdominals,abs,Exercise Ball,Intermediate,,https://fitnessprogramer.com/wp-content/uploads/2021/05/Seated-Side-Crunches.gif,d63d28c6-1546-4742-a60e-fa3f8945510e,57cf5497-e455-4796-93d9-b07d28cbabbf
Exercise ball squat and twist,Bent Over Twist,0.4412,"The exercise ball squat and twist is a combination exercise targeting the quads, but also the obliques because of the twisting motion with each repetition. The exercise ball is held close to the chest throughout. Because it is a lightweight movement, it is usually performed for high reps or for time, and can be a great part of a bodyweight and exercise ball circuit.",Strength,Abdominals,abs,Exercise Ball,Intermediate,,https://fitnessprogramer.com/wp-content/uploads/2021/09/Bent-Over-Twist.gif,8bd9a9f6-12d0-425d-9ec8-ffdd4923de42,4d885faf-ae0c-4138-a4e9-509322e9afd5
Swiss Ball V-Up With Foot Pass,Swiss Ball Rollout,0.4657,"The exercise ball V-up is a popular movement to target the abdominal muscles, particularly the rectus abdominis or ""six-pack"" muscles. It involves passing an exercise ball or yoga ball back and forth between the hands and feet while performing V-ups. It can be performed for reps or time as part of any ab-focused workout or bodyweight circuit.",Strength,Abdominals,abs,Exercise Ball,Intermediate,,https://fitnessprogramer.com/wp-content/uploads/2021/08/swiss-ball-rollout.gif,5c132a02-9c5e-4eed-b0e0-8ed70a77650f,3c8889e6-0ad9-4f43-8996-9010d872d8f2
Exercise ball pike,Pike Push-up,0.648,"The exercise ball pike is a challenging move that targets the core. It involves thrusting the hips into full flexion over a ball, then extending out to a foot-elevated plank with the feet on the ball. It's a challenging move from a strength perspective, but also for balance. It can be the centerpiece of an ab workout or go along with other body weight or ball movements in an ab circuit.",Strength,Abdominals,shoulders,Exercise Ball,Intermediate,,https://fitnessprogramer.com/wp-content/uploads/2021/06/Pike-Push-up.gif,e140dafa-9d3a-4145-8855-18ef98df94ae,f82e27ff-e143-48d3-a6e8-318a0a643ee1
Exercise ball bird dog,Wall Ball,0.332,"The exercise ball bird dog is a dynamic movement focusing on the glutes and the postural muscles of the upper back. When performing it, use an exercise ball that is tall enough to support your chest and core, but short enough to allow your hands and knees to reach the ground. It is slightly easier than a bodyweight bird dog and can work as a regression for that movement. It can be done for time or reps as part of a warm-up, paired with movements in a workout, or as a mobility or recovery exercise.",Strength,Abdominals,full-body,Exercise Ball,Intermediate,,https://fitnessprogramer.com/wp-content/uploads/2023/01/wall-ball.gif,85e95a76-ae5f-4cac-a3ef-a19ab8d597f0,c4798cba-e21b-4ad8-abfc-c7e63fdfd0a6
Exercise ball superman,Wall Ball,0.3032,"The exercise ball superman is a slightly more advanced variation of the bodyweight superman exercise. It targets many muscles along the posterior or backside of the body, including the rear deltoids, trapezius, spinal erectors, glutes, and hamstrings. It can be done for time or reps as part of a warm-up, paired with movements in a workout, or as a mobility or recovery exercise.",Strength,Abdominals,full-body,Exercise Ball,Intermediate,,https://fitnessprogramer.com/wp-content/uploads/2023/01/wall-ball.gif,060b0f83-151e-4c6e-b23f-47cf6c28d2e3,c4798cba-e21b-4ad8-abfc-c7e63fdfd0a6
BOSU cross-body crunch,Cross Body Push-up,0.6068,"The BOSU cross-body crunch is a dynamic abdominal exercise performed on a BOSU ball or other stability training device. It targets several of the muscles in the core, including the obliques and the rectus abdominis or ""six-pack"" muscles. It is usually performed in alternating reps, either for time or a number of reps, as part of an ab-focused workout or a circuit involving body weight or the BOSU ball.",Strength,Abdominals,full-body,Exercise Ball,Intermediate,,https://fitnessprogramer.com/wp-content/uploads/2022/02/Cross-Body-Push-up_Plyometric.gif,56b128c7-9955-4ee8-8053-93e6488f6fbb,bc4c077f-0fd8-42c4-b9e6-dbfabf81d8ec
Exercise Ball Knee Tuck - Gethin Varation,Stability Ball Knee Tuck,0.3632,The exercise ball knee roll-in is an abdominal exercise that involves supporting yourself with your hands in a plank or push-up position and drawing the knees in toward the chest. This is a fairly advanced abdominal move requiring core strength.,Strength,Abdominals,abs,Exercise Ball,Intermediate,,https://fitnessprogramer.com/wp-content/uploads/2021/06/Stability-Ball-Knee-Tuck.gif,2f0d28ed-4a5e-4488-a0b2-eafbb15b30f5,5432e780-a6e7-4ff9-83b8-50a37ed2cc67
Alternating Exercise Ball Knee Tucks - Gethin Variation,Seated Alternating Dumbbell Curl,0.428,The exercise ball knee roll-in is an abdominal exercise that involves supporting yourself with your hands in a plank or push-up position and drawing the knees in toward the chest. This is a fairly advanced abdominal move requiring core strength.,Strength,Abdominals,biceps,Exercise Ball,Intermediate,,https://fitnessprogramer.com/wp-content/uploads/2022/06/Seated-dumbbell-alternating-curl.gif,b8ac3aed-2d4b-45c4-8919-b9ed713d9383,98334714-b20d-4c97-a9d9-e544e51a0c02
30 Bosu Cable Reverse Crunch,Lying Cable Reverse Fly,0.4642,No description available,Strength,Abdominals,shoulders,Exercise Ball,Intermediate,,https://fitnessprogramer.com/wp-content/uploads/2021/04/Lying-Cable-Reverse-Fly.gif,a52b6de5-1e26-4286-a036-3db964e56b0b,d738ada9-d959-4f76-85eb-96fd57075f9d
BOSU knee tuck,High Knee Lunge on Bosu Ball,0.5638,"The BOSU knee tuck is a dynamic abdominal movement performed on a BOSU ball or other stability training device. It primarily targets the rectus abdominis or ""six-pack"" muscles of the core. It can be performed for time or reps as part of an ab-focused workout or a circuit involving body weight or the BOSU ball.",Strength,Abdominals,leg,Exercise Ball,Intermediate,,https://fitnessprogramer.com/wp-content/uploads/2023/09/High-Knee-Lunge-on-Bosu-Ball.gif,4e97a250-f472-4b4c-9de4-5102130bdf17,8f3200e7-aa54-41dc-a0f3-bbd137aea68a
30 Side Plank On Ball,Front to Side Plank,0.5677,"The feet-elevated side plank on ball is a more advanced version of a traditional bodyweight side plank. The feet are balanced on an exercise ball, providing a balance challenge but also increasing the load placed upon the obliques and shoulder muscles. It is usually performed for timed holds, either one side at a time or alternating sides. If a ball is unavailable, some of the benefits of the movement can be obtained by performing side planks with the feet elevated on a couch, chair, bench, or other stable object.",Strength,Abdominals,abs,Exercise Ball,Intermediate,,https://fitnessprogramer.com/wp-content/uploads/2021/05/Front-to-Side-Plank.gif,f50248ad-9f48-4a7d-b301-790c4e05ed6c,cb995e4b-5fb7-4454-8df9-b1a6aad2ac76
Taylor Exercise Ball Stir-The-Pot,Wall Ball,0.2172,No description available,Strength,Abdominals,full-body,Exercise Ball,Intermediate,,https://fitnessprogramer.com/wp-content/uploads/2023/01/wall-ball.gif,9b2714df-964d-4739-a73d-9768da857280,c4798cba-e21b-4ad8-abfc-c7e63fdfd0a6
FYR2 Air Ball,Wall Ball,0.3771,No description available,Strength,Abdominals,full-body,Exercise Ball,Intermediate,,https://fitnessprogramer.com/wp-content/uploads/2023/01/wall-ball.gif,4d22d82c-bf7e-462a-9c25-7ab077748742,c4798cba-e21b-4ad8-abfc-c7e63fdfd0a6
Feet-elevated plank on ball,Side Lying Feet Raise,0.2759,"The feet-elevated plank is a variation on the straight-arm plank, a bodyweight standard. The feet are elevated on a ball to align the body parallel to the floor and provide a greater stabilization challenge. This makes it more difficult than straight-arm planks on the floor, but also puts more emphasis on the shoulder muscles. It is often used as a shoulder and core warm-up, or as a burnout movement for a chest or shoulder workout.",Strength,Abdominals,abs,Exercise Ball,Intermediate,,https://fitnessprogramer.com/wp-content/uploads/2022/06/Side-Lying-Feet-Raise.gif,a666f015-a810-40f8-8cc1-aac37b3afa46,05148618-7e6a-480d-aa82-b05143a722ae
FYR2 Standing Banded Leg Abduction,Hip Abduction Machine,0.572,No description available,Strength,Abductors,leg,Bands,Intermediate,,https://fitnessprogramer.com/wp-content/uploads/2021/02/HiP-ABDUCTION-MACHINE.gif,7de5e602-1058-4563-9133-b37c3b022819,1283d32e-9074-4e2e-8e8d-34b34b96a36c
Iliotibial band SMR,Band Biceps Curl,0.1306,"Iliotibial band self-myofascial release (SMR) is a self-administered soft-tissue treatment for the lower body, usually using a foam roller or other ""trigger point"" massage tool. By applying pressure strategically to the IT band along the side of the upper leg, some people find they can cause this often painful and tight area to relax or ""release."" IT band SMR is often accompanied by SMR on the glute or quad muscles, or by stretches that target the glutes or quads.",Stretching,Abductors,biceps,Foam Roll,Intermediate,,https://fitnessprogramer.com/wp-content/uploads/2022/02/Band-Biceps-Curl.gif,32acd58e-2ef0-4abd-881c-3d0d8857318e,13a520d2-95de-46be-8459-8dfd750c168c
Adductor SMR,Standing Wide Leg Adductor Stretch,0.6055,"Adductor self-myofascial release (SMR) is a self-administered soft-tissue treatment for the lower body, usually using a foam roller, lacrosse ball, or other ""trigger point"" massage tool. By applying pressure strategically to the adductor muscles in the inner thigh region, some people find they can cause this often painful and tight muscle to relax or ""release."" Adductor SMR is often accompanied by SMR on the iliotibial (IT) band or glutes (TFL muscles), or by stretches that target the adductors.",Stretching,Adductors,leg,Foam Roll,Beginner,,https://fitnessprogramer.com/wp-content/uploads/2022/06/Standing-Wide-Leg-Adductor-Stretch.gif,b124787b-e101-4d1b-9ca7-981fcb94bb46,e6358b85-97f2-4935-941d-cfbcd3129568
Lying Bent Leg Groin,Banded Lying Leg Curl,0.3542,No description available,Stretching,Adductors,leg,Other,Beginner,,https://fitnessprogramer.com/wp-content/uploads/2022/05/Lying-leg-curl.gif,441d794d-e07b-4c9e-8d39-c5541fc9bff0,4a195fcc-19cc-455a-880f-2ed3e4a8bf73
Lateral box jump,Box Jump 2 to 1,0.5719,"The lateral box jump is a plyometric exercise targeting lateral agility and lower-body strength. It's a great move for athletes in many sports, including basketball, skiing, and tennis.",Plyometrics,Adductors,cardio,Other,Intermediate,,https://fitnessprogramer.com/wp-content/uploads/2023/02/Box-Jump-2-to-1.gif,0536474f-3d56-44cd-acb8-f01abe1624d7,28d8219a-a6bb-4a11-96c1-a69071e3561c
Thigh adductor,Foam Roller Inner Thigh Adductor Stretch,0.6577,"The thigh adductor machine is a lower-body exercise that targets the muscles of the inner thighs. It is usually performed for moderate to high reps, such as 8-12 reps per set or more, as part of lower-body training.",Strength,Adductors,leg,Machine,Intermediate,,https://fitnessprogramer.com/wp-content/uploads/2022/02/Foam-Roller-Inner-Thigh-Adductor-Stretch.gif,3089b968-68da-4d7b-8197-0de8abe0577f,680cfa3a-64aa-4fb9-bf42-10acfaec36ed
Thigh abductor,Thigh fly (Adductor Magnus Stretch),0.4528,"The thigh abductor is a lower-body exercise that targets the muscles of the outer hips and glutes. It is usually performed for moderate to high reps, such as 8-12 reps per set or more, as part of lower-body training.",Strength,Abductors,leg,Machine,Intermediate,,https://fitnessprogramer.com/wp-content/uploads/2021/05/Adductor-Magnus-Stretch.gif,dfaed053-01e1-4ffb-b160-ab4d975376ff,8d7ac388-5fcf-4024-a5fc-16ed6b904b27
Standing Hip Circles,Wrist Circles Stretch,0.5119,No description available,Stretching,Abductors,forearm,Body Only,Beginner,,https://fitnessprogramer.com/wp-content/uploads/2021/06/Wrist-Circles-Stretch.gif,e2ab4b82-b282-4046-bf2d-856cdb0358fa,8ccd7b43-896f-425d-9f68-574881c3bc6e
Groiners,Inner Chest Press Machine,0.0876,No description available,Stretching,Adductors,chest,Body Only,Beginner,,https://fitnessprogramer.com/wp-content/uploads/2021/06/Inner-Chest-Press-Machine.gif,974850de-8c26-4857-b7fa-ed88a2a84110,c08c6952-4957-4157-8cea-92a66c541e9a
Fire Hydrant,Tire Sledge Hammer,0.0878,No description available,Strength,Abductors,full-body,Body Only,Beginner,,https://fitnessprogramer.com/wp-content/uploads/2022/02/Tire-SledgeHammer.gif,8d79110d-dbf6-4512-bd0f-bb991510f55d,ba2ce6f7-d909-470f-b802-7ea68336fbe7
Lateral hop,Lateral Step-up,0.6267,"The lateral hop is an explosive bodyweight exercise that consists of a two-legged hop to the side. It targets the lower body, including the quads, glutes, and hamstrings. Performed for reps, it also provides a serious cardiovascular challenge. It can be performed for time or reps and is especially effective in a fat-loss or athleticism-focused circuit or workout.",Plyometrics,Adductors,leg,Body Only,Intermediate,,https://fitnessprogramer.com/wp-content/uploads/2022/04/Lateral-Step-up.gif,77f66122-1a02-4666-a8c4-d2258d07bd9b,f25eb653-a8a6-41bb-926c-0c4ca7370597
Monster Walk,Banded Walk,0.3371,No description available,Strength,Abductors,leg,Body Only,Intermediate,,https://fitnessprogramer.com/wp-content/uploads/2022/02/Banded-Walk.gif,c005a0fb-90d3-49c7-9a09-6c0af78a05eb,f7e8fd4a-aecd-48cc-83d4-a8bea534520b
Side Lying Groin Stretch,Side Push Neck Stretch,0.4347,No description available,Stretching,Adductors,neck,Body Only,Intermediate,,https://fitnessprogramer.com/wp-content/uploads/2021/06/Side-Push-Neck-Stretch.gif,7c27223d-b896-4b1e-a613-9bd29b21dece,cd4ade5a-b581-485e-8283-fbf76c75d864
IT Band and Glute Stretch,Front and Back Neck Stretch,0.389,No description available,Stretching,Abductors,neck,Body Only,Intermediate,,https://fitnessprogramer.com/wp-content/uploads/2021/06/Front-and-Back-Neck-Stretch.gif,34c9b034-20eb-4259-8ff1-9fa1fcfd31dc,5cf78543-020c-4bdc-b411-c2c041671a3e
Single-leg lying cross-over stretch,Standing Cross Leg Hamstring Stretch,0.4976,"The single-leg lying cross-over stretch is a simple bodyweight stretch targeting the lower back, hips, and glutes. It involves rotating a single leg over the body while lying flat on the back. It is commonly included in dynamic warm-ups, but can also be performed as full-body mobility work anytime.",Stretching,Abductors,calf,Body Only,Beginner,,https://fitnessprogramer.com/wp-content/uploads/2021/05/Standing-Cross-Leg-Hamstring-Stretch.gif,5b44c0be-6964-4fcf-b8bc-b69523687139,76dd9515-d9c1-4323-8844-283d9c014257
Carioca quick step,Ski Step,0.2365,"The carioca quick step is a lateral bodyweight exercise targeting the adductors but also promoting agility and overall conditioning. It’s a favorite of football players, particularly defensive backs, because it mimics the way they have to track wide receivers downfield. It can also help mobilize the hips for athletes and lifters of all ability levels.",Plyometrics,Adductors,cardio,Body Only,Intermediate,,https://fitnessprogramer.com/wp-content/uploads/2022/04/Ski-Step.gif,7687a42e-e31e-4e29-9a2d-b7ec9ee858d9,a4d07b84-65cd-489b-843f-9c4790b0d448
Lateral cone hop,Lateral Step-up,0.4935,"The lateral cone hop is an agility drill that involves jumping over cones or other short hurdles side to side rather than front to back. It can be performed for reps or for time and can be beneficial for track athletes, basketball players, or any other athletes who need explosive lateral power.",Plyometrics,Adductors,leg,Body Only,Intermediate,,https://fitnessprogramer.com/wp-content/uploads/2022/04/Lateral-Step-up.gif,b219ba77-e933-4eb8-9f4c-8ec7c2069091,f25eb653-a8a6-41bb-926c-0c4ca7370597
Dynamic pigeon stretch,Wrist Stretch,0.2343,"The dynamic pigeon stretch is a lower-body stretch targeting the glutes, hips, and piriformis. It is influenced by the pigeon pose from yoga, but involves moving in and out of the pose. It can be part of a dynamic warm-up or mobility work performed anytime.",Strength,Abductors,forearm,Body Only,Intermediate,,https://fitnessprogramer.com/wp-content/uploads/2023/03/Wrist-Stretch.gif,a5b9e9cf-5b7d-489c-bd39-4e3426a5fe19,cc03cfaa-2c2d-4b31-b064-02fd10010250
Cross-over jack,T-Cross Sit-up,0.5017,"The cross-over jack is a variation on the jumping jack, a popular calisthenics exercise used to improve overall conditioning. The difference between the jumping jack and the cross-over jack is that with the latter, the feet don't just come together each rep, they cross over each other. It's a great way to add variety to your warm-up or conditioning work.",Strength,Abductors,abs,Body Only,Intermediate,,https://fitnessprogramer.com/wp-content/uploads/2021/05/T-Cross-Sit-up.gif,0224437f-bf3b-419a-8ad0-b864ed3f1632,e1d4694e-82dd-49ae-818e-85e8b8ecc28c
Traveling thigh killa,Thigh fly (Adductor Magnus Stretch),0.3837,"The traveling thigh killa is a challenging lower-body bodyweight exercise that builds muscular endurance with a series of hops forward and backward, as well as bodyweight squats. It can be performed for time or reps, usually in a circuit workout or as a lower-body finisher.",Strength,Abductors,leg,Body Only,Intermediate,,https://fitnessprogramer.com/wp-content/uploads/2021/05/Adductor-Magnus-Stretch.gif,839ea87b-16d5-4b59-85c9-d4a5e7bd0023,8d7ac388-5fcf-4024-a5fc-16ed6b904b27
FYR Thigh Killa,Thigh fly (Adductor Magnus Stretch),0.4979,"The thigh killa is a challenging lower-body bodyweight exercise that builds muscular endurance with a series of hops and bodyweight squats. It can be performed for time or reps, usually in a circuit workout or as a lower-body finisher.",Strength,Abductors,leg,Body Only,Intermediate,,https://fitnessprogramer.com/wp-content/uploads/2021/05/Adductor-Magnus-Stretch.gif,5d1bfa3a-45dd-4e4f-87c7-3daabb346475,8d7ac388-5fcf-4024-a5fc-16ed6b904b27
HM Straddle Stretch,Straddle Planche,0.6601,No description available,Stretching,Abductors,full-body,Body Only,Intermediate,,https://fitnessprogramer.com/wp-content/uploads/2022/08/Straddle-planche.gif,71e39ee3-d5e6-46df-9d25-f42058fdd660,93aa6c4d-1ea2-47ee-bbd6-e02234c4b13c
HM Right Leg Swing,Lateral Leg Swings,0.5293,No description available,Stretching,Abductors,leg,Body Only,Intermediate,,https://fitnessprogramer.com/wp-content/uploads/2023/06/Lateral-Leg-Swings.gif,746fb2ae-a9a4-4193-9d22-f80a0d7ef24b,fc1d2ce9-4724-4c3e-8137-9479b73ab739
HM Right Side-Kick,Right Cross,0.4211,No description available,Stretching,Abductors,cardio,Body Only,Intermediate,,https://fitnessprogramer.com/wp-content/uploads/2022/08/Right-Cross-Boxing.gif,61fa2498-2ddf-4818-bd5a-c1298fa8235a,72f06398-7971-453e-b797-3f496f5e49d6
HM Frog Stretch,Frog Crunch,0.5091,No description available,Strength,Abductors,abs,Body Only,Intermediate,,https://fitnessprogramer.com/wp-content/uploads/2021/06/frog-crunch.gif,d17ea60c-9e22-4e45-a432-558606eb6ed5,ac8a7e71-9b12-471c-ae5a-e4cc114d40df
HM Kick-Out,Butt Kicks,0.3808,No description available,Strength,Abductors,cardio,Body Only,Intermediate,,https://fitnessprogramer.com/wp-content/uploads/2021/10/Butt-Kicks.gif,0800f0f5-ea1e-4430-9b9e-d489d8084dab,092ae57a-9e86-4cf6-877e-6f55b0a9fc46
HM Left Leg Swing,Lateral Leg Swings,0.5396,No description available,Strength,Adductors,leg,Body Only,Intermediate,,https://fitnessprogramer.com/wp-content/uploads/2023/06/Lateral-Leg-Swings.gif,77ae59c9-1e53-401e-a174-e416fe72bf81,fc1d2ce9-4724-4c3e-8137-9479b73ab739
UNS Foam Roll Adductor,Foam Roller Inner Thigh Adductor Stretch,0.6165,No description available,Strength,Adductors,leg,Body Only,Intermediate,,https://fitnessprogramer.com/wp-content/uploads/2022/02/Foam-Roller-Inner-Thigh-Adductor-Stretch.gif,4067d15a-3f94-4b72-8316-bdea2ed694c9,680cfa3a-64aa-4fb9-bf42-10acfaec36ed
MetaBurn Groiner,Inner Chest Press Machine,0.068,No description available,Strength,Abductors,chest,Body Only,Intermediate,,https://fitnessprogramer.com/wp-content/uploads/2021/06/Inner-Chest-Press-Machine.gif,d09f4efb-27c2-4f98-8a78-4c644154fcfa,c08c6952-4957-4157-8cea-92a66c541e9a
Side-lying leg adduction scissor,Leg Scissors,0.6642,"The side-lying leg adduction scissor is a dynamic core exercise that combines the isometric hold of a side-lying leg lift with leg adductions to further challenge the core and adductors. It targets multiple muscles of the core, primarily the rectus abdominis or ""six-pack"" muscles. It can be performed for time or reps in the ab-focused portion of any workout.",Strength,Adductors,abs,Body Only,Intermediate,,https://fitnessprogramer.com/wp-content/uploads/2022/12/Leg-Scissors.gif,ada9b4f4-bab2-48c5-92b9-7107d0de9d11,bbc522af-e8be-4d08-bb29-894a831ab775
Groin and Back Stretch,Front and Back Neck Stretch,0.5152,No description available,Stretching,Adductors,neck,Bodyweight,Beginner,,https://fitnessprogramer.com/wp-content/uploads/2021/06/Front-and-Back-Neck-Stretch.gif,49d1f4cb-d91f-4555-95cb-cc6c450eb7ce,5cf78543-020c-4bdc-b411-c2c041671a3e
Banded biceps curl in squat position,Band Biceps Curl,0.483,"The banded biceps curl in squat position is an exercise targeting the biceps, although it also works the core and lower body.",Strength,Biceps,biceps,Bands,Intermediate,,https://fitnessprogramer.com/wp-content/uploads/2022/02/Band-Biceps-Curl.gif,53f7bd41-cede-48ef-a360-d3b8364f8b08,13a520d2-95de-46be-8459-8dfd750c168c
Banded Hammer Press - Gethin Variation,Hammer Press,0.6747,The machine chest press is an upper body exercise targeting the pectoral muscles.,Strength,Biceps,chest,Bands,Intermediate,,https://fitnessprogramer.com/wp-content/uploads/2021/02/Hammer-Press.gif,5d8f3f83-336e-46a7-90bd-8560d6b530fb,0e251ec4-4873-44eb-b019-81d1fa0d13e0
Wide-grip barbell curl,Wide Grip Barbell Bent Over Row Plus,0.6003,"The wide-grip barbell curl is a variation of the classic barbell curl with the grip wider than shoulder width. It is thought that this helps build the inner or ""short"" head of the biceps muscles. This movement is usually performed for moderate to high reps, such as 8-12 reps per set.",Strength,Biceps,trapezius,Barbell,Beginner,,https://fitnessprogramer.com/wp-content/uploads/2023/02/Wide-Grip-Barbell-Bent-Over-Row-Plus.gif,abdac8e0-d44a-4382-bbe2-68e68e73e035,85c734b7-ca6b-4c32-a3c7-653c1c81b17d
EZ-bar spider curl,Spider Plank,0.6527,"The EZ-bar spider curl is an exercise targeting the biceps and performed face down on either an incline bench or on the flat side of a preacher bench. The EZ-bar makes for a more comfortable wrist position, while the angle helps to isolate the biceps and limit involvement of the shoulder muscles. This curl variation is usually performed for moderate to high reps, such as 8-12 reps per set or more, as part of upper-body or arm-focused training.",Strength,Biceps,cardio,Barbell,Intermediate,,https://fitnessprogramer.com/wp-content/uploads/2021/05/Spider-Plank.gif,bf6ff761-29ad-4ae5-9b4f-bb7b4e869944,aa1762fc-b40e-4645-8b93-cd6890bbcce5
Barbell Curls Lying Against An Incline,High Knees Against Wall,0.5668,No description available,Strength,Biceps,cardio,Barbell,Beginner,,https://fitnessprogramer.com/wp-content/uploads/2021/09/High-Knees-against-wall.gif,9fa3d0f2-e720-41bc-a4fa-4fc2cfc5fc1f,ca48241a-5f7c-4932-95a3-125c96de7784
Seated wide-grip curl to close-grip curl,Seated Cable Close Grip Chest Press,0.5736,"The seated wide-grip curl to close-grip curl is a variation on the classic seated dumbbell curl. It is thought that wide-grip curls target the inner head of the biceps more, while close-grip curls target the outer head or peak. This variation allows you to get the benefits of both.",Strength,Biceps,chest,Barbell,Beginner,,https://fitnessprogramer.com/wp-content/uploads/2022/02/Seated-Cable-Close-Grip-Chest-Press.gif,2de7c6b6-f35d-4d95-a288-4a0655ba98c4,cfbc553c-bb54-40fe-bc8f-4260db8bbff9
Seated Straigh-Bar Curl Superset,Seated Straight Leg Calf Stretch,0.3649,"The seated wide-grip curl to close-grip curl is a variation on the classic seated dumbbell curl. The variation is that the range of motion changes in alternating fashion—one more traditional, one where you’re bringing the weight in more from the side.",Strength,Biceps,calf,Barbell,Beginner,,https://fitnessprogramer.com/wp-content/uploads/2022/02/Seated-Straight-Leg-Calf-Stretch.gif,119692df-d03f-461b-86a1-7a511bd9b871,97242700-33dc-4192-8ee3-cfd1e533fd6a
Dave Draper Forehead Curl,Forearm Push-up,0.1732,No description available,Strength,Biceps,chest,Barbell,Intermediate,,https://fitnessprogramer.com/wp-content/uploads/2022/02/Forearm-Push-up.gif,fc7f14a8-3740-4552-8a84-b3a9c215c997,6853fc1a-889e-46e6-820d-49e635f4c3f8
EZ-Bar Spider Curl - Gethin Variation,Spider Plank,0.5566,The EZ-bar spider curl is an isolation exercise targeting the biceps and performed face-down on an incline bench. The EZ-bar makes for a more comfortable wrist position.,Strength,Biceps,cardio,Barbell,Intermediate,,https://fitnessprogramer.com/wp-content/uploads/2021/05/Spider-Plank.gif,23311ebd-e012-48d5-bde3-dcb4656978a4,aa1762fc-b40e-4645-8b93-cd6890bbcce5
Paul Carter Barbell Curl,Barbell Finger Curl,0.312,"The barbell curl is an arm exercise that is also one of the most recognizable movements in all of bodybuilding and fitness. It helps build sleeve-popping biceps and allows heavier loading than many other curl variations. It is usually performed in moderate to high reps, such as 8-12 reps per set, as part of the arm-focused portion of any workout.",Strength,Biceps,forearm,Barbell,Intermediate,,https://fitnessprogramer.com/wp-content/uploads/2022/09/Barbell-Finger-Curl.gif,058ff91f-75e6-42bc-919a-dd73fb7c2a93,0efa8496-c383-48ea-80d2-c179e0cf9191
Close-Grip EZ-Bar Curl - Gethin Variation,Close Grip Chin Up,0.5974,"The close-grip EZ-bar curl is an exercise targeting the biceps, particularly the long head. The main difference between this exercise and standard barbell curls is that the hands are positioned closer together on the bar. It is thought that this helps build the outer biceps head and the peak. This curl variation is usually performed for moderate to high reps, like at least 8-12 reps per set.",Strength,Biceps,back,Barbell,Intermediate,,https://fitnessprogramer.com/wp-content/uploads/2021/04/Close-Grip-Chin-Up.gif,9cdaddb2-317a-4d3b-93f1-cab43b1fa4b9,f1e93faa-a361-4b3c-aa15-bf63b0d672d7
Seated Barbell Curl,Seated Incline Dumbbell Curl,0.5625,No description available,Strength,Biceps,biceps,Barbell,Intermediate,,https://fitnessprogramer.com/wp-content/uploads/2021/02/Seated-Incline-Dumbbell-Curl.gif,1cc73765-58a8-40d5-bc5c-a8e42c6caf71,439d17f3-c071-450f-86b2-fe2bebd7aa4b
AM Standing Barbell Curl,Standing Barbell Rollout,0.5538,"The standing EZ-bar curl is an immenselyp popular exercise targeting the biceps. It is commonly performed for moderate to high reps as part of an upper body or arms-focused workout. Many gyms even have EZ-bars at fixed weights, allowing for easy weight changes.",Strength,Biceps,abs,Barbell,Intermediate,,https://fitnessprogramer.com/wp-content/uploads/2022/04/Standing-Barbell-Rollout.gif,48a7756d-6c78-407f-9ab3-fd05f1dab2e6,ba1e32d4-39e7-47cd-a717-ec646f7ac2a0
30 Arms Standing Barbell Curl,Standing Barbell Rollout,0.4971,No description available,Strength,Biceps,abs,Barbell,Intermediate,,https://fitnessprogramer.com/wp-content/uploads/2022/04/Standing-Barbell-Rollout.gif,a53a75dd-99df-4c08-9019-c24b081ad20b,ba1e32d4-39e7-47cd-a717-ec646f7ac2a0
"Bicep Curls ""21s""",Band Biceps Curl,0.5814,No description available,Strength,Biceps,biceps,Barbell,Intermediate,,https://fitnessprogramer.com/wp-content/uploads/2022/02/Band-Biceps-Curl.gif,61175431-304e-48ff-a036-d60f005eab22,13a520d2-95de-46be-8459-8dfd750c168c
Biceps curl to shoulder press,Lying Shoulder Press,0.6202,"The biceps curl to shoulder press is a dumbbell complex that combines two exercises that build and strengthen the biceps and shoulders or deltoids. It is usually performed one rep of each movement at a time, although you could perform more reps of each, or increase the reps in successive rounds (e.g., 1 rep in round 1, 2 reps in round 2, etc.). No matter how you structure the sets and reps, it is a time-efficient way to hit two crucial upper-body muscles in any workout.",Strength,Biceps,shoulders,Dumbbell,Beginner,,https://fitnessprogramer.com/wp-content/uploads/2021/09/Lying-Shoulder-Press.gif,b20b9a57-c7cd-44be-ada7-7d3336914836,fd54ec17-57dc-4621-8462-60cb4b2289b5
Cross-body hammer curl,Cross Body Push-up,0.6358,"The cross-body hammer curl is a dumbbell exercise that targets the biceps, brachialis, and forearm muscles. Rather than lifting the weights directly in front of the body, you lift them across the torso. Throughout each rep, the wrists remain neutral, like a carpenter hammering a nail. This helps isolate the brachialis muscles on each arm. It is generally performed for moderate to high reps, such as 8-12 reps or more, as part of the arm-focused portion of a workout.",Strength,Biceps,full-body,Dumbbell,Beginner,,https://fitnessprogramer.com/wp-content/uploads/2022/02/Cross-Body-Push-up_Plyometric.gif,c9040125-6396-44e6-82e9-386dc3c0e415,bc4c077f-0fd8-42c4-b9e6-dbfabf81d8ec
Alternate Incline Dumbbell Curl,Band Alternate Incline Chest Press,0.6787,"The alternating incline dumbbell biceps curl is an exercise targeting the biceps and performed face up on an incline bench. This creates a vertical arm angle which helps to isolate the biceps and limit involvement of the shoulder muscles. This curl variation is usually performed for moderate to high reps, such as 8-12 rep per arm or more, as part of upper-body or arm-focused training.",Strength,Biceps,chest,Dumbbell,Intermediate,,https://fitnessprogramer.com/wp-content/uploads/2022/02/Band-Alternate-Incline-Chest-Press-.gif,5e0cb1f5-0a10-4e72-9585-510709c11e5a,e6e66831-9199-4530-8377-829d8ac05518
Alternate Hammer Curl,Alternate Leg Raises,0.5837,"The alternating hammer curl is performed with dumbbells but without wrist supination. Throughout each rep, the wrists remain neutral, like a carpenter hammering a nail.",Strength,Biceps,abs,Dumbbell,Intermediate,,https://fitnessprogramer.com/wp-content/uploads/2022/08/Alternate-Leg-Raises.gif,d825c988-7ea5-49b5-ae12-62d42ad31f9a,7ac62e73-c11b-48e9-87f9-e79d191a0e42
Seated dumbbell biceps curl,Seated Incline Dumbbell Curl,0.6638,"The seated dumbbell biceps curl is a popular exercise for building bigger biceps. While curls can effectively be performed standing as well, performing them seated can enforce strict form and perhaps boost the mind-muscle connection. Like most curl variations, these are usually performed for moderate to high reps, such as 8-12 reps per set or more.",Strength,Biceps,biceps,Dumbbell,Intermediate,,https://fitnessprogramer.com/wp-content/uploads/2021/02/Seated-Incline-Dumbbell-Curl.gif,3ad97972-b9d7-424f-adc0-4440c8bda428,439d17f3-c071-450f-86b2-fe2bebd7aa4b
Lying Supine Dumbbell Curl,Dumbbell Curl,0.5352,No description available,Strength,Biceps,biceps,Dumbbell,Beginner,,https://fitnessprogramer.com/wp-content/uploads/2021/02/Dumbbell-Curl.gif,099aebf6-9190-46ca-a204-76186126e1d6,6df2d760-52e5-490f-8cc3-4fb87fa1194b
Palms-out incline biceps curl,Cable Incline Biceps Curl,0.6684,"The palms-out incline biceps curl is an exercise targeting the biceps. It is largely similar to the incline dumbbell curl, but the palms-out position targets the long head of the biceps, which is responsible for the biceps ""peak."" This curl variation is usually performed for moderate to high reps, such as 8-12 reps per set or more, as part of upper-body or arm-focused training.",Strength,Biceps,biceps,Dumbbell,Beginner,,https://fitnessprogramer.com/wp-content/uploads/2022/12/Cable-Incline-Biceps-Curl.gif,527873ed-550a-46c2-b74f-6333e16c4e4e,76675098-d25f-457e-aa63-93e5854a157e
Straight-arm plank with biceps curl,One Arm Biceps Curl,0.5364,"The straight-arm plank with biceps curl is a hybrid movement that trains the abdominal and biceps muscles simultaneously. It can address multiple muscle groups in a time-efficient muscle-building or circuit-style workout, while also providing an additional cardiovascular challenge.",Strength,Biceps,biceps,Dumbbell,Beginner,,https://fitnessprogramer.com/wp-content/uploads/2022/04/One-Arm-Biceps-Curl-1.gif,0a2d8385-58a0-41cb-b78e-44f479c28286,224f39f4-b27d-495b-949f-b98541fa695b
Face-down incline dumbbell biceps curl,Cable Incline Biceps Curl,0.6281,"The face-down incline dumbbell biceps curl is an exercise targeting the biceps and performed face down on an incline bench. This creates a vertical arm angle, which helps to isolate the biceps and limit involvement of the shoulder muscles. This curl variation is usually performed for moderate to high reps, such as 8-12 reps per set or more, as part of upper-body or arm-focused training.",Strength,Biceps,biceps,Dumbbell,Beginner,,https://fitnessprogramer.com/wp-content/uploads/2022/12/Cable-Incline-Biceps-Curl.gif,cffe73ad-8acd-4847-bd29-f7f4444b1528,76675098-d25f-457e-aa63-93e5854a157e
Seated Dumbbell Inner Biceps Curl,Seated Incline Dumbbell Curl,0.5285,No description available,Strength,Biceps,biceps,Dumbbell,Beginner,,https://fitnessprogramer.com/wp-content/uploads/2021/02/Seated-Incline-Dumbbell-Curl.gif,bc7f73bd-582f-4c62-8f36-769baccdd6ae,439d17f3-c071-450f-86b2-fe2bebd7aa4b
Standing Inner-Biceps Curl,Band Biceps Curl,0.4774,No description available,Strength,Biceps,biceps,Dumbbell,Beginner,,https://fitnessprogramer.com/wp-content/uploads/2022/02/Band-Biceps-Curl.gif,788527eb-ccd0-414b-b809-0e759cb1ae4d,13a520d2-95de-46be-8459-8dfd750c168c
Paul Carter Incline Dumbbell Biceps Curl,Cable Incline Biceps Curl,0.5715,The incline dumbbell biceps curl is an isolation exercise targeting the biceps. This variation targets the long head of the biceps more than a traditional curl and there is more overall tension to this muscle.,Strength,Biceps,biceps,Dumbbell,Intermediate,,https://fitnessprogramer.com/wp-content/uploads/2022/12/Cable-Incline-Biceps-Curl.gif,83e42442-fb29-483f-832c-5950081efd85,76675098-d25f-457e-aa63-93e5854a157e
FYR Dumbbell Hammer Curl,Dumbbell Preacher Hammer (Scott) Curl,0.6786,"This curl is performed simultaneously with dumbbells but without wrist supination. Throughout each rep, the wrists remain neutral, like a carpenter hammering a nail.",Strength,Biceps,forearm,Dumbbell,Intermediate,,https://fitnessprogramer.com/wp-content/uploads/2022/02/Dumbbell-Preacher-Hammer-Curl.gif,f69aad9d-18f3-4c83-b5f5-3804459846b3,765f8b7f-18a4-49cd-9bcd-6fa120ba52f6
Dumbbell overhead hold with single-arm curl,Dumbbell Curl,0.4664,"The dumbbell overhead hold with single-arm curl combines an isometric overhead hold with a curl for the other arm. The two movements collectively target the muscles of the shoulders and arms, while providing a surprising core challenge. Expect to be challenged, even with light weight.",Strength,Biceps,biceps,Dumbbell,Intermediate,,https://fitnessprogramer.com/wp-content/uploads/2021/02/Dumbbell-Curl.gif,3fcad22f-8d25-4002-8e13-d2a0a69ec567,6df2d760-52e5-490f-8cc3-4fb87fa1194b
Lunge hold dumbbell curl,Dumbbell Curl,0.6358,"The lunge hold dumbbell curl is a challenging complex that combines an isometric hold at the bottom of a lunge with a dumbbell biceps curl. The two exercises combine to target the legs, core, and biceps. The curl will determine the amount of weight you can use, but even a light weight will make the lunge hold seriously challenging.",Strength,Biceps,biceps,Dumbbell,Intermediate,,https://fitnessprogramer.com/wp-content/uploads/2021/02/Dumbbell-Curl.gif,3bef367d-e508-4ebf-ac12-7b927cb175ea,6df2d760-52e5-490f-8cc3-4fb87fa1194b
FYR Dumbbell Biceps Curl,Dumbbell Curl,0.6631,"The dumbbell biceps curl is a single-joint exercise for building bigger and stronger biceps. Popular among gym goers of all experience levels, this move can be done seated or standing. It is generally performed for moderate to high reps, such as 8-12 reps or higher, as part of the arm-focused portion of a workout.",Strength,Biceps,biceps,Dumbbell,Intermediate,,https://fitnessprogramer.com/wp-content/uploads/2021/02/Dumbbell-Curl.gif,fca2f320-a687-4cb4-a8fd-8cf505d2225b,6df2d760-52e5-490f-8cc3-4fb87fa1194b
Alternating dumbbell snatch,Seated Alternating Dumbbell Curl,0.656,"The alternating dumbbell snatch is an explosive exercise that builds full-body power and targets the muscles of the hips, back, and shoulders. Performing it by alternating arms gives each arm the chance to recover, allowing you to do a greater amount of quality work. It can be performed for low reps with a focus on power and speed, or for higher reps to build muscle or as part of a metabolic conditioning circuit.",Strength,Biceps,biceps,Dumbbell,Intermediate,,https://fitnessprogramer.com/wp-content/uploads/2022/06/Seated-dumbbell-alternating-curl.gif,4f7acb58-0838-4f14-a8cc-dd13c64da52e,98334714-b20d-4c97-a9d9-e544e51a0c02
TBS Hammer Curl,Hammer Press,0.6331,"The alternating hammer curl is performed with dumbbells but without wrist supination. Throughout each rep, the wrists remain neutral, like a carpenter hammering a nail.",Strength,Biceps,chest,Dumbbell,Intermediate,,https://fitnessprogramer.com/wp-content/uploads/2021/02/Hammer-Press.gif,77116fee-4c00-4279-8a39-8f72a906d3ee,0e251ec4-4873-44eb-b019-81d1fa0d13e0
Seated Dumbbell Curl - Gethin Variation,Seated Incline Dumbbell Curl,0.6397,"The seated dumbbell biceps curl is a standard exercise for building bigger biceps. While dumbbell biceps curls can be performed standing, this version involves sitting on a bench.",Strength,Biceps,biceps,Dumbbell,Intermediate,,https://fitnessprogramer.com/wp-content/uploads/2021/02/Seated-Incline-Dumbbell-Curl.gif,137d6d76-00d5-4818-9928-b7206c9b1c5f,439d17f3-c071-450f-86b2-fe2bebd7aa4b
Dumbbell Hammer Curl - Gethin Variation,Dumbbell Preacher Hammer (Scott) Curl,0.6252,"This curl is performed simultaneously with dumbbells but without wrist supination. Throughout each rep, the wrists remain neutral, like a carpenter hammering a nail.",Strength,Biceps,forearm,Dumbbell,Intermediate,,https://fitnessprogramer.com/wp-content/uploads/2022/02/Dumbbell-Preacher-Hammer-Curl.gif,d225848e-5316-4a93-8cb2-65ea4dae69dc,765f8b7f-18a4-49cd-9bcd-6fa120ba52f6
Single-arm seated dumbbell curl,Seated Incline Dumbbell Curl,0.6386,"The single-arm seated dumbbell curl is a popular exercise for building bigger biceps. Performing it one arm at a time may allow you to use slightly heavier weight, while focusing on really feeling the mind-muscle connection in the working arm. Like most curl variations, these are usually performed for moderate to high reps, such as 8-12 reps per set or more.",Strength,Biceps,biceps,Dumbbell,Intermediate,,https://fitnessprogramer.com/wp-content/uploads/2021/02/Seated-Incline-Dumbbell-Curl.gif,4d0b90dc-3168-4747-9caf-0fc7c801ef2f,439d17f3-c071-450f-86b2-fe2bebd7aa4b
Lying Cable Curl - Gethin Variation,Cable Curl,0.5876,The lying cable biceps curl is an isolation exercise that eliminates the possibility of using momentum from the lower body to raise the weight.,Strength,Biceps,biceps,Dumbbell,Intermediate,,https://fitnessprogramer.com/wp-content/uploads/2021/02/cable-curl.gif,a808b6d3-fe40-4598-a8c6-af5397c29155,d791fbfe-5744-460f-815c-0b1a65d6b842
Seated Biceps Hammer Curl,Hammer Press,0.547,No description available,Strength,Biceps,chest,Dumbbell,Intermediate,,https://fitnessprogramer.com/wp-content/uploads/2021/02/Hammer-Press.gif,24618185-bf1a-4251-9d97-8f73c7c60ac8,0e251ec4-4873-44eb-b019-81d1fa0d13e0
HM Alternating Reverse Lunge With Biceps Curl,Seated Alternating Dumbbell Curl,0.4958,No description available,Strength,Biceps,biceps,Dumbbell,Intermediate,,https://fitnessprogramer.com/wp-content/uploads/2022/06/Seated-dumbbell-alternating-curl.gif,dd720082-553d-4e4d-b778-bd56da594cb6,98334714-b20d-4c97-a9d9-e544e51a0c02
AM Seated Hammer Curls,Hammer Press,0.5918,"The seated hammer curl is a popular exercise for building bigger biceps. The movement resembles hammering a nail—hence the name. While hammer can be performed standing, this version involves sitting on a bench.",Strength,Biceps,chest,Dumbbell,Intermediate,,https://fitnessprogramer.com/wp-content/uploads/2021/02/Hammer-Press.gif,f4899d84-da3d-4451-9468-5dc2ab70d685,0e251ec4-4873-44eb-b019-81d1fa0d13e0
Alternating hammer curl,Seated Alternating Dumbbell Curl,0.6163,"The alternating hammer curl is performed with dumbbells but without wrist supination. Throughout each rep, the wrists remain neutral, like a carpenter hammering a nail. It is generally performed for moderate to high reps, such as 8-12 reps or more, as part of the arm-focused portion of a workout.",Strength,Biceps,biceps,Dumbbell,Intermediate,,https://fitnessprogramer.com/wp-content/uploads/2022/06/Seated-dumbbell-alternating-curl.gif,5006ce5a-c7f1-4cdd-a3a3-a65d98d6d86a,98334714-b20d-4c97-a9d9-e544e51a0c02
Alternating biceps curl,Seated Alternating Dumbbell Curl,0.6668,"The alternating biceps curl is a single-joint exercise for building bigger and stronger biceps one arm at a time. Popular among gym goers of all experience levels, this move can be done seated or standing. It is generally performed for moderate to high reps, such as 8-12 reps or higher, as part of the arm-focused portion of a workout.",Strength,Biceps,biceps,Dumbbell,Intermediate,,https://fitnessprogramer.com/wp-content/uploads/2022/06/Seated-dumbbell-alternating-curl.gif,015578fd-d2f5-43bc-bd56-2b32151245b9,98334714-b20d-4c97-a9d9-e544e51a0c02
Holman Slow Biceps Curl,Band Biceps Curl,0.559,No description available,Strength,Biceps,biceps,Dumbbell,Intermediate,,https://fitnessprogramer.com/wp-content/uploads/2022/02/Band-Biceps-Curl.gif,8b542093-413f-4da6-9b29-8c26c0939d8b,13a520d2-95de-46be-8459-8dfd750c168c
Holman Biceps Curl to Chest Punch,Band Biceps Curl,0.4836,No description available,Strength,Biceps,biceps,Dumbbell,Intermediate,,https://fitnessprogramer.com/wp-content/uploads/2022/02/Band-Biceps-Curl.gif,e4d1729b-1b6e-48f0-b651-f48ed41332b7,13a520d2-95de-46be-8459-8dfd750c168c
Holman Right Arm Heavy Biceps Curl,One Arm Biceps Curl,0.5094,No description available,Strength,Biceps,biceps,Dumbbell,Intermediate,,https://fitnessprogramer.com/wp-content/uploads/2022/04/One-Arm-Biceps-Curl-1.gif,1a1929bb-d7c3-478e-bb39-ddb7d19ece61,224f39f4-b27d-495b-949f-b98541fa695b
Holman Left Arm Heavy Biceps Curl,One Arm Biceps Curl,0.5111,No description available,Strength,Biceps,biceps,Dumbbell,Intermediate,,https://fitnessprogramer.com/wp-content/uploads/2022/04/One-Arm-Biceps-Curl-1.gif,77eb3d5e-c19c-4568-bea1-491fa6098b59,224f39f4-b27d-495b-949f-b98541fa695b
Holman Alternating Front Lunge Biceps Curl,Seated Alternating Dumbbell Curl,0.5113,No description available,Strength,Biceps,biceps,Dumbbell,Intermediate,,https://fitnessprogramer.com/wp-content/uploads/2022/06/Seated-dumbbell-alternating-curl.gif,cdaec7f6-c60b-4d60-a039-669800d16f1b,98334714-b20d-4c97-a9d9-e544e51a0c02
Holman Weighted Double-Time Biceps Curl,Double Arm Dumbbell Curl,0.4199,No description available,Strength,Biceps,biceps,Dumbbell,Intermediate,,https://fitnessprogramer.com/wp-content/uploads/2022/04/Double-Arm-Dumbbell-Curl.gif,17d4d14d-7ae9-44d3-bf87-c18642303ce3,9a0b4f7b-ed5a-4617-b0c0-0076c5b8d54f
Holman Heavy Right Arm Biceps Curl,One Arm Biceps Curl,0.5094,No description available,Strength,Biceps,biceps,Dumbbell,Intermediate,,https://fitnessprogramer.com/wp-content/uploads/2022/04/One-Arm-Biceps-Curl-1.gif,abc45518-616b-41f0-8836-19ac5adc45ed,224f39f4-b27d-495b-949f-b98541fa695b
Holman Heavy Left Arm Biceps Curl,One Arm Biceps Curl,0.5111,No description available,Strength,Biceps,biceps,Dumbbell,Intermediate,,https://fitnessprogramer.com/wp-content/uploads/2022/04/One-Arm-Biceps-Curl-1.gif,1e7ce76f-0700-4d6e-bb1a-6bb5d512cc20,224f39f4-b27d-495b-949f-b98541fa695b
MetaBurn Dumbbell Drag Curl,Dumbbell Curl,0.4972,No description available,Strength,Biceps,biceps,Dumbbell,Intermediate,,https://fitnessprogramer.com/wp-content/uploads/2021/02/Dumbbell-Curl.gif,b2085080-4046-43d5-82e8-e8faa3161b87,6df2d760-52e5-490f-8cc3-4fb87fa1194b
MetaBurn Hammer Curl to Overhead Press,Hammer Press,0.563,No description available,Strength,Biceps,chest,Dumbbell,Intermediate,,https://fitnessprogramer.com/wp-content/uploads/2021/02/Hammer-Press.gif,173bdb88-f648-4dc1-812d-e25341e14674,0e251ec4-4873-44eb-b019-81d1fa0d13e0
MetaBurn Biceps Curl To Lateral Raise,Lever Lateral Raise,0.5055,No description available,Strength,Biceps,shoulders,Dumbbell,Intermediate,,https://fitnessprogramer.com/wp-content/uploads/2021/09/Lever-Lateral-Raise.gif,fa532b70-2734-4fce-8973-8ff550e6d26a,bb7532e7-4072-4b58-a913-c80c64fc5069
FYR2 Pulse Biceps Curl,Band Biceps Curl,0.5292,No description available,Strength,Biceps,biceps,Dumbbell,Intermediate,,https://fitnessprogramer.com/wp-content/uploads/2022/02/Band-Biceps-Curl.gif,472df7b9-c3b7-419f-a742-258d3ea46202,13a520d2-95de-46be-8459-8dfd750c168c
FYR2 Seesaw Dumbbell Biceps Curl,Dumbbell Curl,0.441,No description available,Strength,Biceps,biceps,Dumbbell,Intermediate,,https://fitnessprogramer.com/wp-content/uploads/2021/02/Dumbbell-Curl.gif,8f0a6438-e534-4c67-b5ef-8680ff59ed16,6df2d760-52e5-490f-8cc3-4fb87fa1194b
FYR2 Single-Dumbbell Biceps Curl,Dumbbell Curl,0.5634,No description available,Strength,Biceps,biceps,Dumbbell,Intermediate,,https://fitnessprogramer.com/wp-content/uploads/2021/02/Dumbbell-Curl.gif,9fbee4ef-1552-4fe6-961d-bc9299ffe703,6df2d760-52e5-490f-8cc3-4fb87fa1194b
FYR2 Dumbbell Curl-Row Complex,Dumbbell Curl,0.4759,No description available,Strength,Biceps,biceps,Dumbbell,Intermediate,,https://fitnessprogramer.com/wp-content/uploads/2021/02/Dumbbell-Curl.gif,68d2394d-66e9-46df-a767-fb1f15f2e204,6df2d760-52e5-490f-8cc3-4fb87fa1194b
30 Arms Standing Dumbbell Hammer Curl 21s,Dumbbell Preacher Hammer (Scott) Curl,0.4772,No description available,Strength,Biceps,forearm,Dumbbell,Intermediate,,https://fitnessprogramer.com/wp-content/uploads/2022/02/Dumbbell-Preacher-Hammer-Curl.gif,d0214556-e586-436d-b4d0-1f12ab7829c3,765f8b7f-18a4-49cd-9bcd-6fa120ba52f6
30 Arms Standing Biceps Curl,One Arm Biceps Curl,0.542,No description available,Strength,Biceps,biceps,Dumbbell,Intermediate,,https://fitnessprogramer.com/wp-content/uploads/2022/04/One-Arm-Biceps-Curl-1.gif,5530f09a-a346-424e-ad70-f7ff013afdfb,224f39f4-b27d-495b-949f-b98541fa695b
30 Arms Standing Alternating Hammer Curl,Seated Alternating Dumbbell Curl,0.5014,No description available,Strength,Biceps,biceps,Dumbbell,Intermediate,,https://fitnessprogramer.com/wp-content/uploads/2022/06/Seated-dumbbell-alternating-curl.gif,a3baea5f-286e-42be-9319-41f73a6b7327,98334714-b20d-4c97-a9d9-e544e51a0c02
30 Arms Standing Alternating Biceps Curl,Seated Alternating Dumbbell Curl,0.5257,No description available,Strength,Biceps,biceps,Dumbbell,Intermediate,,https://fitnessprogramer.com/wp-content/uploads/2022/06/Seated-dumbbell-alternating-curl.gif,f91b9b66-5540-4c6d-8d83-0ca523d58638,98334714-b20d-4c97-a9d9-e544e51a0c02
30 Arms Single-Arm Dumbbell Preacher Curl,Two Dumbbell Preacher Curl,0.669,No description available,Strength,Biceps,biceps,Dumbbell,Intermediate,,https://fitnessprogramer.com/wp-content/uploads/2022/02/Two-dumbbell-preacher-curl.gif,48503970-3f7f-4e5c-90e1-fe599d666041,6422f662-62e8-44a4-b51b-5336facf2c99
30 Arms Seated Biceps Curl,One Arm Biceps Curl,0.5676,No description available,Strength,Biceps,biceps,Dumbbell,Intermediate,,https://fitnessprogramer.com/wp-content/uploads/2022/04/One-Arm-Biceps-Curl-1.gif,c5058a5c-92b1-4821-af05-3a7269ae1f7e,224f39f4-b27d-495b-949f-b98541fa695b
30 Arms Incline Hammer Curl,Incline Dumbbell Hammer Row,0.6799,No description available,Strength,Biceps,back,Dumbbell,Intermediate,,https://fitnessprogramer.com/wp-content/uploads/2022/02/Incline-Dumbbell-Hammer-Row.gif,57ff8a14-ba36-43d5-8cb5-cbb9ac207173,bed37f49-0926-405a-be87-f3a44fbcaa83
30 Arms Hammer Curl,Hammer Press,0.6117,No description available,Strength,Biceps,chest,Dumbbell,Intermediate,,https://fitnessprogramer.com/wp-content/uploads/2021/02/Hammer-Press.gif,b570355a-92ac-426f-93ce-2dbdfa34bee8,0e251ec4-4873-44eb-b019-81d1fa0d13e0
Reverse Plate Curls,Dumbbell Reverse Curl,0.6454,No description available,Strength,Biceps,forearm,Other,Beginner,,https://fitnessprogramer.com/wp-content/uploads/2021/04/dumbbell-reverse-curl.gif,77343988-6149-46ab-87c3-3188e020be24,f8299ede-2042-4e69-ae46-2756a4654f38
Suspended Curl,Banded Leg Curl,0.3674,No description available,Strength,Biceps,leg,Other,Beginner,,https://fitnessprogramer.com/wp-content/uploads/2022/10/Banded-Leg-Curl.gif,1ddc58e4-eb07-48f5-be92-7455dfe2de1a,3d57c3ea-e3b0-4e30-b7a6-0a26ed859c6e
Plate hammer curl,Hammer Press,0.6077,"The plate hammer curl is an exercise that targets the long head of the biceps as well as the brachialis and brachioradialis muscles. Typically hammer curls are done with dumbbells, but in this case, holding a weight plate places the hands in the same neutral position.",Strength,Biceps,chest,Other,Beginner,,https://fitnessprogramer.com/wp-content/uploads/2021/02/Hammer-Press.gif,4a823345-3ff8-4e61-9f91-1260bae25a9f,0e251ec4-4873-44eb-b019-81d1fa0d13e0
Barbell spider curl,Spider Plank,0.6399,"The barbell spider curl is an exercise targeting the biceps and performed face down on either an incline bench or on the flat side of a preacher bench. The vertical bench angle helps to isolate the biceps and limit involvement of the shoulder muscles. This curl variation is usually performed for moderate to high reps, such as 8-12 reps per set or more, as part of upper-body or arm-focused training.",Strength,Biceps,cardio,Other,Intermediate,,https://fitnessprogramer.com/wp-content/uploads/2021/05/Spider-Plank.gif,f8384d31-c88d-4340-924b-9bdddf024813,aa1762fc-b40e-4645-8b93-cd6890bbcce5
Barbell forehead curl,Barbell Reverse Wrist Curl,0.2916,"The barbell forehead curl is a classic movement from the Golden Age of bodybuilding and is often associated with Dave ""The Blond Bomber"" Draper. The barbell is brought up to your forehead instead of to your chest, emphasizing the squeeze and peak contraction. It is usually performed for moderate to high reps, such as 8-12 reps per set.",Strength,Biceps,forearm,Other,Intermediate,,https://fitnessprogramer.com/wp-content/uploads/2021/06/Barbell-Reverse-Wrist-Curl.gif,c23c3cd9-10a2-4c66-81b9-2e95c8f3ca55,916d5c14-92db-42d2-82da-c1185a12c4a7
Standing Biceps Cable Curl,One Arm Cable Bicep Curl,0.6663,"The cable straight-bar biceps curl takes a classic bodybuilding exercise, the standing barbell curl, and replaces the barbell with a handle attached to a cable. This is a common burnout move performed for moderate to high reps, such as 8-12 reps per set, as part of an upper-body or arm-focused workout.",Strength,Biceps,biceps,Cable,Intermediate,,https://fitnessprogramer.com/wp-content/uploads/2022/06/One-Arm-Cable-Bicep-Curl.gif,1fd4984d-0a9e-491a-abbb-283ea28d182a,0522f3a6-cd17-4c1a-b175-e2266fbdebb0
Lying Close-Grip Bar Curl On High Pulley,Kneeling High Pulley Row,0.4991,The lying high-cable biceps curl is an unusual move for building the biceps—but it’s a highly effective one. Lying prone and curling down toward you provides a different stimulus than more standard approaches allow.,Strength,Biceps,trapezius,Cable,Beginner,,https://fitnessprogramer.com/wp-content/uploads/2021/09/Kneeling-High-Pulley-Row.gif,e178d199-5446-4a8c-8b6b-e4361d33a7d9,1b715656-3d7f-47c7-bb13-f6abd6b94452
Cable EZ-Bar Preacher Curl - Gethin Variation,Two Dumbbell Preacher Curl,0.5637,"The cable preacher curl is a single-joint arm exercise that builds strength and size in the biceps using a cable stack and a preacher bench. It is popular in muscle-building arm workouts because the angle of the bench effectively removes the shoulders from the movement, largely isolating the biceps. It is generally performed for higher reps, at least 8-15 per set.",Strength,Biceps,biceps,Cable,Intermediate,,https://fitnessprogramer.com/wp-content/uploads/2022/02/Two-dumbbell-preacher-curl.gif,48e6d654-5639-415d-bf09-e55b91bccdfd,6422f662-62e8-44a4-b51b-5336facf2c99
Squatting cable EZ-bar biceps curl,Cable Reverse Grip EZ-bar Biceps Curl,0.5312,"The squatting cable EZ-bar biceps curl is an exercise that builds and strengthens the biceps while the lower body is in a static squat position. It is usually performed for higher rep sets, such as 8-12 reps per set or more, in combination with other curls or arm training. It is most similar in arm positioning to a preacher curl, but has some unique benefits to the lower body, as well.",Strength,Biceps,biceps,Cable,Intermediate,,https://fitnessprogramer.com/wp-content/uploads/2022/02/Cable-Reverse-Grip-EZ-bar-Biceps-Curl.gif,25d00a38-bf4d-45a6-8fca-a9718ddb107c,a65a79f7-78f2-4300-acfc-af6f45964174
Cable straight-bar biceps curl,One Arm Cable Bicep Curl,0.6078,"The cable straight-bar biceps curl takes a classic bodybuilding exercise, the standing barbell curl, and replaces the barbell with a handle attached to a cable. This is a common burnout move performed for moderate to high reps, such as 8-12 reps per set, as part of an upper-body or arm-focused workout.",Strength,Biceps,biceps,Cable,Intermediate,,https://fitnessprogramer.com/wp-content/uploads/2022/06/One-Arm-Cable-Bicep-Curl.gif,38d4e35b-2975-41c3-ac06-1d35af092d04,0522f3a6-cd17-4c1a-b175-e2266fbdebb0
Standing reverse-grip cable curl,Cable Reverse Grip EZ-bar Biceps Curl,0.6721,"The standing reverse-grip cable curl takes a classic bodybuilding exercise, the reverse barbell curl, and tweaks it by using a handle attached to a cable stack instead. It targets the forearm muscles and brachialis to a greater degree than underhand biceps curl variations. Because grip is a limitation, this move is commonly performed for moderate to high reps, such as 8-12 reps per set or more, as part of an upper-body or arm-focused workout.",Strength,Biceps,biceps,Cable,Intermediate,,https://fitnessprogramer.com/wp-content/uploads/2022/02/Cable-Reverse-Grip-EZ-bar-Biceps-Curl.gif,75aca422-9bda-4724-8bea-80b58249914e,a65a79f7-78f2-4300-acfc-af6f45964174
Lying high-cable biceps curl,One Arm Cable Bicep Curl,0.6291,The lying high-cable biceps curl is a single-joint exercise targeting the biceps in a prone (face-up) position. It is usually performed for moderate to high reps as part of the arm-focused portion of a workout.,Strength,Biceps,biceps,Cable,Intermediate,,https://fitnessprogramer.com/wp-content/uploads/2022/06/One-Arm-Cable-Bicep-Curl.gif,183efd7c-4d38-452b-be9e-2bdb249455db,0522f3a6-cd17-4c1a-b175-e2266fbdebb0
High-Pulley Cable Curl - Gethin Variation,Kneeling High Pulley Row,0.5567,"Also known as a crucifix curl, the overhead cable curl is a biceps-focused exercise performed between two cable stacks, using a pair of D-handles. The arms and elbows are held at shoulder height throughout the movement, and both hands curl in toward the ears. This position is designed to eliminate shoulder involvement and momentum, while targeting the biceps peak. This movement is generally done for moderate to high reps, such as 8-12 reps per set or more, as part of arm-focused training.",Strength,Biceps,trapezius,Cable,Intermediate,,https://fitnessprogramer.com/wp-content/uploads/2021/09/Kneeling-High-Pulley-Row.gif,7d173ac1-b4db-4edf-9a92-1e03299be176,1b715656-3d7f-47c7-bb13-f6abd6b94452
Standing High Cable Curl - Gethin Variation,Cable Twisting Standing High Row,0.5606,"The cable straight-bar biceps curl takes a classic bodybuilding exercise, the standing barbell curl, and replaces the barbell with a handle attached to a cable. This is a common burnout move performed for moderate to high reps, such as 8-12 reps per set, as part of an upper-body or arm-focused workout.",Strength,Biceps,back,Cable,Intermediate,,https://fitnessprogramer.com/wp-content/uploads/2022/02/Cable-Twisting-Standing-high-Row.gif,b6401411-7a7b-40b3-8467-f496916adc85,fc8de67c-ddcd-4ffb-8da1-a4ad71d62439
Lying Close-Grip Bar Curl On High Pulley - Gethin Variation,Kneeling High Pulley Row,0.4599,The lying high-cable biceps curl is an unusual move for building the biceps—but it’s a highly effective one. Lying prone and curling down toward you provides a different stimulus than more standard approaches allow.,Strength,Biceps,trapezius,Cable,Intermediate,,https://fitnessprogramer.com/wp-content/uploads/2021/09/Kneeling-High-Pulley-Row.gif,b74dfc24-bbae-465b-9799-f38fcb88bc13,1b715656-3d7f-47c7-bb13-f6abd6b94452
Standing Cable Curl - Gethin Variation,Cable Curl,0.5561,"The cable straight-bar biceps curl takes a classic bodybuilding exercise, the standing barbell curl, and replaces the barbell with a handle attached to a cable. This is a common burnout move performed for moderate to high reps, such as 8-12 reps per set, as part of an upper-body or arm-focused workout.",Strength,Biceps,biceps,Cable,Intermediate,,https://fitnessprogramer.com/wp-content/uploads/2021/02/cable-curl.gif,3085c2cd-092c-473e-9d59-affe7f1d724f,d791fbfe-5744-460f-815c-0b1a65d6b842
UP Cable Curl With Straight Bar,Straight Bar Dip,0.6226,No description available,Strength,Biceps,full-body,Cable,Intermediate,,https://fitnessprogramer.com/wp-content/uploads/2022/01/Straight-Bar-Dip.gif,b21a4c54-1bcc-4479-855f-486eeb2f2434,27e268e4-b829-4ddf-8c8e-679378df19fd
30 Arms Cable Rope Hammer Curl,Hammer Press,0.4982,No description available,Strength,Biceps,chest,Cable,Intermediate,,https://fitnessprogramer.com/wp-content/uploads/2021/02/Hammer-Press.gif,841cff67-5033-4468-8f52-ffe238f86665,0e251ec4-4873-44eb-b019-81d1fa0d13e0
30 Arms Squatting Cable Straight-Bar Curl,Straight Bar Dip,0.4479,No description available,Strength,Biceps,full-body,Cable,Intermediate,,https://fitnessprogramer.com/wp-content/uploads/2022/01/Straight-Bar-Dip.gif,89b64063-215e-4eb8-b8db-73fc215a0a41,27e268e4-b829-4ddf-8c8e-679378df19fd
30 Arms High Cable Curl,Cable Curl,0.6079,No description available,Strength,Biceps,biceps,Cable,Intermediate,,https://fitnessprogramer.com/wp-content/uploads/2021/02/cable-curl.gif,71b7148c-42e1-4cec-8a22-16bbaefe9680,d791fbfe-5744-460f-815c-0b1a65d6b842
30 Arms Cable Straight-Bar Curl,Straight Bar Dip,0.5907,No description available,Strength,Biceps,full-body,Cable,Intermediate,,https://fitnessprogramer.com/wp-content/uploads/2022/01/Straight-Bar-Dip.gif,9ca397a9-c158-403e-8737-e787bfed03f9,27e268e4-b829-4ddf-8c8e-679378df19fd
30 Arms BFR High Cable Curl,Cable Curl,0.5114,No description available,Strength,Biceps,biceps,Cable,Intermediate,,https://fitnessprogramer.com/wp-content/uploads/2021/02/cable-curl.gif,5b449c5b-1b37-49c2-9a51-ef13065238fe,d791fbfe-5744-460f-815c-0b1a65d6b842
BFR cable rope hammer curl,Hammer Press,0.4915,"The blood flow restriction (BFR) cable rope hammer curl is an arm movement that builds biceps size and strength using a cable stack, rope grip, and blood flow restriction bands. It is popular in high-rep ""pump""-style arm workouts. The bands should be placed as high as possible on your arms, at a tightness of no greater than 8 on a scale of 10. Most BFR workouts recommend using a far lighter weight than usual, perhaps as low as 25-50 percent of a normal working weight.",Strength,Biceps,chest,Cable,Intermediate,,https://fitnessprogramer.com/wp-content/uploads/2021/02/Hammer-Press.gif,c0250d2d-360c-4adf-b865-9e42189ae4a7,0e251ec4-4873-44eb-b019-81d1fa0d13e0
Machine Preacher Curls,Two Dumbbell Preacher Curl,0.6572,The machine preacher curl is an isolation exercise targeting the biceps.,Strength,Biceps,biceps,Machine,Beginner,,https://fitnessprogramer.com/wp-content/uploads/2022/02/Two-dumbbell-preacher-curl.gif,0674ac91-6045-4ddc-99d8-b4941d3b7932,6422f662-62e8-44a4-b51b-5336facf2c99
Single-arm machine preacher curl,Two Dumbbell Preacher Curl,0.5776,"The single-arm machine preacher curl is a popular exercise to build size and strength in the biceps. It approximates the motion of a free-weight preacher curl, but uses a selectorized weight stack or plate-loaded machine. Many such machines offer different grips and grip widths. Machine biceps curls are often done for moderate to high reps, such as 8-12 reps per set or more, as part of the upper-body or arm-focused portion of a workout.",Strength,Biceps,biceps,Machine,Intermediate,,https://fitnessprogramer.com/wp-content/uploads/2022/02/Two-dumbbell-preacher-curl.gif,d24fdc7b-fdca-4c81-9075-3b975d1f767d,6422f662-62e8-44a4-b51b-5336facf2c99
Machine preacher curl,Two Dumbbell Preacher Curl,0.6572,"The machine preacher curl is a popular exercise to build size and strength in the biceps. It approximates the motion of a free-weight preacher curl, but uses a selectorized weight stack or plate-loaded machine. Many such machines offer different grips and grip widths. Machine biceps curls are often done for moderate to high reps, such as 8-12 reps per set or more, as part of the upper-body or arm-focused portion of a workout.",Strength,Biceps,biceps,Machine,Intermediate,,https://fitnessprogramer.com/wp-content/uploads/2022/02/Two-dumbbell-preacher-curl.gif,b347aa98-48f1-46a0-88b4-0d205ea37fe6,6422f662-62e8-44a4-b51b-5336facf2c99
Smith machine drag curl,Smith Machine Hex Press,0.5544,"The Smith machine drag curl is a biceps-focused exercise using the bar in a Smith machine. It is usually trained in moderate to high reps, at least 8-15 reps per set, and can work in the biceps-focused portion of any workout.",Strength,Biceps,chest,Machine,Intermediate,,https://fitnessprogramer.com/wp-content/uploads/2021/09/Smith-Machine-Hex-Press.gif,711da481-d8ce-46e3-b6b2-e368e2723a4e,792da8ae-239a-4d3f-9fde-449343848455
30 Arms BFR Machine Preacher Curl,Two Dumbbell Preacher Curl,0.5237,No description available,Strength,Biceps,biceps,Machine,Intermediate,,https://fitnessprogramer.com/wp-content/uploads/2022/02/Two-dumbbell-preacher-curl.gif,72bf390f-8473-4840-a682-2ac12eadee04,6422f662-62e8-44a4-b51b-5336facf2c99
TBS Chin-Up,One Arm Chin-Up,0.5376,"The a chin-up is a variation of the pull-up exercise in which the reps are performed with the palms facing toward the body, in an underhand position, with a grip that is narrower than shoulder-width. Like other pull-up variations, it builds strength and muscle in the upper back, biceps, and core, but it utilizes the biceps slightly more than overhand pull-ups. It can be used as a more shoulder-friendly alternative to straight-bar pull-ups, or to help perform more reps than you can perform overhand.",Strength,Biceps,biceps,Body Only,Intermediate,,https://fitnessprogramer.com/wp-content/uploads/2022/01/One-Arm-Chin-Up.gif,82d6bf52-267e-4172-9f40-13715ad2bfa1,e97ebd18-b154-4754-9454-06cebb88ea54
Pull-up - Gethin Variation,L-Sit Pull-Up,0.3939,"The pull-up is a multi-joint bodyweight exercise that builds strength and muscle in the upper back, biceps, and core. It is often used as a measurement tool in military or tactical fitness tests, and is an excellent gauge of “relative strength” which is strength in relation to bodyweight.",Strength,Biceps,full-body,Body Only,Intermediate,,https://fitnessprogramer.com/wp-content/uploads/2023/06/L-Pull-Up.gif,df89eefd-4df2-4ee2-a860-5b7e1abdaa3a,a6dd99e0-a051-4c26-ac6f-e68599ca88c2
UN Pull-Up Supinated,Supine Spinal Twist,0.37,No description available,Strength,Biceps,back,Body Only,Intermediate,,https://fitnessprogramer.com/wp-content/uploads/2022/12/Supine-Spinal-Twist.gif,1a07b4b6-b986-40e3-8418-c05ebec5a62d,7c5bf019-7b88-4313-8a34-f346668c1d93
UN Pull-Up Pronated,L-Sit Pull-Up,0.2706,No description available,Strength,Biceps,full-body,Body Only,Intermediate,,https://fitnessprogramer.com/wp-content/uploads/2023/06/L-Pull-Up.gif,7b9a8170-a5a5-406e-a27e-11629f1fd587,a6dd99e0-a051-4c26-ac6f-e68599ca88c2
UN Pull-Up Neutral,Dumbbell Seated Neutral Wrist Curl,0.5775,No description available,Strength,Biceps,forearm,Body Only,Intermediate,,https://fitnessprogramer.com/wp-content/uploads/2021/06/Dumbbell-Seated-Neutral-Wrist-Curl.gif,0bb2a9de-1d83-4d6f-a7ca-f5238c7c741f,c07dd0e4-8ee4-49cd-98c5-b504c8c4e5a4
Reverse Barbell Preacher Curls,Two Dumbbell Preacher Curl,0.6234,"The reverse-grip barbell curl is a variation on the biceps curl where the palms face downward. The switch from an underhand to an overhand grip brings the forearm and brachialis muscles more into the exercise. If it is uncomfortable to the wrists, try performing it on the angles of an EZ-curl bar.",Strength,Biceps,biceps,E-Z Curl Bar,Beginner,,https://fitnessprogramer.com/wp-content/uploads/2022/02/Two-dumbbell-preacher-curl.gif,f3b25f7f-85b4-42a1-944c-2f57113d936e,6422f662-62e8-44a4-b51b-5336facf2c99
Close-Grip EZ-Bar Curl with Band,Close Grip Cable Row,0.5476,No description available,Strength,Biceps,back,E-Z Curl Bar,Beginner,,https://fitnessprogramer.com/wp-content/uploads/2021/06/close-grip-cable-row.gif,250faaea-afa3-4136-a867-03a497350547,2aaf404a-d42b-492e-8a87-288b9303238b
Standing EZ-Bar Curl - Gethin Variation,Standing Single Leg Curl Machine,0.4619,"The standing EZ-bar curl is an immenselyp popular exercise targeting the biceps. It is commonly performed for moderate to high reps as part of an upper body or arms-focused workout. Many gyms even have EZ-bars at fixed weights, allowing for easy weight changes.",Strength,Biceps,leg,E-Z Curl Bar,Intermediate,,https://fitnessprogramer.com/wp-content/uploads/2022/10/Standing-Single-Leg-Curl-Machine.gif,2cbbf7e2-93c6-4cc2-b15d-0eda6f27fa22,d1ea5471-4f74-431a-ac52-96acbefe5ace
TBS EZ-Bar Curl,Z-Bar Curl,0.5557,"The standing EZ-bar curl is an immenselyp popular exercise targeting the biceps. It is commonly performed for moderate to high reps as part of an upper body or arms-focused workout. Many gyms even have EZ-bars at fixed weights, allowing for easy weight changes.",Strength,Biceps,biceps,E-Z Curl Bar,Intermediate,,https://fitnessprogramer.com/wp-content/uploads/2021/02/Z-Bar-Curl.gif,8eec5bcb-6349-4f9c-87a8-bc272794ec2f,f18058cb-7b49-487d-9fd5-c0ab98784076
Standing EZ-bar curl,Standing Single Leg Curl Machine,0.5447,"The standing EZ-bar curl is a popular exercise targeting the biceps. It is commonly performed for moderate to high reps as part of an upper-body or arm-focused workout. Many gyms even have EZ-bars at fixed weights, allowing for easy weight changes.",Strength,Biceps,leg,E-Z Curl Bar,Intermediate,,https://fitnessprogramer.com/wp-content/uploads/2022/10/Standing-Single-Leg-Curl-Machine.gif,de381aea-4f60-45e6-a524-12202dd3b78f,d1ea5471-4f74-431a-ac52-96acbefe5ace
30 Arms Standing Overhand EZ-Bar Curl,EZ Bar Underhand Press,0.4343,No description available,Strength,Biceps,shoulders,E-Z Curl Bar,Intermediate,,https://fitnessprogramer.com/wp-content/uploads/2021/06/EZ-Bar-Underhand-Press.gif,a72cc1b1-84ea-48ed-84d3-8daad957e633,d53c437d-27e6-4b4c-a908-f6f9aedc81eb
30 Arms EZ-Bar Spider Curl,Spider Plank,0.562,No description available,Strength,Biceps,cardio,E-Z Curl Bar,Intermediate,,https://fitnessprogramer.com/wp-content/uploads/2021/05/Spider-Plank.gif,09870824-534e-4c02-86b1-35e6fab5186b,aa1762fc-b40e-4645-8b93-cd6890bbcce5
30 Arms EZ-Bar Preacher Curl,Single Arm Cable Preacher Curl,0.6236,No description available,Strength,Biceps,biceps,E-Z Curl Bar,Intermediate,,https://fitnessprogramer.com/wp-content/uploads/2021/04/cable-preacher-curls.gif,d226e68d-dbdf-4901-a43a-668333777fb6,689feada-ae5b-45d0-a09a-3bbff994c2fe
30 Arms Standing EZ-Bar Curl,Standing Single Leg Curl Machine,0.4537,No description available,Strength,Biceps,leg,E-Z Curl Bar,Intermediate,,https://fitnessprogramer.com/wp-content/uploads/2022/10/Standing-Single-Leg-Curl-Machine.gif,d6bde8a1-3a90-413e-a8c2-9d276163ab82,d1ea5471-4f74-431a-ac52-96acbefe5ace
Peroneals Stretch,Back Pec Stretch,0.3162,No description available,Stretching,Calves,chest,Bands,Intermediate,,https://fitnessprogramer.com/wp-content/uploads/2021/05/Back-Pec-Stretch.gif,5d0767ee-aa93-4899-84a5-32d560b2839a,132e26a6-3d17-4773-b3a2-6ef1c501fdeb
Calf SMR,Calf Raise,0.5037,"Calf self-myofascial release (SMR) is a self-administered soft-tissue treatment for the lower body, usually using a foam roller, lacrosse ball, or other ""trigger point"" massage tool. By applying pressure strategically to the calf muscles of the lower leg, some people find they can cause this often painful and tight muscle to relax or ""release."" Calf SMR is often accompanied by SMR on the quadriceps muscles, or by stretches that target the calves.",Stretching,Calves,calf,Foam Roll,Beginner,,https://fitnessprogramer.com/wp-content/uploads/2021/02/Dumbbell-Calf-Raise.gif,0780837f-5af0-46ff-bbd1-22fbdaa4563a,0866ac29-01d1-43fb-8df1-16fc2b499a60
Rocking Standing Calf Raise,Bench Press Machine Standing Calf Raise,0.5114,No description available,Strength,Calves,calf,Barbell,Beginner,,https://fitnessprogramer.com/wp-content/uploads/2021/09/Bench-Press-Machine-Standing-Calf-Raise.gif,a98f8c76-07ea-45c0-85c2-50f77a729eb3,77457c0f-436e-4a06-af7d-1128e70fccee
Standing Dumbbell Calf Raise,Calf Raise,0.6535,"The standing dumbbell calf raise is a popular exercise to target the calf muscles of the lower leg, and in particular the gastrocnemius muscles. It can be performed for time or for reps, either two dumbbells, or one if balance is a problem and you would like to use your free hand to hold a fixed object.",Strength,Calves,calf,Dumbbell,Intermediate,,https://fitnessprogramer.com/wp-content/uploads/2021/02/Dumbbell-Calf-Raise.gif,5627d7cc-b071-4290-97c0-d2481882ace1,0866ac29-01d1-43fb-8df1-16fc2b499a60
Dumbbell walking calf raise,Calf Raise,0.5954,"The dumbbell walking calf raise is a dynamic exercise targeting the calf muscles of the lower leg, particularly the gastrocnemius muscle. It can be performed for distance or for reps.",Strength,Calves,calf,Dumbbell,Intermediate,,https://fitnessprogramer.com/wp-content/uploads/2021/02/Dumbbell-Calf-Raise.gif,478d8189-04a3-4841-b42c-b2bad9cb1f85,0866ac29-01d1-43fb-8df1-16fc2b499a60
Balance Board,Step Up Single Leg Balance with Bicep Curl,0.4279,No description available,Strength,Calves,leg,Other,Beginner,,https://fitnessprogramer.com/wp-content/uploads/2021/06/Step-Up-Single-Leg-Balance-with-Bicep-Curl.gif,7e85d0e4-c408-4cb4-bc6c-7a82023aa9ff,b4d5896e-1f11-4de7-a5ab-3339df66f39b
Anterior Tibialis-SMR,Foam Roller Posterior Shoulder,0.2477,No description available,Stretching,Calves,shoulders,Other,Beginner,,https://fitnessprogramer.com/wp-content/uploads/2022/02/Foam-Roller-Posterior-Shoulder.gif,a23bd0c3-a3a4-4525-90c6-597dd2589713,9e47b496-74fc-4c25-8646-70474b3a4a9b
Foot-SMR,Foot and Ankle Rotation,0.3587,No description available,Stretching,Calves,calf,Other,Beginner,,https://fitnessprogramer.com/wp-content/uploads/2022/02/Feet-and-Ankle-Rotation.gif,b6a38cd3-15ae-44f3-8666-063845e9f57e,a37b7709-8ca9-4379-a487-02d1d471653c
Agility Ladder,Stability Ball V-Up,0.253,No description available,Cardio,Calves,abs,Other,Intermediate,,https://fitnessprogramer.com/wp-content/uploads/2021/08/V-Up-Down-with-Stability-ball.gif,d5a2d1fa-4789-4ece-8cdf-2e4978fa3526,0104042b-d38f-480a-ba63-7e825d68f351
Smith Machine Calf Raise,Hack Machine One-Leg Calf Raise,0.6482,"The Smith machine standing calf raise is a machine-based exercise targeting the muscles of the calves, particularly the gastrocnemius or upper calf muscle. It is usually performed for moderate to high reps, such as 8-12 reps per set or more, as part of the lower-body portion of a workout.",Strength,Calves,calf,Machine,Intermediate,,https://fitnessprogramer.com/wp-content/uploads/2021/09/Hack-Machine-One-Leg-Calf-Raise.gif,8e222b9c-2afb-43f2-8787-69ea7f3d1699,1877e24d-c6b8-48a3-a9f4-c4888e28deee
Calf Press,Calf Raise,0.5875,"The standing calf raise is a popular movement to target the calf muscles of the lower leg, and in particular the gastrocnemius muscles. When unweighted, it is usually performed for high reps or for time.",Strength,Calves,calf,Machine,Beginner,,https://fitnessprogramer.com/wp-content/uploads/2021/02/Dumbbell-Calf-Raise.gif,ebbe1628-2456-4d7a-bd9d-33c297432128,0866ac29-01d1-43fb-8df1-16fc2b499a60
Smith Machine Reverse Calf Raises,Reverse Grip Machine Row,0.5847,No description available,Strength,Calves,back,Machine,Beginner,,https://fitnessprogramer.com/wp-content/uploads/2021/08/Reverse-Grip-Machine-Row.gif,9f662bce-ec16-4226-b2a6-c1c4d0ad24fa,a96949ef-2344-4dc8-bb4c-efa7423622c5
Seated Single-Leg Calf Press - Gethin Variation,Single Leg Calf Raise,0.5756,"The single-leg machine seated calf raise is an exercise targeting the calf muscles of the lower leg, particularly the soleus muscle. It is usually performed for moderate to high reps, such as 8-12 reps per set, but occasionally for higher reps of 20 per set or more.",Strength,Calves,calf,Machine,Intermediate,,https://fitnessprogramer.com/wp-content/uploads/2021/06/Single-Leg-Calf-Raises.gif,611c87fd-9fbf-4c79-800b-e65958b973b6,12e019f8-4e7f-4480-8e35-fddd3181de06
Seated Calf Raise - Gethin Variation,Weighted Seated Calf Raise,0.6504,"The machine seated calf raise is an exercise targeting the calf muscles of the lower leg, particularly the soleus muscle. It is usually performed for moderate to high reps, such as 8-12 reps per set, and occasionally for very high burnout-focused sets of 50-100 total reps.",Strength,Calves,calf,Machine,Intermediate,,https://fitnessprogramer.com/wp-content/uploads/2021/10/Weighted-Seated-Calf-Raise.gif,656c09a5-0874-4ab5-b44f-e039573d26b9,bf86664f-c085-400b-bf9a-116e775868d8
Standing Calf Raise Facing Hack Squat Machine - Gethin Variation,Bench Press Machine Standing Calf Raise,0.5858,The reverse hack squat calf raise is a varation of the standing calf raise to target them in a different manner.,Strength,Calves,calf,Machine,Intermediate,,https://fitnessprogramer.com/wp-content/uploads/2021/09/Bench-Press-Machine-Standing-Calf-Raise.gif,6272d25d-82ba-46a0-803e-8b52a5bd5ec8,77457c0f-436e-4a06-af7d-1128e70fccee
Calf Press On A Hack Squat Machine - Gethin Variation,Hack Machine One-Leg Calf Raise,0.6233,The hack squat calf raise is a variation of the standing calf raise to target them in a different manner than seated or fully standing.,Strength,Calves,calf,Machine,Intermediate,,https://fitnessprogramer.com/wp-content/uploads/2021/09/Hack-Machine-One-Leg-Calf-Raise.gif,0d933274-5b11-48fd-a5fb-b774406a7dc1,1877e24d-c6b8-48a3-a9f4-c4888e28deee
Seated Calf Press - Gethin Variation,Weighted Seated Calf Raise,0.493,"The machine seated calf raise is an exercise targeting the calf muscles of the lower leg, particularly the soleus muscle. It is usually performed for moderate to high reps, such as 8-12 reps per set, and occasionally for very high burnout-focused sets of 50-100 total reps.",Strength,Calves,calf,Machine,Intermediate,,https://fitnessprogramer.com/wp-content/uploads/2021/10/Weighted-Seated-Calf-Raise.gif,bcab5615-d3f2-4328-bd8e-93a5370dcafe,bf86664f-c085-400b-bf9a-116e775868d8
Machine seated calf raise,Hack Machine One-Leg Calf Raise,0.6668,"The machine seated calf raise is an exercise targeting the calf muscles of the lower leg, particularly the soleus muscle. It is usually performed for moderate to high reps, such as 8-12 reps per set, and occasionally for very high burnout-focused sets of 50-100 total reps.",Strength,Calves,calf,Machine,Intermediate,,https://fitnessprogramer.com/wp-content/uploads/2021/09/Hack-Machine-One-Leg-Calf-Raise.gif,2579561c-6e5c-4056-a979-0533b844806a,1877e24d-c6b8-48a3-a9f4-c4888e28deee
30 Legs Seated Calf Raise,Weighted Seated Calf Raise,0.6436,No description available,Strength,Calves,calf,Machine,Intermediate,,https://fitnessprogramer.com/wp-content/uploads/2021/10/Weighted-Seated-Calf-Raise.gif,44bc8121-1f3d-4919-9a29-336c35d05f0a,bf86664f-c085-400b-bf9a-116e775868d8
30 Legs Standing Calf Raise,Calf Raise,0.609,No description available,Strength,Calves,calf,Machine,Intermediate,,https://fitnessprogramer.com/wp-content/uploads/2021/02/Dumbbell-Calf-Raise.gif,217b038a-6a91-4b9a-a523-9ef735f64815,0866ac29-01d1-43fb-8df1-16fc2b499a60
Peroneals-SMR,One Arm Prone Dumbbell Curl,0.094,No description available,Stretching,Calves,biceps,Body Only,Intermediate,,https://fitnessprogramer.com/wp-content/uploads/2022/02/One-Arm-Prone-Dumbbell-Curl.gif,94585005-8add-445f-a4a3-006150f60154,08661029-d396-4ac3-b112-2b90bf6b4979
HM Left Calf-Spike Sumo Pulse,Barbell Sumo Squat,0.2961,No description available,Strength,Calves,leg,Body Only,Intermediate,,https://fitnessprogramer.com/wp-content/uploads/2021/02/Barbell-sumo-squat.gif,3ec885f9-e41c-4d1e-8263-23684f524d2e,a028a56f-060b-4d8a-9403-d85ca3dc5614
Ankle Circles,Foot and Ankle Rotation,0.4688,No description available,Stretching,Calves,calf,Bodyweight,Beginner,,https://fitnessprogramer.com/wp-content/uploads/2022/02/Feet-and-Ankle-Rotation.gif,8383c34a-629c-470b-9193-114ec964756b,a37b7709-8ca9-4379-a487-02d1d471653c
Calf Stretch Elbows Against Wall,High Knees Against Wall,0.6728,No description available,Stretching,Calves,cardio,Bodyweight,Beginner,,https://fitnessprogramer.com/wp-content/uploads/2021/09/High-Knees-against-wall.gif,a01fe603-68f4-47ab-b2ef-8aa2f1fc9d12,ca48241a-5f7c-4932-95a3-125c96de7784
Cross Over - With Bands,T-Cross Sit-up,0.4843,No description available,Strength,Chest,abs,Bands,Beginner,,https://fitnessprogramer.com/wp-content/uploads/2021/05/T-Cross-Sit-up.gif,b7d5d952-8214-4980-b79f-c0a3ddefcfc9,e1d4694e-82dd-49ae-818e-85e8b8ecc28c
Bench Press - With Bands,Wide-Grip Reverse Bench Press,0.4377,No description available,Strength,Chest,chest,Bands,Beginner,,https://fitnessprogramer.com/wp-content/uploads/2022/10/Wide-Grip-Reverse-Bench-Press.gif,97cf53a2-0ea7-4ef4-851f-7851e59490ae,91ab2d2b-47ab-4b71-b875-e710a86a6592
Bench Press With Short Bands,Short Stride Run,0.4717,No description available,Powerlifting,Chest,cardio,Bands,Beginner,,https://fitnessprogramer.com/wp-content/uploads/2021/09/Short-Stride-Run.gif,52ede947-99cf-4682-bccd-25f7561dc5f4,bf009c27-cfc5-4345-b624-5762584b6a05
Feet-Elevated TRX Push-Up,Trx Chest Press,0.3316,No description available,Strength,Chest,chest,Bands,Beginner,,https://fitnessprogramer.com/wp-content/uploads/2022/12/Trx-Chest-Press.gif,5f7fbd62-168d-4611-9f15-6bd3a84e9f28,0e00e853-2f4b-4e6d-bf96-7a7ceb0bb151
Band-suspended kettlebell bench press,Kettlebell Clean and Press,0.4467,"The band-suspended kettlebell bench press is a bench press variation where kettlebells or weight plates are hung from the ends of a barbell by looped bands. The suspended weights can be in addition to normally loaded weight plates, or in the place of them. Because the instability of the weights makes the lift difficult, this bench press variety is a popular accessory movement for building the traditional bench press in powerlifting training.",Strength,Chest,shoulders,Bands,Intermediate,,https://fitnessprogramer.com/wp-content/uploads/2023/06/Kettlebell-Clean-and-Press.gif,7702938b-d00f-4419-a919-095c502760be,81b02317-719c-41cc-8325-1fd9fa2fd9a5
HM Banded Cross-Over Pull,Banded Leg Curl,0.4615,No description available,Strength,Chest,leg,Bands,Intermediate,,https://fitnessprogramer.com/wp-content/uploads/2022/10/Banded-Leg-Curl.gif,ecf7b598-8b18-4fc6-967f-be3b0824b193,3d57c3ea-e3b0-4e30-b7a6-0a26ed859c6e
Rusin Band Pull-Apart,Resistance Band Pull Apart,0.5577,No description available,Strength,Chest,trapezius,Bands,Intermediate,,https://fitnessprogramer.com/wp-content/uploads/2022/12/Resistance-Band-Pull-Apart.gif,425724bd-ebef-490e-9989-2ac4bde9d244,94fec8d9-09e7-43b1-9067-d862f6e489cf
UNS Banded Push-Up,Banded Step-up,0.5471,No description available,Strength,Chest,leg,Bands,Intermediate,,https://fitnessprogramer.com/wp-content/uploads/2022/04/Banded-Step-up.gif,073cbf70-6deb-47cc-9e4a-05c742cc7a4f,db1a2b58-7a33-43d1-acf6-cc1188aee17f
Taylor Band-Assisted One-Arm Push-Up,Assisted Chest Dip,0.4796,No description available,Strength,Chest,chest,Bands,Intermediate,,https://fitnessprogramer.com/wp-content/uploads/2021/06/Assisted-Chest-Dip.gif,3e302191-ba26-43f7-8080-4baf671ec28f,8aaf3770-c196-4464-8450-d38594003e0c
Band push-up,Push-up With Push-up Bars,0.548,"The band push-up is a progression of the popular bodyweight version of the exercise commonly used in military and tactical physical fitness tests. Adding the dynamic resistance of the band matches the strength curve of the push-up and helps build upper-body muscle and strength, emphasizing the chest, triceps, and shoulders, but also working the upper back and core.",Strength,Chest,chest,Bands,Intermediate,,https://fitnessprogramer.com/wp-content/uploads/2021/10/Push-up-With-Push-up-Bars.gif,50fc2569-aa9a-4230-93e4-6a7c495fec1c,345a1ef0-7af8-4774-b19e-5ef064cf3138
Band chest fly,Trx Chest Fly,0.6335,"Similar to the cable chest fly, the band chest fly is a single-joint movement that works the pectoral muscles. The fly is common in upper-body and chest-focused muscle-building workouts, and the band variation works well as a pre-exhaust at the beginning of a workout or a finishing movement at the end. It is often used in combination with other presses or flyes to target the chest from different angles.",Strength,Chest,chest,Bands,Intermediate,,https://fitnessprogramer.com/wp-content/uploads/2022/12/Trx-Chest-Flyes.gif,b4b0bed7-8bd2-43bc-b8ed-b64f1641c20f,63c7f2c2-9575-4f5d-bb29-9d8f684e36ae
Barbell Bench Press - Medium Grip,Wide-Grip Reverse Bench Press,0.4111,"The bench press is a compound exercise that builds strength and muscle in the chest and triceps. When many people think of listing, the bench press is often the first exercise that comes to mind",Strength,Chest,chest,Barbell,Intermediate,,https://fitnessprogramer.com/wp-content/uploads/2022/10/Wide-Grip-Reverse-Bench-Press.gif,1b704969-3203-4bff-94c6-16f5ac94db06,91ab2d2b-47ab-4b71-b875-e710a86a6592
Wide-Grip Decline Barbell Bench Press,Wide-Grip Reverse Bench Press,0.6241,No description available,Strength,Chest,chest,Barbell,Beginner,,https://fitnessprogramer.com/wp-content/uploads/2022/10/Wide-Grip-Reverse-Bench-Press.gif,9245653a-0d77-43a7-a382-db739b2c3861,91ab2d2b-47ab-4b71-b875-e710a86a6592
Barbell Incline Bench Press Medium-Grip,Incline Close-Grip Bench Press,0.5753,The incline bench press is an upper body compound movement that targets the upper chest.,Strength,Chest,chest,Barbell,Intermediate,,https://fitnessprogramer.com/wp-content/uploads/2022/04/Incline-Close-Grip-Bench-Press.gif,e1b7630b-807c-4090-b15b-777b9c68a5be,8fa2b59f-b296-4302-a934-622cc90c3bd5
Neck Press,Seated Behind Neck Press,0.5989,No description available,Strength,Chest,shoulders,Barbell,Beginner,,https://fitnessprogramer.com/wp-content/uploads/2021/05/Seated-Behind-the-Neck-Press.gif,a7feba0d-cfa7-49c9-b9cb-e31bccca6101,2d4afa82-63a7-47aa-9fa9-c4348949a933
Front Raise And Pullover,Cable Pullover,0.6376,No description available,Strength,Chest,back,Barbell,Beginner,,https://fitnessprogramer.com/wp-content/uploads/2021/04/Lying-Extension-Pullover.gif,7644f034-9820-4063-924f-95d678c94710,9a3d7a44-bf36-4a2a-a0fa-6a6bcef3a8b8
Board bench press,Wide-Grip Reverse Bench Press,0.3362,"The board bench press is an upper-body exercise that is commonly performed as an assistance movement for the bench press. It targets the same muscles as the bench press, including the chest and shoulders, but really focuses on the triceps. Because you can load it more heavily than a full bench press, it allows you to overload the triceps and lock out of the bench press.",Powerlifting,Chest,chest,Barbell,Intermediate,,https://fitnessprogramer.com/wp-content/uploads/2022/10/Wide-Grip-Reverse-Bench-Press.gif,b67c9478-9dee-4558-8590-ef1e15d87fe3,91ab2d2b-47ab-4b71-b875-e710a86a6592
Barbell Guillotine Bench Press,Barbell Clean and Press,0.2668,No description available,Strength,Chest,shoulders,Barbell,Beginner,,https://fitnessprogramer.com/wp-content/uploads/2021/04/Barbell-Clean-and-Press-.gif,7ac349b6-c52a-4a55-869e-f2002d1f0c70,2f3ffb1c-0668-409c-970e-b54f7d7ec2b0
Paul Carter Incline Bench Press,Incline Close-Grip Bench Press,0.4939,The incline bench press is an upper body compound movement that targets the upper chest.,Strength,Chest,chest,Barbell,Intermediate,,https://fitnessprogramer.com/wp-content/uploads/2022/04/Incline-Close-Grip-Bench-Press.gif,44d2e688-2a6c-4a8a-8ed9-18fb5a536d18,8fa2b59f-b296-4302-a934-622cc90c3bd5
AM Flat Bench Barbell Press,Flat Bench Hyperextension,0.4101,"The bench press is a compound exercise that builds strength and muscle in the chest and triceps. When many people think of listing, the bench press is often the first exercise that comes to mind",Strength,Chest,erector-spinae,Barbell,Intermediate,,https://fitnessprogramer.com/wp-content/uploads/2021/04/Flat-Bench-Hyperextension.gif,767b2eb3-990f-429f-8782-e4294c05577e,7068fffc-8964-4979-801e-16c6986d2167
UP Bench Press,Incline Barbell Bench Press,0.5944,"The bench press is a compound exercise that builds strength and muscle in the chest and triceps. When many people think of listing, the bench press is often the first exercise that comes to mind",Strength,Chest,chest,Barbell,Intermediate,,https://fitnessprogramer.com/wp-content/uploads/2021/02/Incline-Barbell-Bench-Press.gif,7e740098-d43c-4d41-9ec1-aed68174520d,04e098f8-49e1-4fb6-b01f-c87d4520e055
King Maker Barbell Bench Press,Barbell Clean and Press,0.3637,"The bench press is a compound exercise that builds strength and muscle in the chest and triceps. When many people think of listing, the bench press is often the first exercise that comes to mind",Strength,Chest,shoulders,Barbell,Intermediate,,https://fitnessprogramer.com/wp-content/uploads/2021/04/Barbell-Clean-and-Press-.gif,4006da6c-1a11-4cd2-81c8-32d2982c8a66,2f3ffb1c-0668-409c-970e-b54f7d7ec2b0
King Maker Incline Barbell Bench Press,Incline Barbell Row,0.5513,The incline bench press is an upper body compound movement that targets the upper chest.,Strength,Chest,back,Barbell,Intermediate,,https://fitnessprogramer.com/wp-content/uploads/2021/06/Incline-Barbell-Row.gif,75220ab1-b168-46f9-bc1a-32eb7f326b91,0a822d74-211a-4033-b052-c5ed6b983713
30 Chest Barbell Bench Press,Lever Chest Press,0.4976,No description available,Strength,Chest,chest,Barbell,Intermediate,,https://fitnessprogramer.com/wp-content/uploads/2021/06/Lever-Chest-Press.gif,94ff3c24-f18c-4e3f-b782-f79616f4d73c,c0123679-27ae-42ae-8195-6360225763ae
Spoto press,Push Press,0.2677,"The Spoto press is a variation of the popular barbell exercise the bench press that builds strength and muscle in the chest, triceps, and shoulders. It differs from the bench press in that the lifter pauses for a few seconds at the bottom of the movement before pressing the bar back up. This pause removes all momentum and increases the time under tension for the chest and shoulder muscles to help develop upper-body musculature and strength.",Strength,Chest,shoulders,Barbell,Intermediate,,https://fitnessprogramer.com/wp-content/uploads/2021/02/push-press-1.gif,4075f327-3ebc-493f-8a44-ebbdc0caa2d7,6a02c8c4-7276-44bb-84e2-a2036b46e735
Kettlebell plyo push-up,Kettlebell Deep Push-Up,0.538,"The kettlebell plyo push-up is an explosive upper-body movement that uses a kettlebell primarily as a platform for the hands. A short step, dumbbell, or other stationary object could also be used in place of the kettlebell. It can be performed for reps or time, either for low reps to build explosive power or for higher reps for conditioning.",Strength,Chest,chest,Kettlebells,Intermediate,,https://fitnessprogramer.com/wp-content/uploads/2022/07/Kettlebell-Deep-Push-Up.gif,fbf46d29-1dce-4404-9500-efbccc385cf7,8d6785d1-47f6-48e5-90ee-80d9aedbd824
Extended Range One-Arm Kettlebell Floor Press,Kettlebell Chest Press on the Floor,0.526,No description available,Strength,Chest,chest,Kettlebells,Beginner,,https://fitnessprogramer.com/wp-content/uploads/2022/10/Kettlebell-Chest-Press-on-the-Floor.gif,e7700354-571d-4973-873c-8072316fdcdb,787b8a68-dbc0-4acb-94d6-3e8f22bdec7e
Kettlebell alternating floor press,Kettlebell Chest Press on the Floor,0.6409,"The kettlebell alternating floor press limits the range of motion you would achieve with a dumbbell or kettlebell bench press, but still targets the chest, triceps, and anterior delts. This allows you to build strength in the top portion of the lift, overload the triceps, and work on strengthening the shoulder stabilizers.",Strength,Chest,chest,Kettlebells,Beginner,,https://fitnessprogramer.com/wp-content/uploads/2022/10/Kettlebell-Chest-Press-on-the-Floor.gif,25e3747b-7abd-4234-b8ea-b3584fb47259,787b8a68-dbc0-4acb-94d6-3e8f22bdec7e
Leg-Over Floor Press,Floor Crunch,0.5407,No description available,Strength,Chest,abs,Kettlebells,Beginner,,https://fitnessprogramer.com/wp-content/uploads/2021/05/Floor-Crunch.gif,84d8b67e-9b46-4a54-8be5-f307408bae8c,99342b9b-e469-4a44-b8f7-7ada342d78e8
FYR2 Push-Up to Kettlebell Hike Combo,Kettlebell Deep Push-Up,0.3924,No description available,Strength,Chest,chest,Kettlebells,Intermediate,,https://fitnessprogramer.com/wp-content/uploads/2022/07/Kettlebell-Deep-Push-Up.gif,6cd57c2e-b8e6-47d3-a773-e54d74859ad8,8d6785d1-47f6-48e5-90ee-80d9aedbd824
Pushups,Push-up With Push-up Bars,0.2043,"The push-up is a popular bodyweight exercise that is commonly used in military and tactical physical fitness tests. It’s a classic movement to build upper-body muscle and strength, emphasizing the chest, triceps, and shoulders, but also working the upper back and core.",Strength,Chest,chest,Body Only,Intermediate,,https://fitnessprogramer.com/wp-content/uploads/2021/10/Push-up-With-Push-up-Bars.gif,b1580885-9d6f-4cb8-a251-95f022b6174b,345a1ef0-7af8-4774-b19e-5ef064cf3138
Hands-elevated push-up,Push-up With Push-up Bars,0.3141,"The hands-elevated push-up is a variation on the classic push-up where the hands are placed on a bench or other elevated surface. Having the hands higher than the feet makes it easier than push-ups on the floor, but also puts the emphasis more on the triceps. It can be used as a substitute for floor push-ups or as a mechanical dropset after maxing out on floor push-ups.",Strength,Chest,chest,Body Only,Beginner,,https://fitnessprogramer.com/wp-content/uploads/2021/10/Push-up-With-Push-up-Bars.gif,c238ef39-7e25-495a-9022-cfb1e0f54576,345a1ef0-7af8-4774-b19e-5ef064cf3138
Close push-up to wide push-up,Close Grip Knee Push-up,0.6247,"The close push-up to wide push-up combines two variations of a push-up to emphasize the strengthening of different muscles. The close push-up emphasizes the triceps, while the wide push-up emphasizes the chest and shoulders.",Strength,Chest,chest,Body Only,Intermediate,,https://fitnessprogramer.com/wp-content/uploads/2022/07/Close-Grip-Knee-Push-up.gif,c68b7af4-8de8-4488-815c-b40005faf2fe,a694cce5-f679-4977-8533-787fda435656
Wide-grip hands-elevated push-up,Wide-Grip Reverse Bench Press,0.3537,"The wide-grip hands-elevated push-up is a variation on the elevated push-up performed with the hands farther apart than with a standard push-up. Having the hands higher than the feet makes it easier than wide-grip push-ups on the floor, but the extra width also puts more emphasis on the chest muscles. It can be used as a substitute for wide-grip floor push-ups, or as a mechanical dropset after maxing out on floor push-ups.",Strength,Chest,chest,Body Only,Beginner,,https://fitnessprogramer.com/wp-content/uploads/2022/10/Wide-Grip-Reverse-Bench-Press.gif,c69041e3-3e6f-4b52-8bd7-ef05f316c0d0,91ab2d2b-47ab-4b71-b875-e710a86a6592
Push-Ups With Feet On An Exercise Ball,One Arm Push Ups With Support,0.3829,No description available,Strength,Chest,chest,Body Only,Intermediate,,https://fitnessprogramer.com/wp-content/uploads/2022/01/One-Arm-Push-Ups-With-Support.gif,7c0ae120-23ee-4a2c-891b-8e150d622bbe,fdd91a9c-8a8e-45a2-ae1c-ef5e1fde1b50
Feet-elevated push-up,Side Lying Feet Raise,0.3154,"The feet-elevated push-up is a variation on the push-up, a bodyweight standard. The feet are elevated so that your body is aligned at an angle to the floor rather than parallel. This makes it more difficult than push-ups on the floor, but also puts more emphasis on the shoulder muscles. It is often used as a bodyweight substitute for incline presses, or as a burnout movement for a chest or shoulder workout.",Strength,Chest,abs,Body Only,Intermediate,,https://fitnessprogramer.com/wp-content/uploads/2022/06/Side-Lying-Feet-Raise.gif,fd0bea46-2fd6-4311-a655-cb41879e8ad5,05148618-7e6a-480d-aa82-b05143a722ae
Clock push-up,Push-up With Push-up Bars,0.3335,"The clock push-up is a series of regular push-ups performed one at a time, moving your hands one step to the side between each one until you've completed a full circle. It targets the same muscles as traditional push-ups, such as the chest, triceps, and shoulders, but adds an endurance and core challenge to traditional push-ups.",Strength,Chest,chest,Body Only,Beginner,,https://fitnessprogramer.com/wp-content/uploads/2021/10/Push-up-With-Push-up-Bars.gif,82f0bd6b-fdcb-4078-a612-0e047050e9bd,345a1ef0-7af8-4774-b19e-5ef064cf3138
Incline Push-Up Depth Jump,Depth Jump to Hurdle Hop,0.495,No description available,Plyometrics,Chest,leg,Body Only,Intermediate,,https://fitnessprogramer.com/wp-content/uploads/2023/09/Depth-Jump-to-Hurdle-Hop.gif,f2d4a887-b88b-4ffe-936f-a88345b93674,6187c20f-a9c0-4d10-9b5d-2524e7b7c82e
Push-Up Wide,Push-up With Push-up Bars,0.4918,"The wide push-up is a variation of the push-up with the hands wider than shoulder-width apart. It targets upper-body muscle groups including the chest, shoulders, and triceps, but has more of a chest emphasis than narrower-grip push-up variations. If wide push-ups lead to pain in the front of your shoulder, opt for a narrower version.",Strength,Chest,chest,Body Only,Beginner,,https://fitnessprogramer.com/wp-content/uploads/2021/10/Push-up-With-Push-up-Bars.gif,009dc621-2d07-4cc8-b6e0-8b5cefc0ecdd,345a1ef0-7af8-4774-b19e-5ef064cf3138
Close-Hands Push-Up,Close Grip Knee Push-up,0.6353,"The close push-up is an upper-body exercise that targets the chest, triceps, and shoulders. The close hand position places more emphasis on the triceps.",Strength,Chest,chest,Body Only,Beginner,,https://fitnessprogramer.com/wp-content/uploads/2022/07/Close-Grip-Knee-Push-up.gif,12a32c89-062e-470f-aff1-65452eb9b91e,a694cce5-f679-4977-8533-787fda435656
Tiger-bend push-up,Bench Side Bend,0.3311,The tiger-bend push-up is an advanced push-up variation where you shift onto your forearms at the bottom position and then back onto your hands and up again. It targets the triceps far more than regular push-ups.,Strength,Chest,abs,Body Only,Beginner,,https://fitnessprogramer.com/wp-content/uploads/2021/05/Bench-Side-Bend.gif,3794ebff-5b34-4c9c-96ea-daff544fe76d,d2b36800-6575-4d6b-abdb-26cf45de1c23
Close-grip hands-elevated push-up,Close Grip Knee Push-up,0.6181,"The close-grip hands-elevated push-up is a variation on the classic push-up where the hands are placed on a bench or other elevated surface. Having the hands higher than the feet makes it easier than close-grip push-ups on the floor, but also puts the emphasis more on the triceps. It can be used as a substitute for floor push-ups or close-grip push-ups, or as a mechanical dropset after maxing out on floor push-ups.",Strength,Chest,chest,Body Only,Intermediate,,https://fitnessprogramer.com/wp-content/uploads/2022/07/Close-Grip-Knee-Push-up.gif,f1ca9364-8617-41dc-88b2-4d58815ffc44,a694cce5-f679-4977-8533-787fda435656
Push Up to Side Plank,Front to Side Plank,0.6764,"The push-up to side plank is an upper-body and core-focused exercise combining two popular bodyweight movements. It targets the chest, triceps, and shoulders with the push-up, and the obliques and hip external rotator muscles with the side plank. It can be performed as part of a dynamic warm-up or any bodyweight strength-training workout.",Strength,Chest,abs,Body Only,Intermediate,,https://fitnessprogramer.com/wp-content/uploads/2021/05/Front-to-Side-Plank.gif,67e02250-ac93-4290-9341-a64aa1cfdc99,cb995e4b-5fb7-4454-8df9-b1a6aad2ac76
Isometric Chest Squeezes,Isometric Pull-Up,0.6128,No description available,Plyometrics,Chest,back,Body Only,Beginner,,https://fitnessprogramer.com/wp-content/uploads/2022/08/Isometric-Pull-Up.gif,5a1d9bb7-5419-4e30-9931-e1f222cfd6bd,a9ad607b-3b57-4be2-a936-8eadcf220576
Side-to-side push-up,Side Bent,0.591,The side-to-side push-up is a variation of the push-up exercise where you side-step the opposite hand and foot and perform a push-up.,Strength,Chest,abs,Body Only,Beginner,,https://fitnessprogramer.com/wp-content/uploads/2022/12/Side-Bent.gif,3b958797-c164-4421-84b8-9df50e1481e6,d4789325-4dfd-4a1e-b00a-3b969ef4b375
Typewriter push-up,Push-up With Push-up Bars,0.2088,The typewriter push-up is an advanced push-up variation where the hands are extra wide and you lower toward each hand in alternating reps. It is more challenging to each working arm than traditional push-ups and also stretches and challenges the chest.,Strength,Chest,chest,Body Only,Beginner,,https://fitnessprogramer.com/wp-content/uploads/2021/10/Push-up-With-Push-up-Bars.gif,7a9df088-8d17-47f7-972a-8c6b632054f4,345a1ef0-7af8-4774-b19e-5ef064cf3138
Judo push-up,Push-up With Push-up Bars,0.3474,"The judo push-up is an advanced push-up variation that blends elements of the yoga poses downward- and upward-facing dog. This movement increases the demands on the shoulders, but also has mobility benefits. It can work in a dynamic warm-up or mobility-focused workout, but also in bodyweight strength training.",Strength,Chest,chest,Body Only,Beginner,,https://fitnessprogramer.com/wp-content/uploads/2021/10/Push-up-With-Push-up-Bars.gif,2216bc20-cd9c-4391-9b7f-77512e506720,345a1ef0-7af8-4774-b19e-5ef064cf3138
Superman Push-Up,Push-up With Push-up Bars,0.2944,No description available,Plyometrics,Chest,chest,Body Only,Beginner,,https://fitnessprogramer.com/wp-content/uploads/2021/10/Push-up-With-Push-up-Bars.gif,fafbef2a-3ff2-4bbe-8410-50a9b864308c,345a1ef0-7af8-4774-b19e-5ef064cf3138
Wide push-up,Push-up With Push-up Bars,0.4918,"The wide push-up is a variation of the push-up with the hands wider than shoulder-width apart. It targets upper-body muscle groups including the chest, shoulders, and triceps, but has more of a chest emphasis than narrower-grip push-up variations. If wide push-ups lead to pain in the front of your shoulder, opt for a narrower version.",Strength,Chest,chest,Body Only,Beginner,,https://fitnessprogramer.com/wp-content/uploads/2021/10/Push-up-With-Push-up-Bars.gif,b993f6d4-5ad3-497b-8a63-3dec9627b603,345a1ef0-7af8-4774-b19e-5ef064cf3138
Clapping Push-Up,Clap Push-Up,0.5396,"Also known as a plyo push-up, the clapping push-up is a bodyweight exercise aimed at increasing upper-body power and strength. It targets the muscles of the chest, triceps, and shoulders, and can be trained in low reps for power and strength, or higher reps for conditioning.",Plyometrics,Chest,chest,Body Only,Beginner,,https://fitnessprogramer.com/wp-content/uploads/2021/06/Clap-Push-Up.gif,773571bc-5af4-401f-9049-60994b61dad4,1b413405-5d21-4122-bd90-2946d06d06bb
Staggered push-up,Push-up With Push-up Bars,0.2521,"The staggered push-up is a variation of the push-up exercise where your hand position is staggered, with one hand forward and one back. It targets the same muscles as a traditional push-up, including the chest, triceps, and shoulders, but is more difficult to the rear arm and core.",Strength,Chest,chest,Body Only,Beginner,,https://fitnessprogramer.com/wp-content/uploads/2021/10/Push-up-With-Push-up-Bars.gif,99bfabe1-e2ba-4027-bf9b-596304aa3254,345a1ef0-7af8-4774-b19e-5ef064cf3138
Reverse-grip hands-elevated push-up,Reverse Push-up,0.59,"The reverse-grip hands-elevated push-up is a bodyweight exercise performed on a Smith machine or other elevated surface. It targets the chest, triceps, and shoulders. It can work as a regression of floor reverse-grip push-ups, or in a progressive mechanical dropset moving the bar up once you reach failure at a lower height.",Strength,Chest,chest,Body Only,Beginner,,https://fitnessprogramer.com/wp-content/uploads/2021/09/Reverse-Push-up.gif,8026b750-8a31-440d-a82f-bc632991030e,2ec56c32-419c-4165-a9f5-9296af05f660
Triple Clap Push-Up,Clap Push-Up,0.6652,No description available,Plyometrics,Chest,chest,Body Only,Beginner,,https://fitnessprogramer.com/wp-content/uploads/2021/06/Clap-Push-Up.gif,56271f4f-49a2-4b96-9911-21ef1072de60,1b413405-5d21-4122-bd90-2946d06d06bb
Side kick-through push-up,Dumbbell Pull Through,0.6059,"The side kick-through push-up is a full-body movement that begins in a bear crawl position and ends with a leg kicked out to the side, with a push-up performed between kick-throughs. It is commonly performed for reps or timed bodyweight circuits and animal-style flows, but can also work on its own or as part of a dynamic warm-up or mobility sequence.",Strength,Chest,leg,Body Only,Intermediate,,https://fitnessprogramer.com/wp-content/uploads/2022/10/Dumbbell-Pull-Through.gif,d084c504-7a09-4995-954a-e0d0af36741c,6f11ebfc-6925-40ba-9a49-9018351b7d48
FYR Push-Up,Push-up With Push-up Bars,0.5219,"The push-up is a popular bodyweight exercise that is commonly used in military and tactical physical fitness tests. It’s a classic movement to build upper-body muscle and strength, emphasizing the chest, triceps, and shoulders, but also working the upper back and core.",Strength,Chest,chest,Body Only,Intermediate,,https://fitnessprogramer.com/wp-content/uploads/2021/10/Push-up-With-Push-up-Bars.gif,159120d1-6ec5-4d1c-a4cc-ff146db06a26,345a1ef0-7af8-4774-b19e-5ef064cf3138
Frog push-up,Frog Pose,0.5928,"The frog push-up is an advanced push-up variation that is performed with the legs bent and butt in the air. It heavily targets the triceps and shoulders, but is also quite challenging to the core.",Strength,Chest,leg,Body Only,Intermediate,,https://fitnessprogramer.com/wp-content/uploads/2022/12/Frog-Pose-mandukasana.gif,b2f423ac-a444-41db-b61c-7ca4a6eef385,dcdd8da9-2410-4046-947d-51392f1ce878
Wide push-up plank hold,Front to Side Plank,0.3578,"The wide push-up plank hold is a full-body exercise targeting the core. Because the arms aren't directly under the body, it can be more difficult than traditional push-up planks, especially for the upper back and chest, but also for the core.",Strength,Chest,abs,Body Only,Intermediate,,https://fitnessprogramer.com/wp-content/uploads/2021/05/Front-to-Side-Plank.gif,61b88e47-6b70-443a-8d98-ba7e9c867b28,cb995e4b-5fb7-4454-8df9-b1a6aad2ac76
Push-Up - Gethin Variation,Push-up With Push-up Bars,0.4262,"The push-up is a popular bodyweight exercise that is commonly used in military and tactical physical fitness tests. It’s a classic movement to build upper-body muscle and strength, emphasizing the chest, triceps, and shoulders, but also working the upper back and core.",Strength,Chest,chest,Body Only,Intermediate,,https://fitnessprogramer.com/wp-content/uploads/2021/10/Push-up-With-Push-up-Bars.gif,3d9e356e-9d74-478a-a1ed-f43a7a398d8d,345a1ef0-7af8-4774-b19e-5ef064cf3138
HM Incline Push-Up On Chair,Chair Dips,0.4985,No description available,Strength,Chest,triceps,Body Only,Intermediate,,https://fitnessprogramer.com/wp-content/uploads/2021/04/CHAIR-DIPS.gif,66ef0208-aa58-46a2-91a8-6324b0ad5fbd,ba47be99-9bd7-4f48-bb63-32deb50b8497
HM Push-Up,Push-up With Push-up Bars,0.6288,No description available,Strength,Chest,chest,Body Only,Intermediate,,https://fitnessprogramer.com/wp-content/uploads/2021/10/Push-up-With-Push-up-Bars.gif,0fae3e5b-3ddb-4b26-8902-37ac2e534298,345a1ef0-7af8-4774-b19e-5ef064cf3138
HM Push-Plank,Reverse Plank,0.4749,No description available,Strength,Chest,abs,Body Only,Intermediate,,https://fitnessprogramer.com/wp-content/uploads/2021/05/Reverse-plank.gif,e5175512-7e3b-4961-80fe-865f5e76b301,0f764094-2ab8-43c2-bcea-c285da8e555d
UN Push-Up,Push-up With Push-up Bars,0.5693,No description available,Strength,Chest,chest,Body Only,Intermediate,,https://fitnessprogramer.com/wp-content/uploads/2021/10/Push-up-With-Push-up-Bars.gif,f355918e-6930-428c-a64b-f647a81c9290,345a1ef0-7af8-4774-b19e-5ef064cf3138
UNS Foam Roll Pecs,Foam Roller Quads,0.384,No description available,Strength,Chest,leg,Body Only,Intermediate,,https://fitnessprogramer.com/wp-content/uploads/2022/02/Foam-Roller-Quads.gif,03076ee3-2db9-4dda-80cf-5bc86aa12c6c,255003b1-c03b-4079-9f69-9fed9cc6d0a6
UN Hands Elevated Push-Up,Push-up With Push-up Bars,0.2967,No description available,Strength,Chest,chest,Body Only,Intermediate,,https://fitnessprogramer.com/wp-content/uploads/2021/10/Push-up-With-Push-up-Bars.gif,92c1cbba-b5ca-4dfb-82f0-61cff9e76734,345a1ef0-7af8-4774-b19e-5ef064cf3138
Holman Seal Drag to Push-Up,Navy Seal Burpee,0.2806,No description available,Strength,Chest,full-body,Body Only,Intermediate,,https://fitnessprogramer.com/wp-content/uploads/2023/10/Navy-Seal-Burpee.gif,39a93d42-bf2f-40f4-90ae-37c429a9f831,b42cda04-770e-45f7-ad57-eb9ced79d5e6
Holman Hand-Elevated Push-Up with Hand Row,Hands Bike,0.365,No description available,Strength,Chest,cardio,Body Only,Intermediate,,https://fitnessprogramer.com/wp-content/uploads/2022/02/Hands-Bike.gif,9148d398-c269-4daa-a46c-34e1975a752b,0c750010-6358-4f0c-94cb-2edbac0b2be7
Holman Push-Up,Push-up With Push-up Bars,0.5081,No description available,Strength,Chest,chest,Body Only,Intermediate,,https://fitnessprogramer.com/wp-content/uploads/2021/10/Push-up-With-Push-up-Bars.gif,9c912c13-b3d4-49a1-aac8-51a4fd896ce2,345a1ef0-7af8-4774-b19e-5ef064cf3138
Holman Slow Hips-Up Chest Press,Lever Chest Press,0.4082,No description available,Strength,Chest,chest,Body Only,Intermediate,,https://fitnessprogramer.com/wp-content/uploads/2021/06/Lever-Chest-Press.gif,501fce70-1aa4-4c86-9008-f1ba543156ef,c0123679-27ae-42ae-8195-6360225763ae
Holman Jump-Out Push-Up with Hand Hop Back,Push-up With Push-up Bars,0.3654,No description available,Strength,Chest,chest,Body Only,Intermediate,,https://fitnessprogramer.com/wp-content/uploads/2021/10/Push-up-With-Push-up-Bars.gif,2c4772d5-a349-4cfa-be1c-4d1f5c81d873,345a1ef0-7af8-4774-b19e-5ef064cf3138
Holman Froggy Push-Up to Donkey Kick,Lever Donkey Calf Raise,0.3954,No description available,Strength,Chest,calf,Body Only,Intermediate,,https://fitnessprogramer.com/wp-content/uploads/2021/09/Lever-Donkey-Calf-Raise.gif,7f3e44ca-d948-441b-bbc0-1dae6030e44d,973fb2fc-aded-4d05-9958-df8963fa3faf
Holman Push-Up to Sit Back,L-Sit,0.3984,No description available,Strength,Chest,abs,Body Only,Intermediate,,https://fitnessprogramer.com/wp-content/uploads/2021/09/L-Sit.gif,2a67f155-6e67-48ed-be7a-205d68dc69f6,f070c4e6-8561-4185-9b8f-2bdef417535d
Holman Sit Back Push-Up,L-Sit,0.4117,No description available,Strength,Chest,abs,Body Only,Intermediate,,https://fitnessprogramer.com/wp-content/uploads/2021/09/L-Sit.gif,09afcc98-9ad5-470d-a84e-46fa3723d89b,f070c4e6-8561-4185-9b8f-2bdef417535d
Holman Alternating Staggered Push-Up,Seated Alternating Dumbbell Curl,0.3715,No description available,Strength,Chest,biceps,Body Only,Intermediate,,https://fitnessprogramer.com/wp-content/uploads/2022/06/Seated-dumbbell-alternating-curl.gif,f0a80a01-cfa5-4651-a6e1-6e810ed9eda2,98334714-b20d-4c97-a9d9-e544e51a0c02
Holman Foot-Up Diving Push-Up,Push-up With Push-up Bars,0.2741,No description available,Strength,Chest,chest,Body Only,Intermediate,,https://fitnessprogramer.com/wp-content/uploads/2021/10/Push-up-With-Push-up-Bars.gif,9a137047-27fa-4d50-805e-958c8881de2c,345a1ef0-7af8-4774-b19e-5ef064cf3138
Holman Dynamo Push-Up,Push-up With Push-up Bars,0.2611,No description available,Strength,Chest,chest,Body Only,Intermediate,,https://fitnessprogramer.com/wp-content/uploads/2021/10/Push-up-With-Push-up-Bars.gif,dd55d609-f2d2-49a0-b4eb-2ff9db974198,345a1ef0-7af8-4774-b19e-5ef064cf3138
Holman Jump to Push-Up,Push-up With Push-up Bars,0.3969,No description available,Strength,Chest,chest,Body Only,Intermediate,,https://fitnessprogramer.com/wp-content/uploads/2021/10/Push-up-With-Push-up-Bars.gif,2008a5f7-3e57-4cc5-aa44-8c5a53f7bb12,345a1ef0-7af8-4774-b19e-5ef064cf3138
Holman Foot-Elevated Push-Up,Push-up With Push-up Bars,0.2646,No description available,Strength,Chest,chest,Body Only,Intermediate,,https://fitnessprogramer.com/wp-content/uploads/2021/10/Push-up-With-Push-up-Bars.gif,13279c46-b41f-40f3-ab18-40ead60693a4,345a1ef0-7af8-4774-b19e-5ef064cf3138
Holman Feet-Elevated Push-Up,Side Lying Feet Raise,0.2905,No description available,Strength,Chest,abs,Body Only,Intermediate,,https://fitnessprogramer.com/wp-content/uploads/2022/06/Side-Lying-Feet-Raise.gif,7c390081-c2b9-4720-8ff3-d76d90c594f4,05148618-7e6a-480d-aa82-b05143a722ae
Total Fitness Plyo Push-Up,Plyo Jacks,0.4058,"The plyo push-up is a bodyweight exercise aimed at increasing upper-body power and strength. It targets the muscles of the chest, triceps, and shoulders, and can be trained in low reps for power and strength, or higher reps for conditioning.",Strength,Chest,cardio,Body Only,Intermediate,,https://fitnessprogramer.com/wp-content/uploads/2021/09/Plyo-Jacks.gif,4d373812-9ad6-4220-b4e0-37a24506c0ee,35889ad6-3817-4d86-ab38-dea2dbfd2896
Scapular push-up,Scapula Pull-up,0.6733,"The scapular push-up is an upper-body exercise aimed at increasing the stability of the scapulae and mobility in the shoulders. It is often performed as part of a dynamic warm-up before an upper-body workout, or as part of a mobility session.",Strength,Chest,trapezius,Body Only,Intermediate,,https://fitnessprogramer.com/wp-content/uploads/2022/01/Scapula-Pull-up.gif,bc010377-7e40-4e26-9cf3-d74970d6e54a,edc373b5-3e95-4179-8925-d503aacadbc7
King Maker Push-up,Push-up With Push-up Bars,0.3203,"The push-up is a popular bodyweight exercise that is commonly used in military and tactical physical fitness tests. It’s a classic movement to build upper-body muscle and strength, emphasizing the chest, triceps, and shoulders, but also working the upper back and core.",Strength,Chest,chest,Body Only,Intermediate,,https://fitnessprogramer.com/wp-content/uploads/2021/10/Push-up-With-Push-up-Bars.gif,633bfc92-f37a-436f-abd3-127156165ccf,345a1ef0-7af8-4774-b19e-5ef064cf3138
Warrior push-up,Wall Push-up,0.2743,"The warrior push-up is a series of push-up and plank variations combined into a single sequence. They include a Judo push-up, plank, side plank, mountain climber, diamond push-up, and regular push-up. Done together, they tax the upper-body muscles from different angles and increase time under tension for the entire body.",Strength,Chest,chest,Body Only,Intermediate,,https://fitnessprogramer.com/wp-content/uploads/2021/04/Wall-Push-ups.gif,985294b8-f088-42e4-bcb9-b8954f5612f8,0d114f91-970d-4837-a827-1c4e40877adf
Taylor Roll-Over Push-Up,Push-up With Push-up Bars,0.2624,No description available,Strength,Chest,chest,Body Only,Intermediate,,https://fitnessprogramer.com/wp-content/uploads/2021/10/Push-up-With-Push-up-Bars.gif,9b85da3f-4cf1-4dae-82b1-4e32ae3f2a7a,345a1ef0-7af8-4774-b19e-5ef064cf3138
Taylor One-Arm Push-Up Slow Negative,One Leg Push-Up,0.2897,No description available,Strength,Chest,chest,Body Only,Intermediate,,https://fitnessprogramer.com/wp-content/uploads/2022/07/One-Leg-Push-Up.gif,332c84c9-c6e1-4748-aae2-61e03deebf9c,2226003c-afdc-4e94-8de8-44a0833cf69a
30 Chest Bench Push-Up,Chest Tap Push-up,0.6256,No description available,Strength,Chest,chest,Body Only,Intermediate,,https://fitnessprogramer.com/wp-content/uploads/2022/07/Chest-Tap-Push-up.gif,514f3808-36c5-497e-900f-b7355ff5c6af,217692d0-56db-4183-a34b-75f42205c28d
MetaBurn 3-Phase Push-Up,Push-up With Push-up Bars,0.2308,No description available,Strength,Chest,chest,Body Only,Intermediate,,https://fitnessprogramer.com/wp-content/uploads/2021/10/Push-up-With-Push-up-Bars.gif,07d90af0-6ca7-4a7b-82b3-ac3458193ec4,345a1ef0-7af8-4774-b19e-5ef064cf3138
MetaBurn Fast Feet To Push-Up,Fast Feet Run,0.6183,No description available,Strength,Chest,cardio,Body Only,Intermediate,,https://fitnessprogramer.com/wp-content/uploads/2021/09/Fast-Feet-Run.gif,b5981c83-ca4c-4538-838f-57027fa48c64,4c8fa481-45da-4163-9a72-7dbaf8a1f5f0
MetaBurn Judo Push-Up To Pike Push-Up,Pike Push-up,0.6305,No description available,Strength,Chest,shoulders,Body Only,Intermediate,,https://fitnessprogramer.com/wp-content/uploads/2021/06/Pike-Push-up.gif,ab8b7b9e-281d-44d6-9ee1-3a57802deaa9,f82e27ff-e143-48d3-a6e8-318a0a643ee1
MetaBurn Pike Push-Up,Pike Push-up,0.6702,No description available,Strength,Chest,shoulders,Body Only,Intermediate,,https://fitnessprogramer.com/wp-content/uploads/2021/06/Pike-Push-up.gif,e414b3b4-12a7-44c6-ba53-26b12e16e505,f82e27ff-e143-48d3-a6e8-318a0a643ee1
MetaBurn Push-Up To Frogger,Push-up With Push-up Bars,0.2355,No description available,Strength,Chest,chest,Body Only,Intermediate,,https://fitnessprogramer.com/wp-content/uploads/2021/10/Push-up-With-Push-up-Bars.gif,ac7990cf-b6cf-4289-a75f-ee5fc1a1488c,345a1ef0-7af8-4774-b19e-5ef064cf3138
MetaBurn Push-Up With Hand Side-Step,Step Up with Knee Raises,0.4052,No description available,Strength,Chest,cardio,Body Only,Intermediate,,https://fitnessprogramer.com/wp-content/uploads/2021/02/Step-up.gif,74129903-250f-472c-95f3-24103e8cb442,1b0e4c88-74db-4260-b3bf-6eed0a4f07b2
MetaBurn Sphinx Push-Up,Sphinx Stretch,0.6262,No description available,Strength,Chest,neck,Body Only,Intermediate,,https://fitnessprogramer.com/wp-content/uploads/2021/05/Sphinx-Stretch.gif,2ff229e8-f014-466e-b2e7-23431f2fb29a,999c0d27-3206-4266-9415-5a6a509368e7
MetaBurn Spiderman Push-Up,Spider Plank,0.3906,No description available,Strength,Chest,cardio,Body Only,Intermediate,,https://fitnessprogramer.com/wp-content/uploads/2021/05/Spider-Plank.gif,05ce5ff7-52bb-401c-888a-6b5fd032c16f,aa1762fc-b40e-4645-8b93-cd6890bbcce5
Roberston Push-up to Down Dog,Push-down,0.4116,No description available,Strength,Chest,triceps,Body Only,Intermediate,,https://fitnessprogramer.com/wp-content/uploads/2021/02/Pushdown.gif,8aec24ba-e458-4a61-b4e6-4e48f1cf1d1b,87a5b0c9-536a-45d6-8406-06cada37bc29
FYR2 Push-Up-Breakdancer-Shoulder-Tap Complex,Squat mobility Complex,0.2854,No description available,Strength,Chest,leg,Body Only,Intermediate,,https://fitnessprogramer.com/wp-content/uploads/2022/07/Squat-mobility-Complex.gif,40517ab1-b971-4638-8f06-96dd4ed72d20,171d9840-f8d1-4545-b1a1-950692fe4488
ACFT Hand-release push-up,Push-up With Push-up Bars,0.2156,"The hand-release push-up is a variation of the push-up, a popular bodyweight exercise commonly used in military and tactical physical fitness tests. It’s a movement to build upper-body strength and endurance, emphasizing the chest, triceps, and shoulders, but also working the upper back and core. This specific exercise is part of the new Army Combat Fitness Test or ACFT.",Strength,Chest,chest,Body Only,Intermediate,,https://fitnessprogramer.com/wp-content/uploads/2021/10/Push-up-With-Push-up-Bars.gif,8bcdde00-d320-4f8e-856c-e4a01421d125,345a1ef0-7af8-4774-b19e-5ef064cf3138
1.5-rep push-up,Push-up With Push-up Bars,0.3839,"The 1.5-rep push-up is a more difficult variation of the push-up, commonly used to train for military and tactical physical fitness tests. It builds upper-body muscle and strength, emphasizing the chest, core, upper back, triceps, and shoulders.",Strength,Chest,chest,Body Only,Intermediate,,https://fitnessprogramer.com/wp-content/uploads/2021/10/Push-up-With-Push-up-Bars.gif,0274269f-434e-4061-a079-c920ac79e439,345a1ef0-7af8-4774-b19e-5ef064cf3138
ACFT Triple-clap push-up,Clap Push-Up,0.5761,"The triple-clap push-up is an explosive bodyweight exercise aimed at increasing upper-body power and strength. It is an advanced exercise targeting the muscles of the chest, triceps, core, and shoulders.",Strength,Chest,chest,Body Only,Intermediate,,https://fitnessprogramer.com/wp-content/uploads/2021/06/Clap-Push-Up.gif,118f8363-8e51-44eb-ac1c-6b4618d0b669,1b413405-5d21-4122-bd90-2946d06d06bb
ACFT Superman push-up,Push-up With Push-up Bars,0.2436,"The Superman push-up is an explosive bodyweight exercise aimed at increasing upper-body power and strength. It is an advanced exercise targeting the muscles of the chest, triceps, shoulders, and core that involves pressing up off the floor and lifting the hands and feet off the ground simultaneously at the top of the movement.",Strength,Chest,chest,Body Only,Intermediate,,https://fitnessprogramer.com/wp-content/uploads/2021/10/Push-up-With-Push-up-Bars.gif,afdd03ed-b17d-4b38-aa36-bce9d62aca65,345a1ef0-7af8-4774-b19e-5ef064cf3138
Leverage Chest Press,Lever Chest Press,0.6682,The machine chest press is an upper body exercise targeting the pectoral muscles.,Strength,Chest,chest,Machine,Beginner,,https://fitnessprogramer.com/wp-content/uploads/2021/06/Lever-Chest-Press.gif,72298650-726d-4959-b26f-ac4a7bdc5ea0,c0123679-27ae-42ae-8195-6360225763ae
Decline Smith Press,Decline Hammer Press,0.5974,"The Smith machine decline bench press is a machine-based exercise targeting the chest muscles, particularly the lower pectoral muscles. The Smith machine mimics a barbell but provides more stability. This movement is often performed for moderate to high reps, such as 8-12 reps per set or more, as part of a chest or upper-body workout.",Strength,Chest,chest,Machine,Beginner,,https://fitnessprogramer.com/wp-content/uploads/2022/01/Decline-hammer-press.gif,198b4229-01d2-4f1a-903e-73d10680fe18,5bdd1f20-5373-4ce6-82b0-c32a052c3f6f
Smith Machine Close-Grip Bench Press,Incline Close-Grip Bench Press,0.6734,"The Smith machine close-grip bench press is a machine-based movement targeting the chest and triceps. The Smith machine mimics a barbell but provides more stability. This movement can be programmed in low reps for strength or higher reps for muscle and strength endurance. It is often performed for moderate to high reps, such as 8-12 reps per set or more, as part of a chest, arms, or upper-body focused workout.",Strength,Chest,chest,Machine,Intermediate,,https://fitnessprogramer.com/wp-content/uploads/2022/04/Incline-Close-Grip-Bench-Press.gif,14b1333d-feb5-4fb3-aff0-dcf455d5c440,8fa2b59f-b296-4302-a934-622cc90c3bd5
Smith machine bench press throw,Smith Machine Hex Press,0.6347,The Smith machine bench press throw is an exercise that helps develop pushing power that carries over to the traditional bench press. It involves pushing a relatively light weight (such as 30-50 percent of your 1RM) explosively and actually letting go at the top of the rep. It can work as power or speed-style training in a strength or athleticism-focused workout plan.,Strength,Chest,chest,Machine,Beginner,,https://fitnessprogramer.com/wp-content/uploads/2021/09/Smith-Machine-Hex-Press.gif,df6ef819-ff87-41e6-8d06-b25681308ffc,792da8ae-239a-4d3f-9fde-449343848455
Machine Seated Chest Press - Gethin Variation,Lying Chest Press Machine,0.6488,The machine chest press is an upper body exercise targeting the pectoral muscles.,Strength,Chest,chest,Machine,Intermediate,,https://fitnessprogramer.com/wp-content/uploads/2021/08/Lying-Chest-Press-Machine.gif,26a7bacc-d200-4a05-a513-4b9dac7ac09d,dc8ba17c-4e69-4601-b2c5-b6f00200a0c4
Smith machine weighted push-up,Smith Machine Hex Press,0.543,"The Smith machine weighted push-up is a pushing movement performed with a plate resting on the back or shoulders. It is performed most safely with a foot or so of space at the bottom to minimize the risk of getting ""pinned"" under the bar. It targets all the same muscles as a push-up, including the chest, triceps, and shoulders.",Strength,Chest,chest,Machine,Intermediate,,https://fitnessprogramer.com/wp-content/uploads/2021/09/Smith-Machine-Hex-Press.gif,31d68ad5-a3fe-4dfa-be03-dbf2f7b4a057,792da8ae-239a-4d3f-9fde-449343848455
AM Pec Dec,Pec Deck Fly,0.5359,"The pec deck is a machine-based exercise targeting the chest. It approximates the motion of a dumbbell fly or cable fly, but is usually performed facing forward and seated upright. The motion is often compared to bear-hugging a tree trunk. The chest fly is usually performed for moderate to high reps, such as 8-12 reps per set or more, as part of a pre-exhaust or muscle-building upper-body workout.",Strength,Chest,chest,Machine,Intermediate,,https://fitnessprogramer.com/wp-content/uploads/2021/02/Pec-Deck-Fly.gif,3a778bcd-0ae9-47cd-8b4b-d6544625b594,928619cc-9e3e-4e51-8fad-260ce961bc24
Smith machine push-up,Smith Machine Hex Press,0.6735,"The Smith machine push-up is an upper-body exercise targeting the chest, shoulders, and triceps. It is similar in form to bodyweight push-ups, but with the hands on the bar of the Smith machine. This allows you to vary the height to increase or decrease difficulty, or to perform a mechanical dropset by raising the bar after hitting failure at a certain height.",Strength,Chest,chest,Machine,Intermediate,,https://fitnessprogramer.com/wp-content/uploads/2021/09/Smith-Machine-Hex-Press.gif,33aa2fde-6671-4c85-849d-245755ea74c6,792da8ae-239a-4d3f-9fde-449343848455
30 Chest 30-Degree Incline Smith Machine Press,45 Degree Incline Row,0.6023,No description available,Strength,Chest,trapezius,Machine,Intermediate,,https://fitnessprogramer.com/wp-content/uploads/2021/02/45-Degree-Incline-Row.gif,7fb6b940-8374-4204-8765-0783810bfe2f,2fbec5bf-da5e-46e0-a726-47f97bd022fe
Cable cross-over,Cross Cable Face Pull,0.6144,"The cable cross-over is an isolation movement that uses a cable stack to build bigger and stronger pectoral muscles. Since it's done using adjustable pulleys, you can target different parts of your chest by setting the pulleys at different levels. It is common in upper-body and chest-focused muscle-building workouts, often as a pre-exhaust at the beginning of a workout or a finishing movement at the end. It is often used in combination with other presses or flyes to target the chest from different angles.",Strength,Chest,trapezius,Cable,Beginner,,https://fitnessprogramer.com/wp-content/uploads/2022/04/Cross-Cable-Face-Pull.gif,ee012550-c79a-40fc-9f8f-4aac4eb13291,2084a059-69c2-4c60-b8b1-ef4d1adf8d42
Paul Carter Cable Cross-Over,Cross Cable Face Pull,0.3936,"The cable cross-over is an isolation movement that uses a cable stack to build bigger and stronger pectoral muscles. Since it's done using adjustable pulleys, you can target different parts of your chest by setting the pulleys at different levels. It is common in upper body and chest-focused muscle-building workouts, often as a pre-exhaust at the beginning of a workout, or a finishing movement at the end. It is often in combination with other presses or flyes to target the chest from different angles.",Strength,Chest,trapezius,Cable,Intermediate,,https://fitnessprogramer.com/wp-content/uploads/2022/04/Cross-Cable-Face-Pull.gif,98c57887-ead1-416d-9d5c-7112c3ff7d84,2084a059-69c2-4c60-b8b1-ef4d1adf8d42
Incline Cable Fly - Gethin Variation,Incline Cable Row,0.6651,"The incline cable chest fly is an isolation movement that uses a cable stack and an incline bench to target the upper portion of the pectoral muscles. It is common in upper-body and chest-focused muscle-building workouts, often after pressing movements like the barbell or dumbbell bench press or as a finishing movement at the end of the workout. It is often used in combination with other flyes to target the chest from different angles.",Strength,Chest,back,Cable,Intermediate,,https://fitnessprogramer.com/wp-content/uploads/2021/09/Incline-Cable-Row.gif,fd4f233c-7e12-4a94-86f1-04c70e9dc5d1,280b220d-cffb-4e3d-bfc8-7c45f70a8643
Cable Cross-Over - Gethin Variation,Cross Cable Face Pull,0.4984,"The cable cross-over is an isolation movement that uses a cable stack to build bigger and stronger pectoral muscles. Since it's done using adjustable pulleys, you can target different parts of your chest by setting the pulleys at different levels. It is common in upper body and chest-focused muscle-building workouts, often as a pre-exhaust at the beginning of a workout, or a finishing movement at the end. It is often in combination with other presses or flyes to target the chest from different angles.",Strength,Chest,trapezius,Cable,Intermediate,,https://fitnessprogramer.com/wp-content/uploads/2022/04/Cross-Cable-Face-Pull.gif,5f7924a5-d463-4d26-ace6-504570b38d22,2084a059-69c2-4c60-b8b1-ef4d1adf8d42
Single-arm incline cable cross-over-,Single-Arm Cable Crossover,0.6519,"The single-arm incline cable cross-over is an isolation movement that uses a cable stack and a bench to target the upper part of the pectoral muscles. Working the chest one side at a time allows you to focus on balance between the sides of your chest and really feel the chest muscles contracting. It is common in upper-body and chest-focused muscle-building workouts, often in combination with other presses or flyes to target the chest from different angles.",Strength,Chest,chest,Cable,Intermediate,,https://fitnessprogramer.com/wp-content/uploads/2021/10/Single-Arm-Cable-Crossover.gif,095ad9d8-08e2-4234-8d9a-de12e43e842d,2de19d29-1bb7-458d-8017-3fa0433b84d9
High-to-low cable chest fly,High Chest Fly With Resistance Band,0.469,"The high-to-low cable chest fly is an isolation movement that uses a cable stack to target the lower portion of the pectoral muscles. It is common in upper-body and chest-focused muscle-building workouts, often after pressing movements like the barbell or dumbbell bench press or as a finishing movement at the end of the workout. It is often used in combination with other flyes to target the chest from different angles.",Strength,Chest,chest,Cable,Intermediate,,https://fitnessprogramer.com/wp-content/uploads/2022/05/High-Chest-Fly-With-Resistance-Band.gif,d479dd88-17ae-4617-8de4-138c25104290,3fb93fb8-a656-4b4a-b0e6-0d5329682821
UP Cable Cross-Over,Cross Cable Face Pull,0.5982,"The cable cross-over is an isolation movement that uses a cable stack to build bigger and stronger pectoral muscles. Since it's done using adjustable pulleys, you can target different parts of your chest by setting the pulleys at different levels. It is common in upper body and chest-focused muscle-building workouts, often as a pre-exhaust at the beginning of a workout, or a finishing movement at the end. It is often in combination with other presses or flyes to target the chest from different angles.",Strength,Chest,trapezius,Cable,Intermediate,,https://fitnessprogramer.com/wp-content/uploads/2022/04/Cross-Cable-Face-Pull.gif,5da32bc1-291a-4c5d-9cb6-8b0e77307be1,2084a059-69c2-4c60-b8b1-ef4d1adf8d42
UP Cable Fly,Decline Cable Fly,0.6267,No description available,Strength,Chest,chest,Cable,Intermediate,,https://fitnessprogramer.com/wp-content/uploads/2021/06/Decline-Cable-Fly.gif,632feecd-f73d-476d-a1f6-7e0fe3b9c93e,a2609b9a-4dba-4898-b3b3-ba6d8d39b206
30 Chest Low-To-High Cable Fly,High Chest Fly With Resistance Band,0.456,No description available,Strength,Chest,chest,Cable,Intermediate,,https://fitnessprogramer.com/wp-content/uploads/2022/05/High-Chest-Fly-With-Resistance-Band.gif,be9fb781-4b28-4ecb-8341-5a0569d4505c,3fb93fb8-a656-4b4a-b0e6-0d5329682821
30 Chest Incline Cable Fly,Incline Cable Row,0.671,No description available,Strength,Chest,back,Cable,Intermediate,,https://fitnessprogramer.com/wp-content/uploads/2021/09/Incline-Cable-Row.gif,b711734d-34b4-4198-ba4a-286b1f8c133d,280b220d-cffb-4e3d-bfc8-7c45f70a8643
30 Chest High-To-Low Cable Press,Seated Cable Close Grip Chest Press,0.4712,No description available,Strength,Chest,chest,Cable,Intermediate,,https://fitnessprogramer.com/wp-content/uploads/2022/02/Seated-Cable-Close-Grip-Chest-Press.gif,3b788057-459c-406d-b5dc-97a10f0dcab1,cfbc553c-bb54-40fe-bc8f-4260db8bbff9
30 Chest High-To-Low Cable Fly,High Chest Fly With Resistance Band,0.456,No description available,Strength,Chest,chest,Cable,Intermediate,,https://fitnessprogramer.com/wp-content/uploads/2022/05/High-Chest-Fly-With-Resistance-Band.gif,59448744-0999-4afa-9726-71d3c33b8428,3fb93fb8-a656-4b4a-b0e6-0d5329682821
30 Chest Shoulder-Height Cable Fly,Chest and Front of Shoulder Stretch,0.4185,No description available,Strength,Chest,shoulders,Cable,Intermediate,,https://fitnessprogramer.com/wp-content/uploads/2022/02/Chest-and-Front-of-Shoulder-Stretch.gif,80d3620e-34ed-48d6-bdc1-612e812b7b02,ee16e9c5-6bf5-456b-a203-15336d9e34c7
Cable Pec Fly,Pec Deck Fly,0.6285,No description available,Strength,Chest,chest,Cable,Intermediate,,https://fitnessprogramer.com/wp-content/uploads/2021/02/Pec-Deck-Fly.gif,f3082c83-b0dd-4041-8b97-9eeb16fc6810,928619cc-9e3e-4e51-8fad-260ce961bc24
Medicine ball sprawl to chest press,Medicine Ball Push-Up,0.604,"The medicine ball sprawl to chest press is a sequence of athletic movements using a medicine ball or other small weight. It involves performing a sprawl with the hands on the ball, followed by a standing chest press holding the ball. It is challenging to the cardiovascular system, but also the muscles of the core, shoulders, and upper back. It can be performed for reps or for time, usually in dedicated ab training or as part of a medicine ball and bodyweight circuit workout.",Strength,Chest,triceps,Medicine Ball,Intermediate,,https://fitnessprogramer.com/wp-content/uploads/2022/08/Medicine-Ball-Push-Up.gif,231c01f8-08bb-4d27-8d0f-1fda1dcf6a99,14d97bf8-6a88-4499-93b6-517de2bc984a
Chest Push with Run Release,Chest Tap Push-up,0.3532,No description available,Plyometrics,Chest,chest,Medicine Ball,Beginner,,https://fitnessprogramer.com/wp-content/uploads/2022/07/Chest-Tap-Push-up.gif,baa6d6b6-5e6b-4f63-90b6-d95eeae687e2,217692d0-56db-4183-a34b-75f42205c28d
Chest Push from 3 point stance,Chest Tap Push-up,0.3532,No description available,Plyometrics,Chest,chest,Medicine Ball,Beginner,,https://fitnessprogramer.com/wp-content/uploads/2022/07/Chest-Tap-Push-up.gif,6993bee0-e484-4183-9e60-89e39be8a2ae,217692d0-56db-4183-a34b-75f42205c28d
Dumbbell Flyes,Dumbbell Fly,0.5996,"The dumbbell chest fly is a popular exercise that targets the pectoral or chest muscles. It attempts to isolate the chest muscles, stretching and contracting them while limiting involvement of the shoulders. Unlike a press, where the elbows bend and flex, flyes should keep a relatively consistent elbow angle. The motion is sometimes compared to ""hugging a tree."" Dumbbell flyes are usually performed for moderate to high reps, such as 8-12 reps per set or more, as part of a chest or upper-body focused workout.",Strength,Chest,chest,Dumbbell,Intermediate,,https://fitnessprogramer.com/wp-content/uploads/2021/02/Dumbbell-Fly.gif,8adfaf66-c124-4306-adca-e1d62f3685a4,6e506357-89a7-4ab8-9080-839eab5cbc9b
Incline dumbbell bench press,Incline Dumbbell Hammer Press,0.6785,"The incline dumbbell bench press is a popular upper-body exercise targeting the upper pectoral muscles. While it can be a strength-focused movement, it is usually performed for moderate to high reps, such as 8-12 reps per set or more, as part of upper-body or chest-focused training.",Strength,Chest,chest,Dumbbell,Intermediate,,https://fitnessprogramer.com/wp-content/uploads/2021/06/Incline-Dumbbel-Hammer-Press.gif,c37be72c-72c4-4910-9a06-9621f97dbb9f,ab30e968-8688-40f8-8344-a3eeffda7fa1
Decline Dumbbell Flyes,Decline Dumbbell Leg Curl,0.6718,"The decline dumbbell chest fly is an upper body isolation exercise targeting the lower chest. It will require less weight than a decline press, which makes it a great hypertrophy exercise with high reps.",Strength,Chest,leg,Dumbbell,Intermediate,,https://fitnessprogramer.com/wp-content/uploads/2022/10/Decline-Dumbbell-Leg-Curl.gif,493fb840-2f02-4269-b12a-56993729f366,76da60af-9f9e-402f-b3a6-a0debf89a734
Incline Dumbbell Flyes,Dumbbell Incline T-Raise,0.6446,"The incline dumbbell chest fly is an upper body isolation exercise targeting the upper chest and is typically used with aesthetic goals in mind. It will require less weight than an incline press, which makes it a great hypertrophy exercise with high reps.",Strength,Chest,shoulders,Dumbbell,Intermediate,,https://fitnessprogramer.com/wp-content/uploads/2021/09/Dumbbell-Incline-T-Raise.gif,71802725-5b2a-4cf6-bbac-7cc6ac82ac81,706b314d-76c2-48f9-97db-e752c894d44d
Neutral-grip dumbbell bench press,Dumbbell Seated Neutral Wrist Curl,0.5975,"The neutral-grip dumbbell bench press is a variation on a classic chest-building exercise where the palms face each other instead of forward. This shift puts the elbows closer to the sides, placing more emphasis on the triceps, and perhaps also the inner chest. The neutral-grip press can be performed in lower reps for strength or higher reps for muscle growth.",Strength,Chest,forearm,Dumbbell,Intermediate,,https://fitnessprogramer.com/wp-content/uploads/2021/06/Dumbbell-Seated-Neutral-Wrist-Curl.gif,2029c928-1fad-4f59-b558-2b8e38c477d0,c07dd0e4-8ee4-49cd-98c5-b504c8c4e5a4
Single-arm kettlebell row,One Arm Kettlebell Swing,0.5788,"The single-arm kettlebell row is a popular muscle- and strength-building exercise that works the muscles of the back and core simultaneously. It has all the same benefits as a single-arm dumbbell row, but some people find a kettlebell more comfortable to hold during the movement.",Strength,Chest,full-body,Dumbbell,Intermediate,,https://fitnessprogramer.com/wp-content/uploads/2022/07/One-Arm-Kettlebell-Swing.gif,31547313-148f-46af-887a-0526bc859e82,49862e3f-6ea5-4b66-9c54-984cd1f11b7c
Incline Dumbbell Bench With Palms Facing In,Dumbbell Standing Palms In Press,0.4576,No description available,Strength,Chest,shoulders,Dumbbell,Beginner,,https://fitnessprogramer.com/wp-content/uploads/2021/09/Dumbbell-Standing-Palms-In-Press.gif,7e48e28f-0272-4a12-a961-c2fd363bd1cb,d47c32be-1913-4330-803b-c3792d082d3b
Incline Dumbbell Flyes - With A Twist,Dumbbell Incline T-Raise,0.5152,No description available,Strength,Chest,shoulders,Dumbbell,Beginner,,https://fitnessprogramer.com/wp-content/uploads/2021/09/Dumbbell-Incline-T-Raise.gif,659ed666-3d99-4d20-b106-5aa871692f81,706b314d-76c2-48f9-97db-e752c894d44d
Bent-arm dumbbell pull-over,EZ-Bar Bent Arm Pullover,0.5058,"The bent-arm dumbbell pull-over was a staple exercise of the ""Golden Era"" of bodybuilding and a favorite of Arnold Schwarzenegger himself. Done properly, the exercise targets the pecs, lats, and serratus anterior muscles. Old-school bodybuilders would perform them with light weights for sets of 20 between sets of heavy 20-rep squats, but pull-overs are more popular today in moderate rep ranges, such as 8-12 reps per set, as part of an upper-body workout.",Strength,Chest,back,Dumbbell,Intermediate,,https://fitnessprogramer.com/wp-content/uploads/2022/02/EZ-Bar-Bent-Arm-Pullover.gif,b855f0bd-73bd-4453-b0c0-0adab4e35a15,7def39af-273a-41af-96aa-ec6753a9d04f
One-Arm Flat Bench Dumbbell Flye,Dumbbell Fly,0.4116,No description available,Strength,Chest,chest,Dumbbell,Beginner,,https://fitnessprogramer.com/wp-content/uploads/2021/02/Dumbbell-Fly.gif,f408afab-13fb-42aa-88c9-7808fa5fa45d,6e506357-89a7-4ab8-9080-839eab5cbc9b
Dumbbell Fix Traveling Push-Up,Dumbbell Push Press,0.3857,No description available,Strength,Chest,full-body,Dumbbell,Intermediate,,https://fitnessprogramer.com/wp-content/uploads/2023/10/Dumbbell-Push-Press.gif,5be5b0c7-f8b7-4ca3-891f-6c20b1110e87,67ec3ca5-3fd7-44a3-b2a3-1909bf68e4aa
Paul Carter Dumbbell Shrug,Dumbbell Shrug,0.6308,"The standing dumbbell shrug is a popular movement to build and strengthen the trapezius muscles. It’s a often trained on a bodybuilding-style shoulder or back training day, but can also work well in full-body or strength-focused training.",Strength,Chest,trapezius,Dumbbell,Intermediate,,https://fitnessprogramer.com/wp-content/uploads/2021/04/Dumbbell-Shrug.gif,a2d25c45-39f6-4207-9062-19636fdda14f,7f955f2e-f06f-4fbd-9f15-4f0990d7dcbf
TBS Dumbbell Incline Press,Incline Dumbbell Hammer Press,0.6713,The incline dumbbell bench press is an upper body exercise targeting the upper pectoral muscles.,Strength,Chest,chest,Dumbbell,Intermediate,,https://fitnessprogramer.com/wp-content/uploads/2021/06/Incline-Dumbbel-Hammer-Press.gif,9d2eb67f-fdde-4dc1-bc02-1cb29485df90,ab30e968-8688-40f8-8344-a3eeffda7fa1
Incline Dumbbell Fly - Gethin Variation,Dumbbell Incline T-Raise,0.6149,"The incline dumbbell chest fly is an upper body isolation exercise targeting the upper chest and is typically used with aesthetic goals in mind. It will require less weight than an incline press, which makes it a great hypertrophy exercise with high reps.",Strength,Chest,shoulders,Dumbbell,Intermediate,,https://fitnessprogramer.com/wp-content/uploads/2021/09/Dumbbell-Incline-T-Raise.gif,05c9bc80-4fc3-4b5f-a9f5-8ef74a2bbcb9,706b314d-76c2-48f9-97db-e752c894d44d
Decline dumbbell fly and press,Decline Dumbbell Leg Curl,0.6619,"The decline dumbbell fly and press is a dumbbell complex that targets the chest muscles, particularly the lower pecs. By alternating the single-joint fly with the multijoint press, you get the benefits of both and put serious stress on the chest muscles even with relatively light weight. Because the fly will be the limiting factor in weight selection, this pairing is usually performed for moderate to high reps, such as 8-12 reps per set or more, as part of upper-body or chest-focused training.",Strength,Chest,leg,Dumbbell,Intermediate,,https://fitnessprogramer.com/wp-content/uploads/2022/10/Decline-Dumbbell-Leg-Curl.gif,637eba1b-214e-4cb8-944b-93f0284a6486,76da60af-9f9e-402f-b3a6-a0debf89a734
Single-arm incline dumbbell bench press,Incline Dumbbell Hammer Press,0.581,"The single-arm incline dumbbell bench press is an upper-body exercise targeting the pectoral muscles. Because balance can be an issue, this press variation is usually performed with lighter weight for moderate to high reps, such as 8-12 reps per set or more, as part of upper-body or chest-focused training.",Strength,Chest,chest,Dumbbell,Intermediate,,https://fitnessprogramer.com/wp-content/uploads/2021/06/Incline-Dumbbel-Hammer-Press.gif,48f7a618-4014-427c-8bbc-f87b27fcb6e3,ab30e968-8688-40f8-8344-a3eeffda7fa1
Incline Dumbbell Press - Gethin Variation,Incline Dumbbell Hammer Press,0.644,The incline dumbbell bench press is an upper body exercise targeting the upper pectoral muscles.,Strength,Chest,chest,Dumbbell,Intermediate,,https://fitnessprogramer.com/wp-content/uploads/2021/06/Incline-Dumbbel-Hammer-Press.gif,78fae589-cbdd-4fc4-8644-073c142e4da1,ab30e968-8688-40f8-8344-a3eeffda7fa1
Dumbbell Chest Press - Gethin Variation,Dumbbell Z Press,0.5572,"The dumbbell bench press is a mainstay of workout enthusiasts worldwide. It’s a classic move for building a bigger, stronger chest. As such, it’s often placed first in mass-building chest workouts.",Strength,Chest,shoulders,Dumbbell,Intermediate,,https://fitnessprogramer.com/wp-content/uploads/2022/12/Dumbbell-Z-Press.gif,ed21c69c-16e1-459b-a583-ace958fbd0ea,5ae2f6ba-b82c-41c2-bb30-075a1ce5efde
Dumbbell Floor Press - Gethin Variation,Dumbbell Z Press,0.5168,"The dumbbell floor press limits the range of motion you would achieve with a regular dumbbell bench press, but still targets the chest, triceps, and anterior delts. This allows you to build strength in the top portion of the lift and work on strengthening the shoulder stabilizers.",Strength,Chest,shoulders,Dumbbell,Intermediate,,https://fitnessprogramer.com/wp-content/uploads/2022/12/Dumbbell-Z-Press.gif,b27331ab-925f-435c-8236-fa33adf785a2,5ae2f6ba-b82c-41c2-bb30-075a1ce5efde
Decline Dumbbell Press - Gethin Variation,Decline Dumbbell Leg Curl,0.6446,The decline dumbbell bench press is an upper body isolation exercise targeting the lower chest. Utilizing dumbbells instead of a barbell increases the difficulty of stabilizing the weight.,Strength,Chest,leg,Dumbbell,Intermediate,,https://fitnessprogramer.com/wp-content/uploads/2022/10/Decline-Dumbbell-Leg-Curl.gif,2583d194-a045-4324-9e16-8b313ee44819,76da60af-9f9e-402f-b3a6-a0debf89a734
AM Dumbbell Bench Press,Reverse Grip Dumbbell Bench Press,0.6602,"The dumbbell bench press is a mainstay of workout enthusiasts worldwide. It’s a classic move for building a bigger, stronger chest. As such, it’s often placed first in mass-building chest workouts.",Strength,Chest,chest,Dumbbell,Intermediate,,https://fitnessprogramer.com/wp-content/uploads/2021/06/Reverse-Grip-Dumbbell-Bench-Press.gif,8ccb1304-6d1c-4e61-8ade-023a679b4aee,5cddee0f-46e6-45a9-921d-6e749ab90e2c
Holman Push-Up to Belly Touch,Heel Touch,0.4103,No description available,Strength,Chest,abs,Dumbbell,Intermediate,,https://fitnessprogramer.com/wp-content/uploads/2021/02/Heel-Touch.gif,a970c872-b2d2-411f-8859-3523d9f23f5a,db3605ce-6dc8-4b95-8ba0-80a8a93b2cac
Single-arm dumbbell floor press,Single Dumbbell Close-grip Press,0.5339,"The single-arm dumbbell floor press is a multijoint pressing exercise performed lying on the floor, either with the knees bent or straight. It has less range of motion than a regular dumbbell bench press, but still targets the chest, triceps, and anterior delts. By performing it with one arm, you can strengthen weakness on certain sides or simply use it as a way to challenge the core more during this exercise.",Strength,Chest,chest,Dumbbell,Intermediate,,https://fitnessprogramer.com/wp-content/uploads/2021/10/Single-Dumbbell-Close-grip-Press.gif,9bb2afd0-e285-4635-89a8-fa597415dddd,d284c05a-e512-4750-86a1-8dda5e2afa7e
Total Fitness Weighted Push-Up,Weighted Vest Push-up,0.4314,"The plate-weighted push-up is a simple way to make a classic bodyweight exercise more difficult. It targets all the same muscles as the push-up: chest, triceps, shoulders, upper back, and core. You can balance a plate on your upper back yourself, but it's easier and safer to have someone else put it there. If you stack a few plates up, be sure to have a spotter close at hand.",Strength,Chest,chest,Dumbbell,Intermediate,,https://fitnessprogramer.com/wp-content/uploads/2022/08/Weighted-Vest-Push-up.gif,eeb4cfb2-8599-4007-bf66-ff84d116cece,b96afa22-b033-4dcf-9a08-dc0ce5fba6e5
King Maker Standing Dumbbell Shoulder Press,Lying Shoulder Press,0.4978,The standing dumbbell shoulder press is a classic deltoid-builder (especially the front deltoids) that’s ubiquitous in gyms around the world. Performing the move standing up as opposed to seated allows for more weight to be used.,Strength,Chest,shoulders,Dumbbell,Intermediate,,https://fitnessprogramer.com/wp-content/uploads/2021/09/Lying-Shoulder-Press.gif,4448f9db-5c3a-4fad-929b-87a072be5974,fd54ec17-57dc-4621-8462-60cb4b2289b5
30 Chest Incline Dumbbell Fly,Dumbbell Incline T-Raise,0.6203,No description available,Strength,Chest,shoulders,Dumbbell,Intermediate,,https://fitnessprogramer.com/wp-content/uploads/2021/09/Dumbbell-Incline-T-Raise.gif,131fb07e-448a-4e6a-86b0-115676e74395,706b314d-76c2-48f9-97db-e752c894d44d
30 Chest Incline Dumbbell Bench Press,Lever Incline Chest Press,0.6581,No description available,Strength,Chest,chest,Dumbbell,Intermediate,,https://fitnessprogramer.com/wp-content/uploads/2021/06/Lever-Incline-Chest-Press.gif,47eef869-5bb2-4aee-8978-c0db58fb7c00,b7318a77-24c7-4e1f-99e9-628dc15af0fa
30 Chest Dumbbells-Together Press,Dumbbell Z Press,0.4052,No description available,Strength,Chest,shoulders,Dumbbell,Intermediate,,https://fitnessprogramer.com/wp-content/uploads/2022/12/Dumbbell-Z-Press.gif,42e9cad7-9679-4750-b2df-f8935714a87a,5ae2f6ba-b82c-41c2-bb30-075a1ce5efde
30 Chest Dumbbells-Together Incline Bench Press,Lever Incline Chest Press,0.4838,No description available,Strength,Chest,chest,Dumbbell,Intermediate,,https://fitnessprogramer.com/wp-content/uploads/2021/06/Lever-Incline-Chest-Press.gif,3e950ab6-24a9-4d80-b613-b5bf0496dd87,b7318a77-24c7-4e1f-99e9-628dc15af0fa
30 Chest Dumbbell Bench Press,Dumbbell Z Press,0.5704,No description available,Strength,Chest,shoulders,Dumbbell,Intermediate,,https://fitnessprogramer.com/wp-content/uploads/2022/12/Dumbbell-Z-Press.gif,d1e66a36-2dd8-47b3-bc28-4d4c4c9a4e36,5ae2f6ba-b82c-41c2-bb30-075a1ce5efde
30 Chest 30-Degree Incline Dumbbell Fly,Dumbbell Reverse Grip 30 Degrees Incline Bench Press,0.6733,No description available,Strength,Chest,chest,Dumbbell,Intermediate,,https://fitnessprogramer.com/wp-content/uploads/2022/07/Dumbbell-Reverse-Grip-30-Degrees-Incline-Bench-Press.gif,bc593e37-3da0-4c0e-8661-168e1fcfb319,77ea5c83-8246-4366-adf8-fdaa099eb4fa
FYR2 Single-Dumbbell Push-Up,Single Arm Push-up,0.6412,No description available,Strength,Chest,triceps,Dumbbell,Intermediate,,https://fitnessprogramer.com/wp-content/uploads/2021/09/Single-Arm-Push-up.gif,4ce12601-22cf-40a1-820e-eeee09da61c6,f38f07ce-2322-41ca-b7f6-c9b26c639508
Bodyweight Flyes,Bodyweight Box Squat,0.6797,"The double-bar roll-out chest fly is a chest exercise that utilizes two rotating barbells as ""handles"" for a chest fly. It targets the muscles of the chest, but is also an intense core workout. It's a tough movement that is usually performed in the chest-focused portion of a workout.",Strength,Chest,leg,E-Z Curl Bar,Beginner,,https://fitnessprogramer.com/wp-content/uploads/2022/07/Bodyweight-Box-Squat.gif,bb2cff95-a07d-4b66-8878-8c7b72ef1e5f,69b0e3dc-6a8c-48f8-b21b-35344273d03b
Chest dip,Assisted Chest Dip,0.6103,"The chest dip is a bodyweight exercise performed on parallel bars or on a pull-up and dip station. It targets the chest, triceps, and shoulders. Dips with a chest focus are usually performed with the torso leaning forward and the elbows angled out from the torso. Dips can be performed for low reps for strength or higher reps for muscle growth.",Strength,Chest,chest,Other,Intermediate,,https://fitnessprogramer.com/wp-content/uploads/2021/06/Assisted-Chest-Dip.gif,320068ab-87ed-42c0-a923-15fce1ba16e2,8aaf3770-c196-4464-8450-d38594003e0c
Forward Drag with Press,Dumbbell Forward Leaning Lunge,0.4359,No description available,Strongman,Chest,leg,Other,Beginner,,https://fitnessprogramer.com/wp-content/uploads/2022/09/dumbbell-forward-leaning-lunge.gif,799a00c9-b4ef-42de-8632-1eef330988af,d96b80f3-55ec-434d-ab76-5ae2d9e5b1d8
Chain Press,Push Press,0.3394,No description available,Powerlifting,Chest,shoulders,Other,Beginner,,https://fitnessprogramer.com/wp-content/uploads/2021/02/push-press-1.gif,16ffc351-f38e-4f84-8bc2-a818c3d92f7a,6a02c8c4-7276-44bb-84e2-a2036b46e735
Behind Head Chest Stretch,Shoulder Stretch Behind Back,0.6052,No description available,Stretching,Chest,shoulders,Other,Beginner,,https://fitnessprogramer.com/wp-content/uploads/2021/04/Shoulder-Stretch-Behind-Back.gif,3d2243c5-288b-4fb8-a0c9-0cf6e4d26f73,f1fbae8f-b6a8-4ebf-b20a-92e6a8f2527e
Pass-through stretch with band,Dumbbell Pull Through,0.5077,The pass-through stretch with band is a popular move to build and maintain mobility in the shoulder joint and to strengthen the muscles of the upper back and rotator cuff. It is common in CrossFit and Olympic lifting training and is usually performed as part of a warm-up or paired with movements in a workout. It can also be performed with a PVC pipe or dowel if a band isn't available.,Stretching,Chest,leg,Other,Beginner,,https://fitnessprogramer.com/wp-content/uploads/2022/10/Dumbbell-Pull-Through.gif,aa6ae77d-1124-4ceb-81c7-e6b986a55d9e,6f11ebfc-6925-40ba-9a49-9018351b7d48
Heavy Bag Thrust,Barbell Thruster,0.3303,No description available,Plyometrics,Chest,shoulders,Other,Beginner,,https://fitnessprogramer.com/wp-content/uploads/2022/10/thruster.gif,3dfa7e20-96e0-4337-b60f-20d356e6111f,b70eac51-1723-41ea-a555-a09190ed7c0d
Decline Explosive Push-Up,Decline Cable Fly,0.3361,No description available,Plyometrics,Chest,chest,Other,Beginner,,https://fitnessprogramer.com/wp-content/uploads/2021/06/Decline-Cable-Fly.gif,9a60ad9d-3894-43ec-9ae3-2987024db954,a2609b9a-4dba-4898-b3b3-ba6d8d39b206
Suspended Chest Fly,Trx Chest Fly,0.4081,No description available,Strength,Chest,chest,Other,Beginner,,https://fitnessprogramer.com/wp-content/uploads/2022/12/Trx-Chest-Flyes.gif,2b332a1a-b25f-4fe4-a235-b59dbb4ecbd9,63c7f2c2-9575-4f5d-bb29-9d8f684e36ae
Bar Push-Up Smith Machine,Smith Machine Hex Press,0.6357,"The hands-elevated push-up is a variation on the push-up, a body-weight standard. The hands are elevated, so that your body is aligned at an angle to the floor rather than parallel.",Plyometrics,Chest,chest,Other,Beginner,,https://fitnessprogramer.com/wp-content/uploads/2021/09/Smith-Machine-Hex-Press.gif,b16a4e72-4141-4edd-a51c-a586c66a591a,792da8ae-239a-4d3f-9fde-449343848455
Plate-weighted push-up,Weighted Vest Push-up,0.592,"The plate-weighted push-up is a simple way to make a classic bodyweight exercise more difficult. It targets all the same muscles as the push-up: chest, triceps, shoulders, upper back, and core. You can balance a plate on your upper back yourself, but it's easier and safer to have someone else put it there. If you stack a few plates up, be sure to have a spotter close at hand.",Strength,Chest,chest,Other,Intermediate,,https://fitnessprogramer.com/wp-content/uploads/2022/08/Weighted-Vest-Push-up.gif,9609673b-003b-465f-9fa2-703ac789fb49,b96afa22-b033-4dcf-9a08-dc0ce5fba6e5
Double-bar roll-out chest fly,Double Arm Dumbbell Curl,0.4078,"The double-bar roll-out chest fly is a chest exercise that utilizes two rotating barbells as ""handles"" for a chest fly. It targets the muscles of the chest, but is also an intense core workout. It's a tough movement that is usually performed in the chest-focused portion of a workout.",Strength,Chest,biceps,Other,Intermediate,,https://fitnessprogramer.com/wp-content/uploads/2022/04/Double-Arm-Dumbbell-Curl.gif,47811430-5ce0-4fee-aa99-9c16647166ae,9a0b4f7b-ed5a-4617-b0c0-0076c5b8d54f
Holman Plate Dynamo Push-Up,Push-up With Push-up Bars,0.2345,No description available,Strength,Chest,chest,Other,Intermediate,,https://fitnessprogramer.com/wp-content/uploads/2021/10/Push-up-With-Push-up-Bars.gif,526e61f6-6237-482b-a190-9c2fd0954580,345a1ef0-7af8-4774-b19e-5ef064cf3138
Holman Towel Drag Two Steps to Push-Up,Towel Leg Curl,0.4033,No description available,Strength,Chest,leg,Other,Intermediate,,https://fitnessprogramer.com/wp-content/uploads/2022/02/Towel-Leg-Curl.gif,ce294387-3eb2-4cc1-ad12-173c242902cd,9d5e5834-3f74-4c5d-921e-04f3f4eadd6b
Taylor Val Slide Push-Up/Fly Combo,Wall Slides,0.3549,No description available,Strength,Chest,shoulders,Other,Intermediate,,https://fitnessprogramer.com/wp-content/uploads/2021/02/wall-slide.gif,01ee39c5-b747-431a-8704-070d1187a662,e332ebc9-cde0-4f65-9e79-fa2dacf0d047
Feet-elevated push-up on ball,Single Arm Push-Up on Medicine Ball,0.3142,"The feet-elevated push-up on ball is a variation on the push-up, a bodyweight standard. The feet are elevated on a ball to align the body parallel to the floor and provide a greater stabilization challenge. This makes it more difficult than push-ups on the floor, but also puts more emphasis on the shoulder muscles. It can be a challenging non-gym substitute for incline presses, or as a burnout movement for a chest or shoulder workout.",Strength,Chest,chest,Exercise Ball,Intermediate,,https://fitnessprogramer.com/wp-content/uploads/2022/08/Single-Arm-Push-Up-on-Medicine-Ball.gif,0ce1d64c-ea2a-43da-bf0d-79200185ba53,41d208c5-acb0-4a0d-a167-47b8cebb5acd
Standing alternating band speed row,Band Alternating Low Row with Twist,0.5315,"The standing alternating band speed row is an explosive back exercise using exercise bands. It targets the muscles of the middle and upper back, including the lats (latissimus dorsi), rhomboids, and trapezius, as well as the biceps. It can be performed for time or reps either as part of a power or speed-focused portion of a workout or as a burnout at the end of a workout.",Strength,Forearms,back,Bands,Intermediate,,https://fitnessprogramer.com/wp-content/uploads/2022/02/Band-Alternating-Low-Row-with-Twist.gif,e056a842-6a8b-47c6-a3a3-fa615bb4e2c2,b8f9d090-db14-4040-b418-530712f47504
Band roundhouse elbow,Weighted Round Arm,0.2877,"The band roundhouse elbow is an explosive rotational power exercise using exercise bands. It targets the muscles of the obliques and deep core, but also engrains full-body coordination and striking ability. It can work in an ab workout, in martial arts training, or in general strength and muscle training.",Strength,Forearms,shoulders,Bands,Intermediate,,https://fitnessprogramer.com/wp-content/uploads/2021/04/weighted-round-arm.gif,f6251e17-0f74-43b9-bf28-ee77276ddafb,1ac720bb-2ad1-4a86-b7c1-df1736c5be5a
Palms-down wrist curl over bench,Barbell Reverse Wrist Curl Over a Bench,0.6026,"The palms-down wrist curl over bench is an exercise targeting the forearms. It is usually performed for high reps, such as 10-15 reps per set or more, as part of a grip or arm-focused workout.",Strength,Forearms,forearm,Barbell,Intermediate,,https://fitnessprogramer.com/wp-content/uploads/2022/06/Barbell-Reverse-Wrist-Curl-Over-a-Bench.gif,1014f153-7ced-4a13-9f87-429452d94fe2,afae3da2-413d-476a-9ae0-a08fc35864ff
Palms-up wrist curl over bench,Barbell Reverse Wrist Curl Over a Bench,0.6407,"The palms-up wrist curl over bench is an exercise targeting the forearms. It is usually performed for high reps, such as 10-15 reps per set or more, as part of a grip or arm-focused workout.",Strength,Forearms,forearm,Barbell,Intermediate,,https://fitnessprogramer.com/wp-content/uploads/2022/06/Barbell-Reverse-Wrist-Curl-Over-a-Bench.gif,9e900d32-6085-46e3-9c57-cd888a1beeb4,afae3da2-413d-476a-9ae0-a08fc35864ff
Seated palms-up wrist curl,Dumbbell Wrist Curl,0.5675,"The seated palms-up wrist curl is an exercise targeting the forearms. It is usually performed for high reps, such as 10-15 reps per set or more, as part of a grip or arm-focused workout.",Strength,Forearms,forearm,Barbell,Intermediate,,https://fitnessprogramer.com/wp-content/uploads/2021/06/Dumbbell-Wrist-Curl.gif,6dc8cd20-daaa-4ab9-b03e-7ab814bba86c,6fa9027f-768c-455b-bc1b-980aee6c56e3
Bottoms-Up Clean From The Hang Position,Calves Stretch Static Position,0.3202,No description available,Strength,Forearms,calf,Kettlebells,Beginner,,https://fitnessprogramer.com/wp-content/uploads/2022/02/Calves-Stretch-Static-Position.gif,34b21956-98eb-4fa2-90c8-5ca9bea1ff70,9170a836-796b-4088-b962-f644e232c9f7
Seated One-Arm Dumbbell Palms-Up Wrist Curl,Dumbbell Wrist Curl,0.6727,No description available,Strength,Forearms,forearm,Dumbbell,Beginner,,https://fitnessprogramer.com/wp-content/uploads/2021/06/Dumbbell-Wrist-Curl.gif,a716860f-c2a5-4132-95d2-7990aea04768,6fa9027f-768c-455b-bc1b-980aee6c56e3
Seated palms-down wrist curl,Dumbbell Wrist Curl,0.5308,"The seated palms-down wrist curl is an exercise targeting the forearms. It is usually performed for high reps, such as 10-15 reps per set or more, as part of a grip or arm-focused workout.",Strength,Forearms,forearm,Dumbbell,Beginner,,https://fitnessprogramer.com/wp-content/uploads/2021/06/Dumbbell-Wrist-Curl.gif,8e220235-5530-4dee-a096-145776cbbf50,6fa9027f-768c-455b-bc1b-980aee6c56e3
Palms-Down Dumbbell Wrist Curl Over A Bench,Dumbbell Wrist Curl,0.6497,No description available,Strength,Forearms,forearm,Dumbbell,Beginner,,https://fitnessprogramer.com/wp-content/uploads/2021/06/Dumbbell-Wrist-Curl.gif,4c0a5f41-0a85-4073-abf9-09c5b3b128c4,6fa9027f-768c-455b-bc1b-980aee6c56e3
Seated One-Arm Dumbbell Palms-Down Wrist Curl,Dumbbell Wrist Curl,0.6397,No description available,Strength,Forearms,forearm,Dumbbell,Beginner,,https://fitnessprogramer.com/wp-content/uploads/2021/06/Dumbbell-Wrist-Curl.gif,66ede294-e53e-40dc-8a89-4a119326f7c5,6fa9027f-768c-455b-bc1b-980aee6c56e3
Partner farmer's walk,Ball Russian Twist throw with partner,0.343,"The partner farmer's walk is a protocol for performing farmer's carries with dumbbells or other weights. One partner walks for a predetermined distance or time, then passes the weight to the other partner who walks for the same distance or time.",Strength,Forearms,abs,Dumbbell,Beginner,,https://fitnessprogramer.com/wp-content/uploads/2022/09/Ball-Russian-Twist-throw-with-partner.gif,e63899e9-711f-4881-9f2e-6a9beb8732fa,a0b96102-09e9-4dc0-9760-e8bb089c7b9c
Dumbbell suitcase carry,Zercher Carry,0.3179,"The dumbbell suitcase carry is similar to a dumbbell farmer's carry, but only uses one dumbbell rather than two. This simple change provides a significant challenge to the abdominal muscles. It can be a challenging finisher to any workout, or work well in fat-loss circuit training or as an accessory movement to heavy lifts like the deadlift.",Strength,Forearms,full-body,Dumbbell,Intermediate,,https://fitnessprogramer.com/wp-content/uploads/2023/01/zercher-carry.gif,eb2aae46-aa26-44e4-9951-5056075a32bc,8e863510-cd7d-42b3-9f50-49999fad8562
Suitcase Dumbbell Carry,Zercher Carry,0.3179,"The dumbbell suitcase carry is similar to a dumbbell farmer’s carry, but only uses one dumbbell rather than two. This simple change provides a significant challenge to the abdominal muscles. It can be a challenging finisher to any workout, or work well in fat-loss circuit training or as an accessory movement to heavy lifts like the deadlift.",Strength,Forearms,full-body,Dumbbell,Intermediate,,https://fitnessprogramer.com/wp-content/uploads/2023/01/zercher-carry.gif,c77817e6-a312-4508-8105-b20f4858dfd2,8e863510-cd7d-42b3-9f50-49999fad8562
Rickshaw Carry,Zercher Carry,0.3264,No description available,Strongman,Forearms,full-body,Other,Beginner,,https://fitnessprogramer.com/wp-content/uploads/2023/01/zercher-carry.gif,9982150e-f161-4908-b10e-2983288ecf79,8e863510-cd7d-42b3-9f50-49999fad8562
Standing Olympic Plate Hand Squeeze,Standing Banded Row,0.2338,No description available,Strength,Forearms,back,Other,Beginner,,https://fitnessprogramer.com/wp-content/uploads/2022/05/Straight_Back-back-standing-row.gif,0dfa8379-a58f-4699-83a7-2736bc5eff8a,c365a5eb-b63c-4d47-a649-9cf1df777249
Plate Pinch,Plate Loaded Seated Row,0.2854,No description available,Strength,Forearms,back,Other,Beginner,,https://fitnessprogramer.com/wp-content/uploads/2022/02/Plate-Loaded-Seated-Row.gif,a73d86fe-e34c-44e7-8414-a5377afc8a00,3baa8ae6-c82b-47bf-b14c-928fa7aeafc2
Landmine Press and Catch,Landmine Squat to Press,0.674,"The single-arm linear jammer is an explosive pressing movement performed using an angled barbell anchored at floor level in a landmine device. It can also be performed by sticking a barbell in the corner of a room, preferably in a towel to protect the walls. The linear jammer involves pressing the weight into the air, then catching it with the other hand. The movement focuses primarily on the muscles of the shoulders or deltoids. It can be trained in traditional muscle and strength-focused rep ranges, for lower reps with a focus on explosive pressing power, or for higher reps.",Strength,Forearms,full-body,Other,Intermediate,,https://fitnessprogramer.com/wp-content/uploads/2021/04/Landmine-Press.gif,54dc60d8-0024-43d3-be4d-504c0af53f7f,25600b09-9cde-45e7-9a91-bb198174d5ed
Plate halo,Plate Loaded Seated Row,0.3021,The plate halo is an exercise targeting the shoulder complex. It's usually performed as part of a dynamic warm-up prior to an upper-body workout.,Strength,Forearms,back,Other,Intermediate,,https://fitnessprogramer.com/wp-content/uploads/2022/02/Plate-Loaded-Seated-Row.gif,a72b813a-97b9-4522-9762-2371ecbace06,3baa8ae6-c82b-47bf-b14c-928fa7aeafc2
Bryant Wrist Curl,Dumbbell Wrist Curl,0.4892,No description available,Strength,Forearms,forearm,Other,Intermediate,,https://fitnessprogramer.com/wp-content/uploads/2021/06/Dumbbell-Wrist-Curl.gif,0db99f2a-9b2e-40f1-9a68-d07cf97f32b4,6fa9027f-768c-455b-bc1b-980aee6c56e3
Seated Two-Arm Palms-Up Low-Pulley Wrist Curl,Dumbbell Wrist Curl,0.4142,No description available,Strength,Forearms,forearm,Cable,Beginner,,https://fitnessprogramer.com/wp-content/uploads/2021/06/Dumbbell-Wrist-Curl.gif,c6cd8eab-a486-41e0-aa34-145badc9d616,6fa9027f-768c-455b-bc1b-980aee6c56e3
Kneeling Forearm Stretch,Forearm Push-up,0.6514,No description available,Stretching,Forearms,chest,Bodyweight,Beginner,,https://fitnessprogramer.com/wp-content/uploads/2022/02/Forearm-Push-up.gif,de66abe3-f417-4282-bd71-ebddd8ea58a7,6853fc1a-889e-46e6-820d-49e635f4c3f8
Hip Extension with Bands,Triceps Extension with Resistance Bands,0.597,No description available,Strength,Glutes,triceps,Bands,Beginner,,https://fitnessprogramer.com/wp-content/uploads/2022/07/Triceps-Extension-with-Resistance-Bands.gif,c0b368b4-79b4-49cc-9b90-54f1efd9a9f2,b2b9b570-d3d5-4266-a693-518d55bcea43
Hip Lift with Band,Plank With Arm And Leg Lift,0.5449,No description available,Powerlifting,Glutes,abs,Bands,Beginner,,https://fitnessprogramer.com/wp-content/uploads/2021/04/Plank-with-Arm-and-Leg-Lift.gif,d23425db-90a8-4afc-92dd-4107809c218d,8ad4c9bb-cc97-45c1-99fc-e30da52fafb6
HM Monster Walk,Banded Walk,0.3287,No description available,Strength,Glutes,leg,Bands,Intermediate,,https://fitnessprogramer.com/wp-content/uploads/2022/02/Banded-Walk.gif,121e6f3e-ab3d-40ab-86bf-ac4ee0c120a0,f7e8fd4a-aecd-48cc-83d4-a8bea534520b
UNS Banded Glute Bridge,Banded Lunge,0.3699,No description available,Strength,Glutes,leg,Bands,Intermediate,,https://fitnessprogramer.com/wp-content/uploads/2022/10/Banded-Lunge.gif,cf58810c-7ab8-4299-8246-e9ee2a91b0de,6d6e5117-f9ab-4d58-b2a1-922caeea8669
FYR2 Banded Glute Bridge,Banded Lunge,0.3733,No description available,Strength,Glutes,leg,Bands,Intermediate,,https://fitnessprogramer.com/wp-content/uploads/2022/10/Banded-Lunge.gif,192ec4c2-f9ab-4392-b410-45a300eb3fc4,6d6e5117-f9ab-4d58-b2a1-922caeea8669
Barbell glute bridge,Side Bridge Hip Abduction,0.3981,"The barbell glute bridge is a popular exercise targeting the muscles of the glutes and hamstrings. It can be done as a strength movement on its own, as an activation drill or warm-up for lower-body training, or as a burnout at the end of a lower-body workout.",Powerlifting,Glutes,abs,Barbell,Intermediate,,https://fitnessprogramer.com/wp-content/uploads/2022/02/Side-Bridge-Hip-Abduction.gif,f1750b86-10be-45e3-ae56-c184eab46430,e756a8e5-2a51-48b0-a2a7-e9570ee89bf7
UN Rear Foot Elevated Split Squat,Split Jump Squat,0.4658,No description available,Strength,Glutes,cardio,Barbell,Intermediate,,https://fitnessprogramer.com/wp-content/uploads/2021/05/Split-Squat.gif,be99729b-849d-4d81-a9c3-cebfad632bcb,1035332e-76b7-4da0-a715-6f4b4c0a90b4
Taylor Kettlebell Swing,One Arm Kettlebell Swing,0.6312,No description available,Strength,Glutes,full-body,Kettlebells,Intermediate,,https://fitnessprogramer.com/wp-content/uploads/2022/07/One-Arm-Kettlebell-Swing.gif,10af47f3-b5c9-47a1-b522-2d71c72172ba,49862e3f-6ea5-4b66-9c54-984cd1f11b7c
UN Goblet Squat,Banded Kettlebell Goblet Squat,0.6574,No description available,Strength,Glutes,leg,Kettlebells,Intermediate,,https://fitnessprogramer.com/wp-content/uploads/2022/10/Banded-Kettlebell-Goblet-Squat.gif,db493681-1ac3-4f6f-bbef-f59677a34524,f3e02379-68e9-49d4-88aa-1dd487b6f676
Single-arm triceps kick-back,Cable Tricep Kickback,0.5097,"The single-arm triceps kick-back is a popular movement to increase size and strength of the triceps. It is usually performed for moderate to high reps, at least 8-12 reps, as part of an upper-body or arm-focused workout.",Strength,Glutes,triceps,Dumbbell,Intermediate,,https://fitnessprogramer.com/wp-content/uploads/2021/02/Cable-Tricep-Kickback.gif,98910ce3-d2fa-4e55-a30a-53b1ce55fb78,20ae6935-5061-41e9-b3a4-061fbb22ea21
Holman Lateral High Knees to Quad Touch Jump,High Knee Squat,0.3915,No description available,Strength,Glutes,leg,Dumbbell,Intermediate,,https://fitnessprogramer.com/wp-content/uploads/2021/11/High-Knee-Squat.gif,27f6f5d9-aed6-4649-af5b-580c8164b481,e8184c36-3b8b-49dc-b23b-ad26c51d3830
FYR2 Dumbbell Hip Thrust,Barbell Thruster,0.4128,No description available,Strength,Glutes,shoulders,Dumbbell,Intermediate,,https://fitnessprogramer.com/wp-content/uploads/2022/10/thruster.gif,4b10d4f4-42d1-4897-8505-a2829a9ad3cd,b70eac51-1723-41ea-a555-a09190ed7c0d
FYR2 Glute Bridge Dumbbell Floor Press,Dumbbell Z Press,0.3723,No description available,Strength,Glutes,shoulders,Dumbbell,Intermediate,,https://fitnessprogramer.com/wp-content/uploads/2022/12/Dumbbell-Z-Press.gif,3c6acd53-f06a-428d-93d5-e28b1dcc164d,5ae2f6ba-b82c-41c2-bb30-075a1ce5efde
Suspended Hip Thrust,Barbell Thruster,0.302,No description available,Strength,Glutes,shoulders,Other,Beginner,,https://fitnessprogramer.com/wp-content/uploads/2022/10/thruster.gif,210a7e57-6123-41da-871f-f50358809eaf,b70eac51-1723-41ea-a555-a09190ed7c0d
Single-leg cable hip extension,Cable Lying Triceps Extension,0.572,"The single-leg cable hip extension is an isolation exercise that targets the glutes, specifically the gluteus maximus. It is a common burnout movement on a lower-body focused day and is usually performed for moderate to high reps, such as 8-12 reps per set or more.",Strength,Glutes,triceps,Cable,Intermediate,,https://fitnessprogramer.com/wp-content/uploads/2022/02/Cable-Lying-Triceps-Extension.gif,c5c8656b-838f-4348-8ba1-5ee801be2299,4e26d69e-8a1c-4c9d-a906-5e0708095173
Cable rope pull-through deadlift,Dumbbell Pull Through,0.6146,The cable rope pull-through deadlift is an exercise targeting the glutes and hamstrings using a proper hip-hinging motion.,Strength,Glutes,leg,Cable,Intermediate,,https://fitnessprogramer.com/wp-content/uploads/2022/10/Dumbbell-Pull-Through.gif,e7be38de-a640-44a7-89da-d10e3eeb0d30,6f11ebfc-6925-40ba-9a49-9018351b7d48
30 Legs Glute-Ham Raise,Leg Raise,0.3948,No description available,Strength,Glutes,abs,Machine,Intermediate,,https://fitnessprogramer.com/wp-content/uploads/2021/02/Lying-Leg-Raise.gif,0195b799-07d5-4fa0-ae79-b742e3e6fb7b,bff4d679-b3c5-4783-9e62-63a65baafa42
Single-leg glute bridge,Side Bridge Hip Abduction,0.3919,"The single-leg glute bridge is a lower-body exercise that targets the glutes, lower back, and hamstrings. It is performed one side at a time.",Strength,Glutes,abs,Body Only,Intermediate,,https://fitnessprogramer.com/wp-content/uploads/2022/02/Side-Bridge-Hip-Abduction.gif,9c2eceaf-3b86-4b95-9bf8-6c7528a9d455,e756a8e5-2a51-48b0-a2a7-e9570ee89bf7
Glute Kickback,Bent Over Kickback,0.6707,No description available,Strength,Glutes,triceps,Body Only,Beginner,,https://fitnessprogramer.com/wp-content/uploads/2021/02/Bent-Over-Triceps-Kickback.gif,f18807ad-05c2-4247-8a3a-d226a8a3db80,6ecd3af9-83e2-41a8-9d25-b244937ce3b7
Standing hip extension,Standing Leg Extension With Resistance Band,0.6197,The standing hip extension is a movement that activates the glutes and hamstrings. It is often performed either for time or reps as part of a dynamic warm-up.,Strength,Glutes,leg,Body Only,Beginner,,https://fitnessprogramer.com/wp-content/uploads/2022/05/Standing-leg-extension.gif,f6c76b8f-858e-461e-80ea-4cf3c4205884,d8c36395-fc71-4718-ae34-2f8933b0fded
Knee Across The Body,Cross Body Push-up,0.5243,No description available,Stretching,Glutes,full-body,Body Only,Intermediate,,https://fitnessprogramer.com/wp-content/uploads/2022/02/Cross-Body-Push-up_Plyometric.gif,9fac7888-4f99-48fb-aa76-e99b169ead51,bc4c077f-0fd8-42c4-b9e6-dbfabf81d8ec
Seated Glute,Seated Side Crunch,0.3573,No description available,Stretching,Glutes,abs,Body Only,Beginner,,https://fitnessprogramer.com/wp-content/uploads/2021/05/Seated-Side-Crunches.gif,6e0e0ff1-9590-4113-89f7-816ac295e9ae,57cf5497-e455-4796-93d9-b07d28cbabbf
Lying Glute,Lying Cable Fly,0.3928,No description available,Stretching,Glutes,chest,Body Only,Beginner,,https://fitnessprogramer.com/wp-content/uploads/2021/06/Lying-Cable-Fly.gif,8bdda4a7-26ab-467f-b2ed-ecacb8f59bb5,1757fa21-1711-4e90-a711-5055d9a7e7d0
Seated Glute Stretch,Seated Chest Stretch,0.6182,No description available,Stretching,Glutes,chest,Body Only,Beginner,,https://fitnessprogramer.com/wp-content/uploads/2022/02/Seated-Chest-Stretch.gif,98216643-07c1-46e3-9eeb-ce2454b9e052,e8771692-b60b-4438-95a3-4e1c3b35b7c9
Neck Bridge Supine,Supine Spinal Twist,0.3863,No description available,Strength,Glutes,back,Body Only,Beginner,,https://fitnessprogramer.com/wp-content/uploads/2022/12/Supine-Spinal-Twist.gif,e9c97967-d999-432f-9176-e185daa933ce,7c5bf019-7b88-4313-8a34-f346668c1d93
Walking Glute Stretch,Briskly Walking,0.3553,No description available,Strength,Glutes,cardio,Body Only,Intermediate,,https://fitnessprogramer.com/wp-content/uploads/2021/09/Briskly-Walking.gif,3d6f7715-d0f0-47ae-b4f7-23c4785fa8c1,ad286116-a237-4249-b1a5-dec3f0ad2180
Lunge kick,Side Lunge,0.554,"The lunge kick is a lower-body, cardio-based exercise performed at a high intensity. It includes a kick of the front leg to make the movement more powerful. It can be performed either for time or reps and is a great inclusion in a fat-loss or athleticism-focused circuit workout.",Strength,Glutes,leg,Body Only,Intermediate,,https://fitnessprogramer.com/wp-content/uploads/2021/05/Side-Lunge-Stretch.gif,4920f193-717d-4850-b067-1e801a182383,3eb59696-2e13-40df-9181-556addf0e6b7
Alternating standing glute stretch,Standing Triceps Stretch,0.5354,"The alternating standing glute stretch focuses on improving lower-body mobility and flexibility, particularly in the hips and glutes. It involves performing a partial squat in a ""figure 4"" position. It can be performed as part of a lower-body warm-up or done post-workout to help combat tightness and soreness.",Stretching,Glutes,triceps,Body Only,Intermediate,,https://fitnessprogramer.com/wp-content/uploads/2022/02/Triceps-Stretch.gif,8be30411-9cb3-43b3-8e1c-ffa3a0df91df,c23ba636-b2fa-4bc2-823c-36cb67605aed
Side-lying leg lift,Plank Leg Lift,0.5198,"The side-lying leg lift is a bodyweight exercise targeting the muscles of the hips and glutes. It can be a worthy addition to a dynamic warm-up on a lower-body or strength-focused training day, a component of a lower-body circuit or workout, or a glute activation drill to do anytime. Generally, leg lifts are done for high reps, such as 8-15 reps per leg or more.",Strength,Glutes,abs,Body Only,Intermediate,,https://fitnessprogramer.com/wp-content/uploads/2021/02/Plank-Leg-Lift.gif,16d7b125-44a6-47cd-b345-53df7bc72ed2,15199dde-d1fe-43d4-8f35-fb1cde80c774
FYR Progressive High Knee,High Knee Squat,0.3582,"High knees is a full-body, cardio-based exercise with an emphasis on the lower body. It is often performed for reps or time as part of a dynamic warm-up.",Strength,Glutes,leg,Body Only,Intermediate,,https://fitnessprogramer.com/wp-content/uploads/2021/11/High-Knee-Squat.gif,3f28ee0e-5d38-479d-b0b4-6cac56b77089,e8184c36-3b8b-49dc-b23b-ad26c51d3830
Glute-Ham Raise - Gethin Variation,Leg Raise,0.3209,The glute ham raise is an exercise targeting the glutes and hamstrings on a GHD.,Strength,Glutes,abs,Body Only,Intermediate,,https://fitnessprogramer.com/wp-content/uploads/2021/02/Lying-Leg-Raise.gif,12cdee66-5bff-49f0-907c-609eff3d9d0f,bff4d679-b3c5-4783-9e62-63a65baafa42
Lunge glute stretch,Side Lunge,0.3726,"The lunge glute stretch is a lower-body stretch targeting the glutes, hips, and piriformis. It is influenced by the pigeon pose from yoga, but is performed with straight arms. It can be part of a dynamic warm-up or mobility work performed anytime.",Stretching,Glutes,leg,Body Only,Intermediate,,https://fitnessprogramer.com/wp-content/uploads/2021/05/Side-Lunge-Stretch.gif,c8326169-ae18-42b6-9224-2ba14ccc0743,3eb59696-2e13-40df-9181-556addf0e6b7
Natural Glute Ham Raise - Gethin Variation,Leg Raise,0.235,The glute ham raise is an exercise targeting the glutes and hamstrings on a GHD.,Strength,Glutes,abs,Body Only,Intermediate,,https://fitnessprogramer.com/wp-content/uploads/2021/02/Lying-Leg-Raise.gif,a2cb52e2-b63a-4917-a12b-e0c47d5bb2b5,bff4d679-b3c5-4783-9e62-63a65baafa42
Groiner,Inner Chest Press Machine,0.0876,"The groiner is an explosive bodyweight exercise targeting the legs, shoulders, and core. It also includes a dynamic stretch of the hips. It can be performed for time or reps in any fat-loss or athleticism-focused circuit or workout.",Strength,Glutes,chest,Body Only,Intermediate,,https://fitnessprogramer.com/wp-content/uploads/2021/06/Inner-Chest-Press-Machine.gif,4e20068c-049f-44b1-86fd-758e0b4b77ff,c08c6952-4957-4157-8cea-92a66c541e9a
HM Alternating Donkey Kick,Lever Donkey Calf Raise,0.4544,No description available,Strength,Glutes,calf,Body Only,Intermediate,,https://fitnessprogramer.com/wp-content/uploads/2021/09/Lever-Donkey-Calf-Raise.gif,a08c91aa-68f2-4219-aa5b-062a83bca84c,973fb2fc-aded-4d05-9958-df8963fa3faf
HM Alternating Slow Step-Down With Chair,Band Alternating Low Row with Twist,0.466,No description available,Strength,Glutes,back,Body Only,Intermediate,,https://fitnessprogramer.com/wp-content/uploads/2022/02/Band-Alternating-Low-Row-with-Twist.gif,e8d98087-0329-4cc6-9b4b-1a97f11b1017,b8f9d090-db14-4040-b418-530712f47504
HM Single-Leg Bridge,Side Bridge Hip Abduction,0.4607,No description available,Strength,Glutes,abs,Body Only,Intermediate,,https://fitnessprogramer.com/wp-content/uploads/2022/02/Side-Bridge-Hip-Abduction.gif,3ecedfc9-5232-40a1-a3f2-4bf901da54c2,e756a8e5-2a51-48b0-a2a7-e9570ee89bf7
HM Hi-Low,Low Cable Crossover,0.2528,No description available,Strength,Glutes,chest,Body Only,Intermediate,,https://fitnessprogramer.com/wp-content/uploads/2021/02/Low-Cable-Crossover.gif,a838a231-5e82-40a9-8fb1-e34d5ab8d333,b1c7030b-66ca-4e24-93d7-c1cae6398dfb
HM Kick-Back,Butt Kicks,0.4125,No description available,Strength,Glutes,cardio,Body Only,Intermediate,,https://fitnessprogramer.com/wp-content/uploads/2021/10/Butt-Kicks.gif,45bf518d-bbee-47db-b6f4-3ced944c925f,092ae57a-9e86-4cf6-877e-6f55b0a9fc46
HM Left Side-Kick,Heel Touch Side Kick Squat,0.4023,No description available,Strength,Glutes,leg,Body Only,Intermediate,,https://fitnessprogramer.com/wp-content/uploads/2022/12/Heel-Touch-Side-Kick-Squat.gif,f895e3bc-0c28-4f6a-9f2d-cb3cedb5ad90,8ef3ab15-7c70-433e-8a21-b2da4e980941
High Plyometric Box Jump,Zig Zag Hops Plyometric,0.5668,No description available,Strength,Glutes,leg,Body Only,Intermediate,,https://fitnessprogramer.com/wp-content/uploads/2021/05/Zig-Zag-Hops-Plyometric.gif,71170297-b7bc-49ed-88b6-ec59a95a9c6e,f50323f4-bfd7-433e-b92d-1c55c4e2ef02
UN Glute Bridge,Side Bridge Hip Abduction,0.4191,No description available,Strength,Glutes,abs,Body Only,Intermediate,,https://fitnessprogramer.com/wp-content/uploads/2022/02/Side-Bridge-Hip-Abduction.gif,e6f9e750-ac4d-459a-8733-91c1ed5df8d3,e756a8e5-2a51-48b0-a2a7-e9570ee89bf7
Holman Donkey Kick,Lever Donkey Calf Raise,0.5458,No description available,Strength,Glutes,calf,Body Only,Intermediate,,https://fitnessprogramer.com/wp-content/uploads/2021/09/Lever-Donkey-Calf-Raise.gif,ed55a8e6-06c7-440d-a3c1-46d868c54d7b,973fb2fc-aded-4d05-9958-df8963fa3faf
Holman Hip Raise with Alternating Kick,Band Alternating Low Row with Twist,0.4972,No description available,Strength,Glutes,back,Body Only,Intermediate,,https://fitnessprogramer.com/wp-content/uploads/2022/02/Band-Alternating-Low-Row-with-Twist.gif,2f4abc05-f3a5-42ec-b80f-913645d46122,b8f9d090-db14-4040-b418-530712f47504
Holman Left Leg Donkey Kick,Single Leg Donkey Calf Raise,0.5335,No description available,Strength,Glutes,calf,Body Only,Intermediate,,https://fitnessprogramer.com/wp-content/uploads/2022/10/Single-Leg-Donkey-Calf-Raise.gif,558277ad-8e12-4134-b1ac-23a4e11f6527,0392d7dc-daa8-4999-bab5-d320e49cde98
Holman Diagonal Right Leg Step-Out to Right Knee-Up,Diagonal Neck Stretch,0.4207,No description available,Strength,Glutes,neck,Body Only,Intermediate,,https://fitnessprogramer.com/wp-content/uploads/2021/07/Diagonal-Neck-Stretch-360x360.png,311995a8-1bb9-4cda-894f-7b742723bee0,5ac027b6-d24d-455f-b331-c33688b01940
Holman Right Leg Donkey Kick,Single Leg Donkey Calf Raise,0.5273,No description available,Strength,Glutes,calf,Body Only,Intermediate,,https://fitnessprogramer.com/wp-content/uploads/2022/10/Single-Leg-Donkey-Calf-Raise.gif,d1351630-8d3b-4447-bde7-a1bd17ad94c6,0392d7dc-daa8-4999-bab5-d320e49cde98
Holman Butt Tap to Jump,Butt Kicks,0.5286,No description available,Strength,Glutes,cardio,Body Only,Intermediate,,https://fitnessprogramer.com/wp-content/uploads/2021/10/Butt-Kicks.gif,fa0fcb2b-ac79-42bf-a320-2fdb0418b1b9,092ae57a-9e86-4cf6-877e-6f55b0a9fc46
Holman Butt Tap to Jump-Forward-Jump-Back,Backward Jump,0.4288,No description available,Strength,Glutes,leg,Body Only,Intermediate,,https://fitnessprogramer.com/wp-content/uploads/2021/05/Backward-Jumping.gif,59d0fc3f-eb02-4b99-a720-db70e258c0ad,e64e36a9-7c46-4f49-99a7-1b181d7e02f1
Holman Traveling High Knees to Squat Thrust,High Knee Squat,0.5074,No description available,Strength,Glutes,leg,Body Only,Intermediate,,https://fitnessprogramer.com/wp-content/uploads/2021/11/High-Knee-Squat.gif,bb436987-ea40-4ef3-8ba8-30076a9c305b,e8184c36-3b8b-49dc-b23b-ad26c51d3830
Holman Butt Kicker to High Knees,Butt Kicks,0.5533,No description available,Strength,Glutes,cardio,Body Only,Intermediate,,https://fitnessprogramer.com/wp-content/uploads/2021/10/Butt-Kicks.gif,2c6e7969-49c1-4704-84f8-e679c8c7c831,092ae57a-9e86-4cf6-877e-6f55b0a9fc46
Holman Daisy Cutter,Curtsy Squat,0.0497,No description available,Strength,Glutes,leg,Body Only,Intermediate,,https://fitnessprogramer.com/wp-content/uploads/2021/05/Curtsey-Squat.gif,79472c4f-fa43-4a8b-9390-eec260aea900,d1c2a015-10a4-4086-91fa-0da9a08b8f43
Holman Frogger,Frog Pose,0.2415,No description available,Strength,Glutes,leg,Body Only,Intermediate,,https://fitnessprogramer.com/wp-content/uploads/2022/12/Frog-Pose-mandukasana.gif,b2f13a42-7848-4b7d-bac6-d6fb7a80832a,dcdd8da9-2410-4046-947d-51392f1ce878
Holman Hip Raise with Chest Press,Lever Chest Press,0.4617,No description available,Strength,Glutes,chest,Body Only,Intermediate,,https://fitnessprogramer.com/wp-content/uploads/2021/06/Lever-Chest-Press.gif,0a175b3f-ae56-45ee-91e9-7501682092fa,c0123679-27ae-42ae-8195-6360225763ae
Total Fitness Bear Crawl,Weighted Neck Harness Extension,0.0814,"The bear crawl is a popular bodyweight crawling exercise. While it looks simple, the bear crawl is an intense full-body movement that targets the cardiovascular system as well as a wide range of muscle groups, the shoulders, core, and legs in particular. It can be done as a full-body warm-up, in short bursts for power or circuit training, or for longer durations as cardiovascular conditioning.",Strength,Glutes,neck,Body Only,Intermediate,,https://fitnessprogramer.com/wp-content/uploads/2022/02/Weighted-Neck-Harness-Extension.gif,72ef6021-fa42-4855-b908-bf4bb80286d4,97daf8fa-19b0-44e4-bcee-7a9ca239094f
Pigeon stretch,Wrist Stretch,0.3249,"The pigeon stretch is a lower-body stretch targeting the glutes, hips, and piriformis. It is similar to the pigeon pose from yoga, but is also popular as part of dynamic warm-ups or cool-downs in strength training. It can also be performed anytime to help combat training-related soreness.",Strength,Glutes,forearm,Body Only,Intermediate,,https://fitnessprogramer.com/wp-content/uploads/2023/03/Wrist-Stretch.gif,2c73d7af-3eeb-4f80-ae51-1f062bfbbd5d,cc03cfaa-2c2d-4b31-b064-02fd10010250
Levitating side kick-through,Dumbbell Pull Through,0.4285,"The levitating side kick-through is a full-body movement that starts in a bear crawl position and ends with a leg kicked out to the side. In between reps, you kick into the air in a partial handstand. It is commonly performed for reps or time in bodyweight circuits and animal-style flows, but can also work on its own or as part of a dynamic warm-up or mobility sequence.",Strength,Glutes,leg,Body Only,Intermediate,,https://fitnessprogramer.com/wp-content/uploads/2022/10/Dumbbell-Pull-Through.gif,017217c2-66da-45e7-b2dd-9ef513948fb1,6f11ebfc-6925-40ba-9a49-9018351b7d48
30 Legs Hip Thrust,Barbell Thruster,0.3818,No description available,Strength,Glutes,shoulders,Body Only,Intermediate,,https://fitnessprogramer.com/wp-content/uploads/2022/10/thruster.gif,3cfc4afe-1561-4c73-920c-2fa49d80db6e,b70eac51-1723-41ea-a555-a09190ed7c0d
Medicine ball duck walk,Medicine Ball Push-Up,0.6609,"The medicine ball duck walk is a dynamic medicine ball movement that challenges both the upper and lower body, while also elevating the heart rate. It's a great movement to include in medicine ball or bodyweight circuit training to increase fatigue and burn serious calories while hammering the muscles of the legs.",Strength,Glutes,triceps,Medicine Ball,Intermediate,,https://fitnessprogramer.com/wp-content/uploads/2022/08/Medicine-Ball-Push-Up.gif,ffddb1ae-102f-4263-a658-dca8abb246b5,14d97bf8-6a88-4499-93b6-517de2bc984a
Exercise ball hip thrust,Barbell Thruster,0.4399,"The exercise ball hip thrust is a simple yet effective way to work the glutes and hamstrings. Proper form is essential to really feel the burn in the glutes, and the ball can help guide you into the right form better than a bench, which is the usual support for hip thrusts. Unlike the bench version, the ball hip thrust is best performed with body weight or bands as resistance for safety reasons. It can be an excellent component of a warm-up for lower-body training, or a glute activation drill performed anytime.",Strength,Glutes,shoulders,Exercise Ball,Intermediate,,https://fitnessprogramer.com/wp-content/uploads/2022/10/thruster.gif,189d1392-46f5-48a7-beb6-bba9db9c2bb5,b70eac51-1723-41ea-a555-a09190ed7c0d
Downward Facing Balance,Step Up Single Leg Balance with Bicep Curl,0.3364,No description available,Strength,Glutes,leg,Exercise Ball,Beginner,,https://fitnessprogramer.com/wp-content/uploads/2021/06/Step-Up-Single-Leg-Balance-with-Bicep-Curl.gif,c51c8ac7-168f-454b-b3bf-3bad451a0dca,b4d5896e-1f11-4de7-a5ab-3339df66f39b
Hamstring-SMR,Foam Roller Hamstrings,0.5883,No description available,Stretching,Hamstrings,leg,Foam Roll,Beginner,,https://fitnessprogramer.com/wp-content/uploads/2022/02/Foam-Roller-Hamstrings.gif,c8998b0a-a508-4bee-bc85-86ec5e028459,8e2e87f0-81b2-45b1-8b48-cd56c07667b3
Clean Deadlift,Lever Deadlift,0.6008,No description available,Olympic Weightlifting,Hamstrings,leg,Barbell,Beginner,,https://fitnessprogramer.com/wp-content/uploads/2021/05/Lever-Deadlift.gif,09d09b71-7fdb-4435-8db1-1ff33c89c8dc,6eeb5fb7-6217-40cb-8f1c-f7fddbb749b6
Romanian Deadlift from Deficit,Lever Deadlift,0.329,No description available,Olympic Weightlifting,Hamstrings,leg,Barbell,Beginner,,https://fitnessprogramer.com/wp-content/uploads/2021/05/Lever-Deadlift.gif,e2e790aa-c94e-4fab-ab0d-f302f61843aa,6eeb5fb7-6217-40cb-8f1c-f7fddbb749b6
Power Snatch,Power Lunge,0.5745,No description available,Olympic Weightlifting,Hamstrings,leg,Barbell,Beginner,,https://fitnessprogramer.com/wp-content/uploads/2023/09/power-lunge.gif,fc06e089-534b-4601-ae69-fc9f0bee53c4,22f07b63-9fdb-4fc5-b572-32f00b6ec6db
Power Clean from Blocks,Dumbbell Power Clean,0.5811,No description available,Olympic Weightlifting,Hamstrings,full-body,Barbell,Beginner,,https://fitnessprogramer.com/wp-content/uploads/2022/07/Dumbbell-Power-Clean.gif,98bd5c4a-ef0a-4bdd-b6b1-f7c0d063b52f,983d0880-6685-4eaf-9985-1e81e0fe9a91
Snatch Deadlift,Barbell Snatch,0.57,No description available,Olympic Weightlifting,Hamstrings,full-body,Barbell,Beginner,,https://fitnessprogramer.com/wp-content/uploads/2022/02/Barbell-Snatch.gif,420a38fc-d106-48c8-8243-bb5d8f9ce0fc,c91121e8-cfce-4647-9e7a-080b4406f124
Hang Snatch,Barbell Snatch,0.6365,No description available,Olympic Weightlifting,Hamstrings,full-body,Barbell,Beginner,,https://fitnessprogramer.com/wp-content/uploads/2022/02/Barbell-Snatch.gif,707935fa-6cd3-4fd1-b688-93ce714ef7c5,c91121e8-cfce-4647-9e7a-080b4406f124
Wide Stance Stiff Legs,Stiff Leg Deadlift,0.4534,No description available,Olympic Weightlifting,Hamstrings,erector-spinae,Barbell,Beginner,,https://fitnessprogramer.com/wp-content/uploads/2022/01/Stiff-Leg-Deadlift.gif,683df32c-73aa-46bc-8160-9ce8cdd8f9d9,867afdb7-775b-4d46-a38d-692629eabd3b
Clean,Barbell Clean and Press,0.6262,No description available,Olympic Weightlifting,Hamstrings,shoulders,Barbell,Beginner,,https://fitnessprogramer.com/wp-content/uploads/2021/04/Barbell-Clean-and-Press-.gif,d6495285-886b-42e9-b7c0-ba418e6f6d5c,2f3ffb1c-0668-409c-970e-b54f7d7ec2b0
Sumo Deadlift with Chains,Dumbbell Sumo Deadlift,0.669,No description available,Powerlifting,Hamstrings,full-body,Barbell,Beginner,,https://fitnessprogramer.com/wp-content/uploads/2023/09/dumbbell-sumo-deadlift.gif,69b10df2-0024-4f2d-bb08-21a1f57320d3,be02a9bc-b79e-45d9-9255-95f277d64b14
Good Morning off Pins,Smith Machine Good Morning,0.5647,No description available,Powerlifting,Hamstrings,erector-spinae,Barbell,Beginner,,https://fitnessprogramer.com/wp-content/uploads/2021/06/Smith-Machine-Good-Morning.gif,706f67b3-a106-41fb-8acd-3f3eb170112d,e914b27d-eac7-431a-ab89-0b6ca4f4a283
Hanging Bar Good Morning,Smith Machine Good Morning,0.6099,No description available,Powerlifting,Hamstrings,erector-spinae,Barbell,Beginner,,https://fitnessprogramer.com/wp-content/uploads/2021/06/Smith-Machine-Good-Morning.gif,24ea1e01-a89c-4f1b-b53d-82f199a8c04a,e914b27d-eac7-431a-ab89-0b6ca4f4a283
Hang Snatch - Below Knees,Barbell Snatch,0.4486,No description available,Olympic Weightlifting,Hamstrings,full-body,Barbell,Beginner,,https://fitnessprogramer.com/wp-content/uploads/2022/02/Barbell-Snatch.gif,cdd1b1dd-af4f-446c-9d29-0a0e8f5f588d,c91121e8-cfce-4647-9e7a-080b4406f124
Kettlebell pass-through lunge,Dumbbell Pull Through,0.5331,"The kettlebell pass-through lunge is a dynamic leg and core exercise in which a lifter passes a weight under their front leg during lunges. It is a unique coordination challenge, but also challenging to the musculature of the abdomen, lower body, shoulders, and upper back. It is most commonly performed for higher reps, such as 10-15 reps per side, or for time. It can work in circuit-style workouts, or in lower-body or full-body time-efficient training.",Strength,Hamstrings,leg,Kettlebells,Intermediate,,https://fitnessprogramer.com/wp-content/uploads/2022/10/Dumbbell-Pull-Through.gif,9ca1aaf4-196e-4c1d-9135-c48452d6172e,6f11ebfc-6925-40ba-9a49-9018351b7d48
Alternating Hang Clean,Seated Alternating Dumbbell Curl,0.497,No description available,Strength,Hamstrings,biceps,Kettlebells,Beginner,,https://fitnessprogramer.com/wp-content/uploads/2022/06/Seated-dumbbell-alternating-curl.gif,1f514db4-fad3-4759-b963-482bbdd3d8e3,98334714-b20d-4c97-a9d9-e544e51a0c02
One-Arm Open Palm Kettlebell Clean,Kettlebell Clean and Press,0.5526,No description available,Strength,Hamstrings,shoulders,Kettlebells,Beginner,,https://fitnessprogramer.com/wp-content/uploads/2023/06/Kettlebell-Clean-and-Press.gif,2e936ed9-35aa-4de0-b0b8-017c2799baf4,81b02317-719c-41cc-8325-1fd9fa2fd9a5
Open Palm Kettlebell Clean,Kettlebell Clean and Press,0.5883,No description available,Strength,Hamstrings,shoulders,Kettlebells,Beginner,,https://fitnessprogramer.com/wp-content/uploads/2023/06/Kettlebell-Clean-and-Press.gif,c33b7bcf-6b26-49f4-a0c1-56bedf81e27f,81b02317-719c-41cc-8325-1fd9fa2fd9a5
Double Kettlebell Alternating Hang Clean,Kettlebell Clean and Press,0.5226,No description available,Strength,Hamstrings,shoulders,Kettlebells,Beginner,,https://fitnessprogramer.com/wp-content/uploads/2023/06/Kettlebell-Clean-and-Press.gif,6f165643-6d00-4564-8025-38e43d8c84ed,81b02317-719c-41cc-8325-1fd9fa2fd9a5
Vertical Swing,Lateral Leg Swings,0.313,No description available,Plyometrics,Hamstrings,leg,Dumbbell,Beginner,,https://fitnessprogramer.com/wp-content/uploads/2023/06/Lateral-Leg-Swings.gif,f0232f5b-e384-4921-af4c-443e00a49136,fc1d2ce9-4724-4c3e-8137-9479b73ab739
Dumbbell Fix Dumbbell Swing,Dumbbell V-up,0.6518,No description available,Strength,Hamstrings,abs,Dumbbell,Intermediate,,https://fitnessprogramer.com/wp-content/uploads/2021/10/Dumbbell-V-up.gif,bbcf58a7-1054-4d68-873a-359427d7240d,a76d8e2a-9efb-483d-a8f0-f61498c2f4ec
Dumbbell Lying Hamstring Curl,Nordic Hamstring Curl,0.5441,No description available,Strength,Hamstrings,leg,Dumbbell,Intermediate,,https://fitnessprogramer.com/wp-content/uploads/2021/06/Nordic-Hamstring-Curl.gif,4a532508-a4fd-48c2-9f22-c0412772ea34,4025edc5-d412-494a-886a-9cba86621593
Sled push-,Push Press,0.3447,"The sled push is a conditioning exercise that targets the cardiovascular system and the muscles of the lower body. It involves pushing a sled along turf or another flat surface either for time or distance. Depending on your type of equipment, you may be pushing handles or straps in front of the sled. It can be used as part of a dynamic warm-up or for power training, as a finisher, or as part of a conditioning workout or circuit.",Cardio,Hamstrings,shoulders,Other,Beginner,,https://fitnessprogramer.com/wp-content/uploads/2021/02/push-press-1.gif,4693c2e6-c99b-4d80-9b40-4d75991d59ec,6a02c8c4-7276-44bb-84e2-a2036b46e735
Lying Hamstring,Seated Hamstring Stretch,0.6617,No description available,Stretching,Hamstrings,leg,Other,Beginner,,https://fitnessprogramer.com/wp-content/uploads/2021/05/Seated-Hamstring-Stretch.gif,ee462c6b-594f-4cfe-a8a0-34614d8142a4,2b6e30ee-11f9-4e22-b4cc-c640873f72cc
Chair Leg Extended Stretch,Plank Jacks / Extended Leg,0.5529,No description available,Stretching,Hamstrings,abs,Other,Beginner,,https://fitnessprogramer.com/wp-content/uploads/2015/06/Plank-Jacks-Extended-Leg.gif,16e707c4-92ba-45ce-ad22-10b675bed29f,78f33a0a-6479-4c07-8147-93774a0915f7
Suspended Leg Curl,Banded Leg Curl,0.4681,No description available,Strength,Hamstrings,leg,Other,Beginner,,https://fitnessprogramer.com/wp-content/uploads/2022/10/Banded-Leg-Curl.gif,3f0d6ddd-8d5d-40e9-a0cf-6f28f5841696,3d57c3ea-e3b0-4e30-b7a6-0a26ed859c6e
Box Skip,High Knee Skips,0.5766,No description available,Plyometrics,Hamstrings,abs,Other,Beginner,,https://fitnessprogramer.com/wp-content/uploads/2021/02/High-Knee-Skips_Cardio.gif,397ee941-8fc5-4cc0-b763-5e971642079f,065e0c52-b937-4143-9afb-c5dbe30751f0
Power Stairs,Power Lunge,0.5692,No description available,Strongman,Hamstrings,leg,Other,Beginner,,https://fitnessprogramer.com/wp-content/uploads/2023/09/power-lunge.gif,73561cd6-f565-4d70-b989-b409a7157daa,22f07b63-9fdb-4fc5-b572-32f00b6ec6db
Hamstring slide,Foam Roller Hamstrings,0.5355,"The hamstring slide is a bodyweight exercise targeting the hamstrings. Lying supine on a smooth surface, bend your knees to pull both heels toward you. The sliding action requires a pad, cloth, or furniture sliders under the heels. These are considered more difficult than exercise ball hamstring curls and are a great primer movement before heavy squats or deadlifts, or as an accessory movement later in a lower-body workout.",Strength,Hamstrings,leg,Other,Beginner,,https://fitnessprogramer.com/wp-content/uploads/2022/02/Foam-Roller-Hamstrings.gif,d5882b3c-3fad-427a-b885-8a96790df371,8e2e87f0-81b2-45b1-8b48-cd56c07667b3
Seated Band Hamstring Curl,Nordic Hamstring Curl,0.5482,No description available,Strength,Hamstrings,leg,Other,Intermediate,,https://fitnessprogramer.com/wp-content/uploads/2021/06/Nordic-Hamstring-Curl.gif,7a1cdf0c-80a2-4032-94d3-3fe5325aead8,4025edc5-d412-494a-886a-9cba86621593
Standing cable leg curl,Cable Curl,0.6367,"The standing cable leg curl is an isolation exercise for the hamstrings. It is often used as a variation of leg curl machines and for working each side independently. It is usually performed for moderate to high reps, at least 8-12 reps per set, as part of lower-body training.",Strength,Hamstrings,biceps,Cable,Intermediate,,https://fitnessprogramer.com/wp-content/uploads/2021/02/cable-curl.gif,b2aec23f-ed62-40c9-ad27-0b0a02b1d60a,d791fbfe-5744-460f-815c-0b1a65d6b842
Smith machine stiff-legged deadlift,Stiff Leg Deadlift,0.6666,"The Smith machine stiff-legged deadlift is a machine-based exercise targeting the muscles of the hamstrings, glutes, and upper back. The Smith machine mimics a barbell but provides more stability. This movement can be programmed like a traditional stiff-legged or Romanian deadlift, in low reps for strength or higher reps for muscle and strength endurance. It is often performed for moderate to high reps, such as 8-12 reps per set or more, as part of a full-body or lower-body workout.",Strength,Hamstrings,erector-spinae,Machine,Beginner,,https://fitnessprogramer.com/wp-content/uploads/2022/01/Stiff-Leg-Deadlift.gif,28bca3f8-b71e-49fa-a4c9-1e844c13625b,867afdb7-775b-4d46-a38d-692629eabd3b
Lying Leg Curl - Gethin Variation,Banded Lying Leg Curl,0.5828,"The lying leg curl is a popular machine-based exercise for the legs, particularly the hamstrings. It is similar to the seated leg curl, but the open hip angle in the lying leg curl may incorporate more glute and calf activation. It is usually performed for moderate to high reps, such as 8-12 reps per set or more, as part of a leg pre-exhaust or as a muscle-building movement for lower-body training.",Strength,Hamstrings,leg,Machine,Intermediate,,https://fitnessprogramer.com/wp-content/uploads/2022/05/Lying-leg-curl.gif,26ec4c09-1388-4f0f-954f-ff1f86501555,4a195fcc-19cc-455a-880f-2ed3e4a8bf73
Paul Carter Leg Extension,Seated Banded Leg Extension,0.431,The leg extension is an isolation exercise for the quads.,Strength,Hamstrings,leg,Machine,Intermediate,,https://fitnessprogramer.com/wp-content/uploads/2022/07/Seated-Banded-Leg-Extension.gif,5ac0aebb-3f34-4669-8078-796f5f7c4ccc,5943caf3-9412-41de-ac94-2cb9938ebf98
Seated Hamstring Curl - Gethin Variation,Nordic Hamstring Curl,0.5133,"The leg curl is a popular machine-based exercise for the legs, particularly the hamstrings. It comes in seated and lying varieties, but the seated leg curl machine is more common in commercial gyms. Leg curl variations are usually performed for moderate to high reps, such as 8-12 reps per set or more, as part of a leg pre-exhaust or as a muscle-building movement for lower-body training.",Strength,Hamstrings,leg,Machine,Intermediate,,https://fitnessprogramer.com/wp-content/uploads/2021/06/Nordic-Hamstring-Curl.gif,192236cc-d956-46ca-a5ab-3090d9e0c4d3,4025edc5-d412-494a-886a-9cba86621593
Single-leg lying leg curl,Lever Single Leg Curl,0.672,"The single-leg lying leg curl is a popular machine-based exercise for the legs, particularly the hamstrings. It is similar to the seated leg curl, but the open hip angle in the lying leg curl may incorporate more glute and calf activation. It is usually performed for moderate to high reps, such as 8-12 reps per set or more, as part of a leg pre-exhaust or as a muscle-building movement for lower-body training. Performing it one leg a time allows you to focus on the mind-muscle connection of each leg and address muscle imbalances.",Strength,Hamstrings,leg,Machine,Intermediate,,https://fitnessprogramer.com/wp-content/uploads/2021/06/Lever-Single-Leg-Curl.gif,65fe1236-7d3c-463b-a398-33af97e80c54,e312a666-db25-4cfa-9ea5-e37aee2e4b4f
Leg Extension - Gethin Variation,Seated Banded Leg Extension,0.5573,The leg extension is an isolation exercise for the quads.,Strength,Hamstrings,leg,Machine,Intermediate,,https://fitnessprogramer.com/wp-content/uploads/2022/07/Seated-Banded-Leg-Extension.gif,dcee16d9-0d70-4961-ad8c-510b17a1a1e3,5943caf3-9412-41de-ac94-2cb9938ebf98
Single-leg leg extension-,Seated Banded Leg Extension,0.5858,"The single-leg leg extension is a popular machine-based exercise for the legs, particularly the quadriceps. It is usually performed for moderate to high reps, such as 8-12 reps per set or more, as part of a leg pre-exhaust or as a muscle-building movement for lower-body training. Performing it one leg a time allows you to focus on the mind-muscle connection of each leg and address muscle imbalances.",Strength,Hamstrings,leg,Machine,Intermediate,,https://fitnessprogramer.com/wp-content/uploads/2022/07/Seated-Banded-Leg-Extension.gif,66ef3f1b-5f8c-4883-a27b-3e06688447d0,5943caf3-9412-41de-ac94-2cb9938ebf98
Lying Hamstring Curls - Gethin Variation,Nordic Hamstring Curl,0.5208,"The lying leg curl is a popular machine-based exercise for the legs, particularly the hamstrings. It is similar to the seated leg curl, but the open hip angle in the lying leg curl may incorporate more glute and calf activation. It is usually performed for moderate to high reps, such as 8-12 reps per set or more, as part of a leg pre-exhaust or as a muscle-building movement for lower-body training.",Strength,Hamstrings,leg,Machine,Intermediate,,https://fitnessprogramer.com/wp-content/uploads/2021/06/Nordic-Hamstring-Curl.gif,90b7a3c1-e315-47bf-b4d5-e65409befd92,4025edc5-d412-494a-886a-9cba86621593
AM Seated Hamstring Curl,Nordic Hamstring Curl,0.5577,"The leg curl is a popular machine-based exercise for the legs, particularly the hamstrings. It comes in seated and lying varieties, but the seated leg curl machine is more common in commercial gyms. Leg curl variations are usually performed for moderate to high reps, such as 8-12 reps per set or more, as part of a leg pre-exhaust or as a muscle-building movement for lower-body training.",Strength,Hamstrings,leg,Machine,Intermediate,,https://fitnessprogramer.com/wp-content/uploads/2021/06/Nordic-Hamstring-Curl.gif,63794e31-9f26-444d-b37c-aaf2b02ec24e,4025edc5-d412-494a-886a-9cba86621593
UP Hamstring Curl,Nordic Hamstring Curl,0.6511,"The lying leg curl is a popular machine-based exercise for the legs, particularly the hamstrings. It is similar to the seated leg curl, but the open hip angle in the lying leg curl may incorporate more glute and calf activation. It is usually performed for moderate to high reps, such as 8-12 reps per set or more, as part of a leg pre-exhaust or as a muscle-building movement for lower-body training.",Strength,Hamstrings,leg,Machine,Intermediate,,https://fitnessprogramer.com/wp-content/uploads/2021/06/Nordic-Hamstring-Curl.gif,f77aa359-007b-4cc4-805d-5b4ac72fbd06,4025edc5-d412-494a-886a-9cba86621593
30 Legs Leg Extension,Seated Banded Leg Extension,0.5661,No description available,Strength,Hamstrings,leg,Machine,Intermediate,,https://fitnessprogramer.com/wp-content/uploads/2022/07/Seated-Banded-Leg-Extension.gif,ec837b3c-c2fc-4ae1-bd82-b84ce7284fe0,5943caf3-9412-41de-ac94-2cb9938ebf98
30 Legs Seated Leg Curl,Seated Bench Leg Pull-in,0.4645,No description available,Strength,Hamstrings,abs,Machine,Intermediate,,https://fitnessprogramer.com/wp-content/uploads/2021/02/Seated-Bench-Leg-Pull-in.gif,c314441e-ef73-4893-a5a0-0dd3f5d240fb,cdbd6415-f592-42c0-8553-cc3eace30789
Natural Glute Ham Raise,Leg Raise,0.2547,The glute ham raise is an exercise targeting the glutes and hamstrings on a GHD.,Strength,Hamstrings,abs,Body Only,Beginner,,https://fitnessprogramer.com/wp-content/uploads/2021/02/Lying-Leg-Raise.gif,40ccaeb2-e8c0-4d71-ab2f-04ecff3db629,bff4d679-b3c5-4783-9e62-63a65baafa42
Standing leg swing,Lever Standing Leg Raise,0.5495,"The standing leg swing is a dynamic stretching exercise that involves moving one leg up in front of you, as if to punt an imaginary football. This is a classic move for warming up the body and stretching the hamstrings.",Stretching,Hamstrings,leg,Body Only,Beginner,,https://fitnessprogramer.com/wp-content/uploads/2021/09/Lever-Standing-Leg-Raise.gif,b3ee2958-0230-4168-8131-5aba4ec2ece7,ad8c7835-90fa-49a3-8ced-18400d2b1d30
Linear Acceleration Wall Drill,5 Dot Drills,0.2895,No description available,Plyometrics,Hamstrings,leg,Body Only,Intermediate,,https://fitnessprogramer.com/wp-content/uploads/2023/12/5-Dot-drills-agility-exercise.gif,af745ac4-e017-4d5e-b103-abeef19f797c,d1679c7f-2913-40aa-9007-fcc7b9df8a58
Moving Claw Series,Clap Push-Up,0.1145,No description available,Plyometrics,Hamstrings,chest,Body Only,Intermediate,,https://fitnessprogramer.com/wp-content/uploads/2021/06/Clap-Push-Up.gif,9717b591-9e4d-4672-b6e9-eae22ebb1f89,1b413405-5d21-4122-bd90-2946d06d06bb
Lying groin stretch with band,Calf Stretch With Rope,0.3921,"The lying groin stretch with band is a simple way to stretch a chronically tight muscle group of the lower body. It is common in stretching and yoga classes but can also be performed individually as part of a warm-up, paired with movements in a workout, or as part of a cool-down or recovery strategy.",Stretching,Hamstrings,calf,Body Only,Intermediate,,https://fitnessprogramer.com/wp-content/uploads/2022/02/Calf-Stretch-with-Rope.gif,06441af4-788e-45dc-b53d-f0bbdd982bdc,c96c7e1a-d204-495a-a4c7-ba4025dacd14
90/90 Hamstring,90/90 Hip Stretch,0.5616,No description available,Stretching,Hamstrings,leg,Body Only,Beginner,,https://fitnessprogramer.com/wp-content/uploads/2022/08/90-90-Hip-Stretch.gif,56d91adc-31e5-457a-a8c0-47912b85be5f,5341f435-6365-454c-b005-d18c758d367d
World's greatest stretch,Seated Chest Stretch,0.3097,"The world's greatest stretch is a popular movement that earned its name because it targets multiple parts of the body, including the hips, shoulders, and thoracic spine, in a single sequence. This makes it a great dynamic warm-up, post-workout stretch, or mobility work you can do anytime.",Stretching,Hamstrings,chest,Body Only,Intermediate,,https://fitnessprogramer.com/wp-content/uploads/2022/02/Seated-Chest-Stretch.gif,a8aa4b3b-9271-4583-b7b1-caaf3bbc5f8a,e8771692-b60b-4438-95a3-4e1c3b35b7c9
Prone Manual Hamstring,Manual Treadmill,0.4374,No description available,Strength,Hamstrings,cardio,Body Only,Intermediate,,https://fitnessprogramer.com/wp-content/uploads/2021/06/Assault-Air-Runner.gif,5e819291-af29-4229-9a95-2809150cd604,6c8956c0-36bb-4ed5-82fc-6d6778ba1d1c
Hurdle Hops,Depth Jump to Hurdle Hop,0.6196,No description available,Plyometrics,Hamstrings,leg,Body Only,Intermediate,,https://fitnessprogramer.com/wp-content/uploads/2023/09/Depth-Jump-to-Hurdle-Hop.gif,a5541d98-abcc-456a-9292-9ce873553aac,6187c20f-a9c0-4d10-9b5d-2524e7b7c82e
Hip Stretch With Twist,Calf Stretch With Rope,0.4893,No description available,Stretching,Hamstrings,calf,Body Only,Beginner,,https://fitnessprogramer.com/wp-content/uploads/2022/02/Calf-Stretch-with-Rope.gif,b9a66f53-cec2-46c7-803c-cd9905bd16e3,c96c7e1a-d204-495a-a4c7-ba4025dacd14
Linear 3-Part Start Technique,Resistance Band Pull Apart,0.1684,No description available,Plyometrics,Hamstrings,trapezius,Body Only,Intermediate,,https://fitnessprogramer.com/wp-content/uploads/2022/12/Resistance-Band-Pull-Apart.gif,b9a0a46e-e57e-4a67-bca1-b24fdffbbb2a,94fec8d9-09e7-43b1-9067-d862f6e489cf
Alternating Leg Swing,Seated Alternating Dumbbell Curl,0.5449,No description available,Stretching,Hamstrings,biceps,Body Only,Beginner,,https://fitnessprogramer.com/wp-content/uploads/2022/06/Seated-dumbbell-alternating-curl.gif,6ad0db4d-716a-4261-8402-2809be5d82e8,98334714-b20d-4c97-a9d9-e544e51a0c02
Single-leg balance and reach,Step Up Single Leg Balance with Bicep Curl,0.6108,The single-leg balance and reach is an exercise that focuses on lower-body strength and stability.,Stretching,Hamstrings,leg,Body Only,Beginner,,https://fitnessprogramer.com/wp-content/uploads/2021/06/Step-Up-Single-Leg-Balance-with-Bicep-Curl.gif,cb017415-60f6-469d-8dcf-8b69d52a0d9b,b4d5896e-1f11-4de7-a5ab-3339df66f39b
High Kick,Dumbbell High Curl,0.441,No description available,Stretching,Hamstrings,biceps,Body Only,Beginner,,https://fitnessprogramer.com/wp-content/uploads/2021/09/Dumbbell-High-Curl.gif,9885d69e-29cd-41c9-99ee-f7c730935554,342b2940-ae42-4db2-b0fa-e39671c4cf6f
Boss Everline 10-Yard Sprints,Sprint,0.4805,No description available,Strength,Hamstrings,cardio,Body Only,Intermediate,,https://fitnessprogramer.com/wp-content/uploads/2023/06/sprint.gif,0021715c-598d-4666-b39f-d6ecd22b33e3,5c9f8dad-5000-428b-99cd-87de9bbef577
HM Alternating Cross Lunge,Seated Alternating Dumbbell Curl,0.4926,No description available,Strength,Hamstrings,biceps,Body Only,Intermediate,,https://fitnessprogramer.com/wp-content/uploads/2022/06/Seated-dumbbell-alternating-curl.gif,1708428a-ebcb-43ca-aa80-0fdfd1c3b907,98334714-b20d-4c97-a9d9-e544e51a0c02
HM Alternating Front Kick,Seated Alternating Dumbbell Curl,0.5069,No description available,Strength,Hamstrings,biceps,Body Only,Intermediate,,https://fitnessprogramer.com/wp-content/uploads/2022/06/Seated-dumbbell-alternating-curl.gif,5d3b09cc-e6f4-43bf-88c9-a00d6c074780,98334714-b20d-4c97-a9d9-e544e51a0c02
HM World's Greatest Stretch,Seated Chest Stretch,0.3056,No description available,Stretching,Hamstrings,chest,Body Only,Intermediate,,https://fitnessprogramer.com/wp-content/uploads/2022/02/Seated-Chest-Stretch.gif,707e474d-6123-4db8-974c-53d2355d5126,e8771692-b60b-4438-95a3-4e1c3b35b7c9
HM Alternating Sprawl Kick-Through,Dumbbell Pull Through,0.4558,No description available,Strength,Hamstrings,leg,Body Only,Intermediate,,https://fitnessprogramer.com/wp-content/uploads/2022/10/Dumbbell-Pull-Through.gif,1dae323e-6f10-4b70-b61c-dbe1cfa68ae4,6f11ebfc-6925-40ba-9a49-9018351b7d48
HM Alternating Step-Back,Seated Alternating Dumbbell Curl,0.517,No description available,Strength,Hamstrings,biceps,Body Only,Intermediate,,https://fitnessprogramer.com/wp-content/uploads/2022/06/Seated-dumbbell-alternating-curl.gif,cbcd87fa-c3ff-42c2-a1e9-607750daa4d6,98334714-b20d-4c97-a9d9-e544e51a0c02
HM Alternating Step-Up With Chair,Band Alternating Low Row with Twist,0.4824,No description available,Strength,Hamstrings,back,Body Only,Intermediate,,https://fitnessprogramer.com/wp-content/uploads/2022/02/Band-Alternating-Low-Row-with-Twist.gif,602f1814-9a30-45ec-a2fd-4df44b735ec8,b8f9d090-db14-4040-b418-530712f47504
HM Right Knee-Up,Right Cross,0.4781,No description available,Strength,Hamstrings,cardio,Body Only,Intermediate,,https://fitnessprogramer.com/wp-content/uploads/2022/08/Right-Cross-Boxing.gif,a6087e5f-930c-4ab1-81c8-257fb3a5e740,72f06398-7971-453e-b797-3f496f5e49d6
HM Low Lunge With External Twist,Band Alternating Low Row with Twist,0.5091,No description available,Strength,Hamstrings,back,Body Only,Intermediate,,https://fitnessprogramer.com/wp-content/uploads/2022/02/Band-Alternating-Low-Row-with-Twist.gif,b0049602-9a12-43a3-8322-a519e7a9cebd,b8f9d090-db14-4040-b418-530712f47504
HM Ninja Crawl,Half Cross Crunch,0.0318,No description available,Strength,Hamstrings,abs,Body Only,Intermediate,,https://fitnessprogramer.com/wp-content/uploads/2022/07/Half-Cross-Crunch.gif,818c0c84-4b43-492a-8517-4e73d3ad9951,a1fe3b75-fd0f-4642-8f44-4ed4322c6fab
HM Pigeon Stretch,Wrist Stretch,0.3174,No description available,Strength,Hamstrings,forearm,Body Only,Intermediate,,https://fitnessprogramer.com/wp-content/uploads/2023/03/Wrist-Stretch.gif,ac9e8c60-4c32-4322-8c96-d742d29e8dcd,cc03cfaa-2c2d-4b31-b064-02fd10010250
Total Fitness Hamstring Slide,Foam Roller Hamstrings,0.3857,"The hamstring slide is a bodyweight exercise targeting the hamstrings. Lying supine on a smooth surface, you bend your knees to pull both heels toward you. The sliding action requires a pad, cloth, or furniture sliders under the heel. These are considered more difficult than exercise ball hamstring curls, and are a great primer movement before heavy squats or deadlifts, or as an accessory movement later in a lower-body workout.",Strength,Hamstrings,leg,Body Only,Intermediate,,https://fitnessprogramer.com/wp-content/uploads/2022/02/Foam-Roller-Hamstrings.gif,0fdbe156-1e7f-4378-b807-64a50a37adb3,8e2e87f0-81b2-45b1-8b48-cd56c07667b3
30 Legs Walking Lunge,Briskly Walking,0.3826,No description available,Strength,Hamstrings,cardio,Body Only,Intermediate,,https://fitnessprogramer.com/wp-content/uploads/2021/09/Briskly-Walking.gif,88ed6aba-9435-4a79-ba33-fb8e44afb61a,ad286116-a237-4249-b1a5-dec3f0ad2180
Upper Back-Leg Grab,Foam Roller Upper Back,0.469,No description available,Stretching,Hamstrings,trapezius,Bodyweight,Beginner,,https://fitnessprogramer.com/wp-content/uploads/2022/02/Foam-Roller-Upper-Back.gif,4b19370c-0783-49ff-b5ba-b001e4fccbb0,746ebca8-3aae-4e2a-99e1-90813d8b4a17
Alternating lunge jump,Seated Alternating Dumbbell Curl,0.5386,"The alternating lunge jump is an explosive bodyweight exercise that targets the lower-body muscles, including the quads, glutes, and hamstrings. It can be performed for time or reps in power training, and is also effective in any fat-loss or athleticism-focused workout.",Stretching,Hamstrings,biceps,Bodyweight,Beginner,,https://fitnessprogramer.com/wp-content/uploads/2022/06/Seated-dumbbell-alternating-curl.gif,57f176a2-b747-453c-a987-3e7d1aca634b,98334714-b20d-4c97-a9d9-e544e51a0c02
Runner's Stretch,Inner Thigh Side Stretch,0.4424,No description available,Stretching,Hamstrings,calf,Bodyweight,Intermediate,,https://fitnessprogramer.com/wp-content/uploads/2021/02/INNER-THIGH-SIDE-STRETCH.gif,ec919208-8f59-49d9-96cf-f63d24ef641d,704beb18-6054-4f36-b298-4ab3afa9804e
Exercise ball leg curl,Leg Curl On Stability Ball,0.5044,"The exercise ball leg curl is an exercise targeting the hamstrings. In particular, it targets the knee flexion function of the hamstrings, as opposed to deadlift variations, which target the other hamstring function, hip flexion. Many lifters opt for this exercise when they don't have access to a lying leg curl machine, but it is worth considering even if you already do machine curls.",Strength,Hamstrings,leg,Exercise Ball,Intermediate,,https://fitnessprogramer.com/wp-content/uploads/2021/08/leg-curl-on-stability-ball.gif,4ee748de-a419-499c-8d80-e3ad75c830f3,b3a4d44a-8c4f-4743-9ed1-39a4386b9aa3
Ball Hamstring Hat Trick,Foam Roller Hamstrings,0.4668,"The exercise ball leg curl is an exercise targeting the hamstrings. In particular, it targets the knee flexion function of the hamstrings, as opposed to deadlift variations, which target the other hamstring function, hip flexion. Many lifters opt for this exercise when they don’t have access to a lying leg curl machine, but it is worth considering even if you already do machine curls.",Strength,Hamstrings,leg,Exercise Ball,Intermediate,,https://fitnessprogramer.com/wp-content/uploads/2022/02/Foam-Roller-Hamstrings.gif,a0fcc6b5-e2c1-4c7f-909b-968e05968793,8e2e87f0-81b2-45b1-8b48-cd56c07667b3
UN Band Assisted Pull-up Pronated,Assisted Chest Dip,0.5023,No description available,Strength,Lats,chest,Bands,Intermediate,,https://fitnessprogramer.com/wp-content/uploads/2021/06/Assisted-Chest-Dip.gif,c3ba41ee-750a-4a51-a27b-e7f734a77684,8aaf3770-c196-4464-8450-d38594003e0c
UN Band Assisted Pull-up Neutral,Assisted Chest Dip,0.4842,No description available,Strength,Lats,chest,Bands,Intermediate,,https://fitnessprogramer.com/wp-content/uploads/2021/06/Assisted-Chest-Dip.gif,a99dd878-68eb-4d6f-854c-cfb5ac1bba50,8aaf3770-c196-4464-8450-d38594003e0c
UN Band Assisted Pull-up Supinated,Assisted Chest Dip,0.4782,No description available,Strength,Lats,chest,Bands,Intermediate,,https://fitnessprogramer.com/wp-content/uploads/2021/06/Assisted-Chest-Dip.gif,050ac705-1374-4ec8-b904-0aa0f690fe0d,8aaf3770-c196-4464-8450-d38594003e0c
FYR2 Monster Band Face-Pull Hold,Face Pull,0.5011,No description available,Strength,Lats,shoulders,Bands,Intermediate,,https://fitnessprogramer.com/wp-content/uploads/2021/02/Face-Pull.gif,f2a6b098-16af-40de-a9ff-701c3d6a5513,149d8fec-f067-4a12-b7fc-7f6402210f82
Single-arm band low row,Single Arm Push-up,0.5344,"The single-arm band low row is a single-arm row variation utilizing a band for resistance that is anchored low. It targets the muscles of the middle back, like the lats (latissimus dorsi) and rhomboids, but also the core. It is usually performed for moderate to high reps, at least 8-15 reps per set, in the later stages of a back or upper-body workout.",Strength,Lats,triceps,Bands,Intermediate,,https://fitnessprogramer.com/wp-content/uploads/2021/09/Single-Arm-Push-up.gif,3288e693-bdc7-41bc-8d66-9e1c8b9edfa8,f38f07ce-2322-41ca-b7f6-c9b26c639508
Latissimus dorsi SMR,Standing Dorsiflexion,0.2392,"Latissimus dorsi self-myofascial release (SMR) is a self-administered soft-tissue treatment for the upper body, usually using a foam roller, lacrosse ball, or other ""trigger point"" massage tool. By applying pressure strategically to the lat muscles of the mid back, some people find they can cause this often painful and tight area to relax or ""release."" Latissimus dorsi SMR is often accompanied by SMR on the pectorals or rhomboids, or by stretches that target the lats.",Stretching,Lats,calf,Foam Roll,Intermediate,,https://fitnessprogramer.com/wp-content/uploads/2022/02/Standing-Dorsiflexion.gif,164a5f43-5a7d-4564-8d95-653f3c6e8b6b,71dead53-e3ef-440d-91ba-e2df98e200e4
Bent-arm barbell pull-over,Barbell Decline Bent Arm Pullover,0.6354,"The bent-arm barbell pull-over was a staple exercise of the ""Golden Era"" of bodybuilding and a favorite of Arnold Schwarzenegger himself. Done properly, the exercise targets the pecs, lats, and serratus anterior muscles. Old-school bodybuilders would perform them with light weights for sets of 20 between sets of heavy 20-rep squats, but pull-overs are more popular today in moderate rep ranges, such as 8-12 reps per set, as part of an upper-body workout.",Strength,Lats,back,Barbell,Intermediate,,https://fitnessprogramer.com/wp-content/uploads/2022/01/Barbell-Decline-Bent-Arm-Pullover.gif,624944f6-97c1-4a7d-bcd1-c0967cee3c28,c1d13561-2072-42a3-a7ce-59e0fbdf952d
Barbell pull-over to press,Barbell Pullover,0.5513,"The barbell pull-over to press is a complex that combines two popular exercises into one sequence that works much of the upper body, particularly the chest, triceps, and serratus anterior muscles. It is commonly performed with an EZ-bar, but can also be performed with a straight bar or neutral-grip bar. Because the pull-over will determine the amount of weight you can use, this movement is usually performed for moderate to high reps, such as 8-12 reps per set or more, as part of the upper-body portion of a workout.",Strength,Lats,back,Barbell,Beginner,,https://fitnessprogramer.com/wp-content/uploads/2021/04/Barbell-Bent-Arm-Pullover.gif,7d314432-8ea4-440e-99a7-597b33f66f15,81181883-66ea-436f-98a8-553322cf9134
Single-arm barbell bent-over row,Cable Bent Over Row,0.5674,"The single-arm barbell bent-over row is a barbell exercise focused on the muscles of the middle back, such as the lats (latissimus dorsi) and rhomboids. It also targets the biceps and grip. If the loose end of the barbell moves around, it can be secured by placing it in the corner of a room.",Strength,Lats,back,Barbell,Intermediate,,https://fitnessprogramer.com/wp-content/uploads/2021/09/Cable-Bent-Over-Row.gif,762346cf-2340-4072-ab3e-1dde8cfe0e91,4e1c1a5f-ce9a-4f29-bc90-0ec82eb6d6ef
Side kick-through to kettlebell high pull,Dumbbell Pull Through,0.6245,"The side kick-through to kettlebell high pull is a combination of a popular bodyweight exercise and an explosive kettlebell movement. Between them, the pairing targets the traps, shoulders, core, hips, hamstrings, and glutes. This combination can be performed for time or for reps, often as circuit-style training for conditioning or fat loss.",Strength,Lats,leg,Kettlebells,Intermediate,,https://fitnessprogramer.com/wp-content/uploads/2022/10/Dumbbell-Pull-Through.gif,91a6ed17-74fa-4f39-a84f-b451097140d5,6f11ebfc-6925-40ba-9a49-9018351b7d48
FYR2 Alternating Kettlebell Snatch,One Arm Kettlebell Snatch,0.6587,No description available,Strength,Lats,shoulders,Kettlebells,Intermediate,,https://fitnessprogramer.com/wp-content/uploads/2021/03/One-Arm-Kettlebell-Snatch-exercise.gif,94a124f4-1305-4696-b685-1795080136c5,7cbc4a5c-8684-4264-a60a-ba67fd61d61c
FYR2 Alternating Kettlebell Swing,One Arm Kettlebell Swing,0.6296,No description available,Strength,Lats,full-body,Kettlebells,Intermediate,,https://fitnessprogramer.com/wp-content/uploads/2022/07/One-Arm-Kettlebell-Swing.gif,f7e4ce9b-56d4-4761-a992-a192733b4c58,49862e3f-6ea5-4b66-9c54-984cd1f11b7c
FYR2 American Kettlebell Swing,One Arm Kettlebell Swing,0.4972,No description available,Strength,Lats,full-body,Kettlebells,Intermediate,,https://fitnessprogramer.com/wp-content/uploads/2022/07/One-Arm-Kettlebell-Swing.gif,5cc70431-7d21-4fe4-8e3e-5a95ceedd903,49862e3f-6ea5-4b66-9c54-984cd1f11b7c
FYR2 Double-Kettlebell Standing Clean,Kettlebell Clean and Press,0.5752,No description available,Strength,Lats,shoulders,Kettlebells,Intermediate,,https://fitnessprogramer.com/wp-content/uploads/2023/06/Kettlebell-Clean-and-Press.gif,c20a738e-920d-4be5-8ee2-4aa3135d9669,81b02317-719c-41cc-8325-1fd9fa2fd9a5
FYR2 Kettlebell Swing High Pull,One Arm Kettlebell Swing,0.6726,No description available,Strength,Lats,full-body,Kettlebells,Intermediate,,https://fitnessprogramer.com/wp-content/uploads/2022/07/One-Arm-Kettlebell-Swing.gif,6736e5bf-f6d2-45f4-87af-3b178ac9c596,49862e3f-6ea5-4b66-9c54-984cd1f11b7c
FYR2 Kettlebell Swing-Clean-Press Combo,Kettlebell Clean and Press,0.6198,No description available,Strength,Lats,shoulders,Kettlebells,Intermediate,,https://fitnessprogramer.com/wp-content/uploads/2023/06/Kettlebell-Clean-and-Press.gif,74b815b7-1ebf-407b-9e08-6d263d8cf7e0,81b02317-719c-41cc-8325-1fd9fa2fd9a5
FYR2 Kettlebell Swing-Clean-Press-Row Combo,Kettlebell Clean and Press,0.6067,No description available,Strength,Lats,shoulders,Kettlebells,Intermediate,,https://fitnessprogramer.com/wp-content/uploads/2023/06/Kettlebell-Clean-and-Press.gif,3a41430f-3efd-4f01-83ac-8b264d61bd05,81b02317-719c-41cc-8325-1fd9fa2fd9a5
FYR2 Single-Arm Kettlebell Clean,Kettlebell Clean and Press,0.6603,No description available,Strength,Lats,shoulders,Kettlebells,Intermediate,,https://fitnessprogramer.com/wp-content/uploads/2023/06/Kettlebell-Clean-and-Press.gif,2809e93a-68e9-4f94-8917-6827d40579a1,81b02317-719c-41cc-8325-1fd9fa2fd9a5
PJR pull-over-,Lever Pullover,0.2674,"The PJR pull-over is a triceps-focused version of the pull-over exercise, usually performed on either a flat or slightly inclined bench. The low position of the movement stretches the triceps—particularly the long head of the muscle—while the top position is a triceps press that contracts all three heads. It can be done in any type of strength or muscle-focused workout, in traditional muscle-building rep ranges, such as 8-12 reps, or for higher reps.",Strength,Lats,back,Dumbbell,Intermediate,,https://fitnessprogramer.com/wp-content/uploads/2022/02/Lever-Pullover-plate-loaded.gif,7496fdbb-f8af-4ae3-83a4-7eca29515afd,aa30f113-54a3-41d2-b775-0b281850272d
Incline Dumbbell Row - Gethin Variation,Dumbbell Incline T-Raise,0.6321,The incline dumbbell row is an upper body isolation exercise targeting the lower lats and upper back muscles.,Strength,Lats,shoulders,Dumbbell,Intermediate,,https://fitnessprogramer.com/wp-content/uploads/2021/09/Dumbbell-Incline-T-Raise.gif,782f05a6-6280-4a5f-8010-0a3df8f765e5,706b314d-76c2-48f9-97db-e752c894d44d
FYR Bent-Over Dumbbell Row,Barbell Bent Over Row,0.6466,"The dumbbell bent-over row is a popular exercise to develop and strengthen the muscles of the upper and middle back, like the latissimus (lat), lower trapezius, and rear deltoids. It can work equally well in strength, muscle-building, or circuit-style fat-loss workouts.",Strength,Lats,erector-spinae,Dumbbell,Intermediate,,https://fitnessprogramer.com/wp-content/uploads/2021/02/Barbell-Bent-Over-Row.gif,55d06d3e-4cfd-476a-876c-69b4f2163622,9223b5f4-0567-4530-81f2-da6bb9473605
Bent-Over Dumbbell Row - Gethin Variation,Cable Bent Over Row,0.5669,"The dumbbell bent-over row is a popular exercise to develop and strengthen the muscles of the upper and middle back, like the latissimus (lat), lower trapezius, and rear deltoids. It can work equally well in strength, muscle-building, or circuit-style fat-loss workouts.",Strength,Lats,back,Dumbbell,Intermediate,,https://fitnessprogramer.com/wp-content/uploads/2021/09/Cable-Bent-Over-Row.gif,88d4be7e-0e2b-4459-9bc6-cdfdb45a048a,4e1c1a5f-ce9a-4f29-bc90-0ec82eb6d6ef
Band Resisted Dumbbell Row,Dumbbell Row,0.5238,No description available,Strength,Lats,back,Dumbbell,Intermediate,,https://fitnessprogramer.com/wp-content/uploads/2021/02/Dumbbell-Row.gif,9d2c3e34-9c4b-47e3-bee6-0bb23c2cf272,1f92fb46-9209-4e46-ae09-323a5b0fc443
Holman Right Arm Weighted Half Jack,Weighted One Arm Pull-up,0.495,No description available,Strength,Lats,back,Dumbbell,Intermediate,,https://fitnessprogramer.com/wp-content/uploads/2022/01/Weighted-One-Arm-Pull-up.gif,401201df-7852-42af-b309-1ce6c986c62a,e63af0a7-b130-4082-91df-a731e97d7b52
Holman Left Arm Weighted Half Jack,Weighted One Arm Pull-up,0.472,No description available,Strength,Lats,back,Dumbbell,Intermediate,,https://fitnessprogramer.com/wp-content/uploads/2022/01/Weighted-One-Arm-Pull-up.gif,4f54ac2e-d990-47b8-96d2-28a3506b8c3d,e63af0a7-b130-4082-91df-a731e97d7b52
Holman Renegade Row with Opposite Foot Step-Out,Step Up + Opposite Elbow to Knee Twist,0.5332,No description available,Strength,Lats,leg,Dumbbell,Intermediate,,https://fitnessprogramer.com/wp-content/uploads/2022/04/Step-Up-Opposite-Elbow-to-Knee-Twist.gif,c172d978-92fa-488f-8854-de5fb7dd382a,03408d55-1076-4571-9b01-d89e76829891
Holman Renegade Row to Weighted Burpee,Push-Up to Renegade Row,0.6247,No description available,Strength,Lats,full-body,Dumbbell,Intermediate,,https://fitnessprogramer.com/wp-content/uploads/2022/07/Push-Up-to-Renegade-Row.gif,aab7c6b3-a83b-4326-979c-1436506e1e6b,433ff47c-5be0-4bba-8051-44c08af82e1e
Holman Weighted Double-Arm Cross Punch,Weighted One Arm Pull-up,0.4383,No description available,Strength,Lats,back,Dumbbell,Intermediate,,https://fitnessprogramer.com/wp-content/uploads/2022/01/Weighted-One-Arm-Pull-up.gif,31e06c51-dbed-4e7e-a23b-2f3405ccc6ec,e63af0a7-b130-4082-91df-a731e97d7b52
Holman Standing Flat Back Row,Standing Banded Row,0.4784,No description available,Strength,Lats,back,Dumbbell,Intermediate,,https://fitnessprogramer.com/wp-content/uploads/2022/05/Straight_Back-back-standing-row.gif,8ecaff4d-cd9f-4382-b7ef-091202161a4f,c365a5eb-b63c-4d47-a649-9cf1df777249
Total Fitness Dumbbell Isometric Row Hold,Isometric Pull-Up,0.583,"The dumbbell bent-over row is a popular exercise to develop and strengthen the muscles of the upper and middle back, like the latissimus (lat), lower trapezius, and rear deltoids. It can work equally well in strength, muscle-building, or circuit-style fat-loss workouts.",Strength,Lats,back,Dumbbell,Intermediate,,https://fitnessprogramer.com/wp-content/uploads/2022/08/Isometric-Pull-Up.gif,411373f3-96d6-4a3d-a9f8-f3b346a8d254,a9ad607b-3b57-4be2-a936-8eadcf220576
MetaBurn Bent-Over Row to Rear-Delt Raise,Barbell Rear Delt Raise,0.5429,No description available,Strength,Lats,trapezius,Dumbbell,Intermediate,,https://fitnessprogramer.com/wp-content/uploads/2021/04/Barbell-Rear-Delt-Raise.gif,8144dcfd-1424-4d94-bff1-5d417264c278,0b16970a-06c6-4d19-a465-1fbcd43afe95
Rocky Pull-Ups/Pulldowns,Lat Pulldown,0.5861,No description available,Strength,Lats,back,Other,Beginner,,https://fitnessprogramer.com/wp-content/uploads/2021/02/Lat-Pulldown.gif,0f6a7c35-eec3-44f0-9b55-564b150d1cbd,634bc48b-a40e-4063-9dce-9d8686f1e401
Gironda Sternum Chins,One Arm Chin-Up,0.2095,No description available,Strength,Lats,biceps,Other,Beginner,,https://fitnessprogramer.com/wp-content/uploads/2022/01/One-Arm-Chin-Up.gif,95f23a99-a778-44f4-93c3-d8f7b7522727,e97ebd18-b154-4754-9454-06cebb88ea54
Floor rope climb,Legless Rope Climb,0.5379,"The floor rope climb is an exercise that involves performing partial rope climbs in a prone position with the feet on the floor. It can help prepare someone for full rope climbs, but also trains the muscles of the back, biceps, and grip. It can be done for time or reps.",Strength,Lats,full-body,Other,Beginner,,https://fitnessprogramer.com/wp-content/uploads/2022/02/Rope-Climb.gif,4a50f84e-0b57-4cec-9034-6d50a7ab47c3,b7c3202e-6bd0-48d0-bf89-7b056b198995
Overhead Lat,Overhead Shrug,0.6265,No description available,Stretching,Lats,trapezius,Other,Beginner,,https://fitnessprogramer.com/wp-content/uploads/2022/07/overhead-shrug.gif,b092ad7a-31de-4fd9-90a5-f0174c733ac7,8159eaa8-c8f5-4d75-bc53-2136a597dfe0
Around-the-world pull-up,Chin Up Around the Bar,0.6161,"The around-the-world pull-up is a more advanced version of the classic pull-up. It focuses stress more directly on the individual arms or sides of the back, while also boosting the time under tension at the top of each rep. It can be used as a progression toward a one-arm pull-up, or simply as a way to increase the challenge and variety of your pull-up training.",Strength,Lats,back,Other,Beginner,,https://fitnessprogramer.com/wp-content/uploads/2022/02/Chin-Up-Around-the-Bar.gif,d48a3a2d-12fa-448c-b6b4-b2ceedf589bc,5b378f9d-4c38-4ce4-830c-7dd83b4c8131
L-sit chin-up,L-Sit,0.6651,"The L-sit chin-up is an exercise targeting the back, biceps, core, and overall upper-body strength. It is considered significantly more difficult than standard chin-ups, and as such, is often performed for relatively low reps, such as 5-8 reps per set or less, with a focus on strength and form.",Strength,Lats,abs,Other,Beginner,,https://fitnessprogramer.com/wp-content/uploads/2021/09/L-Sit.gif,22e9545a-41f6-4479-ae4e-e7e696cc0201,f070c4e6-8561-4185-9b8f-2bdef417535d
Back Flyes - Gethin Variation,Back Lever,0.2681,"The incline dumbbell reverse fly is an upper-body exercise targeting the posterior or rear deltoids, as well as the postural muscles of the upper back. Because it targets such small muscles, this exercise is usually performed with light weight for high reps, such as 10-15 reps per set or more.",Strength,Lats,full-body,Other,Intermediate,,https://fitnessprogramer.com/wp-content/uploads/2023/06/Back-Lever.gif,532e70a2-8298-4f4f-a387-97f2f92d3702,cb041197-ceac-4e21-801e-3707d7d34a25
Incline straight-arm pull-over,Dumbbell Straight Arm Pullover (knees at 90 degrees),0.5763,"The incline straight-arm pull-over is an upper-body exercise targeting the chest and lats (latissimus dorsi). Performing it on an incline bench emphasizes the stretch on the chest in particular. If this movement causes pain in the front of the shoulders, perform it with a more limited range of motion or try pull-overs using a high cable stack instead. Pull-over variations are usually performed for moderate to high reps, such as 8-12 reps per set or more, as part of chest or back-focused upper-body training.",Strength,Lats,chest,Other,Intermediate,,https://fitnessprogramer.com/wp-content/uploads/2022/11/Dumbbell-Straight-Arm-Pullover-knees-at-90-degrees.gif,b6b609c8-de0e-433f-952c-3e946e95ab46,27933784-2e52-4a0a-b8cf-dd2c98eea358
Machine high row,Machine Fly,0.6073,"The machine high row is a machine-based exercise targeting the back muscles, including the lats, rhomboids, and middle and lower traps. It approximates the motion of a free-weight row, but uses a selectorized weight-stack or plate-loaded machine. Many such machines also allow you to choose between different grips and grip widths. Machine rows are often done for moderate to high reps, such as 8-12 reps per set or more, as part of the upper-body or back-focused portion of a workout.",Strength,Lats,chest,Other,Intermediate,,https://fitnessprogramer.com/wp-content/uploads/2021/05/10301301-Lever-Pec-Deck-Fly_Chest_720.gif,fa51503d-69ec-48ff-8fd6-359c0252e286,99cc8f1a-ea7d-40d4-bb8a-13ab1ad2439d
Holman Renegade Punch-Under,Push-Up to Renegade Row,0.5642,No description available,Strength,Lats,full-body,Other,Intermediate,,https://fitnessprogramer.com/wp-content/uploads/2022/07/Push-Up-to-Renegade-Row.gif,f8749ab3-5fbf-4ef9-9d45-95750aea9fc9,433ff47c-5be0-4bba-8051-44c08af82e1e
Holman Dirty Dog to Renegade Row,Push-Up to Renegade Row,0.6091,No description available,Strength,Lats,full-body,Other,Intermediate,,https://fitnessprogramer.com/wp-content/uploads/2022/07/Push-Up-to-Renegade-Row.gif,e974044a-b5d9-4a78-894a-c4a21cc7ebbf,433ff47c-5be0-4bba-8051-44c08af82e1e
Holman Renegade Row to Side Punch to Forward Punch,Push-Up to Renegade Row,0.5093,No description available,Strength,Lats,full-body,Other,Intermediate,,https://fitnessprogramer.com/wp-content/uploads/2022/07/Push-Up-to-Renegade-Row.gif,b71ebf99-b20e-41c4-bcfe-70bb1fffa61a,433ff47c-5be0-4bba-8051-44c08af82e1e
Standing dumbbell knee crunch,Dumbbell Standing Palms In Press,0.5051,"The standing dumbbell knee crunch is a great way to train the abs while standing up. Additionally, the deltoids are worked because the lifter holds a pair of dumbbells overhead throughout.",Strength,Lats,shoulders,Other,Intermediate,,https://fitnessprogramer.com/wp-content/uploads/2021/09/Dumbbell-Standing-Palms-In-Press.gif,74318f09-8ba3-45ec-927d-1f3e3cf439ec,d47c32be-1913-4330-803b-c3792d082d3b
Close-grip pull-down,Close Grip Cable Row,0.637,"The close-grip pull-down is a variation on the lat pull-down that is performed with an overhand grip and the hands slightly closer than shoulder-width apart. This increases the range of motion beyond wider grips, and may increase the time under tension in each rep. This variation is usually performed for moderate to high reps as part of a back or upper-body workout.",Strength,Lats,back,Cable,Intermediate,,https://fitnessprogramer.com/wp-content/uploads/2021/06/close-grip-cable-row.gif,5a41a4ee-108b-47cc-9144-3c6265744330,2aaf404a-d42b-492e-8a87-288b9303238b
Lat pull-down,Lat Pulldown,0.6222,"The lat pull-down is a cable-based exercise that's ubiquitous in gyms around the world. This back builder is easy to learn and highly effective at building back size and strength. It's usually trained in moderate to high reps, such as 8-12 reps per set. If grip strength is a limitation, you can wear wrist straps.",Strength,Lats,back,Cable,Intermediate,,https://fitnessprogramer.com/wp-content/uploads/2021/02/Lat-Pulldown.gif,c16883fa-590e-4924-b567-6442611757c7,634bc48b-a40e-4063-9dce-9d8686f1e401
Single-arm kneeling lat pull-down,Kneeling Single Arm High Pulley Row,0.6195,"The single-arm kneeling lat pull-down is a variation of the lat pull-down exercise performed one arm at a time, with the knees on the ground, rather than sitting on a bench or machine. It has all of the same benefits of a lat pull-down performed on a bench or machine, in addition to providing further activation to the core and lower body.",Strength,Lats,back,Cable,Beginner,,https://fitnessprogramer.com/wp-content/uploads/2021/09/Kneeling-Single-Arm-High-Pulley-Row.gif,60b81a36-c957-4c47-b74e-eab57390b4a7,ecd31422-19c0-4b52-ba50-84a9f0d8ea94
Elevated Cable Rows,Seated Cable Rope Row,0.326,"The cable seated row is a popular exercise to train the muscles of the upper back, including the lats (latissimus dorsi), traps, rhomboids, and rear deltoids, using a cable stack. It also targets the biceps to a lesser degree. The cable row can work well in a variety of rep-ranges, but is most popular in muscle-building workouts or as an accessory movement for strength workouts.",Strength,Lats,back,Cable,Beginner,,https://fitnessprogramer.com/wp-content/uploads/2021/06/Seated-Cable-Rope-Row.gif,1e9b2312-977c-4e14-bd50-7577d11c88d3,13515f5e-a593-4d0e-b642-9213274f1c1f
Straight-arm cable pull-over,Dumbbell Straight Arm Pullover (knees at 90 degrees),0.6234,"The straight-arm cable pull-over is an exercise that focuses on the muscles of the lats (latissimus dorsi) and chest using a cable stack and a flat bench. It is most commonly used for higher reps, such as 10-15 or more, in muscle-building workouts. It is also an effective substitute for dumbbell pull-overs or a pull-over machine, if you don't have access to them or they aggravate your shoulders.",Strength,Lats,chest,Cable,Intermediate,,https://fitnessprogramer.com/wp-content/uploads/2022/11/Dumbbell-Straight-Arm-Pullover-knees-at-90-degrees.gif,6a6619af-a324-4835-b935-6776a6a1f034,27933784-2e52-4a0a-b8cf-dd2c98eea358
Rope Lat Pull-down - Gethin Variation,Lat Pulldown,0.4204,"The close-grip pull-down is a variation on the lat pull-down, acable-based exercise machine that’s ubiquitous in gyms around the world. This back builder is easy to learn and highly effective, allowing for variable resistance depending on where you place the pin in the stack.",Strength,Lats,back,Cable,Intermediate,,https://fitnessprogramer.com/wp-content/uploads/2021/02/Lat-Pulldown.gif,d6291d92-f4a6-4556-a598-81748a63e849,634bc48b-a40e-4063-9dce-9d8686f1e401
Straight-Arm Pull-Down - Gethin Variation,Rope Straight Arm Pulldown,0.5833,"The straight-arm bar pull-down is a variation of the straight-arm lat pull-down performed using a cable stack machine. It can either be performed in an athletic upright stance, or slightly bent-over. It both stretches and contracts the muscles of the lats (latissimus dorsi) as well as providing additional activation to the other upper back muscles and the core. Because the triceps are also isometrically involved in the movement, it is usually performed for higher reps, like 8-15 reps or above.",Strength,Lats,back,Cable,Intermediate,,https://fitnessprogramer.com/wp-content/uploads/2021/06/Rope-Straight-Arm-Pulldown.gif,0bb5d364-519c-4622-a2b9-196d3a8e67fc,ba4cd88c-dd37-4864-9d39-49e09a80a206
Lat Pull-down - Gethin Variation,Lat Pulldown,0.4833,"The lat pull-down is a cable-based exercise machine that’s ubiquitous in gyms around the world. This back builder is easy to learn and highly effective, allowing for variable resistance depending on where you place the pin in the stack.",Strength,Lats,back,Cable,Intermediate,,https://fitnessprogramer.com/wp-content/uploads/2021/02/Lat-Pulldown.gif,945b68ed-569b-4003-8263-f3075641a941,634bc48b-a40e-4063-9dce-9d8686f1e401
Wide-Grip Lat Pull-Down - Gethin Variation,Lat Pulldown,0.3905,"The lat pull-down is a cable-based exercise machine that’s ubiquitous in gyms around the world. This back builder is easy to learn and highly effective, allowing for variable resistance depending on where you place the pin in the stack.",Strength,Lats,back,Cable,Intermediate,,https://fitnessprogramer.com/wp-content/uploads/2021/02/Lat-Pulldown.gif,555f6589-4082-4492-9b0a-ac4caaee9128,634bc48b-a40e-4063-9dce-9d8686f1e401
Behind-The-Neck Pull-Down - Gethin Variation,Seated Behind Neck Press,0.5764,"The behind-the-neck pull-down is a cable exercise intended to target the muscles of the upper and middle back. If you have the requisite shoulder mobility, it can help you targets the upper back muscles, including the trapezius and rhomboids, as well as the lats (latissimus dorsi). It is popular among elite bodybuilders and physique athletes, but some coaches consider it unsafe to the shoulder joint, in particular to people with existing shoulder problems.",Strength,Lats,shoulders,Cable,Intermediate,,https://fitnessprogramer.com/wp-content/uploads/2021/05/Seated-Behind-the-Neck-Press.gif,9a2426b9-8c22-481c-b90d-f75c726228a1,2d4afa82-63a7-47aa-9fa9-c4348949a933
Single-Arm Cable Row - Gethin Variation,One Arm Cable Row,0.534,"The single-arm cable seated row is a version of the cable row movement that train the muscles of the upper back one side at a time. It targets a wide range of muscles including the lats (latissimus dorsi), traps, rhomboids, and rear deltoids, as well as the biceps. The single-arm row can work well in a variety of rep-ranges, but is most popular in muscle-building workouts or as an accessory movement for strength workouts.",Strength,Lats,back,Cable,Intermediate,,https://fitnessprogramer.com/wp-content/uploads/2021/02/One-arm-Cable-Row.gif,311c5527-ef5f-42a9-9c7d-a70a51241e24,08912b43-2d87-446a-ac46-f00ed6b47cc7
Scapular Rows,Scapula Pull-up,0.5684,No description available,Strength,Lats,trapezius,Cable,Intermediate,,https://fitnessprogramer.com/wp-content/uploads/2022/01/Scapula-Pull-up.gif,df4a0d33-b9bc-4aba-ad7e-06a1123473d9,edc373b5-3e95-4179-8925-d503aacadbc7
Standing V-Grip Cable Rows,Cable Twisting Standing High Row,0.4378,No description available,Strength,Lats,back,Cable,Intermediate,,https://fitnessprogramer.com/wp-content/uploads/2022/02/Cable-Twisting-Standing-high-Row.gif,02f989f7-e412-4fd0-bfd0-b613b1adacdb,fc8de67c-ddcd-4ffb-8da1-a4ad71d62439
AM Close-Grip Pull-Down,Close Grip Cable Row,0.6023,"The close-grip pull-down is a variation on the lat pull-down, acable-based exercise machine that’s ubiquitous in gyms around the world. This back builder is easy to learn and highly effective, allowing for variable resistance depending on where you place the pin in the stack.",Strength,Lats,back,Cable,Intermediate,,https://fitnessprogramer.com/wp-content/uploads/2021/06/close-grip-cable-row.gif,4bd074d4-b986-4247-9c79-ca1219412cb4,2aaf404a-d42b-492e-8a87-288b9303238b
AM Wide-Grip Pull-Down,Wide-Grip Reverse Bench Press,0.4354,"The lat pull-down is a cable-based exercise machine that’s ubiquitous in gyms around the world. This back builder is easy to learn and highly effective, allowing for variable resistance depending on where you place the pin in the stack.",Strength,Lats,chest,Cable,Intermediate,,https://fitnessprogramer.com/wp-content/uploads/2022/10/Wide-Grip-Reverse-Bench-Press.gif,a0478504-7114-4fe7-80f3-4176fb146f73,91ab2d2b-47ab-4b71-b875-e710a86a6592
UP Lat Pull-Down,Lat Pulldown,0.6017,"The lat pull-down is a cable-based exercise machine that’s ubiquitous in gyms around the world. This back builder is easy to learn and highly effective, allowing for variable resistance depending on where you place the pin in the stack.",Strength,Lats,back,Cable,Intermediate,,https://fitnessprogramer.com/wp-content/uploads/2021/02/Lat-Pulldown.gif,ffa5ed97-4932-4b55-b1c0-bf189a564a11,634bc48b-a40e-4063-9dce-9d8686f1e401
Reverse-grip lat pull-down,Reverse Lat-Pulldown,0.676,"The reverse-grip lat pull-down is variation on the lat pull-down that targets the lower lats more than an overhand grip. Because the hands are relatively close together, it also increases the range of motion beyond wider-grip pull-down variations. It can be performed for low reps, such as 5-6 per set, for back strength, or for higher reps for size.",Strength,Lats,back,Machine,Intermediate,,https://fitnessprogramer.com/wp-content/uploads/2021/04/Reverse-Lat-Pulldown.gif,568beeb5-a042-48f1-942d-39238857b16f,b2100f6e-26da-4fb2-b3ba-96444e22894c
Machine-assisted pull-up,Assisted Chest Dip,0.608,"The machine-assisted pull-up takes a classic back-building exercise and adds assistance to make the movement easier than the bodyweight version. The amount of assistance can easily be changed by moving the pin in the stack. While some people use this variation as a substitute for pull-ups or as an assistance exercise for pull-ups, it is also effective as a way to perform the pull-up motion in traditional muscle-building ranges. This variation is often performed for moderate to high reps, such as 8-12 reps per set or more, as part of upper-body or back-focused training.",Strength,Lats,chest,Machine,Beginner,,https://fitnessprogramer.com/wp-content/uploads/2021/06/Assisted-Chest-Dip.gif,9e011899-2800-44fa-bcd4-71fe189ba22e,8aaf3770-c196-4464-8450-d38594003e0c
Single-arm pull-down,Single Leg Step Down,0.6068,"The single-arm pull-down is a variation on the lat pull-down that is performed one arm at a time, usually with a D-shaped handle and a cable stack. Many lifters find they can feel the lat (latissimus dorsi) muscles working better with single-arm variations.",Strength,Lats,leg,Machine,Intermediate,,https://fitnessprogramer.com/wp-content/uploads/2021/10/Single-Leg-Step-Down.gif,79819487-eff4-47dd-993e-4dd882612ffd,fc44ed97-003c-4bba-bc15-bf1beeb1c5f9
Chest-Supported Smith Machine Row - Gethin Variation,Chest Supported Dumbbell Front Raises,0.5976,No description available,Strength,Lats,shoulders,Machine,Intermediate,,https://fitnessprogramer.com/wp-content/uploads/2022/02/Chest-Supported-Dumbbell-Front-Raises.gif,365500df-dc76-4f62-bb48-25c0450635f0,64e14314-193c-463f-b06c-43e11a896853
Single-arm machine high row,Standing Single Leg Curl Machine,0.5515,"The single-arm machine high row is a machine-based exercise targeting the back muscles, including the lats, rhomboids, and middle and lower traps. It approximates the motion of a free-weight row, but uses a selectorized weight-stack or plate-loaded machine. Many such machines also allow you to choose between different grips and grip widths. Machine-based rows are often done for moderate to high reps, such as 8-12 reps per set or more, as part of the upper-body or back-focused portion of a workout.",Strength,Lats,leg,Machine,Intermediate,,https://fitnessprogramer.com/wp-content/uploads/2022/10/Standing-Single-Leg-Curl-Machine.gif,f1ecd26d-b1a7-481a-9534-1a9d25f3bd91,d1ea5471-4f74-431a-ac52-96acbefe5ace
Machine Pull-Over - Gethin Variation,Machine Fly,0.5132,No description available,Strength,Lats,chest,Machine,Intermediate,,https://fitnessprogramer.com/wp-content/uploads/2021/05/10301301-Lever-Pec-Deck-Fly_Chest_720.gif,600b0daa-b2f6-4acf-9904-6243eb90a662,99cc8f1a-ea7d-40d4-bb8a-13ab1ad2439d
Seated Machine Row - Gethin Variation,Seated Twist Machine,0.6269,"The machine seated row is an exercise targeting the back muscles, emphasizing the mid- to upper-back.",Strength,Lats,abs,Machine,Intermediate,,https://fitnessprogramer.com/wp-content/uploads/2021/10/Lever-Seated-Twist.gif,555bcf9c-7d9d-4e5d-b01f-d38c715ed77c,ae030b6b-cc62-4e95-804d-1ec8e5b0eca8
King Maker Lat Pull-Down,Lat Pulldown,0.3999,"The lat pull-down is a cable-based exercise machine that’s ubiquitous in gyms around the world. This back builder is easy to learn and highly effective, allowing for variable resistance depending on where you place the pin in the stack.",Strength,Lats,back,Machine,Intermediate,,https://fitnessprogramer.com/wp-content/uploads/2021/02/Lat-Pulldown.gif,179cf69d-672d-4926-988b-3fa7d6872bbd,634bc48b-a40e-4063-9dce-9d8686f1e401
Robertson Half-Kneeling Landmine Press,Kneeling Landmine Press,0.6619,No description available,Strength,Lats,shoulders,Machine,Intermediate,,https://fitnessprogramer.com/wp-content/uploads/2022/12/Kneeling-Landmine-Press.gif,49e30197-0cc7-4ab8-83c4-0e9a76afce0d,191c243c-038c-490a-b64b-45371d494eab
Pullups,L-Sit Pull-Up,0.1955,"The pull-up is a multi-joint bodyweight exercise that builds strength and muscle in the upper back, biceps, and core. It is often used as a measurement tool in military or tactical fitness tests, and is an excellent gauge of “relative strength” which is strength in relation to bodyweight.",Strength,Lats,full-body,Body Only,Intermediate,,https://fitnessprogramer.com/wp-content/uploads/2023/06/L-Pull-Up.gif,a0ed4d61-1e0f-4b8e-9b76-383b17f7cfd5,a6dd99e0-a051-4c26-ac6f-e68599ca88c2
Rope climb,Legless Rope Climb,0.6694,"The rope climb is an exercise that is used commonly in CrossFit workouts and as a test of upper-body strength. It was even contested at the Olympics in the early 20th century. It targets a wide range of upper-body musculature, including the hands and forearms, shoulders, biceps, lats (latissimus dorsi), and core.",Strength,Lats,full-body,Body Only,Intermediate,,https://fitnessprogramer.com/wp-content/uploads/2022/02/Rope-Climb.gif,645615aa-19d0-453f-8d65-151a32301ec5,b7c3202e-6bd0-48d0-bf89-7b056b198995
Wide-Grip Rear Pull-Up,Wide-Grip Reverse Bench Press,0.462,No description available,Strength,Lats,chest,Body Only,Beginner,,https://fitnessprogramer.com/wp-content/uploads/2022/10/Wide-Grip-Reverse-Bench-Press.gif,8ebbbde2-3bca-4529-850e-08e0eb470124,91ab2d2b-47ab-4b71-b875-e710a86a6592
Side To Side Chins,Side Bent,0.5688,No description available,Strength,Lats,abs,Body Only,Intermediate,,https://fitnessprogramer.com/wp-content/uploads/2022/12/Side-Bent.gif,66b3bda2-2b01-4c29-a497-460ab445a639,d4789325-4dfd-4a1e-b00a-3b969ef4b375
Kipping Muscle Up,Muscle-Up,0.6733,No description available,Strength,Lats,back,Body Only,Intermediate,,https://fitnessprogramer.com/wp-content/uploads/2021/05/Muscle-up-vertical-bar.gif,f9fc7606-333b-417b-8fba-9789a3cf932b,fceec3f1-0c92-4b15-aa9b-359efc715037
One Handed Hang,Dead Hang,0.4879,"The single-arm hang is a static exercise that involves hanging from a bar by one hand. It is an advanced hanging exercise that demands above-average shoulder stability and grip strength, and may not be appropriate for some people. However, if someone is strong and stable enough to perform it, the movement can help build those same qualities.",Stretching,Lats,back,Body Only,Intermediate,,https://fitnessprogramer.com/wp-content/uploads/2021/02/dead-hang-360x360.png,47a6c792-bf26-408a-b834-315f431b7219,33d7ef85-98ad-4d98-a7fc-b891091ddbd3
Negative pull-up,L-Sit Pull-Up,0.2332,"The negative pull-up is a multijoint bodyweight exercise that focuses on just one half of the traditional pull-up: the lowering, eccentric, or ""negative"" portion. Because muscles are stronger eccentrically than they are concentrically, many people can perform negatives even if they can't perform full pull-ups. For this reason, it is a popular training tool to help people earn their first pull-up rep, or as a back-off exercise after doing full pull-ups.",Strength,Lats,full-body,Body Only,Intermediate,,https://fitnessprogramer.com/wp-content/uploads/2023/06/L-Pull-Up.gif,f33e8bae-4089-456f-995c-1e97799165ec,a6dd99e0-a051-4c26-ac6f-e68599ca88c2
HM Superman Lat Pull,Lat Pulldown,0.2565,No description available,Strength,Lats,back,Body Only,Intermediate,,https://fitnessprogramer.com/wp-content/uploads/2021/02/Lat-Pulldown.gif,49199c6c-22e8-4b1c-b7da-b2cc4a647180,634bc48b-a40e-4063-9dce-9d8686f1e401
AM Pull-Up,L-Sit Pull-Up,0.5287,"The pull-up is a multi-joint bodyweight exercise that builds strength and muscle in the upper back, biceps, and core. It is often used as a measurement tool in military or tactical fitness tests, and is an excellent gauge of “relative strength” which is strength in relation to bodyweight.",Strength,Lats,full-body,Body Only,Intermediate,,https://fitnessprogramer.com/wp-content/uploads/2023/06/L-Pull-Up.gif,69b40125-8ff0-478d-9fc8-45141410099e,a6dd99e0-a051-4c26-ac6f-e68599ca88c2
Holman Alternating Forward and Side Punch,Dumbbell Forward Leaning Lunge,0.3709,No description available,Strength,Lats,leg,Body Only,Intermediate,,https://fitnessprogramer.com/wp-content/uploads/2022/09/dumbbell-forward-leaning-lunge.gif,d62309d5-239e-43d8-b4e3-697fd4de2d99,d96b80f3-55ec-434d-ab76-5ae2d9e5b1d8
Jump to pull-up,Jumping Pull-up,0.55,"The jump to pull-up is a bodyweight exercise that targets the muscles of the back, biceps, and, to a lesser degree, legs. It involves jumping up to a pull-up bar between reps. Similar to a push-press, the legs help power through the most difficult portion of the pull-up, allowing you to perform more reps. Jumping pull-ups are often performed for moderate to high reps, such as 8-12 reps per set or more, as an accessory to other pulling or pull-up training, or as a full-body movement in a circuit or metcon.",Strength,Lats,back,Body Only,Intermediate,,https://fitnessprogramer.com/wp-content/uploads/2022/01/jumping-pull-up.gif,5f626a65-00a0-46a3-bae1-6959efb68894,c0c4ea00-7069-410c-a0fa-753e0d37c08b
Bent-over scapular slide,Scapula Pull-up,0.4995,The bent-over scapular slide is an upper-body exercise that helps with scapular and shoulder mobility. It is commonly performed for time or reps as part of a dynamic warm-up for the upper body.,Strength,Lats,trapezius,Body Only,Intermediate,,https://fitnessprogramer.com/wp-content/uploads/2022/01/Scapula-Pull-up.gif,526ca28f-a06d-4ef4-8d17-573e143e851a,edc373b5-3e95-4179-8925-d503aacadbc7
Total Fitness Standing Lat Stretch,Standing Triceps Stretch,0.4906,No description available,Strength,Lats,triceps,Body Only,Intermediate,,https://fitnessprogramer.com/wp-content/uploads/2022/02/Triceps-Stretch.gif,47dfa9d4-9914-4f5a-83c2-ae558cde2c87,c23ba636-b2fa-4bc2-823c-36cb67605aed
King Maker Pull-Up,L-Sit Pull-Up,0.297,"The pull-up is a multi-joint bodyweight exercise that builds strength and muscle in the upper back, biceps, and core. It is often used as a measurement tool in military or tactical fitness tests, and is an excellent gauge of “relative strength” which is strength in relation to bodyweight.",Strength,Lats,full-body,Body Only,Intermediate,,https://fitnessprogramer.com/wp-content/uploads/2023/06/L-Pull-Up.gif,6244be37-0c96-447d-991d-19c3e62ff26f,a6dd99e0-a051-4c26-ac6f-e68599ca88c2
Catch and Overhead Throw,Medicine Ball Overhead Throw,0.5337,No description available,Plyometrics,Lats,shoulders,Medicine Ball,Beginner,,https://fitnessprogramer.com/wp-content/uploads/2023/09/Medicine-Ball-Overhead-Throw.gif,7c643daa-e132-436b-a012-907db7efdae8,44d24be7-8581-4b4a-adbb-fb8cd88f49d8
Chair Lower Back Stretch,Back Pec Stretch,0.4472,No description available,Stretching,Lats,chest,Bodyweight,Beginner,,https://fitnessprogramer.com/wp-content/uploads/2021/05/Back-Pec-Stretch.gif,26714661-479f-41e4-8077-cd52b0d7998e,132e26a6-3d17-4773-b3a2-6ef1c501fdeb
Side-Lying Floor Stretch,Alternate Lying Floor Leg Raise,0.5004,No description available,Stretching,Lats,abs,Bodyweight,Beginner,,https://fitnessprogramer.com/wp-content/uploads/2021/05/Alternate-Lying-Floor-Leg-Raise.gif,5d5db1bc-42d8-46dc-b8e4-0a220f146423,82b39596-79f5-4c76-8cd4-74e27406173e
FYR2 Monster Banded Good Morning,Smith Machine Good Morning,0.5103,No description available,Strength,Lower Back,erector-spinae,Bands,Intermediate,,https://fitnessprogramer.com/wp-content/uploads/2021/06/Smith-Machine-Good-Morning.gif,969b373d-def3-4066-840b-503a473bac6f,e914b27d-eac7-431a-ab89-0b6ca4f4a283
Lower back SMR,Back Lever,0.2738,"Lower back self-myofascial release (SMR) is a self-administered soft-tissue treatment, usually using a foam roller, lacrosse ball, or other ""trigger point"" massage tool. By applying pressure strategically to the quadratus lumborum or spinal erector (erector spinae) muscles of the lower back, some people find they can cause this often painful and tight area to relax or ""release."" Lower back SMR is often accompanied by SMR on the glutes or piriformis muscles, or by stretches that target the piriformis or hips. However, some people find that SMR on the lower back can aggravate existing pain or injury, so be cautious when performing it.",Stretching,Lower Back,full-body,Foam Roll,Intermediate,,https://fitnessprogramer.com/wp-content/uploads/2023/06/Back-Lever.gif,bc8a173e-ef41-4e4b-aac6-5125efd09b84,cb041197-ceac-4e21-801e-3707d7d34a25
Barbell deficit deadlift,Lever Deadlift,0.4119,"The barbell deficit deadlift is a compound exercise targeting the posterior chain. It is commonly utilized in powerlifting training to build pulling strength off the floor, but is also an effective muscle-building movement for the glutes and hamstrings. It is usually performed with lighter weight, and perhaps for higher reps, than traditional deadlifts. If these make your back sore, decrease the deficit and/or wear a weightlifting belt.",Powerlifting,Lower Back,leg,Barbell,Beginner,,https://fitnessprogramer.com/wp-content/uploads/2021/05/Lever-Deadlift.gif,a5a645a6-93c6-442f-a474-11e6ad89f71c,6eeb5fb7-6217-40cb-8f1c-f7fddbb749b6
Deadlift with Bands,Lever Deadlift,0.6106,No description available,Powerlifting,Lower Back,leg,Barbell,Beginner,,https://fitnessprogramer.com/wp-content/uploads/2021/05/Lever-Deadlift.gif,0f05a4d9-a107-446b-ad81-9d482c160b0f,6eeb5fb7-6217-40cb-8f1c-f7fddbb749b6
Deadlift with Chains,Lever Deadlift,0.5089,No description available,Powerlifting,Lower Back,leg,Barbell,Beginner,,https://fitnessprogramer.com/wp-content/uploads/2021/05/Lever-Deadlift.gif,3aafed32-2959-4f79-9ae8-9e467477b314,6eeb5fb7-6217-40cb-8f1c-f7fddbb749b6
Rack Pull with Bands,Face Pull With Resistance Band,0.4033,No description available,Powerlifting,Lower Back,trapezius,Barbell,Beginner,,https://fitnessprogramer.com/wp-content/uploads/2022/05/Face-pull.gif,b5716455-2079-4bac-9d4c-98888c78d9e9,21a5cf75-206a-4870-9f50-745c939da727
Stiff Leg Barbell Good Morning,Smith Machine Good Morning,0.5778,No description available,Strength,Lower Back,erector-spinae,Barbell,Beginner,,https://fitnessprogramer.com/wp-content/uploads/2021/06/Smith-Machine-Good-Morning.gif,f6bd6224-497a-4273-b9bc-14ce6ff9714d,e914b27d-eac7-431a-ab89-0b6ca4f4a283
Reverse Band Deadlift,Lever Deadlift,0.6055,No description available,Powerlifting,Lower Back,leg,Barbell,Beginner,,https://fitnessprogramer.com/wp-content/uploads/2021/05/Lever-Deadlift.gif,f8870334-4786-442e-830b-5fdaa36552fa,6eeb5fb7-6217-40cb-8f1c-f7fddbb749b6
Paul Carter Romanian Deadlift,Lever Deadlift,0.3645,"The barbell stiff-legged deadlift targets the hamstrings, glutes, lower and upper back, as well as the core. It is a popular accessory movement for the deadlift, but also a muscle-building hamstring movement.",Strength,Lower Back,leg,Barbell,Intermediate,,https://fitnessprogramer.com/wp-content/uploads/2021/05/Lever-Deadlift.gif,8c684c96-84f8-4a88-ab88-ca89b92a274a,6eeb5fb7-6217-40cb-8f1c-f7fddbb749b6
Deadlift - Gethin Variation,Lever Deadlift,0.6009,"The barbell deadlift is a compound exercise used to develop overall strength and size in the posterior chain. It is a competition lift in the sport of powerlifting, but is also considered a classic benchmark of overall strength. When performed with the hands outside the knees, it is often called a ""conventional"" deadlift. When the feet are wide and the hands are inside the knees, it is a sumo deadlift.",Strength,Lower Back,leg,Barbell,Intermediate,,https://fitnessprogramer.com/wp-content/uploads/2021/05/Lever-Deadlift.gif,006c15e7-d911-40c6-8e6f-f11685c96ecb,6eeb5fb7-6217-40cb-8f1c-f7fddbb749b6
UP Conventional Deadlift,Lever Deadlift,0.339,"The barbell deadlift is a compound exercise used to develop overall strength and size in the posterior chain. It is a competition lift in the sport of powerlifting, but is also considered a classic benchmark of overall strength. When performed with the hands outside the knees, it is often called a ""conventional"" deadlift. When the feet are wide and the hands are inside the knees, it is a sumo deadlift.",Strength,Lower Back,leg,Barbell,Intermediate,,https://fitnessprogramer.com/wp-content/uploads/2021/05/Lever-Deadlift.gif,d2c65d5a-e3c7-4aca-b7fb-ee53bb5ad2f2,6eeb5fb7-6217-40cb-8f1c-f7fddbb749b6
30 Day Back Barbell Rack Pull,Barbell Pullover,0.3115,No description available,Strength,Lower Back,back,Barbell,Intermediate,,https://fitnessprogramer.com/wp-content/uploads/2021/04/Barbell-Bent-Arm-Pullover.gif,cd6d4453-6b91-42fc-9ce3-d046d69a358a,81181883-66ea-436f-98a8-553322cf9134
KV Romanian Deadlift with Kettlebell,Kettlebell Deadlift,0.6609,No description available,Strength,Lower Back,leg,Kettlebells,Intermediate,,https://fitnessprogramer.com/wp-content/uploads/2021/06/kettlebell-deadlift.gif,a2328b5f-605d-4aae-a539-e33bca61f382,8e29e022-7883-4513-bc53-36f27d0c4836
FYR2 Kettlebell Good Morning,Smith Machine Good Morning,0.6087,No description available,Strength,Lower Back,erector-spinae,Kettlebells,Intermediate,,https://fitnessprogramer.com/wp-content/uploads/2021/06/Smith-Machine-Good-Morning.gif,5202cde4-f580-40b3-af48-a7c3335c7273,e914b27d-eac7-431a-ab89-0b6ca4f4a283
FYR2 Kettlebell Staggered-Stance Deadlift,Kettlebell Deadlift,0.5653,No description available,Strength,Lower Back,leg,Kettlebells,Intermediate,,https://fitnessprogramer.com/wp-content/uploads/2021/06/kettlebell-deadlift.gif,030945f5-fdd3-412e-a3c7-f5bd0005ae16,8e29e022-7883-4513-bc53-36f27d0c4836
Dumbbell skier,Skier | Gymstick,0.6085,"As the name suggests, the dumbbell skier takes the motion of skiing and replaces the poles with dumbbells. The hip and torso motion are similar to a kettlebell swing, as are the muscles it targets, including the hamstrings, glutes, upper back, and grip. However, unlike the traditional kettlebell swing, the arms are outside of the knees. This movement can be performed for time or for reps, but is usually performed for relatively high reps, such as 8-12 sets per rep or more, as part of a fat-loss or athleticism-focused circuit or workout.",Strength,Lower Back,shoulders,Dumbbell,Intermediate,,https://fitnessprogramer.com/wp-content/uploads/2022/05/Skier-Gymstick.gif,986eea19-07e1-4990-976d-00cc4aa10117,4c8da776-7646-4ff0-9d51-7036805fffc0
Holman Slow Deadlift,Lever Deadlift,0.5382,No description available,Strength,Lower Back,leg,Dumbbell,Intermediate,,https://fitnessprogramer.com/wp-content/uploads/2021/05/Lever-Deadlift.gif,875ad009-2abe-4f7d-8dff-55866b1fa013,6eeb5fb7-6217-40cb-8f1c-f7fddbb749b6
Holman Deadlift to Overhead Press,Lever Deadlift,0.4926,No description available,Strength,Lower Back,leg,Dumbbell,Intermediate,,https://fitnessprogramer.com/wp-content/uploads/2021/05/Lever-Deadlift.gif,55a2e0d0-1d52-4742-b9b9-2a2468b3e61c,6eeb5fb7-6217-40cb-8f1c-f7fddbb749b6
Holman Staggered-Stance Deadlift,Lever Deadlift,0.348,No description available,Strength,Lower Back,leg,Dumbbell,Intermediate,,https://fitnessprogramer.com/wp-content/uploads/2021/05/Lever-Deadlift.gif,b6cda497-c231-4146-a297-d47aab47e531,6eeb5fb7-6217-40cb-8f1c-f7fddbb749b6
Holman Deadlift to Front Raise,Lever Deadlift,0.5002,No description available,Strength,Lower Back,leg,Dumbbell,Intermediate,,https://fitnessprogramer.com/wp-content/uploads/2021/05/Lever-Deadlift.gif,e56b1ab5-a0f8-48eb-91db-f8fa3b1def54,6eeb5fb7-6217-40cb-8f1c-f7fddbb749b6
Holman Deadlift to Chest Press,Lever Deadlift,0.5134,No description available,Strength,Lower Back,leg,Dumbbell,Intermediate,,https://fitnessprogramer.com/wp-content/uploads/2021/05/Lever-Deadlift.gif,148cbef1-51b1-4a8a-9c27-3538989ee49f,6eeb5fb7-6217-40cb-8f1c-f7fddbb749b6
Holman Deadlift to Squat Thrust,Lever Deadlift,0.4688,No description available,Strength,Lower Back,leg,Dumbbell,Intermediate,,https://fitnessprogramer.com/wp-content/uploads/2021/05/Lever-Deadlift.gif,f4c09faf-2160-4c48-b188-0ec291f36c20,6eeb5fb7-6217-40cb-8f1c-f7fddbb749b6
Holman Deadlift to Biceps Curl,Band Biceps Curl,0.5148,No description available,Strength,Lower Back,biceps,Dumbbell,Intermediate,,https://fitnessprogramer.com/wp-content/uploads/2022/02/Band-Biceps-Curl.gif,6f26a558-a9de-4ed0-b607-795f9476ba76,13a520d2-95de-46be-8459-8dfd750c168c
Dumbbell kickstand deadlift,Dumbbell Single Leg Deadlift,0.5049,"The dumbbell kickstand deadlift is a movement targeting the muscles of the hamstrings, glutes, and back. The kickstand position can help focus the stretch and contraction on each individual leg, similar to a single-leg Romanian deadlift, while presenting less of a balance challenge. It can be performed in low reps, such as 5-8 reps per set, for strengthening the posterior chain, or for higher reps for muscle growth.",Strength,Lower Back,erector-spinae,Dumbbell,Intermediate,,https://fitnessprogramer.com/wp-content/uploads/2022/09/Dumbbell-Single-Leg-Deadlift.gif,8c9ddb92-2051-4b66-b274-c19b6ad4031c,250aa910-5d36-46aa-b174-4e806462ddc4
FYR2 Dumbbell Deadlift to Dumbbell Upright Row,One-Arm Dumbbell Upright Row,0.6786,No description available,Strength,Lower Back,trapezius,Dumbbell,Intermediate,,https://fitnessprogramer.com/wp-content/uploads/2022/12/One-Arm-Dumbbell-Upright-Row.gif,eec78c2a-69e9-46bf-874b-e0ab0280d705,6ef19bf5-2f1a-4bdb-aad7-6ca1052c37a2
Atlas Stones,One Arm Prone Dumbbell Curl,0.0998,No description available,Strongman,Lower Back,biceps,Other,Intermediate,,https://fitnessprogramer.com/wp-content/uploads/2022/02/One-Arm-Prone-Dumbbell-Curl.gif,5c6ce48b-d352-4b38-a299-4ea6cdea4965,08661029-d396-4ac3-b112-2b90bf6b4979
Axle Deadlift,Lever Deadlift,0.5147,No description available,Strongman,Lower Back,leg,Other,Beginner,,https://fitnessprogramer.com/wp-content/uploads/2021/05/Lever-Deadlift.gif,3f505323-2633-451b-9055-30d0e463716d,6eeb5fb7-6217-40cb-8f1c-f7fddbb749b6
Atlas Stone Trainer,One Arm Prone Dumbbell Curl,0.0779,No description available,Strongman,Lower Back,biceps,Other,Beginner,,https://fitnessprogramer.com/wp-content/uploads/2022/02/One-Arm-Prone-Dumbbell-Curl.gif,bdcf1f3e-5d28-4996-b655-f27b4caa78ec,08661029-d396-4ac3-b112-2b90bf6b4979
Partner Flat-Bench Back Extension,Flat Bench Hyperextension,0.5289,"The partner bench back extensionis a clever way to perform this exercise, which works the spinal erectors in the lower back. There are machines and angled apparatus that allow this exercise to performed solo; but, lacking those, all you need is a bench and a workout partner.",Strength,Lower Back,erector-spinae,Other,Beginner,,https://fitnessprogramer.com/wp-content/uploads/2021/04/Flat-Bench-Hyperextension.gif,09a8a229-21f8-4a84-8322-c8e3d1149961,7068fffc-8964-4979-801e-16c6986d2167
Keg Load,Plate Loaded Seated Row,0.2915,No description available,Strongman,Lower Back,back,Other,Beginner,,https://fitnessprogramer.com/wp-content/uploads/2022/02/Plate-Loaded-Seated-Row.gif,2a0c6f34-9cbd-4988-a416-14cf98639b80,3baa8ae6-c82b-47bf-b14c-928fa7aeafc2
Partner bench back extension,Exercise Ball Triceps Extension,0.4051,"The partner bench back extension is a clever way to target the glutes and spinal erector muscles. There are machines and angled benches that allow this exercise to be performed solo, but, lacking those, all you need is a bench and a workout partner. It is usually performed for high reps as a burnout or accessory movement for lower-body training.",Strength,Lower Back,triceps,Other,Beginner,,https://fitnessprogramer.com/wp-content/uploads/2021/08/Exercise-Ball-Supine-Triceps-Extension.gif,1b43b5ab-bde5-4ef1-85b6-52028d5c78e8,f7741646-5f3f-4da4-b335-50cdc187bb19
Rack Pull - Gethin Variation,Front Rack PVC Stretch,0.2963,"The rack pull is a variation of the deadlift performed from an elevated height, either using boxes, safety pins, or the safeties in a squat rack. It targets all the same muscles as the deadlift, including the glutes, hamstrings, upper back, lower back, and grip. It can e used to strengthen deadlift lockout, but also as a deadlift alternative for people who can’t deadlift from the floor without pain.",Strength,Lower Back,shoulders,Other,Intermediate,,https://fitnessprogramer.com/wp-content/uploads/2023/06/PVC-Front-Rack-Stretch.gif,2307ae61-105d-40be-9fcf-1d55870786c5,6695b936-2eaf-42ae-a5a5-b3184be4ece9
Hex Bar Deadlift - Gethin Variation,Trap Bar Deadlift,0.5119,"The hex bar deadlift is a variety of deadlift performed in a hexagonal barbell also known as a trap bar. The bar is held with a parallel (palms in) grip outside of the legs. It is biomechanically different from a barbell deadlift in that it lines up with a lifter’s center of gravity, rather than placing it in front of their body. The trap bar deadlift can be trained in traditional strength and muscle-focused rep range, or for higher reps. It activates all of the same muscle groups as conventional or sumo deadlifts, including the glutes, quads, hamstring, lower back, lats, upper back, and grip.",Strength,Lower Back,leg,Other,Intermediate,,https://fitnessprogramer.com/wp-content/uploads/2021/06/Trap-Bar-Deadlift.gif,13ad3eb3-020a-4624-bcba-46a11c28460a,66700117-6bbe-4be3-8787-6c8b8b22bef3
ACFT Low-handle trap bar deadlift,Trap Bar Deadlift,0.6578,"The low-handle trap bar deadlift is a variety of deadlift performed in a hexagonal barbell also known as a trap bar. This specific exercise is part of the new Army Combat Fitness Test or ACFT. The bar is held with a parallel (palms in) grip outside of the legs. It is biomechanically different from a barbell deadlift in that it lines up with a lifter's center of gravity, rather than placing the weight in front of their body. It activates all of the same muscle groups as conventional or sumo deadlifts, including the glutes, quads, hamstrings, lower back, lats, upper back, and grip.",Strength,Lower Back,leg,Other,Intermediate,,https://fitnessprogramer.com/wp-content/uploads/2021/06/Trap-Bar-Deadlift.gif,62664e76-cf13-419a-bf78-19916bd61f72,66700117-6bbe-4be3-8787-6c8b8b22bef3
Neutral-grip lat pull-down,Double Cable Neutral Grip Lat Pulldown On Floor,0.6698,"The neutral-grip lat pull-down is a variation on the lat pull-down that uses a handle with a neutral (palms facing in) grip. This arrangement helps to build lat width and target the upper lats. This movement is usually performed for moderate to high reps, such as 8-12 per set or higher, as part of an upper-body or back-focused workout.",Strength,Lower Back,back,Cable,Intermediate,,https://fitnessprogramer.com/wp-content/uploads/2021/09/Double-Cable-Neutral-Grip-Lat-Pulldown-On-Floor.gif,d8cd4887-719f-42a0-86a8-31ac01ce35a2,4d4c75cb-0c3f-4407-995f-a8b88f44d375
Seated cable deadlift,Lever Deadlift,0.5646,"The seated cable deadlift is a version of the deadlift or hip hinge movement that is performed on a seated cable row machine. Similar to a stiff-legged deadlift or 45-degree back extension, it targets the muscles of the lower back, as well as the glutes and upper back to a lesser degree. It is usually utilized in higher rep ranges, at least 8-12 reps per set, on a back-focused muscle-building day, or as a deadlift accessory lift to strengthen the lower back.",Strength,Lower Back,leg,Cable,Intermediate,,https://fitnessprogramer.com/wp-content/uploads/2021/05/Lever-Deadlift.gif,dfd0473e-2c6f-404b-957e-1df6e083e449,6eeb5fb7-6217-40cb-8f1c-f7fddbb749b6
UNS Banded Dumbbell Romanian Deadlift,Dumbbell Single Leg Deadlift,0.4594,No description available,Strength,Lower Back,erector-spinae,Cable,Intermediate,,https://fitnessprogramer.com/wp-content/uploads/2022/09/Dumbbell-Single-Leg-Deadlift.gif,163b55fc-326e-470f-8e07-b61594828fa2,250aa910-5d36-46aa-b174-4e806462ddc4
Back extension,Exercise Ball Triceps Extension,0.6294,"The back extension is an exercise used to build lower back strength that also targets the hamstrings and glutes. It is often performed on a 45-degree bench with the feet anchored. Unweighted back extensions are often performed for high reps, such as 15-20 reps or more, but the movement can also be performed with added weight in lower rep ranges, such as 8-12 reps per set.",Strength,Lower Back,triceps,Body Only,Intermediate,,https://fitnessprogramer.com/wp-content/uploads/2021/08/Exercise-Ball-Supine-Triceps-Extension.gif,1b6aaa5c-4741-4a3a-aead-fb628eb64fd8,f7741646-5f3f-4da4-b335-50cdc187bb19
Hug A Ball,Wall Ball,0.4032,No description available,Stretching,Lower Back,full-body,Body Only,Intermediate,,https://fitnessprogramer.com/wp-content/uploads/2023/01/wall-ball.gif,bcd0d952-7c6d-45e0-83ab-a935920e2fe4,c4798cba-e21b-4ad8-abfc-c7e63fdfd0a6
Child's pose,Bow Pose,0.3991,Child’s pose is a traditional yoga pose that is also popular in fitness and strength training. It targets mobility of the thoracic spine and control of the vertebral column. It can be performed for time or reps as part of a dynamic warm-up or as a mobility or restorative exercise anytime. It can also work as part of a yoga or bodyweight sequence with other poses.,Stretching,Lower Back,abs,Body Only,Intermediate,,https://fitnessprogramer.com/wp-content/uploads/2021/02/Bow-Yoga-Pose.gif,bf01101d-8650-4cd2-82b4-1c6f79df42b3,214acda1-4903-4c65-8a6c-9f5f69e5eba5
Pelvic Tilt Into Bridge,Side Bridge Hip Abduction,0.2735,No description available,Stretching,Lower Back,abs,Body Only,Intermediate,,https://fitnessprogramer.com/wp-content/uploads/2022/02/Side-Bridge-Hip-Abduction.gif,505fbf2c-04e9-4da0-babb-f7dc761366f2,e756a8e5-2a51-48b0-a2a7-e9570ee89bf7
Hug Knees To Chest,Single Knee To Chest,0.6173,No description available,Stretching,Lower Back,leg,Body Only,Intermediate,,https://fitnessprogramer.com/wp-content/uploads/2022/10/Single-Knee-To-Chest-Stretch.gif,b4767cae-ba31-41b0-80d2-876e8a2a8ede,6d4de4e5-35f1-46ec-94a3-07ffce1825b6
Pyramid,Middle Chest fly With Resistance Band,0.0334,No description available,Stretching,Lower Back,chest,Body Only,Intermediate,,https://fitnessprogramer.com/wp-content/uploads/2022/05/Middle-fly.gif,a1f30754-313f-4f42-a720-81e949737bbd,dea85b26-c284-42d1-9637-38d725688f0b
Partner Superman with alternating high-five,Band Alternating Low Row with Twist,0.3446,"The partner Superman with alternating high-five is an exercise in which both partners perform isometric holds for reps, high-fiving each other in between. It targets the muscles of the posterior chain, including the muscles of the glutes, spinal erectors, and upper back. It can be performed as part of a dynamic warm-up, or as part of a core or back-focused workout or finisher.",Strength,Lower Back,back,Body Only,Beginner,,https://fitnessprogramer.com/wp-content/uploads/2022/02/Band-Alternating-Low-Row-with-Twist.gif,cef760e8-99d0-4b75-8bd6-0f32cfcb4ea4,b8f9d090-db14-4040-b418-530712f47504
Yoga plex,Squat mobility Complex,0.1677,"The yoga plex is a stretch that combines elements of the downward facing dog yoga pose with the “world’s greatest stretch.” It is most commonly performed as part of a dynamic warm-up, to limber up muscles from head to toe, raise the body’s core temperature, and mobilize the hips, upper back, and shoulders.",Stretching,Lower Back,leg,Body Only,Intermediate,,https://fitnessprogramer.com/wp-content/uploads/2022/07/Squat-mobility-Complex.gif,05070dd7-0a5a-4fd6-9d4c-af801b84634e,171d9840-f8d1-4545-b1a1-950692fe4488
TBS Back Extension,Exercise Ball Triceps Extension,0.5375,"The back extension is an exercise used to build lower back strength that also targets the hamstrings and glutes. It is often performed on a 45-degree bench with the feet anchored. Unweighted back extensions are often performed for high reps, such as 15-20 reps or more, but the movement can also be performed with added weight in lower rep ranges, such as 8-12 reps per set.",Strength,Lower Back,triceps,Body Only,Intermediate,,https://fitnessprogramer.com/wp-content/uploads/2021/08/Exercise-Ball-Supine-Triceps-Extension.gif,eb472e5f-02d1-4a8f-b6a2-6de02f20b135,f7741646-5f3f-4da4-b335-50cdc187bb19
Lower Back Stretch - Yates Variation,Back Pec Stretch,0.444,"The lying cross-over lower back stretch is a simple bodyweight stretch targeting the lower back, hips, and torso. It involves rotating the legs while lying flat on the back. It is commonly included in dynamic warm-ups, but can also be performed as full-body mobility work anytime.",Strength,Lower Back,chest,Body Only,Intermediate,,https://fitnessprogramer.com/wp-content/uploads/2021/05/Back-Pec-Stretch.gif,fce152af-2f46-4fb4-8086-fc1c7e5f97a5,132e26a6-3d17-4773-b3a2-6ef1c501fdeb
Back Extension - Gethin Variation,Exercise Ball Triceps Extension,0.5153,"The back extension is an exercise used to build lower back strength that also targets the hamstrings and glutes. It is often performed on a 45-degree bench with the feet anchored. Unweighted back extensions are often performed for high reps, such as 15-20 reps or more, but the movement can also be performed with added weight in lower rep ranges, such as 8-12 reps per set.",Strength,Lower Back,triceps,Body Only,Intermediate,,https://fitnessprogramer.com/wp-content/uploads/2021/08/Exercise-Ball-Supine-Triceps-Extension.gif,49727c31-d97e-442a-872a-9347ef508515,f7741646-5f3f-4da4-b335-50cdc187bb19
HM Banana Stretch,Wrist Stretch,0.305,No description available,Strength,Lower Back,forearm,Body Only,Intermediate,,https://fitnessprogramer.com/wp-content/uploads/2023/03/Wrist-Stretch.gif,806a866b-01db-4e05-9cc5-cfdb9fcfa18f,cc03cfaa-2c2d-4b31-b064-02fd10010250
HM T-Spine Stretch on Wall,Corner Wall Stretch,0.4279,No description available,Stretching,Lower Back,shoulders,Body Only,Intermediate,,https://fitnessprogramer.com/wp-content/uploads/2022/07/Corner-Wall-Stretch.gif,c9403503-43f9-4695-b448-d031640d35aa,b11f4b99-3e45-4a66-a769-5b489d0b0e3c
HM Child's Pose,Bow Pose,0.3878,No description available,Strength,Lower Back,abs,Body Only,Intermediate,,https://fitnessprogramer.com/wp-content/uploads/2021/02/Bow-Yoga-Pose.gif,cfc77b08-27bd-4aea-b575-873c65f1f66c,214acda1-4903-4c65-8a6c-9f5f69e5eba5
HM Cobra With Arm Retraction,Scapular Protraction and Retraction,0.5481,No description available,Strength,Lower Back,trapezius,Body Only,Intermediate,,https://fitnessprogramer.com/wp-content/uploads/2021/10/Scapular-Protraction-and-Retraction.gif,6038ed7a-eddf-4845-88bc-0873ae3251ad,75feb98c-d1ac-4c55-b54e-ac51229aa44e
HM Dive-Bomber,Cable Rear Drive,0.108,No description available,Strength,Lower Back,triceps,Body Only,Intermediate,,https://fitnessprogramer.com/wp-content/uploads/2021/09/Cable-Rear-Drive.gif,849a5614-f0da-4088-8a63-033a7e3f3c77,7354c006-386d-4f3e-a8c6-ac2af65114ec
HM Downward-Facing Dog Pose,Frog Pose,0.2808,No description available,Strength,Lower Back,leg,Body Only,Intermediate,,https://fitnessprogramer.com/wp-content/uploads/2022/12/Frog-Pose-mandukasana.gif,e739e54e-3c40-47f6-b819-0b345eb41605,dcdd8da9-2410-4046-947d-51392f1ce878
HM Downward Dog To Left Leg Extension To Warrior Pose,Seated Banded Leg Extension,0.2816,No description available,Strength,Lower Back,leg,Body Only,Intermediate,,https://fitnessprogramer.com/wp-content/uploads/2022/07/Seated-Banded-Leg-Extension.gif,30c64ad7-8542-4dbb-8214-cfce26593b34,5943caf3-9412-41de-ac94-2cb9938ebf98
HM Downward Dog To Right Leg Extension To Warrior Pose,Seated Banded Leg Extension,0.2761,No description available,Strength,Lower Back,leg,Body Only,Intermediate,,https://fitnessprogramer.com/wp-content/uploads/2022/07/Seated-Banded-Leg-Extension.gif,0c74460a-0a4a-46ae-b39c-23b9b140c519,5943caf3-9412-41de-ac94-2cb9938ebf98
HM Spine Twist,Supine Spinal Twist,0.622,No description available,Strength,Lower Back,back,Body Only,Intermediate,,https://fitnessprogramer.com/wp-content/uploads/2022/12/Supine-Spinal-Twist.gif,9855e25a-ebc9-45f2-9c50-17b56c9b07c7,7c5bf019-7b88-4313-8a34-f346668c1d93
HM Rag Doll,Dragon Flag,0.0815,No description available,Strength,Lower Back,abs,Body Only,Intermediate,,https://fitnessprogramer.com/wp-content/uploads/2022/07/Leg-Raise-Dragon-Flag.gif,a14ea076-f3cd-45cd-aae4-6d94f0ee0c61,a11d9b9c-56e7-4d55-bfb0-469290027bdd
HM Upward-Facing Dog Pose,Dumbbell Upward Fly,0.521,No description available,Strength,Lower Back,chest,Body Only,Intermediate,,https://fitnessprogramer.com/wp-content/uploads/2021/10/Dumbbell-Upward-Fly.gif,2c5a1f37-f979-46b9-bb26-55791549ed87,97096c42-5202-4ef6-ab5f-9de2ae74c7b3
MetaBurn Alternating Superman,Seated Alternating Dumbbell Curl,0.3766,No description available,Strength,Lower Back,biceps,Body Only,Intermediate,,https://fitnessprogramer.com/wp-content/uploads/2022/06/Seated-dumbbell-alternating-curl.gif,dd12440b-903c-4005-b3a1-9bfafdb81a7e,98334714-b20d-4c97-a9d9-e544e51a0c02
MetaBurn Swimmer,Swimming,0.3762,No description available,Strength,Lower Back,back,Body Only,Intermediate,,https://fitnessprogramer.com/wp-content/uploads/2021/05/Swimming.gif,363242d3-0e30-4b68-a173-7d11fd3d3c6f,c77f3f17-950a-4a7a-90f8-0b95baf3257d
Dancer's Stretch,Wrist Stretch,0.3296,No description available,Stretching,Lower Back,forearm,Bodyweight,Beginner,,https://fitnessprogramer.com/wp-content/uploads/2023/03/Wrist-Stretch.gif,633fd762-c76f-4817-a707-843f54b25777,cc03cfaa-2c2d-4b31-b064-02fd10010250
Cat Stretch,Wrist Stretch,0.4785,No description available,Stretching,Lower Back,forearm,Bodyweight,Beginner,,https://fitnessprogramer.com/wp-content/uploads/2023/03/Wrist-Stretch.gif,3ae888a8-0404-48c8-8efb-8868ea49caf4,cc03cfaa-2c2d-4b31-b064-02fd10010250
Standing Pelvic Tilt,Standing Banded Row,0.2826,No description available,Stretching,Lower Back,back,Bodyweight,Beginner,,https://fitnessprogramer.com/wp-content/uploads/2022/05/Straight_Back-back-standing-row.gif,2da0b532-07de-429d-a943-684ca5ca9cac,c365a5eb-b63c-4d47-a649-9cf1df777249
Partner Facing Feet-Elevated Side Plank With Band Row,Ball Russian Twist throw with partner,0.3401,No description available,Strength,Middle Back,abs,Bands,Beginner,,https://fitnessprogramer.com/wp-content/uploads/2022/09/Ball-Russian-Twist-throw-with-partner.gif,869ccc2e-bad9-45a5-91ec-8605046275a5,a0b96102-09e9-4dc0-9760-e8bb089c7b9c
Partner side plank band row,Ball Russian Twist throw with partner,0.4193,The partner side plank band row is an abdominal exercise where two partners perform side planks while pulling on the opposite ends of an exercise band. This technique can be done for time or reps in any ab-focused workout.,Strength,Middle Back,abs,Bands,Intermediate,,https://fitnessprogramer.com/wp-content/uploads/2022/09/Ball-Russian-Twist-throw-with-partner.gif,d9d543a2-93f6-4d16-9210-410e7ead44bf,a0b96102-09e9-4dc0-9760-e8bb089c7b9c
Band-assisted chin-up,Assisted Chest Dip,0.6486,"The band-assisted chin-up is a variation of the pull-up exercise in which the reps are performed with the palms facing toward the body in an underhand position, with a band looped around the feet or knees. This reduces weight and resistance at the bottom of the rep, while increasing it toward the top. Like other pull-up variations, it builds strength and muscle in the upper back, biceps, and core, but it utilizes the biceps slightly more than overhand band-assisted pull-ups.",Strength,Middle Back,chest,Bands,Intermediate,,https://fitnessprogramer.com/wp-content/uploads/2021/06/Assisted-Chest-Dip.gif,93e6469d-861a-43c9-9111-ad6b8842d819,8aaf3770-c196-4464-8450-d38594003e0c
30 Back Reverse-Grip Band-Assisted Pull-Up,Assisted Reverse Stretch (Chest And Shoulder),0.6735,No description available,Strength,Middle Back,shoulders,Bands,Intermediate,,https://fitnessprogramer.com/wp-content/uploads/2022/02/Reverse-Shoulder-Stretch.gif,123366c0-dd25-4407-8c19-c6c78cfaf2f5,95540de3-8af7-4f5d-9721-f89a3680c7e1
Heavy band bent-over row,Cable Bent Over Row,0.5316,"The heavy band bent-over row is a variation of the popular barbell exercise to develop and strengthen the muscles of the upper and middle back, like the latissimus (lats), lower trapezius, and rear deltoids. It can work equally well in strength, muscle-building, or circuit-style fat-loss workouts.",Strength,Middle Back,back,Bands,Intermediate,,https://fitnessprogramer.com/wp-content/uploads/2021/09/Cable-Bent-Over-Row.gif,1e17daa1-370f-4d0a-8335-d8f7213dca5f,4e1c1a5f-ce9a-4f29-bc90-0ec82eb6d6ef
One-Arm Long Bar Row,Long Arm Crunch,0.6369,"The single-arm landmine bent-over row is a barbell exercise focused on the muscles of the middle back, such as the lats (latissimus dorsi) and rhomboids. It also targets the biceps and grip. It utilizes a landmine device which anchors one end of the barbell near the ground, but could also be approximated by placing the barbell in the corner of a room.",Strength,Middle Back,abs,Barbell,Intermediate,,https://fitnessprogramer.com/wp-content/uploads/2021/02/Long-Arm-Crunch.gif,36aba193-cfd6-41e8-a293-276a500202e6,fdf56d33-4a2d-4ce3-996a-6f5dc1af9169
Yates Row Reverse Grip,Reverse Grip Machine Row,0.6035,No description available,Strength,Middle Back,back,Barbell,Beginner,,https://fitnessprogramer.com/wp-content/uploads/2021/08/Reverse-Grip-Machine-Row.gif,79666497-1e1b-4210-80e1-061e010603d9,a96949ef-2344-4dc8-bb4c-efa7423622c5
Straight Bar Bench Mid Rows,Straight Bar Dip,0.5069,No description available,Strength,Middle Back,full-body,Barbell,Beginner,,https://fitnessprogramer.com/wp-content/uploads/2022/01/Straight-Bar-Dip.gif,cc65eb5e-ec0f-4c0a-9ec4-4a0616deb5a1,27e268e4-b829-4ddf-8c8e-679378df19fd
Barbell seal row,One-Arm Barbell Row,0.5402,"The barbell seal row is a weighted exercise targeting the muscles of the middle back, including the lats (latissimus dorsi) and rhomboids. It can be performed on a special elevated bench, on a bench placed on top of boxes or benches, or on a bench with a slight incline. The higher the bench, the greater the range of motion and stretch at the bottom of the movement. It is usually performed as an assistance movement for back strength and muscle growth, in rep ranges of 8-12 reps per set or higher.",Strength,Middle Back,back,Barbell,Intermediate,,https://fitnessprogramer.com/wp-content/uploads/2021/06/One-Arm-Barbell-Row-.gif,194dfd94-ada6-474b-b8db-05bced078e15,0a5117aa-0455-4a5d-9f73-7ca67380190e
Yates Row,Dumbbell Row,0.2203,No description available,Strength,Middle Back,back,Barbell,Beginner,,https://fitnessprogramer.com/wp-content/uploads/2021/02/Dumbbell-Row.gif,26d922dc-225e-48c9-a536-f2d4ed3dd01a,1f92fb46-9209-4e46-ae09-323a5b0fc443
Plate Row,Plate Loaded Seated Row,0.5412,No description available,Strength,Middle Back,back,Barbell,Beginner,,https://fitnessprogramer.com/wp-content/uploads/2022/02/Plate-Loaded-Seated-Row.gif,84bf4a99-2c96-44bd-8aaf-94ebdbb8eb5e,3baa8ae6-c82b-47bf-b14c-928fa7aeafc2
Barbell Deadlift Bent Row Complex,Squat mobility Complex,0.4104,"The barbell deadlift bent-over row complex combines two movements to target the posterior chain. It requires using a lighter weight than you could handle for heavy deadlifts alone, but doubles down on activation in the upper back, lower back, and glutes.",Strength,Middle Back,leg,Barbell,Beginner,,https://fitnessprogramer.com/wp-content/uploads/2022/07/Squat-mobility-Complex.gif,0c32c0e2-ff9f-4a18-95ff-ff8b86bf0130,171d9840-f8d1-4545-b1a1-950692fe4488
TBS T-Bar Row,Lever T-Bar Row,0.4674,No description available,Strength,Middle Back,back,Barbell,Intermediate,,https://fitnessprogramer.com/wp-content/uploads/2021/02/Lever-T-bar-Row.gif,a9ef9823-0d5f-4c1d-986d-64b5647ff256,d110d325-7b99-48ad-899a-ef8e09156e36
TBS Deficit Deadlift,Lever Deadlift,0.4114,The barbell deficit deadlift is a compound exercise targeting the posterior chain.,Strength,Middle Back,leg,Barbell,Intermediate,,https://fitnessprogramer.com/wp-content/uploads/2021/05/Lever-Deadlift.gif,7d99ae05-613c-4b33-b77f-f65f69f15afc,6eeb5fb7-6217-40cb-8f1c-f7fddbb749b6
Bent-Over Barbell Row - Gethin Variation,Cable Bent Over Row,0.5555,"The barbell bent-over row is a compound exercise used to build strength and size in both the lower and upper back. It targets nearly all of the muscles in the back, but particularly the lats, rhomboids, and lower back. It is commonly utilized as an accessory movement for the deadlift in powerlifting, but is also popular in strength and muscle-focused upper-body workouts.",Strength,Middle Back,back,Barbell,Intermediate,,https://fitnessprogramer.com/wp-content/uploads/2021/09/Cable-Bent-Over-Row.gif,1b3be9aa-e034-49f0-aab0-dc84e8c74e30,4e1c1a5f-ce9a-4f29-bc90-0ec82eb6d6ef
UN Barbell Rack Pull,Barbell Pullover,0.4134,No description available,Strength,Middle Back,back,Barbell,Intermediate,,https://fitnessprogramer.com/wp-content/uploads/2021/04/Barbell-Bent-Arm-Pullover.gif,4efc6b4b-b56b-4a1b-9f30-ee355e0f7a65,81181883-66ea-436f-98a8-553322cf9134
UN Barbell Scrape The Rack,Barbell Lunge,0.255,No description available,Strength,Middle Back,leg,Barbell,Intermediate,,https://fitnessprogramer.com/wp-content/uploads/2021/05/Barbell-Lunge.gif,5442f4a3-a330-4059-9b37-3d5139787baa,15471ab3-d77c-4935-b839-19e341c2c0c0
Barbell deadlift bent-over row complex,Lever Deadlift,0.412,"The barbell deadlift bent-over row complex combines two movements to target the posterior chain. It requires using a lighter weight than you could handle for heavy deadlifts alone, but doubles down on activation in the upper back, lower back, and glutes.",Strength,Middle Back,leg,Barbell,Intermediate,,https://fitnessprogramer.com/wp-content/uploads/2021/05/Lever-Deadlift.gif,cd2f22e0-fcde-48a8-b8d9-2bcca57017bd,6eeb5fb7-6217-40cb-8f1c-f7fddbb749b6
30 Back Barbell Deadlift,Lever Deadlift,0.5483,No description available,Strength,Middle Back,leg,Barbell,Intermediate,,https://fitnessprogramer.com/wp-content/uploads/2021/05/Lever-Deadlift.gif,d9b7e3c5-6058-43f7-aaf7-9ddd691b809b,6eeb5fb7-6217-40cb-8f1c-f7fddbb749b6
30 Back T-Bar Row,Lever T-Bar Row,0.4862,No description available,Strength,Middle Back,back,Barbell,Intermediate,,https://fitnessprogramer.com/wp-content/uploads/2021/02/Lever-T-bar-Row.gif,16b04327-58d5-4728-a9bf-d32f4c994304,d110d325-7b99-48ad-899a-ef8e09156e36
30 Back Underhand Bent-Over Barbell Row,EZ Bar Underhand Press,0.6588,No description available,Strength,Middle Back,shoulders,Barbell,Intermediate,,https://fitnessprogramer.com/wp-content/uploads/2021/06/EZ-Bar-Underhand-Press.gif,ec340fb0-c481-4cda-9d0e-894b78036c0e,d53c437d-27e6-4b4c-a908-f6f9aedc81eb
Alternating Kettlebell Row,Seated Alternating Dumbbell Curl,0.5456,No description available,Strength,Middle Back,biceps,Kettlebells,Intermediate,,https://fitnessprogramer.com/wp-content/uploads/2022/06/Seated-dumbbell-alternating-curl.gif,3d1b187c-4bc7-436f-b5b7-78fc46f924e9,98334714-b20d-4c97-a9d9-e544e51a0c02
Two-Arm Kettlebell Row,One Arm Kettlebell Swing,0.5662,No description available,Strength,Middle Back,full-body,Kettlebells,Beginner,,https://fitnessprogramer.com/wp-content/uploads/2022/07/One-Arm-Kettlebell-Swing.gif,04698e2b-1821-41ea-beb9-ece965e9f367,49862e3f-6ea5-4b66-9c54-984cd1f11b7c
UP Deficit Kettlebell Stiff-Legged Deadlift,Stiff Leg Deadlift,0.5676,"The kettlebell deficit deadlift is a more advanced version of the kettlebell deadlift movement that is performed standing on steps or boxes. It can be done to build strength or hip mobility for squats or deadlifts, in high reps or in more traditional strength and muscle-focused rep ranges.",Strength,Middle Back,erector-spinae,Kettlebells,Intermediate,,https://fitnessprogramer.com/wp-content/uploads/2022/01/Stiff-Leg-Deadlift.gif,d5a812b6-1089-4979-a78d-00e5d740b423,867afdb7-775b-4d46-a38d-692629eabd3b
FYR2 Dagger-Grip Double-Kettlebell Gorilla Row,Double Arm Dumbbell Curl,0.2891,No description available,Strength,Middle Back,biceps,Kettlebells,Intermediate,,https://fitnessprogramer.com/wp-content/uploads/2022/04/Double-Arm-Dumbbell-Curl.gif,a70c4527-0126-41fc-a9df-81c75b040eda,9a0b4f7b-ed5a-4617-b0c0-0076c5b8d54f
FYR2 Double-Kettlebell Swing Clean,One Arm Kettlebell Swing,0.5851,No description available,Strength,Middle Back,full-body,Kettlebells,Intermediate,,https://fitnessprogramer.com/wp-content/uploads/2022/07/One-Arm-Kettlebell-Swing.gif,20c8fc14-2452-47c3-b92b-5fc7ccb3cdc7,49862e3f-6ea5-4b66-9c54-984cd1f11b7c
Single-arm kettlebell row-,One Arm Kettlebell Swing,0.5788,"The single-arm kettlebell row is a popular muscle- and strength-building exercise that works the muscles of the back and core simultaneously. It has all the same benefits as a single-arm dumbbell row, but some people find a kettlebell more comfortable to hold during the movement.",Strength,Middle Back,full-body,Kettlebells,Intermediate,,https://fitnessprogramer.com/wp-content/uploads/2022/07/One-Arm-Kettlebell-Swing.gif,2ad5920f-3f96-4425-b547-058851eab58c,49862e3f-6ea5-4b66-9c54-984cd1f11b7c
FYR2 Ascending-Rep Swing-Squat Complex,Squat mobility Complex,0.3783,No description available,Strength,Middle Back,leg,Kettlebells,Intermediate,,https://fitnessprogramer.com/wp-content/uploads/2022/07/Squat-mobility-Complex.gif,a3759108-d73e-4e5b-9314-74a92472efe8,171d9840-f8d1-4545-b1a1-950692fe4488
Bent Over Two-Dumbbell Row With Palms In,Dumbbell Standing Palms In Press,0.4999,No description available,Strength,Middle Back,shoulders,Dumbbell,Beginner,,https://fitnessprogramer.com/wp-content/uploads/2021/09/Dumbbell-Standing-Palms-In-Press.gif,31c5d0ce-2b06-49a3-96fa-6ba2fe8538d8,d47c32be-1913-4330-803b-c3792d082d3b
Man-maker,Manual Treadmill,0.0953,"The man-maker is a sequence of exercises combining a dumbbell front squat, military press, renegade row, and sprawl. Between these movements it challenges muscles across the body, along with the cardiovascular system. It can be performed for rounds or for time as a single full-body exercise or as part of a fat-loss or athleticism-focused workout.",Strength,Middle Back,cardio,Dumbbell,Intermediate,,https://fitnessprogramer.com/wp-content/uploads/2021/06/Assault-Air-Runner.gif,7ae62117-15fa-4659-ad0c-6e876420e5a0,6c8956c0-36bb-4ed5-82fc-6d6778ba1d1c
Middle Back Shrug,Middle Chest fly With Resistance Band,0.4726,No description available,Strength,Middle Back,chest,Dumbbell,Beginner,,https://fitnessprogramer.com/wp-content/uploads/2022/05/Middle-fly.gif,72a1bb31-4ac3-4781-9e0c-05171114f544,dea85b26-c284-42d1-9637-38d725688f0b
Dumbbell Seal Row - Gethin Variation,Dumbbell Row,0.5484,"The dumbbell seal row is a weighted exercise targeting the muscles of the middle back, including the lats (latissimus dorsi) and rhomboids. It can be performed on a special elevated bench, on a bench placed on top of boxes or benches, or on a bench with a slight incline. The higher the bench, the greater the range of motion and stretch at the bottom of the movement. It is usually performed as an assistance movement for back strength and muscle growth, in rep ranges of 8-12 reps per set or higher.",Strength,Middle Back,back,Dumbbell,Intermediate,,https://fitnessprogramer.com/wp-content/uploads/2021/02/Dumbbell-Row.gif,d84b20c6-e2d1-4528-ae3a-608529a746c2,1f92fb46-9209-4e46-ae09-323a5b0fc443
TBS Bent-Over Dumbbell Row,Cable Bent Over Row,0.5923,"The dumbbell bent-over row is a popular exercise to develop and strengthen the muscles of the upper and middle back, like the latissimus (lat), lower trapezius, and rear deltoids. It can work equally well in strength, muscle-building, or circuit-style fat-loss workouts.",Strength,Middle Back,back,Dumbbell,Intermediate,,https://fitnessprogramer.com/wp-content/uploads/2021/09/Cable-Bent-Over-Row.gif,e2e9ffd7-333b-45b2-8353-c8c11d3f9e52,4e1c1a5f-ce9a-4f29-bc90-0ec82eb6d6ef
HM Alternating Bent-Over Quick Row,Band Alternating Low Row with Twist,0.4334,No description available,Strength,Middle Back,back,Dumbbell,Intermediate,,https://fitnessprogramer.com/wp-content/uploads/2022/02/Band-Alternating-Low-Row-with-Twist.gif,c6971f4c-912a-43d2-930b-11c41fc3f934,b8f9d090-db14-4040-b418-530712f47504
AM Single Arm Row,Single Arm Push-up,0.6466,"The single-arm bench dumbbell row is a popular exercise for building the latissimus dorsi, or lat, muscles of the back. The bench is used for support during the rowing motion.",Strength,Middle Back,triceps,Dumbbell,Intermediate,,https://fitnessprogramer.com/wp-content/uploads/2021/09/Single-Arm-Push-up.gif,48d6e580-de59-42ad-aeff-b28615d976b7,f38f07ce-2322-41ca-b7f6-c9b26c639508
Single-arm bench dumbbell row,Dumbbell Row,0.5866,"The single-arm bench dumbbell row is a popular exercise for building the latissimus dorsi, or lat, muscles of the back. The bench is used for support during the rowing motion.",Strength,Middle Back,back,Dumbbell,Intermediate,,https://fitnessprogramer.com/wp-content/uploads/2021/02/Dumbbell-Row.gif,6e49c9ef-70f7-4615-9087-40acbf91bdaf,1f92fb46-9209-4e46-ae09-323a5b0fc443
UN Dumbbell RDL,Dumbbell V-up,0.4312,No description available,Strength,Middle Back,abs,Dumbbell,Intermediate,,https://fitnessprogramer.com/wp-content/uploads/2021/10/Dumbbell-V-up.gif,382d3440-f081-4f7e-a6f1-789142932372,a76d8e2a-9efb-483d-a8f0-f61498c2f4ec
MetaBurn Bent-Over Renegade Row,Dumbbell Renegade Row,0.6246,No description available,Strength,Middle Back,back,Dumbbell,Intermediate,,https://fitnessprogramer.com/wp-content/uploads/2021/01/dumbbell-renegade-row-1.gif,00b9ca6a-8d65-4e39-a46e-1bfc120c429d,2dc60d76-ae99-4710-bc00-d448a60ee821
30 Back Bent-Over Dumbbell Row,Cable Bent Over Row,0.5992,No description available,Strength,Middle Back,back,Dumbbell,Intermediate,,https://fitnessprogramer.com/wp-content/uploads/2021/09/Cable-Bent-Over-Row.gif,eba6134c-89c4-4646-baba-884d32d38bd3,4e1c1a5f-ce9a-4f29-bc90-0ec82eb6d6ef
30 Back Dumbbell Pull-Over,Dumbbell Pullover,0.5123,No description available,Strength,Middle Back,chest,Dumbbell,Intermediate,,https://fitnessprogramer.com/wp-content/uploads/2021/02/Dumbbell-Pullover.gif,ec5addf8-456f-47bf-8442-123fcad3b370,64c151cc-5799-46b7-aadc-3ede821b53e5
30 Back Incline Dumbbell Row,Dumbbell Incline T-Raise,0.6682,No description available,Strength,Middle Back,shoulders,Dumbbell,Intermediate,,https://fitnessprogramer.com/wp-content/uploads/2021/09/Dumbbell-Incline-T-Raise.gif,0a4c54aa-c9b1-4ac6-847b-26cd14933202,706b314d-76c2-48f9-97db-e752c894d44d
30 Back Single-Arm Dumbbell Row,Dumbbell Row,0.5869,No description available,Strength,Middle Back,back,Dumbbell,Intermediate,,https://fitnessprogramer.com/wp-content/uploads/2021/02/Dumbbell-Row.gif,0ab4dd5c-611e-496e-a1ae-f9e32e02bd91,1f92fb46-9209-4e46-ae09-323a5b0fc443
30 Back Single-Arm Dumbbell Swing Row,Dumbbell Row,0.4947,No description available,Strength,Middle Back,back,Dumbbell,Intermediate,,https://fitnessprogramer.com/wp-content/uploads/2021/02/Dumbbell-Row.gif,d582ba1c-c94c-45be-aa4b-6acce8c70d3f,1f92fb46-9209-4e46-ae09-323a5b0fc443
T-Bar Row with Handle,Lever T-Bar Row,0.3169,No description available,Strength,Middle Back,back,Other,Intermediate,,https://fitnessprogramer.com/wp-content/uploads/2021/02/Lever-T-bar-Row.gif,4427369c-4af8-437a-8c42-d9381c6a1516,d110d325-7b99-48ad-899a-ef8e09156e36
Alternating sit-through with crunch,Dumbbell Pull Through,0.4815,"The alternating sit-through with crunch is a full-body movement that starts in a bear crawl position and ends with a leg kicked out to the side. In between reps, you perform a crunch. It is commonly performed for reps or time in bodyweight circuits and animal-style flows, but can also work on its own or as part of a dynamic warm-up or mobility sequence.",Strength,Middle Back,leg,Other,Intermediate,,https://fitnessprogramer.com/wp-content/uploads/2022/10/Dumbbell-Pull-Through.gif,8f419088-f61b-425f-bc6d-054b335a7eaa,6f11ebfc-6925-40ba-9a49-9018351b7d48
Seated Cable Rows,Seated Cable Rope Row,0.5858,"The cable seated row is a popular exercise to train the muscles of the upper back, including the lats (latissimus dorsi), traps, rhomboids, and rear deltoids, using a cable stack. It also targets the biceps to a lesser degree. The cable row can work well in a variety of rep-ranges, but is most popular in muscle-building workouts or as an accessory movement for strength workouts.",Strength,Middle Back,back,Cable,Intermediate,,https://fitnessprogramer.com/wp-content/uploads/2021/06/Seated-Cable-Rope-Row.gif,91cc96df-5328-4845-bd1a-f0274aab9f7b,13515f5e-a593-4d0e-b642-9213274f1c1f
Lying T-Bar Row,Lever T-Bar Row,0.4663,No description available,Strength,Middle Back,back,Other,Intermediate,,https://fitnessprogramer.com/wp-content/uploads/2021/02/Lever-T-bar-Row.gif,d042cdcf-c857-4c9f-a283-12ea8328fb49,d110d325-7b99-48ad-899a-ef8e09156e36
Sled Row,Tire Sledge Hammer,0.3007,No description available,Strength,Middle Back,full-body,Other,Beginner,,https://fitnessprogramer.com/wp-content/uploads/2022/02/Tire-SledgeHammer.gif,8285688d-f498-4b5d-a6cd-bb36dd41fc5b,ba2ce6f7-d909-470f-b802-7ea68336fbe7
Paul Carter T-Bar Row,Lever T-Bar Row,0.3094,No description available,Strength,Middle Back,back,Other,Intermediate,,https://fitnessprogramer.com/wp-content/uploads/2021/02/Lever-T-bar-Row.gif,d0b3f851-4836-4355-9ef0-1db1965cbc5e,d110d325-7b99-48ad-899a-ef8e09156e36
Single-Arm Bent-Over Rear Delt Raise - Gethin Variation,Barbell Rear Delt Raise,0.5533,"The single-arm bent-over rear delt fly or rear delt raise is a popular upper-body exercise that targets the muscles on the back of the shoulder joint, specifically the rear head of the deltoid. Since pressing movements build the front and (to a lesser degree) side deltoid heads, this move is often done to promote balanced shoulder development. It is usually performed for high reps, such as 10-15 reps per set or more, as part of a shoulder or upper-body workout.",Strength,Middle Back,trapezius,Other,Intermediate,,https://fitnessprogramer.com/wp-content/uploads/2021/04/Barbell-Rear-Delt-Raise.gif,ffaf82b8-8122-434a-9cc2-24a8cf8fea2c,0b16970a-06c6-4d19-a465-1fbcd43afe95
Paul Carter Lat Pull-Down,Lat Pulldown,0.3657,"The lat pull-down is a cable-based exercise machine that’s ubiquitous in gyms around the world. This back builder is easy to learn and highly effective, allowing for variable resistance depending on where you place the pin in the stack.",Strength,Middle Back,back,Cable,Intermediate,,https://fitnessprogramer.com/wp-content/uploads/2021/02/Lat-Pulldown.gif,640599cd-8391-47a5-89af-008f17149904,634bc48b-a40e-4063-9dce-9d8686f1e401
TBS Lat Pull-Down,Lat Pulldown,0.5088,No description available,Strength,Middle Back,back,Cable,Intermediate,,https://fitnessprogramer.com/wp-content/uploads/2021/02/Lat-Pulldown.gif,b59c3eeb-3d11-4f89-a2ce-83ca65d88534,634bc48b-a40e-4063-9dce-9d8686f1e401
One-Arm Cable Read Delt Fly - Gethin Variation,Cable Rear Delt Fly,0.6006,"The single-arm bent-over cable rear delt fly is an exercise targeting the rear deltoids. It is a great way to isolate this area of the shoulder and attack each side independently. It is usually performed for moderate to high reps, at least 8-12 reps per set, as part of an upper-body or shoulder-focused workout.",Strength,Middle Back,shoulders,Cable,Intermediate,,https://fitnessprogramer.com/wp-content/uploads/2021/02/cable-rear-delt-fly.gif,a8550dc7-2623-4d71-a4ee-864f521fd167,5744718f-2277-4072-a9e8-d079d3c8bd73
UP Cable Straight-Arm Pull-Down,Rope Straight Arm Pulldown,0.615,"The straight-arm rope pull-down is a variation of the straight-arm lat pull-down performed using a cable stack machine and a rope grip. It can either be performed in an athletic upright stance, or slightly bent-over. It both stretches and contracts the muscles of the lats (latissimus dorsi) as well as providing additional activation to the other upper back muscles and the core. Because the triceps are also isometrically involved in the movement, it is usually performed for higher reps, like 8-15 reps or above.",Strength,Middle Back,back,Cable,Intermediate,,https://fitnessprogramer.com/wp-content/uploads/2021/06/Rope-Straight-Arm-Pulldown.gif,5983a64d-58b2-41e5-967b-d3fd01746d65,ba4cd88c-dd37-4864-9d39-49e09a80a206
30 Back Incline Face-Up Cable Pull-Down,Face Pull,0.5812,No description available,Strength,Middle Back,shoulders,Cable,Intermediate,,https://fitnessprogramer.com/wp-content/uploads/2021/02/Face-Pull.gif,05c6fbf3-0d35-4981-9f11-e7f8b71e759e,149d8fec-f067-4a12-b7fc-7f6402210f82
30 Back Kneeling High Cable Pull-Down,Half Kneeling High Cable Row Rope,0.5851,No description available,Strength,Middle Back,trapezius,Cable,Intermediate,,https://fitnessprogramer.com/wp-content/uploads/2021/04/Half-Kneeling-High-Cable-Row-Rope.gif,7ea54fce-aa41-495e-ae1e-4bad5e3314b1,6a7fe3b8-5c8a-4426-a041-2253ffb20aac
30 Back Leaning V-Bar Pull-Down,Leaning Cable Lateral Raise,0.4737,No description available,Strength,Middle Back,shoulders,Cable,Intermediate,,https://fitnessprogramer.com/wp-content/uploads/2021/09/Leaning-Cable-Lateral-Raise.gif,ad4ff35e-5a7b-44d1-9cac-03e6eac78406,66d65609-ee3e-4cf3-9882-0f72abb10caf
30 Back Reverse-Grip Pull-Down,Reverse Grip EZ-Bar Curl,0.5521,No description available,Strength,Middle Back,forearm,Cable,Intermediate,,https://fitnessprogramer.com/wp-content/uploads/2021/08/Reverse-Grip-EZ-Bar-Curl.gif,ea9826c8-290e-4782-9c4a-5fc66d672464,24e3cafb-014b-4b1e-aa03-9d29f07a7eac
30 Back Standing Low Cable Bar Row,Standing Banded Row,0.4966,No description available,Strength,Middle Back,back,Cable,Intermediate,,https://fitnessprogramer.com/wp-content/uploads/2022/05/Straight_Back-back-standing-row.gif,a7e4e959-dab4-40f6-8b04-fb63aa8653ea,c365a5eb-b63c-4d47-a649-9cf1df777249
30 Back Standing Low Cable Rope Row,Seated Cable Rope Row,0.5443,No description available,Strength,Middle Back,back,Cable,Intermediate,,https://fitnessprogramer.com/wp-content/uploads/2021/06/Seated-Cable-Rope-Row.gif,759e0dfd-8c1f-4f91-aad5-817a4a9a35c1,13515f5e-a593-4d0e-b642-9213274f1c1f
30 Back Straight-Arm Bar Pull-Down,Straight Bar Dip,0.5828,No description available,Strength,Middle Back,full-body,Cable,Intermediate,,https://fitnessprogramer.com/wp-content/uploads/2022/01/Straight-Bar-Dip.gif,170d5ef0-7ed4-45c8-97cf-2a6f7db5450f,27e268e4-b829-4ddf-8c8e-679378df19fd
30 Back Wide-Grip Behind-The-Head Pull-Down,EZ Bar Lying Close Grip Triceps Extension Behind Head,0.4348,No description available,Strength,Middle Back,triceps,Cable,Intermediate,,https://fitnessprogramer.com/wp-content/uploads/2022/02/EZ-Bar-Lying-Close-Grip-Triceps-Extension-Behind-Head.gif,8db9dac4-f222-4fd3-8f80-594ab33ebdd5,30e514fa-2c71-4ca1-8826-3d13ab86517f
30 Back Wide-Grip Pull-Down,Wide-Grip Reverse Bench Press,0.4083,No description available,Strength,Middle Back,chest,Cable,Intermediate,,https://fitnessprogramer.com/wp-content/uploads/2022/10/Wide-Grip-Reverse-Bench-Press.gif,d24f5f28-b605-41f7-ae49-fc36a20060f2,91ab2d2b-47ab-4b71-b875-e710a86a6592
30 back Wide-Grip Seated Cable Row,Seated Cable Rope Row,0.5443,No description available,Strength,Middle Back,back,Cable,Intermediate,,https://fitnessprogramer.com/wp-content/uploads/2021/06/Seated-Cable-Rope-Row.gif,2e4947bd-54ab-45c7-a4c2-9cb3f55e3172,13515f5e-a593-4d0e-b642-9213274f1c1f
Rower,Power Lunge,0.346,"The rower is a popular gym machine that is serious cardiovascular work, but also targets the legs, back, and arm muscles. It's a great way build overall aerobic and muscular fitness. It is popular in CrossFit-style workouts, but is also a staple in all types of gyms. It can be equally effective for HIIT-style interval workouts or for longer-duration endurance work.",Cardio,Middle Back,leg,Machine,Intermediate,,https://fitnessprogramer.com/wp-content/uploads/2023/09/power-lunge.gif,46bd163e-23fc-4d1e-879a-d3167d29a874,22f07b63-9fdb-4fc5-b572-32f00b6ec6db
Leverage High Row,Lever High Row,0.6369,The machine high row is an exercise targeting the lats and works the back overall.,Strength,Middle Back,shoulders,Machine,Beginner,,https://fitnessprogramer.com/wp-content/uploads/2023/06/Lever-High-Row.gif,227726cb-308b-4e11-8ff4-a016d571fbaf,cf16dd8b-fbed-438b-8413-4d5ca26cb12e
Machine Low Row,Machine Fly,0.6139,The machine low row is an exercise targeting the back muscles.,Strength,Middle Back,chest,Machine,Intermediate,,https://fitnessprogramer.com/wp-content/uploads/2021/05/10301301-Lever-Pec-Deck-Fly_Chest_720.gif,c2869cc5-7e08-4ae6-87d1-8ebb3b349e6f,99cc8f1a-ea7d-40d4-bb8a-13ab1ad2439d
Standing lat pull-down,Lat Pulldown,0.4764,"The standing lat pull-down is a variation of the lat pull-down performed standing next to a cable stack rather than sitting on a bench or machine. It has all of the same benefits of a lat pull-down performed on a bench or machine, in addition to providing further activation to the core and lower body. If you are too tall to perform this movement, a kneeling lat pull-down provides all of the same benefits.",Strength,Middle Back,back,Machine,Intermediate,,https://fitnessprogramer.com/wp-content/uploads/2021/02/Lat-Pulldown.gif,6183fe8c-00a5-473e-abba-99da3ec2b7f3,634bc48b-a40e-4063-9dce-9d8686f1e401
30 Back Machine Seated Row,Seated Crunch Machine,0.6581,No description available,Strength,Middle Back,abs,Machine,Intermediate,,https://fitnessprogramer.com/wp-content/uploads/2021/09/Seated-Crunch-Machine.gif,29025c69-3c14-4b1a-b21a-c182471e085e,658eea7e-081d-4307-9e7e-a82483949dc2
30 Back Smith Machine Push-Up,Smith Machine Hex Press,0.5965,No description available,Strength,Middle Back,chest,Machine,Intermediate,,https://fitnessprogramer.com/wp-content/uploads/2021/09/Smith-Machine-Hex-Press.gif,3d40a108-cf35-4771-baf1-5ebe8f3b528c,792da8ae-239a-4d3f-9fde-449343848455
Mixed Grip Chin,Close Grip Chin Up,0.4221,No description available,Strength,Middle Back,back,Body Only,Intermediate,,https://fitnessprogramer.com/wp-content/uploads/2021/04/Close-Grip-Chin-Up.gif,fddfba20-d74d-45c3-92d3-bf06014698a0,f1e93faa-a361-4b3c-aa15-bf63b0d672d7
Spinal Stretch,Supine Spinal Twist,0.5625,No description available,Stretching,Middle Back,back,Body Only,Intermediate,,https://fitnessprogramer.com/wp-content/uploads/2022/12/Supine-Spinal-Twist.gif,eb6d5b71-8992-4b6c-9fda-77ff28e3f942,7c5bf019-7b88-4313-8a34-f346668c1d93
Middle Back Stretch,Middle Chest fly With Resistance Band,0.4922,No description available,Stretching,Middle Back,chest,Body Only,Intermediate,,https://fitnessprogramer.com/wp-content/uploads/2022/05/Middle-fly.gif,9d036959-b0b2-4e05-b321-afe9de20e29b,dea85b26-c284-42d1-9637-38d725688f0b
TBS Pull-Up,L-Sit Pull-Up,0.4299,No description available,Strength,Middle Back,full-body,Body Only,Intermediate,,https://fitnessprogramer.com/wp-content/uploads/2023/06/L-Pull-Up.gif,227a71ae-4137-4ec9-984f-085e1fc0e325,a6dd99e0-a051-4c26-ac6f-e68599ca88c2
HM Angel Stretch,Wrist Stretch,0.353,No description available,Strength,Middle Back,forearm,Body Only,Intermediate,,https://fitnessprogramer.com/wp-content/uploads/2023/03/Wrist-Stretch.gif,4b5babf0-c758-449f-bd82-2d1c2355c4a3,cc03cfaa-2c2d-4b31-b064-02fd10010250
30 Back Neutral-Grip Pull-Down,Double Cable Neutral Grip Lat Pulldown On Floor,0.5831,No description available,Strength,Middle Back,back,Body Only,Intermediate,,https://fitnessprogramer.com/wp-content/uploads/2021/09/Double-Cable-Neutral-Grip-Lat-Pulldown-On-Floor.gif,1e54dbc9-2768-47e7-835f-4f375d06191c,4d4c75cb-0c3f-4407-995f-a8b88f44d375
30 Back Pull-Up,L-Sit Pull-Up,0.4407,No description available,Strength,Middle Back,full-body,Body Only,Intermediate,,https://fitnessprogramer.com/wp-content/uploads/2023/06/L-Pull-Up.gif,52352642-ca0f-4d03-b4cf-527bbbe46e30,a6dd99e0-a051-4c26-ac6f-e68599ca88c2
Clean Shrug,Dip Shrugs (Serratus Shrugs),0.6257,No description available,Olympic Weightlifting,Traps,trapezius,Barbell,Beginner,,https://fitnessprogramer.com/wp-content/uploads/2022/02/Dip-Shrugs.gif,3b84cbc9-88fb-4971-a7ab-57b388023cbd,7c3ad67d-a7f7-49bf-9723-b31e20dfc0cb
Snatch Shrug,Barbell Snatch,0.5818,No description available,Olympic Weightlifting,Traps,full-body,Barbell,Beginner,,https://fitnessprogramer.com/wp-content/uploads/2022/02/Barbell-Snatch.gif,7bf8ab6e-e839-41ad-bf62-e25e7542d9d6,c91121e8-cfce-4647-9e7a-080b4406f124
Dumbbell pull-over,Dumbbell Pullover,0.6178,"The dumbbell pull-over is a popular muscle and strength-building exercise that targets the muscles of the chest, upper back, lats, and the serratus anterior. It was a favorite of old-school bodybuilders, who believed high-rep pull-overs helped build a V-taper shape in the torso.",Strength,Traps,chest,Dumbbell,Intermediate,,https://fitnessprogramer.com/wp-content/uploads/2021/02/Dumbbell-Pullover.gif,f78423c9-669e-40e1-ac21-b580ab4afdac,64c151cc-5799-46b7-aadc-3ede821b53e5
Lying Face Down Plate Neck Resistance,Face Pull With Resistance Band,0.6203,No description available,Strength,Neck,trapezius,Other,Beginner,,https://fitnessprogramer.com/wp-content/uploads/2022/05/Face-pull.gif,426ef8a5-7733-40a5-a0c6-5e52e17fcfd1,21a5cf75-206a-4870-9f50-745c939da727
Lying Face Up Plate Neck Resistance,Face Pull With Resistance Band,0.6454,No description available,Strength,Neck,trapezius,Other,Beginner,,https://fitnessprogramer.com/wp-content/uploads/2022/05/Face-pull.gif,233b476b-45d4-4e99-a6fe-e9c6d4bfccfa,21a5cf75-206a-4870-9f50-745c939da727
Seated Head Harness Neck Resistance,Cable Seated Neck Extension with head harness,0.674,No description available,Strength,Neck,neck,Other,Beginner,,https://fitnessprogramer.com/wp-content/uploads/2022/02/Cable-Seated-Neck-Extension-with-head-harness.gif,010799ff-c96e-4d06-8634-48622fb187f2,a589bb9c-2ee0-473d-953b-e642018444a4
Leverage Shrug,Lever Shrug,0.6778,No description available,Strength,Traps,trapezius,Machine,Intermediate,,https://fitnessprogramer.com/wp-content/uploads/2021/04/Lever-Shrug.gif,f5b70c43-d4f4-40b0-963a-a21786b342e9,7d6a101f-8146-492b-bf2d-a2e67454a969
Calf-Machine Shoulder Shrug,Dip Shrugs (Serratus Shrugs),0.4706,No description available,Strength,Traps,trapezius,Machine,Beginner,,https://fitnessprogramer.com/wp-content/uploads/2022/02/Dip-Shrugs.gif,dc09a811-db79-48e2-b2a5-6ab7bb825fe5,7c3ad67d-a7f7-49bf-9723-b31e20dfc0cb
Smith machine behind-the-back shrug,Smith Machine Hex Press,0.4423,"The Smith machine behind-the-back shrug is an upper-body exercise targeting the traps (trapezius muscles). It is usually performed for moderate to high reps, such as 8-12 reps per set or more, as part of shoulder or trap-focused training.",Strength,Traps,chest,Machine,Intermediate,,https://fitnessprogramer.com/wp-content/uploads/2021/09/Smith-Machine-Hex-Press.gif,c8fecfa8-3f63-4235-bdc7-12ac0b58b1f2,792da8ae-239a-4d3f-9fde-449343848455
Smith machine upright row,Cable Upright Row,0.6028,"The Smith machine upright row is an upper-body exercise targeting the muscles of the traps and shoulders. This movement is often performed for moderate to high reps, such as 8-12 reps per set or more, as part of an upper-body or shoulder-focused workout.",Strength,Traps,trapezius,Machine,Intermediate,,https://fitnessprogramer.com/wp-content/uploads/2021/02/Cable-Upright-Row.gif,30dfacd7-5440-4b94-a120-721f4f3ecff3,edf77333-39dc-4a94-8e6a-8ceb0b88eb06
Machine low row-,Machine Fly,0.6139,"The machine low row is a popular exercise targeting the back muscles, particularly the lats (latissimus dorsi), rhomboids, and middle and lower trapezius. Machine row variations are often performed for moderate to high reps, such as 8-12 reps per set or more, as part of an upper-body or back-focused portion of a workout.",Strength,Traps,chest,Machine,Intermediate,,https://fitnessprogramer.com/wp-content/uploads/2021/05/10301301-Lever-Pec-Deck-Fly_Chest_720.gif,97172b72-3972-4e7c-bdba-0d32a6aaee70,99cc8f1a-ea7d-40d4-bb8a-13ab1ad2439d
Machine Shrug - Gethin Variation,Dip Shrugs (Serratus Shrugs),0.5124,No description available,Strength,Traps,trapezius,Machine,Intermediate,,https://fitnessprogramer.com/wp-content/uploads/2022/02/Dip-Shrugs.gif,78074cc8-8e9d-40b8-a103-5c572bcfdc6f,7c3ad67d-a7f7-49bf-9723-b31e20dfc0cb
Smith machine single-arm shrug,Smith Machine Hex Press,0.5149,"The Smith machine single-arm shrug is an upper-body exercise targeting the traps (trapezius muscles). It is usually performed for moderate to high reps, such as 8-12 reps per set or more, as part of shoulder or trap-focused training.",Strength,Traps,chest,Machine,Intermediate,,https://fitnessprogramer.com/wp-content/uploads/2021/09/Smith-Machine-Hex-Press.gif,bfcaed9b-43ec-4f89-9ad0-9f42b60f8f54,792da8ae-239a-4d3f-9fde-449343848455
Neck Bridge Prone,One Arm Prone Dumbbell Curl,0.4058,No description available,Strength,Neck,biceps,Body Only,Beginner,,https://fitnessprogramer.com/wp-content/uploads/2022/02/One-Arm-Prone-Dumbbell-Curl.gif,24927746-c9ab-4e90-a86f-6b834bff7657,08661029-d396-4ac3-b112-2b90bf6b4979
Neck-SMR,Side Push Neck Stretch,0.4142,No description available,Stretching,Neck,neck,Body Only,Intermediate,,https://fitnessprogramer.com/wp-content/uploads/2021/06/Side-Push-Neck-Stretch.gif,3069ae63-b5b1-44fa-ba26-b84bcfeb6b69,cd4ade5a-b581-485e-8283-fbf76c75d864
Single-leg depth squat,Depth Jump to Hurdle Hop,0.4219,"The single-leg depth squat is an exercise targeting the muscles of the lower body, including the quads, glutes, and hamstrings. It is sometimes used as a substitute for the pistol squat, since it doesn't demand the same level of flexibility to perform. It is usually performed for low to moderate reps with a focus on proper form and control.",Strength,Quadriceps,leg,Bands,Intermediate,,https://fitnessprogramer.com/wp-content/uploads/2023/09/Depth-Jump-to-Hurdle-Hop.gif,3526e89c-d65a-41d7-a626-8e50ee62c8cf,6187c20f-a9c0-4d10-9b5d-2524e7b7c82e
Squats - With Bands,Banded Split Squat,0.4068,No description available,Strength,Quadriceps,leg,Bands,Beginner,,https://fitnessprogramer.com/wp-content/uploads/2022/10/Banded-Split-Squat.gif,c06f3f8b-107a-4081-82f3-8545a2f048cc,285e4980-f152-4cf8-9eb6-f54570adb255
Hip Flexion with Band,Elbow Flexion,0.6387,No description available,Strength,Quadriceps,biceps,Bands,Beginner,,https://fitnessprogramer.com/wp-content/uploads/2023/06/elbow-flexion.gif,8b49d358-cbe5-49ac-989b-e5e6a87cb167,3eba03c3-6882-468e-827c-ea73c4d8509d
Forward Band Walk,Dumbbell Forward Leaning Lunge,0.4866,No description available,Strength,Quadriceps,leg,Bands,Beginner,,https://fitnessprogramer.com/wp-content/uploads/2022/09/dumbbell-forward-leaning-lunge.gif,a4a7c514-719f-40d9-9f0b-8c6bff05bb0b,d96b80f3-55ec-434d-ab76-5ae2d9e5b1d8
Boss Everline Resistance-Band Pull Sprint,Face Pull With Resistance Band,0.5014,No description available,Strength,Quadriceps,trapezius,Bands,Intermediate,,https://fitnessprogramer.com/wp-content/uploads/2022/05/Face-pull.gif,e4f975e5-4dcc-4606-ab9a-ad6d687af475,21a5cf75-206a-4870-9f50-745c939da727
Banded jump squat,Banded Split Squat,0.6638,"The banded jump squat is an explosive bodyweight squat variation performed with a band around the thighs just above the knees. This increases muscle activation in the hips and glutes, while the squat targets the quads, hamstrings, and glutes. The banded jump squat can be performed for low reps as a power-focused exercise, or for higher reps to build muscle in the lower body, challenge conditioning, and burn fat.",Strength,Quadriceps,leg,Bands,Intermediate,,https://fitnessprogramer.com/wp-content/uploads/2022/10/Banded-Split-Squat.gif,86104d93-f209-49f2-8e2a-0eae8035bbe2,285e4980-f152-4cf8-9eb6-f54570adb255
Speed Box Squat,Lateral Speed Step,0.5135,"The banded barbell box squat is a strength and power exercise targeting the lower body. It is popular in powerlifting training, either performed with light weights as a power and speed exercise, or heavier for strength. It is usually performed to a box of a height that demands the squatter to decent to around parallel.",Powerlifting,Quadriceps,cardio,Bands,Intermediate,,https://fitnessprogramer.com/wp-content/uploads/2021/05/Lateral-Speed-Step.gif,008e2bff-c694-46f0-8d4c-72c9c719994c,8fbc71f5-766c-4b5a-acc8-67a6256b91b4
HM Banded Squat Toe Tap,Banded Split Squat,0.5533,No description available,Strength,Quadriceps,leg,Bands,Intermediate,,https://fitnessprogramer.com/wp-content/uploads/2022/10/Banded-Split-Squat.gif,c12d7460-0d64-40bd-8e52-8ac5b0b8229a,285e4980-f152-4cf8-9eb6-f54570adb255
UP Band Abducted Squat,Hip Abduction Machine,0.4088,No description available,Strength,Quadriceps,leg,Bands,Intermediate,,https://fitnessprogramer.com/wp-content/uploads/2021/02/HiP-ABDUCTION-MACHINE.gif,da42e327-868e-4567-bdaa-5da6f6f87ac1,1283d32e-9074-4e2e-8e8d-34b34b96a36c
FYR2 Lateral Band Walk,Resistance Band Lateral Walk,0.6517,No description available,Strength,Quadriceps,leg,Bands,Intermediate,,https://fitnessprogramer.com/wp-content/uploads/2022/02/Resistance-Band-Lateral-Walk.gif,8ef54a65-1d3f-4d4b-abf5-1dd0b9c3e8f1,33055719-7dcc-4599-bce6-5a1f0d71d77e
FYR2 Banded Squat Hold-Pulse-Jump Complex,Squat mobility Complex,0.427,No description available,Strength,Quadriceps,leg,Bands,Intermediate,,https://fitnessprogramer.com/wp-content/uploads/2022/07/Squat-mobility-Complex.gif,1b2236eb-701d-47da-aee3-a09c11e4e075,171d9840-f8d1-4545-b1a1-950692fe4488
Band front squat,Kettlebell Front Squat,0.6055,"The band front squat is a popular exercise for targeting the muscles of the lower body, including the quadriceps, glutes, and hamstrings. Holding band in the racked position also works the core and upper-back muscles to maintain posture while the lower body moves. Because the tension of the band changes as it stretches, the resistance more closely matches the natural strength curve of the squat. This movement is usually performed for moderate to high reps, at least 8-12 reps per set or more. If this movement hurts your knees, try performing it with a wider stance.",Strength,Quadriceps,leg,Bands,Intermediate,,https://fitnessprogramer.com/wp-content/uploads/2022/10/Kettlebell-front-squat.gif,e2f0dad3-10cc-4eee-8f84-9dde0fbfb90b,e9303176-95ee-4fca-adab-04b2b62edf19
Squat hold with band pull-apart,Resistance Band Pull Apart,0.5682,"The squat hold with band pull-apart is a combination of the squat hold and band pull-apart. It involves holding the squat position with the thighs at or below parallel to the ground while performing a band pull-apart. The band pull-apart is an exercise targeting the upper back muscles, including the trapezius, rear delts, and rhomboids. The squat hold band pull-apart can be performed for mobility purposes or to increase time under tension on lower-body muscles including the quads, glutes, and hamstrings.",Strength,Quadriceps,trapezius,Bands,Intermediate,,https://fitnessprogramer.com/wp-content/uploads/2022/12/Resistance-Band-Pull-Apart.gif,11830e51-ba27-4925-be7f-b94ebd435e21,94fec8d9-09e7-43b1-9067-d862f6e489cf
Banded squat toe tap,Banded Split Squat,0.5709,"The banded squat toe tap is a banded variation on the classic bodyweight squat, but with a lateral toe tap to add extra focus to the stabilizer muscles around the hips. It can be performed for time or for reps as part of a dynamic warm-up for the lower body, or in any lower-body portion of a workout.",Strength,Quadriceps,leg,Bands,Intermediate,,https://fitnessprogramer.com/wp-content/uploads/2022/10/Banded-Split-Squat.gif,87583574-592a-426c-9279-ac02237bf122,285e4980-f152-4cf8-9eb6-f54570adb255
Clean from Blocks,Barbell Clean and Press,0.3038,No description available,Olympic Weightlifting,Quadriceps,shoulders,Barbell,Beginner,,https://fitnessprogramer.com/wp-content/uploads/2021/04/Barbell-Clean-and-Press-.gif,289ed885-32db-4fef-8d53-b2d39c057c62,2f3ffb1c-0668-409c-970e-b54f7d7ec2b0
Barbell Full Squat,Barbell Jump Squat,0.6036,"The barbell back squat is a popular compound movement that emphasizes building the lower-body muscle groups and overall strength. It's the classic way to start a leg day, and is a worthy centerpiece to a lower-body training program. The squat is a competitive lift in the sport of powerlifting, but is also a classic measurement of lower-body strength. With the barbell racked on the traps or upper back, the emphasis is placed on the posterior chain but the entire body gets worked. The back squat can be trained in everything from heavy singles to sets of 20 reps or higher.",Strength,Quadriceps,leg,Barbell,Intermediate,,https://fitnessprogramer.com/wp-content/uploads/2023/01/Barbell-Jump-Squat.gif,46b72e94-5b76-4b4e-b7fd-7e4e146d06bb,01935d80-eca9-4252-b639-b7d810cf5f37
Barbell back squat to box,Barbell Jump Squat,0.5912,"The barbell back squat to box is a popular version of a classic lower-body exercise that utilizes a box at the bottom position of the movement. This allows the lifter to customize the depth of the squat, as well as limit the stretch reflex at the bottom of the squat. The movement targets the quadriceps, glutes, and hamstrings. The squat to box can be performed for low reps to build strength or power, or for higher reps to build muscle.",Powerlifting,Quadriceps,leg,Barbell,Intermediate,,https://fitnessprogramer.com/wp-content/uploads/2023/01/Barbell-Jump-Squat.gif,6cb46cb0-7db8-43dc-8181-359bea98d8ec,01935d80-eca9-4252-b639-b7d810cf5f37
Olympic Squat,Pin Squat,0.2039,No description available,Olympic Weightlifting,Quadriceps,leg,Barbell,Beginner,,https://fitnessprogramer.com/wp-content/uploads/2023/05/Pin-Squat.gif,0bdab0ef-2660-4b84-9cad-eae7af7658a7,40e8f867-df8f-43e2-86e7-ea3c819d1292
Narrow-stance squat,Narrow Grip Wall Push-Up,0.5251,"The narrow-stance squat is an exercise that targets the lower body with an emphasis on the quads. Many people will find they can't go as deep in a narrow-stance squat as with a wider squat, which is normal. The narrow-stance squat can be performed for time or reps in any workout.",Strength,Quadriceps,chest,Barbell,Expert,,https://fitnessprogramer.com/wp-content/uploads/2021/06/Narrow-Grip-Wall-Push-Up.gif,a708f25d-dfab-4cc5-ae15-f208737faf9a,15862f22-744b-47da-bbcf-a9c65e484790
Box Squat with Bands,Bodyweight Box Squat,0.4381,No description available,Powerlifting,Quadriceps,leg,Barbell,Beginner,,https://fitnessprogramer.com/wp-content/uploads/2022/07/Bodyweight-Box-Squat.gif,e4881c3a-a09f-4fde-97b3-7ec37ffab81a,69b0e3dc-6a8c-48f8-b21b-35344273d03b
Weighted Jump Squat,Weighted One Arm Pull-up,0.5475,No description available,Strength,Quadriceps,back,Barbell,Beginner,,https://fitnessprogramer.com/wp-content/uploads/2022/01/Weighted-One-Arm-Pull-up.gif,d723579b-ea89-45fb-b97f-37ca8d4d37ce,e63af0a7-b130-4082-91df-a731e97d7b52
Squat with Chains,Pin Squat,0.3038,No description available,Powerlifting,Quadriceps,leg,Barbell,Beginner,,https://fitnessprogramer.com/wp-content/uploads/2023/05/Pin-Squat.gif,fc751d76-8d39-4797-a2ba-c79b907cdcf8,40e8f867-df8f-43e2-86e7-ea3c819d1292
Barbell forward lunge,Dumbbell Forward Leaning Lunge,0.6687,"The barbell forward lunge is a popular lower-body exercise targeting the quads, glutes, and hamstrings. Using a barbell allows you to overload the exercise beyond body weight and perform the movement in strength or muscle-focused rep ranges. The forward lunge can be performed as part of a barbell complex, in a circuit, or on its own in the lower-body portion of any workout.",Strength,Quadriceps,leg,Barbell,Expert,,https://fitnessprogramer.com/wp-content/uploads/2022/09/dumbbell-forward-leaning-lunge.gif,9905eb48-4130-4776-9060-f705cb8e7cdf,d96b80f3-55ec-434d-ab76-5ae2d9e5b1d8
Smith machine box squat,Smith Machine Hex Press,0.6031,"The Smith machine box squat is a machine-based exercise targeting the quads, glutes, and hamstrings. The Smith machine mimics a barbell but provides more stability. This movement can be programmed in low reps for strength or power or higher reps for muscle and strength endurance. It is often performed for moderate to high reps, such as 8-12 reps per set or more, as part of a full-body or lower-body workout.",Strength,Quadriceps,chest,Barbell,Intermediate,,https://fitnessprogramer.com/wp-content/uploads/2021/09/Smith-Machine-Hex-Press.gif,1c4ceb63-6406-4c27-814d-b3bce1967646,792da8ae-239a-4d3f-9fde-449343848455
Hang Clean - Below the Knees,Dead Hang,0.3099,No description available,Olympic Weightlifting,Quadriceps,back,Barbell,Beginner,,https://fitnessprogramer.com/wp-content/uploads/2021/02/dead-hang-360x360.png,f8a506ba-cae0-4f09-b583-4a92bb9adbea,33d7ef85-98ad-4d98-a7fc-b891091ddbd3
Split Jerk,Split Jacks,0.5238,No description available,Olympic Weightlifting,Quadriceps,cardio,Barbell,Beginner,,https://fitnessprogramer.com/wp-content/uploads/2021/09/Split-Jacks.gif,9f692aa5-515f-4b17-9a3f-ae5d7945ef07,60caa840-bb20-41c6-a12a-244f758cced1
Push-jerk,Kettlebell Clean and Jerk,0.4858,"The push-jerk is a movement in which the barbell is pushed from the front rack position to overhead with help from the legs. It differs from the push-press in that the lifter dips under the bar rather than simply pushing it up. It is popular in CrossFit workouts and Olympic weightlifting, as well as power training for athletics. It is usually performed for low reps, focusing on power and movement quality.",Olympic Weightlifting,Quadriceps,shoulders,Barbell,Intermediate,,https://fitnessprogramer.com/wp-content/uploads/2021/06/Kettlebell-Clean-and-Jerk.gif,46534cdb-f1e6-4466-b6b2-95e994cc13fa,333eb782-0876-47b1-bfc3-4bdee70ba0f4
Jerk Dip Squat,Kettlebell Clean and Jerk,0.4105,No description available,Olympic Weightlifting,Quadriceps,shoulders,Barbell,Beginner,,https://fitnessprogramer.com/wp-content/uploads/2021/06/Kettlebell-Clean-and-Jerk.gif,ef2db073-fd76-41e8-9ce9-87fdab1b0ed4,333eb782-0876-47b1-bfc3-4bdee70ba0f4
Frankenstein Squat,Pin Squat,0.1853,No description available,Olympic Weightlifting,Quadriceps,leg,Barbell,Beginner,,https://fitnessprogramer.com/wp-content/uploads/2023/05/Pin-Squat.gif,38db0f53-d195-46fd-b94e-ccf6dbbfd834,40e8f867-df8f-43e2-86e7-ea3c819d1292
Barbell speed squat,Barbell Jump Squat,0.544,"The barbell speed squat targets the lower-body muscle groups using lighter weights to perform fast-paced back squats. Speed squats are popular in certain powerlifting training methodologies as a way to engrain form and lifting speed that can carry over to max-effort lifts. In this approach, they are usually performed in numerous sets of 3-5 reps with adequate rest in between. Speed squats are also sometimes performed with bands or chains adding extra resistance to the top half of the lift.",Strength,Quadriceps,leg,Barbell,Intermediate,,https://fitnessprogramer.com/wp-content/uploads/2023/01/Barbell-Jump-Squat.gif,0754e05a-6e00-4494-8574-9887fc4cd2af,01935d80-eca9-4252-b639-b7d810cf5f37
Barbell Squat To A Bench,Barbell Jump Squat,0.6226,"The barbell back squat to box takes a classic compound exercise for developing the lower body and adds the box element. Muscles worked include the quads, hips, glutes, and upper hamstrings.",Strength,Quadriceps,leg,Barbell,Intermediate,,https://fitnessprogramer.com/wp-content/uploads/2023/01/Barbell-Jump-Squat.gif,d58747bc-0349-4959-8a16-17538b5bc3de,01935d80-eca9-4252-b639-b7d810cf5f37
Clean Pull,Barbell Clean and Press,0.5333,No description available,Olympic Weightlifting,Quadriceps,shoulders,Barbell,Beginner,,https://fitnessprogramer.com/wp-content/uploads/2021/04/Barbell-Clean-and-Press-.gif,956cd4b9-d4c5-4ac5-a68f-eeba407cda25,2f3ffb1c-0668-409c-970e-b54f7d7ec2b0
Split Clean,Split Jacks,0.5534,No description available,Olympic Weightlifting,Quadriceps,cardio,Barbell,Beginner,,https://fitnessprogramer.com/wp-content/uploads/2021/09/Split-Jacks.gif,1f0928d1-df50-4d64-a694-d31802f40bec,60caa840-bb20-41c6-a12a-244f758cced1
Close-stance dumbbell front squat,Close-Grip Dumbbell Press,0.4972,"The close-stance dumbbell front squat is a popular exercise for targeting the muscles of the lower body, the quadriceps in particular. Holding dumbbells in the racked position also works the core and upper-back muscles to maintain posture while the lower body moves. Because the amount of weight you can use will be limited by what you can clean to the rack position, this movement is usually performed for moderate to high reps, at least 8-12 reps per set or more. If this movement hurts your knees, try performing it with a wider stance.",Strength,Quadriceps,triceps,Barbell,Intermediate,,https://fitnessprogramer.com/wp-content/uploads/2021/10/Close-Grip-Dumbbell-Press.gif,4d5a9508-d999-4148-9537-a7ae6c6b9397,7c957a16-ecf7-471c-a2b7-427fa5338f90
Barbell front squat to back squat,Barbell Jump Squat,0.6419,"The barbell front squat to back squat is a complex that combines two fundamental barbell squat movements with a press in between to build overall strength, coordination, and endurance. This combo hits every muscle in the lower body, but also seriously challenges the upper-body musculature to control and transition the weight.",Strength,Quadriceps,leg,Barbell,Intermediate,,https://fitnessprogramer.com/wp-content/uploads/2023/01/Barbell-Jump-Squat.gif,6312cad2-d16c-4c34-9f66-daa0bbc91673,01935d80-eca9-4252-b639-b7d810cf5f37
Squat Jerk,Kettlebell Clean and Jerk,0.4722,No description available,Strength,Quadriceps,shoulders,Barbell,Beginner,,https://fitnessprogramer.com/wp-content/uploads/2021/06/Kettlebell-Clean-and-Jerk.gif,9b4e6e9b-ee60-426d-b6a6-cc69328b4abd,333eb782-0876-47b1-bfc3-4bdee70ba0f4
Barbell Front-To-Back Squat,Barbell Jump Squat,0.5717,"The barbell front squat to back squat is a complex that combines two fundamental barbell squat movements with a press in between to build overall strength, coordination, and endurance. This combo hits every muscle in the lower body, but also seriously challenges the upper-body musculature to control and transition the weight.",Strength,Quadriceps,leg,Barbell,Intermediate,,https://fitnessprogramer.com/wp-content/uploads/2023/01/Barbell-Jump-Squat.gif,19de7775-8c81-4601-ba68-605dc8133b60,01935d80-eca9-4252-b639-b7d810cf5f37
Box Squat with Chains,Bodyweight Box Squat,0.3581,No description available,Strength,Quadriceps,leg,Barbell,Beginner,,https://fitnessprogramer.com/wp-content/uploads/2022/07/Bodyweight-Box-Squat.gif,868f8ecd-0f26-4361-87fb-a8b7301665a5,69b0e3dc-6a8c-48f8-b21b-35344273d03b
Snatch from Blocks,Barbell Snatch,0.4418,No description available,Olympic Weightlifting,Quadriceps,full-body,Barbell,Beginner,,https://fitnessprogramer.com/wp-content/uploads/2022/02/Barbell-Snatch.gif,9832ea25-c2c2-4067-813f-40a79b73efe4,c91121e8-cfce-4647-9e7a-080b4406f124
Power Snatch from Blocks,Power Lunge,0.3903,No description available,Olympic Weightlifting,Quadriceps,leg,Barbell,Beginner,,https://fitnessprogramer.com/wp-content/uploads/2023/09/power-lunge.gif,aa98da67-0e61-4ae7-8368-7dab66e8a749,22f07b63-9fdb-4fc5-b572-32f00b6ec6db
Barbell step-down reverse lunge,Barbell Lunge,0.6092,"The barbell step-down reverse lunge is an exercise targeting the lower body, particularly the glutes and hamstrings. The front foot is slightly elevated during this movement, making the subsequent step-down more pronounced and difficult. These are usually performed for time or for relatively high reps, such as 10 reps or more per set.",Strength,Quadriceps,leg,Barbell,Intermediate,,https://fitnessprogramer.com/wp-content/uploads/2021/05/Barbell-Lunge.gif,413d47f4-b238-4aa5-a910-14324d508f70,15471ab3-d77c-4935-b839-19e341c2c0c0
Squat with Bands,Banded Split Squat,0.4068,No description available,Powerlifting,Quadriceps,leg,Barbell,Beginner,,https://fitnessprogramer.com/wp-content/uploads/2022/10/Banded-Split-Squat.gif,0de59069-784f-405b-b08e-742d5175fa93,285e4980-f152-4cf8-9eb6-f54570adb255
Snatch Balance,Barbell Snatch,0.5179,No description available,Olympic Weightlifting,Quadriceps,full-body,Barbell,Beginner,,https://fitnessprogramer.com/wp-content/uploads/2022/02/Barbell-Snatch.gif,b50a6846-5268-4a5a-bddf-48b3be6cb65d,c91121e8-cfce-4647-9e7a-080b4406f124
Reverse Band Power Squat,Reverse Hack Squat,0.5338,No description available,Powerlifting,Quadriceps,leg,Barbell,Beginner,,https://fitnessprogramer.com/wp-content/uploads/2022/10/Reverse-Hack-Squat.gif,75925aca-1a8f-4ed7-b682-c235849b6a9c,6b7eceba-370e-406f-8047-f59b495503d9
Paul Carter Back Squat,Quarter Sit-up,0.2739,"The barbell back squat is a popular compound movement that emphasizes building the lower-body muscle groups and overall strength. It's the classic way to start a leg day, and is a worthy centerpiece to a lower-body training program. The squat is a competitive lift in the sport of powerlifting, but is also a classic measurement of lower-body strength. With the barbell racked on the traps or upper back, the emphasis is placed on the posterior chain but the entire body gets worked. The back squat can be trained in everything from heavy singles to sets of 20 reps or higher.",Strength,Quadriceps,abs,Barbell,Intermediate,,https://fitnessprogramer.com/wp-content/uploads/2021/05/Quarter-Sit-up.gif,63559549-409d-4052-a0b1-ec1a7b0f6dde,1e8631e4-791b-4049-ab83-fb1cec77612f
Paul Carter Barbell Split Squat,Split Jump Squat,0.4776,"The barbell Bulgarian split squat is a single-leg, full-body exercise targeting the quads, glutes, and hamstrings. It is easier to overload with the barbell as opposed to using dumbbells.",Strength,Quadriceps,cardio,Barbell,Intermediate,,https://fitnessprogramer.com/wp-content/uploads/2021/05/Split-Squat.gif,1e2ad5b4-fe00-4a7f-bc90-2157e2837f4d,1035332e-76b7-4da0-a715-6f4b4c0a90b4
TBS High-Bar Back Squat,High Knee Squat,0.5258,"The barbell back squat is a popular compound movement that emphasizes building the lower-body muscle groups and overall strength. It's the classic way to start a leg day, and is a worthy centerpiece to a lower-body training program. The squat is a competitive lift in the sport of powerlifting, but is also a classic measurement of lower-body strength. With the barbell racked on the traps or upper back, the emphasis is placed on the posterior chain but the entire body gets worked. The back squat can be trained in everything from heavy singles to sets of 20 reps or higher.",Strength,Quadriceps,leg,Barbell,Intermediate,,https://fitnessprogramer.com/wp-content/uploads/2021/11/High-Knee-Squat.gif,ae3c9962-f539-4663-a624-f3c2adb5e423,e8184c36-3b8b-49dc-b23b-ad26c51d3830
TBS Barbell Front Squat,Barbell Jump Squat,0.5553,"The barbell front squat is a compound movement that emphasizes building the lower-body muscle groups. With the barbell racked in front of the body on the anterior delts, the front squat emphasizes the quads and glutes, but also upper back and core strength to remain upright. Front squats can be trained as an alternative to back squats, as an accessory movement for either squats or deadlifts, or for strength and muscle on their own. Many lifters and athletes prefer them to back squats, although they can be uncomfortable and difficult to learn at first.",Strength,Quadriceps,leg,Barbell,Intermediate,,https://fitnessprogramer.com/wp-content/uploads/2023/01/Barbell-Jump-Squat.gif,6dfe95e6-de3e-49c0-8d0f-b8cc4de6edd0,01935d80-eca9-4252-b639-b7d810cf5f37
Squat - Gethin Variation,Pin Squat,0.388,"The barbell back squat is a popular compound movement that emphasizes building the lower-body muscle groups and overall strength. It's the classic way to start a leg day, and is a worthy centerpiece to a lower-body training program. The squat is a competitive lift in the sport of powerlifting, but is also a classic measurement of lower-body strength. With the barbell racked on the traps or upper back, the emphasis is placed on the posterior chain but the entire body gets worked. The back squat can be trained in everything from heavy singles to sets of 20 reps or higher.",Strength,Quadriceps,leg,Barbell,Intermediate,,https://fitnessprogramer.com/wp-content/uploads/2023/05/Pin-Squat.gif,7b4e175a-667e-49cc-a8bd-2d2b09fa6df5,40e8f867-df8f-43e2-86e7-ea3c819d1292
Front-To-Back Barbell Squat,Barbell Jump Squat,0.5717,No description available,Strength,Quadriceps,leg,Barbell,Intermediate,,https://fitnessprogramer.com/wp-content/uploads/2023/01/Barbell-Jump-Squat.gif,6b0e14b9-8538-42dc-b791-f537e9c52929,01935d80-eca9-4252-b639-b7d810cf5f37
Rack Deadlift - Gethin Variation,Lever Deadlift,0.5129,"The rack pull is a variation of the deadlift performed from an elevated height, either using boxes, safety pins, or the safeties in a squat rack. It targets all the same muscles as the deadlift, including the glutes, hamstrings, upper back, lower back, and grip. It can e used to strengthen deadlift lockout, but also as a deadlift alternative for people who can’t deadlift from the floor without pain.",Strength,Quadriceps,leg,Barbell,Intermediate,,https://fitnessprogramer.com/wp-content/uploads/2021/05/Lever-Deadlift.gif,967c3225-d2bb-496c-9325-bb6485ba883d,6eeb5fb7-6217-40cb-8f1c-f7fddbb749b6
Barbell Squat - Gethin Variation,Barbell Jump Squat,0.6213,"The barbell back squat is a popular compound movement that emphasizes building the lower-body muscle groups and overall strength. It's the classic way to start a leg day, and is a worthy centerpiece to a lower-body training program. The squat is a competitive lift in the sport of powerlifting, but is also a classic measurement of lower-body strength. With the barbell racked on the traps or upper back, the emphasis is placed on the posterior chain but the entire body gets worked. The back squat can be trained in everything from heavy singles to sets of 20 reps or higher.",Strength,Quadriceps,leg,Barbell,Intermediate,,https://fitnessprogramer.com/wp-content/uploads/2023/01/Barbell-Jump-Squat.gif,1e1c2436-d656-4017-acbe-72cf02027ccd,01935d80-eca9-4252-b639-b7d810cf5f37
Barbell Good Morning - Gethin Variation,Smith Machine Good Morning,0.6333,"The barbell good morning is an exercise that targets glute, hamstring, and lower back development. It is often trained as an accessory movement to the deadlift, but also has value on its own. It is sometimes performed for reps in traditional strength-focused rep ranges such as 5-8 reps per set, but due to the risk posed to the lower back, is rarely treated as a max-effort single-rep lift.",Strength,Quadriceps,erector-spinae,Barbell,Intermediate,,https://fitnessprogramer.com/wp-content/uploads/2021/06/Smith-Machine-Good-Morning.gif,5101f2b8-dc8a-44de-94d7-1a064d4f33a4,e914b27d-eac7-431a-ab89-0b6ca4f4a283
Plyometric Power Clean,Dumbbell Power Clean,0.5599,No description available,Strength,Quadriceps,full-body,Barbell,Intermediate,,https://fitnessprogramer.com/wp-content/uploads/2022/07/Dumbbell-Power-Clean.gif,28bdf0f3-f30c-4dcd-93c0-52c6cbcb2255,983d0880-6685-4eaf-9985-1e81e0fe9a91
UN Barbell Back Squat,Barbell Jump Squat,0.6485,No description available,Strength,Quadriceps,leg,Barbell,Intermediate,,https://fitnessprogramer.com/wp-content/uploads/2023/01/Barbell-Jump-Squat.gif,fee6d47d-586b-427f-94c5-6673537100ee,01935d80-eca9-4252-b639-b7d810cf5f37
UN Barbell Box Squat,Barbell Jump Squat,0.6258,No description available,Strength,Quadriceps,leg,Barbell,Intermediate,,https://fitnessprogramer.com/wp-content/uploads/2023/01/Barbell-Jump-Squat.gif,2bdd427d-f911-4cf8-acdc-6ca8a8c493c9,01935d80-eca9-4252-b639-b7d810cf5f37
UN Barbell Front Squat,Barbell Jump Squat,0.6019,No description available,Strength,Quadriceps,leg,Barbell,Intermediate,,https://fitnessprogramer.com/wp-content/uploads/2023/01/Barbell-Jump-Squat.gif,02f9c823-04b9-4a34-875d-4f3d0336002f,01935d80-eca9-4252-b639-b7d810cf5f37
King Maker Barbell Back Squat,Barbell Jump Squat,0.4765,"The barbell back squat is a popular compound movement that emphasizes building the lower-body muscle groups and overall strength. It's the classic way to start a leg day, and is a worthy centerpiece to a lower-body training program. The squat is a competitive lift in the sport of powerlifting, but is also a classic measurement of lower-body strength. With the barbell racked on the traps or upper back, the emphasis is placed on the posterior chain but the entire body gets worked. The back squat can be trained in everything from heavy singles to sets of 20 reps or higher.",Strength,Quadriceps,leg,Barbell,Intermediate,,https://fitnessprogramer.com/wp-content/uploads/2023/01/Barbell-Jump-Squat.gif,a30df9a8-f23f-4424-8e31-dde47d2e5bc7,01935d80-eca9-4252-b639-b7d810cf5f37
King Maker Barbell Deadlift,Lever Deadlift,0.4573,"The barbell deadlift is a compound exercise used to develop overall strength and size in the posterior chain. It is a competition lift in the sport of powerlifting, but is also considered a classic benchmark of overall strength. When performed with the hands outside the knees, it is often called a ""conventional"" deadlift. When the feet are wide and the hands are inside the knees, it is a sumo deadlift.",Strength,Quadriceps,leg,Barbell,Intermediate,,https://fitnessprogramer.com/wp-content/uploads/2021/05/Lever-Deadlift.gif,58f39328-c0ec-4bd2-bed4-cfdccfd96cba,6eeb5fb7-6217-40cb-8f1c-f7fddbb749b6
30 Legs Barbell Back Squat,Barbell Jump Squat,0.5602,No description available,Strength,Quadriceps,leg,Barbell,Intermediate,,https://fitnessprogramer.com/wp-content/uploads/2023/01/Barbell-Jump-Squat.gif,d8184ea8-9f0b-4ff1-b79f-7b7bf93dca92,01935d80-eca9-4252-b639-b7d810cf5f37
30 Legs Barbell Front Squat,Barbell Jump Squat,0.5268,No description available,Strength,Quadriceps,leg,Barbell,Intermediate,,https://fitnessprogramer.com/wp-content/uploads/2023/01/Barbell-Jump-Squat.gif,51a98880-272e-4351-b85e-366234edb933,01935d80-eca9-4252-b639-b7d810cf5f37
Front Squats With Two Kettlebells,Two Arm Dumbbell Front Raise,0.4994,No description available,Strength,Quadriceps,shoulders,Kettlebells,Beginner,,https://fitnessprogramer.com/wp-content/uploads/2021/08/Two-Arm-Dumbbell-Front-Raise.gif,a49d5dd0-de1d-490d-a150-a6b7ca15a005,8e1201b7-9f4c-4ba4-b86b-baedd0de135b
Kettlebell Curtsy Lunge,Curtsy Squat,0.6386,No description available,Strength,Quadriceps,leg,Kettlebells,Beginner,,https://fitnessprogramer.com/wp-content/uploads/2021/05/Curtsey-Squat.gif,3eeabcf3-20fb-4a68-a2d2-4ff50d70765d,d1c2a015-10a4-4086-91fa-0da9a08b8f43
Single-arm kettlebell overhead squat,One Arm Kettlebell Swing,0.455,"The single-arm kettlebell overhead squat is a popular kettlebell movement performed while holding a single kettlebell in a locked-out overhead position. It targets the muscles of the lower body dynamically, while also challenging and building shoulder stability and upper-back mobility. It can be trained in traditional strength or muscle-building rep ranges, in circuit or fat-loss training, or as part of a kettlebell combination or complex.",Strength,Quadriceps,full-body,Kettlebells,Expert,,https://fitnessprogramer.com/wp-content/uploads/2022/07/One-Arm-Kettlebell-Swing.gif,3ab5e4b6-8190-499f-ae6f-7229100598dc,49862e3f-6ea5-4b66-9c54-984cd1f11b7c
Kettlebell side squat,Banded Kettlebell Goblet Squat,0.5499,"The kettlebell side squat is a popular movement to build mobility and lateral strength in the hips. It can be performed for time or for reps, either on its own or as part of a kettlebell circuit, complex, or flow.",Strength,Quadriceps,leg,Kettlebells,Intermediate,,https://fitnessprogramer.com/wp-content/uploads/2022/10/Banded-Kettlebell-Goblet-Squat.gif,6c44c2e6-efdc-4aea-a42e-fb44f01a5a65,f3e02379-68e9-49d4-88aa-1dd487b6f676
Kettlebell sumo squat,Barbell Sumo Squat,0.6538,"The kettlebell sumo squat is a lower-body movement emphasizing the muscles of the hips, glutes, and quads. It shares attributes with both the kettlebell deadlift and the goblet squat, but is usually performed with a wider stance and the feet pointed more outward, similar to a sumo deadlift. Its unique stance helps the lifter keep an upright torso, as well as emphasize stretching the hips and adductor muscles.",Strength,Quadriceps,leg,Kettlebells,Intermediate,,https://fitnessprogramer.com/wp-content/uploads/2021/02/Barbell-sumo-squat.gif,e7661589-2d9e-4ab6-9d30-890d67e7c43f,a028a56f-060b-4d8a-9403-d85ca3dc5614
Kettlebell thruster progression,Barbell Thruster,0.4651,"The kettlebell thruster progression is a kettlebell combination movement that includes a squat, curl, press, and overhead extension in a single sequence. It can work well with a light or moderate weight either for time or reps, in circuit-style training, or as a single kettlebell ""flow.""",Strength,Quadriceps,shoulders,Kettlebells,Intermediate,,https://fitnessprogramer.com/wp-content/uploads/2022/10/thruster.gif,6987a1d1-df8f-43c9-a9f3-0c0c2da2d93a,b70eac51-1723-41ea-a555-a09190ed7c0d
Kettlebell fire feet,Kettlebell Deadlift,0.4237,"Kettlebell fire feet is a dynamic movement that works most of the major muscle groups in the body simultaneously, while also elevating the heart rate. It's a great movement to include in kettlebell or bodyweight circuit training to increase fatigue and burn serious calories.",Plyometrics,Quadriceps,leg,Kettlebells,Intermediate,,https://fitnessprogramer.com/wp-content/uploads/2021/06/kettlebell-deadlift.gif,b09347d7-9cb6-41fb-99f6-d64ca0789b61,8e29e022-7883-4513-bc53-36f27d0c4836
Single Arm Overhead Kettlebell Squat,One Arm Kettlebell Swing,0.455,"The single-arm kettlebell overhead squat is a popular kettlebell movement performed while holding a single kettlebell in a locked-out overhead position. It targets the muscles of the lower body dynamically, while also challenging and building shoulder stability and upper-back mobility. It can be trained in traditional strength or muscle-building rep ranges, in circuit or fat-loss training, or as part of a kettlebell combination or complex.",Strength,Quadriceps,full-body,Kettlebells,Intermediate,,https://fitnessprogramer.com/wp-content/uploads/2022/07/One-Arm-Kettlebell-Swing.gif,c1972a8d-c239-4dae-94cd-7fe3be78e0cf,49862e3f-6ea5-4b66-9c54-984cd1f11b7c
Pulsing goblet squat,Banded Kettlebell Goblet Squat,0.491,"The pulsing goblet squat is a simple way to make a popular squat variation more taxing for the lower body and cardiovascular system. They can be done for time or reps, allowing you to get a significant training effect from a light weight in circuit-style training.",Strength,Quadriceps,leg,Kettlebells,Intermediate,,https://fitnessprogramer.com/wp-content/uploads/2022/10/Banded-Kettlebell-Goblet-Squat.gif,2888ec08-191a-4b3c-badb-78cc0a01a1d7,f3e02379-68e9-49d4-88aa-1dd487b6f676
Double-kettlebell alternating lunge to clean,Kettlebell Clean and Press,0.524,"The double-kettlebell alternating lunge to clean is a combination of kettlebell moves in a single sequence. This combination can be performed for time or for reps, often as circuit-style training for conditioning or fat loss, or in a kettlebell complex or flow.",Strength,Quadriceps,shoulders,Kettlebells,Intermediate,,https://fitnessprogramer.com/wp-content/uploads/2023/06/Kettlebell-Clean-and-Press.gif,6f5d90db-c09e-4d11-96c1-d357807b6efa,81b02317-719c-41cc-8325-1fd9fa2fd9a5
FYR Goblet Squat,Banded Kettlebell Goblet Squat,0.6387,"The goblet squat is a popular lower-body exercise where you hold a kettlebell or dumbbell in front of your chest as if you are supporting a heavy cup or goblet. It can help lifters of all levels improve their squat technique and hip mobility, but can also work as a muscle-building or strength accessory movement for experienced athletes. It also works well in combinations, complexes, and flows with other kettlebell movements like swings, presses, and cleans.",Strength,Quadriceps,leg,Kettlebells,Intermediate,,https://fitnessprogramer.com/wp-content/uploads/2022/10/Banded-Kettlebell-Goblet-Squat.gif,4946a670-42f9-473a-9e78-054d574849d2,f3e02379-68e9-49d4-88aa-1dd487b6f676
FYR Kettlebell Sumo Squat,Barbell Sumo Squat,0.6044,"The kettlebell sumo squat is a lower-body movement emphasizing the muscles of the hips, glutes, and quads. It shares attributes with both the kettlebell deadlift and the goblet squat, but is usually performed with a wider stance and the feet pointed more outward, similar to a sumo deadlift. Its unique stance helps the lifter keep an upright torso, as well as emphasize stretching the hips and adductor muscles.",Strength,Quadriceps,leg,Kettlebells,Intermediate,,https://fitnessprogramer.com/wp-content/uploads/2021/02/Barbell-sumo-squat.gif,55e8c2e1-6fe0-4724-8c68-000fcbcd1b2d,a028a56f-060b-4d8a-9403-d85ca3dc5614
Double-kettlebell front squat,Double Cable Front Raise,0.6104,"The double-kettlebell front squat is a popular kettlebell movement performed while holding two kettlebells in the front-racked position. It targets the muscles of the lower body dynamically, and the muscles of the upper back and core isometrically. It can be trained in traditional strength or muscle-building rep ranges, in circuit or fat-loss training, or as part of a larger kettlebell combination or complex.",Strength,Quadriceps,shoulders,Kettlebells,Intermediate,,https://fitnessprogramer.com/wp-content/uploads/2021/04/Double-Cable-Front-Raise.gif,df982be9-0572-46a3-8ebb-75d9a56d11e3,676cf578-343e-429e-840e-77b5b7fccea3
Kettlebell front rack lunge,Front Rack PVC Stretch,0.4423,"The kettlebell front rack lunge is a dynamic leg and core exercise in which a lifter performs lunges while holding a single kettlebell in the front-racked position. It is a unique coordination challenge, but also challenging to the musculature of the abdomen, lower body, shoulders, and upper back. It is most commonly performed for higher reps, such as 10-15 reps per side, or for time. It can work in circuit-style workouts, as well as in muscle or strength-focused workouts.",Strength,Quadriceps,shoulders,Kettlebells,Intermediate,,https://fitnessprogramer.com/wp-content/uploads/2023/06/PVC-Front-Rack-Stretch.gif,8bba35c9-9ec3-433c-aab3-7e38aef5b7b8,6695b936-2eaf-42ae-a5a5-b3184be4ece9
HM Single-Leg Romanian Deadlift,Dumbbell Single Leg Deadlift,0.6164,No description available,Strength,Quadriceps,erector-spinae,Kettlebells,Intermediate,,https://fitnessprogramer.com/wp-content/uploads/2022/09/Dumbbell-Single-Leg-Deadlift.gif,4d3d04fd-98c4-4351-91c1-0253002762c4,250aa910-5d36-46aa-b174-4e806462ddc4
Taylor Single-Arm Kettlebell Front Squat,One Arm Kettlebell Swing,0.3862,No description available,Strength,Quadriceps,full-body,Kettlebells,Intermediate,,https://fitnessprogramer.com/wp-content/uploads/2022/07/One-Arm-Kettlebell-Swing.gif,ce8204f4-5450-47d4-a346-b165253447ab,49862e3f-6ea5-4b66-9c54-984cd1f11b7c
Holman Kettlebell Swing Transfer,One Arm Kettlebell Swing,0.5001,No description available,Strength,Quadriceps,full-body,Kettlebells,Intermediate,,https://fitnessprogramer.com/wp-content/uploads/2022/07/One-Arm-Kettlebell-Swing.gif,ca7c4afa-52c3-40c5-ad81-82f9d2c00368,49862e3f-6ea5-4b66-9c54-984cd1f11b7c
Robertson Kettlebell Jump,Kettlebell Deadlift,0.3304,No description available,Strength,Quadriceps,leg,Kettlebells,Intermediate,,https://fitnessprogramer.com/wp-content/uploads/2021/06/kettlebell-deadlift.gif,9b58d621-781f-44d3-9e2a-fce0398ec804,8e29e022-7883-4513-bc53-36f27d0c4836
FYR2 Alternating Kettlebell Squat Clean,Kettlebell Clean and Press,0.5753,No description available,Strength,Quadriceps,shoulders,Kettlebells,Intermediate,,https://fitnessprogramer.com/wp-content/uploads/2023/06/Kettlebell-Clean-and-Press.gif,8b064da5-d3da-42b5-8f36-9ca6e3179274,81b02317-719c-41cc-8325-1fd9fa2fd9a5
FYR2 Banded Double-Kettlebell Squat Pulse,Banded Kettlebell Goblet Squat,0.5444,No description available,Strength,Quadriceps,leg,Kettlebells,Intermediate,,https://fitnessprogramer.com/wp-content/uploads/2022/10/Banded-Kettlebell-Goblet-Squat.gif,8cd956ea-d272-4254-91d9-67bc999e4c2d,f3e02379-68e9-49d4-88aa-1dd487b6f676
FYR2 Double-Kettlebell Ballin' Lunge,Double Arm Dumbbell Curl,0.3681,No description available,Strength,Quadriceps,biceps,Kettlebells,Intermediate,,https://fitnessprogramer.com/wp-content/uploads/2022/04/Double-Arm-Dumbbell-Curl.gif,c8f2676c-31f0-4f48-9acc-78db5f50ea09,9a0b4f7b-ed5a-4617-b0c0-0076c5b8d54f
FYR2 Double-Kettlebell Front Rack Lunge,Double Cable Front Raise,0.5192,No description available,Strength,Quadriceps,shoulders,Kettlebells,Intermediate,,https://fitnessprogramer.com/wp-content/uploads/2021/04/Double-Cable-Front-Raise.gif,77146ca2-2f1b-4326-99fe-83694186392b,676cf578-343e-429e-840e-77b5b7fccea3
FYR2 Double-Kettlebell Front Squat,Double Cable Front Raise,0.5667,No description available,Strength,Quadriceps,shoulders,Kettlebells,Intermediate,,https://fitnessprogramer.com/wp-content/uploads/2021/04/Double-Cable-Front-Raise.gif,e4523d8d-96af-4566-9f53-84e250e74989,676cf578-343e-429e-840e-77b5b7fccea3
FYR2 Explosive Kettlebell Jump Squat,Dumbbell Jump Squat,0.3295,No description available,Strength,Quadriceps,leg,Kettlebells,Intermediate,,https://fitnessprogramer.com/wp-content/uploads/2022/04/Dumbbell-Jump-Squat.gif,b5baa0e3-461b-4ec8-b92f-609fb3ed76f6,dae716b9-bb97-45a8-bf34-e53b51de4a5d
FYR2 Kettlebell Reverse Lunge Switch Grip,Reverse Grip EZ-Bar Curl,0.383,No description available,Strength,Quadriceps,forearm,Kettlebells,Intermediate,,https://fitnessprogramer.com/wp-content/uploads/2021/08/Reverse-Grip-EZ-Bar-Curl.gif,a97d2dac-1bd3-4c95-a9e7-bca00650cf75,24e3cafb-014b-4b1e-aa03-9d29f07a7eac
FYR2 Kettlebell Reverse Lunge to Kneeling Press,Tall Kneeling One Arm Kettlebell Press,0.5927,No description available,Strength,Quadriceps,shoulders,Kettlebells,Intermediate,,https://fitnessprogramer.com/wp-content/uploads/2021/06/Half-Kneeling-One-Arm-Kettlebell-Press.gif,ef9fc96d-e86e-4fb0-8604-5c7499b6a47e,884080d3-42d5-4cfd-8d81-d431d2d17433
FYR2 Kettlebell Sumo Squat Pulse,Barbell Sumo Squat,0.508,No description available,Strength,Quadriceps,leg,Kettlebells,Intermediate,,https://fitnessprogramer.com/wp-content/uploads/2021/02/Barbell-sumo-squat.gif,3486e295-76c2-44fe-8eb4-261dea921194,a028a56f-060b-4d8a-9403-d85ca3dc5614
FYR2 Reverse Lunge to Single-Leg Kettlebell Deadlift,Kettlebell Deadlift,0.6595,No description available,Strength,Quadriceps,leg,Kettlebells,Intermediate,,https://fitnessprogramer.com/wp-content/uploads/2021/06/kettlebell-deadlift.gif,da598011-f948-4c8a-8056-ed32ce171a59,8e29e022-7883-4513-bc53-36f27d0c4836
FYR2 Kettlebell Goblet-Squat-Deadlift Complex,Banded Kettlebell Goblet Squat,0.5884,No description available,Strength,Quadriceps,leg,Kettlebells,Intermediate,,https://fitnessprogramer.com/wp-content/uploads/2022/10/Banded-Kettlebell-Goblet-Squat.gif,99e1daa1-5b91-4fdd-b78c-67983b9707f1,f3e02379-68e9-49d4-88aa-1dd487b6f676
FYR2 Kettlebell Squat-Press-Deadlift Complex,Kettlebell Deadlift,0.6323,No description available,Strength,Quadriceps,leg,Kettlebells,Intermediate,,https://fitnessprogramer.com/wp-content/uploads/2021/06/kettlebell-deadlift.gif,9fc1ef9e-01ff-4194-94f7-1485b02be9a1,8e29e022-7883-4513-bc53-36f27d0c4836
Dumbbell seated box jump,Box Jump 2 to 1,0.5605,"The dumbbell seated box jump is an explosive exercise that builds the quadriceps as well as overall lower-body strength and explosiveness. All you need is a box, a bench, and a light dumbbell. Performing it from a seated position eliminates the stretch reflex in the lower body, forcing you to generate more power. This is an advanced move, so consider starting off with box jumps or squat jumps before progressing to this.",Plyometrics,Quadriceps,cardio,Dumbbell,Intermediate,,https://fitnessprogramer.com/wp-content/uploads/2023/02/Box-Jump-2-to-1.gif,4eaeba92-986f-4bea-b932-3cbc01c1b0c9,28d8219a-a6bb-4a11-96c1-a69071e3561c
Dumbbell front squat,Dumbbell Jump Squat,0.6255,"The dumbbell front squat is a popular exercise for targeting the muscles of the lower body, including the quadriceps, glutes, and hamstrings. Holding dumbbells in the racked position also works the core and upper-back muscles to maintain posture while the lower body moves. Because the amount of weight you can use will be limited by what you can clean to the rack position, this movement is usually performed for moderate to high reps, at least 8-12 reps per set or more. If this movement hurts your knees, try performing it with a wider stance.",Strength,Quadriceps,leg,Dumbbell,Intermediate,,https://fitnessprogramer.com/wp-content/uploads/2022/04/Dumbbell-Jump-Squat.gif,f058de53-43c2-4303-824c-ea4224eac8f2,dae716b9-bb97-45a8-bf34-e53b51de4a5d
Single-Arm Dumbbell Overhead Squat,Resistance Band Overhead Squat,0.466,No description available,Strength,Quadriceps,leg,Dumbbell,Beginner,,https://fitnessprogramer.com/wp-content/uploads/2023/01/Resistance-Band-Overhead-Squat.gif,c862df30-c11d-4c71-9e27-c74faf75edfd,7c0f7a80-e2d9-4680-a312-57beeafefbb7
Dumbbell lunge with biceps curl,Dumbbell Curl,0.5807,"The dumbbell lunge with biceps curl combines an isometric hold at the bottom of a lunge with a dumbbell biceps curl. The two exercises combine to target the legs, core, and biceps. The curl will determine the amount of weight you can use, but even a light weight will make the lunge hold seriously challenging.",Strength,Quadriceps,biceps,Dumbbell,Intermediate,,https://fitnessprogramer.com/wp-content/uploads/2021/02/Dumbbell-Curl.gif,43c6a44f-f707-4405-a8b5-368ae66de9c3,6df2d760-52e5-490f-8cc3-4fb87fa1194b
Boss Everline Dumbbell Lunge Jump,Dumbbell Rear Lunge,0.3971,No description available,Strength,Quadriceps,leg,Dumbbell,Intermediate,,https://fitnessprogramer.com/wp-content/uploads/2021/05/Dumbbell-Rear-Lunge.gif,96f7e067-e47c-478d-bddf-27d45d11cc79,26c032ef-04a8-441d-9d62-f88743f1c78e
Dumbbell Fix Dumbbell Alternating Reverse Lunge,Seated Alternating Dumbbell Curl,0.6119,No description available,Strength,Quadriceps,biceps,Dumbbell,Intermediate,,https://fitnessprogramer.com/wp-content/uploads/2022/06/Seated-dumbbell-alternating-curl.gif,a5bb3540-47f7-414c-a02a-6111c0042e35,98334714-b20d-4c97-a9d9-e544e51a0c02
Dumbbell Fix Turkish Get-Up,Dumbbell V-up,0.3368,No description available,Strength,Quadriceps,abs,Dumbbell,Intermediate,,https://fitnessprogramer.com/wp-content/uploads/2021/10/Dumbbell-V-up.gif,614a1259-4263-4630-b394-415dab374f4b,a76d8e2a-9efb-483d-a8f0-f61498c2f4ec
Seesaw lunge,Side Lunge,0.3492,The seesaw lunge is a bodyweight exercise that combines both the forward and the reverse lunge. It can also be performed holding dumbbells or other weights. It can be performed for time or reps in the lower-body portion of any workout.,Strength,Quadriceps,leg,Dumbbell,Intermediate,,https://fitnessprogramer.com/wp-content/uploads/2021/05/Side-Lunge-Stretch.gif,9c28c6d6-e361-458a-b7df-38cc9461bdb5,3eb59696-2e13-40df-9181-556addf0e6b7
FYR Dumbbell Front Squat,Dumbbell Jump Squat,0.5577,"The dumbbell front squat targets the quads, glutes, and hamstrings, as well as the upper body and challenging core stability for building total body strength.",Strength,Quadriceps,leg,Dumbbell,Intermediate,,https://fitnessprogramer.com/wp-content/uploads/2022/04/Dumbbell-Jump-Squat.gif,009fb73d-c0b4-4965-8883-d508db07c22e,dae716b9-bb97-45a8-bf34-e53b51de4a5d
HM Dumbbell Overhead Squat,Resistance Band Overhead Squat,0.5324,No description available,Strength,Quadriceps,leg,Dumbbell,Intermediate,,https://fitnessprogramer.com/wp-content/uploads/2023/01/Resistance-Band-Overhead-Squat.gif,4d17398f-af6a-4897-8c76-cf8c0be67c45,7c0f7a80-e2d9-4680-a312-57beeafefbb7
UNS Dumbbell Goblet Squat,Banded Kettlebell Goblet Squat,0.5902,No description available,Strength,Quadriceps,leg,Dumbbell,Intermediate,,https://fitnessprogramer.com/wp-content/uploads/2022/10/Banded-Kettlebell-Goblet-Squat.gif,eefb1d70-4563-4fa2-9e49-71ad404f560d,f3e02379-68e9-49d4-88aa-1dd487b6f676
KV Dumbbell Lunges,Dumbbell Rear Lunge,0.6779,No description available,Strength,Quadriceps,leg,Dumbbell,Intermediate,,https://fitnessprogramer.com/wp-content/uploads/2021/05/Dumbbell-Rear-Lunge.gif,3e274d47-3c99-471d-993e-96808fbd83f1,26c032ef-04a8-441d-9d62-f88743f1c78e
Holman Squat to Biceps Curl,Band Biceps Curl,0.6039,No description available,Strength,Quadriceps,biceps,Dumbbell,Intermediate,,https://fitnessprogramer.com/wp-content/uploads/2022/02/Band-Biceps-Curl.gif,3f78c3ae-e2d2-4d94-8936-7049a9fd12e2,13a520d2-95de-46be-8459-8dfd750c168c
Holman Burpee to Biceps Curl,Burpees,0.6422,No description available,Strength,Quadriceps,leg,Dumbbell,Intermediate,,https://fitnessprogramer.com/wp-content/uploads/2021/02/burpees.gif,fcfee4b8-03e4-445e-a651-ac57a1682982,c4d195ea-2a3c-4736-bb0a-9fda9cb275a6
Holman Slow Weighted Reverse Lunge,Reverse Lunge Knee Lift,0.4593,No description available,Strength,Quadriceps,leg,Dumbbell,Intermediate,,https://fitnessprogramer.com/wp-content/uploads/2021/05/Reverse-Lunge-Knee.gif,008b3b3a-2edc-48bc-8235-e313cce32b33,3e48993e-f83b-402f-aea0-25c09d188936
Holman Slow Weighted Plie Squat,Plie Dumbbell Squat,0.568,No description available,Strength,Quadriceps,leg,Dumbbell,Intermediate,,https://fitnessprogramer.com/wp-content/uploads/2023/01/Sumo-Plie-Dumbbell-Squat.gif,b6b829fc-660b-4362-be18-06e74386a584,f5309fa4-b28c-4d48-a78c-1f7e4d1f89f3
Holman Weighted Lunge Jump with Biceps Curl,Band Biceps Curl,0.4244,No description available,Strength,Quadriceps,biceps,Dumbbell,Intermediate,,https://fitnessprogramer.com/wp-content/uploads/2022/02/Band-Biceps-Curl.gif,ddf62485-5eae-4e3e-929f-546529bbf5ca,13a520d2-95de-46be-8459-8dfd750c168c
Holman Left Reverse Lunge Chest Press to Left Knee-Up Chest Press,Lever Chest Press,0.547,No description available,Strength,Quadriceps,chest,Dumbbell,Intermediate,,https://fitnessprogramer.com/wp-content/uploads/2021/06/Lever-Chest-Press.gif,04f6e131-b4ca-48d1-96cc-55627e34c34b,c0123679-27ae-42ae-8195-6360225763ae
Holman Weighted Lunge Jump with Chest Press,Weighted One Arm Pull-up,0.3849,No description available,Strength,Quadriceps,back,Dumbbell,Intermediate,,https://fitnessprogramer.com/wp-content/uploads/2022/01/Weighted-One-Arm-Pull-up.gif,b454e313-21a8-496f-8ec9-c05c70dd8fe0,e63af0a7-b130-4082-91df-a731e97d7b52
Holman Weighted Half Jack to Biceps Curl,Band Biceps Curl,0.4231,No description available,Strength,Quadriceps,biceps,Dumbbell,Intermediate,,https://fitnessprogramer.com/wp-content/uploads/2022/02/Band-Biceps-Curl.gif,bb7c9352-d354-478e-8bea-a104f6f7392b,13a520d2-95de-46be-8459-8dfd750c168c
Holman Weighted Half Jack to Chest Press,Weighted Seated Calf Raise,0.4033,No description available,Strength,Quadriceps,calf,Dumbbell,Intermediate,,https://fitnessprogramer.com/wp-content/uploads/2021/10/Weighted-Seated-Calf-Raise.gif,066b9077-b1db-44d4-a3b2-aebcec1c9510,bf86664f-c085-400b-bf9a-116e775868d8
Holman 180 Jump to Renegade Side Raise,Push-Up to Renegade Row,0.5915,No description available,Strength,Quadriceps,full-body,Dumbbell,Intermediate,,https://fitnessprogramer.com/wp-content/uploads/2022/07/Push-Up-to-Renegade-Row.gif,bd60032f-5e80-46e1-8f55-0d45aa8b8b41,433ff47c-5be0-4bba-8051-44c08af82e1e
Holman Right Reverse Lunge Biceps Curl to Right Knee-Up Biceps Curl,Band Biceps Curl,0.5569,No description available,Strength,Quadriceps,biceps,Dumbbell,Intermediate,,https://fitnessprogramer.com/wp-content/uploads/2022/02/Band-Biceps-Curl.gif,3c9a24e8-859f-4709-a383-cffd59fccf03,13a520d2-95de-46be-8459-8dfd750c168c
Holman Roll-Back to Squat Thrust to Renegade Row,Push-Up to Renegade Row,0.6174,No description available,Strength,Quadriceps,full-body,Dumbbell,Intermediate,,https://fitnessprogramer.com/wp-content/uploads/2022/07/Push-Up-to-Renegade-Row.gif,e24e7db8-8233-4c70-9ba9-6cd17cd9b878,433ff47c-5be0-4bba-8051-44c08af82e1e
Holman Roll-Back to Squat Thrust to Renegade Triceps Press,Push-Up to Renegade Row,0.5236,No description available,Strength,Quadriceps,full-body,Dumbbell,Intermediate,,https://fitnessprogramer.com/wp-content/uploads/2022/07/Push-Up-to-Renegade-Row.gif,991e4b72-8b63-4736-a079-4b9c657f5361,433ff47c-5be0-4bba-8051-44c08af82e1e
Holman Weighted Narrow Squat Jump,Narrow Grip Wall Push-Up,0.4484,No description available,Strength,Quadriceps,chest,Dumbbell,Intermediate,,https://fitnessprogramer.com/wp-content/uploads/2021/06/Narrow-Grip-Wall-Push-Up.gif,423fbf5f-911b-4d7e-94d4-05dc6a43e462,15862f22-744b-47da-bbcf-a9c65e484790
Holman Diagonal Deadlift,Diagonal Neck Stretch,0.5844,No description available,Strength,Quadriceps,neck,Dumbbell,Intermediate,,https://fitnessprogramer.com/wp-content/uploads/2021/07/Diagonal-Neck-Stretch-360x360.png,93e951fb-700c-4c21-b61d-f6ef4b5af17f,5ac027b6-d24d-455f-b331-c33688b01940
Holman Weighted Burpee to Triceps Press,Burpees,0.5308,No description available,Strength,Quadriceps,leg,Dumbbell,Intermediate,,https://fitnessprogramer.com/wp-content/uploads/2021/02/burpees.gif,7494d38c-0c83-4c14-906f-b3935c4d16c4,c4d195ea-2a3c-4736-bb0a-9fda9cb275a6
Holman Squat Thrust Overhead Press,Overhead Shrug,0.4406,No description available,Strength,Quadriceps,trapezius,Dumbbell,Intermediate,,https://fitnessprogramer.com/wp-content/uploads/2022/07/overhead-shrug.gif,2d300059-0d80-49ed-9a32-2bc632870390,8159eaa8-c8f5-4d75-bc53-2136a597dfe0
Holman Weighted Burpee to Chest Press,Burpees,0.5391,No description available,Strength,Quadriceps,leg,Dumbbell,Intermediate,,https://fitnessprogramer.com/wp-content/uploads/2021/02/burpees.gif,ae58df8d-fe19-4f55-a833-ffe2e532db61,c4d195ea-2a3c-4736-bb0a-9fda9cb275a6
Holman Squat to Right-Arm Overhead Press,Resistance Band Overhead Squat,0.4392,No description available,Strength,Quadriceps,leg,Dumbbell,Intermediate,,https://fitnessprogramer.com/wp-content/uploads/2023/01/Resistance-Band-Overhead-Squat.gif,b83f87c1-9d71-4321-8b53-2d93a6281abc,7c0f7a80-e2d9-4680-a312-57beeafefbb7
Holman Right Lunge Jump with Right Overhead Press,Right Cross,0.4655,No description available,Strength,Quadriceps,cardio,Dumbbell,Intermediate,,https://fitnessprogramer.com/wp-content/uploads/2022/08/Right-Cross-Boxing.gif,df37947b-2475-4889-9d12-291c2a28b9b6,72f06398-7971-453e-b797-3f496f5e49d6
Holman Left Lunge Jump with Left Overhead Press,Overhead Shrug,0.316,No description available,Strength,Quadriceps,trapezius,Dumbbell,Intermediate,,https://fitnessprogramer.com/wp-content/uploads/2022/07/overhead-shrug.gif,c1e47f5b-0c95-4811-95c5-cc56d1406612,8159eaa8-c8f5-4d75-bc53-2136a597dfe0
Holman Heavy Hip Drive,Cable Rear Drive,0.5034,No description available,Strength,Quadriceps,triceps,Dumbbell,Intermediate,,https://fitnessprogramer.com/wp-content/uploads/2021/09/Cable-Rear-Drive.gif,e0ea27b1-c6b7-41f5-82e1-4adc166598b3,7354c006-386d-4f3e-a8c6-ac2af65114ec
Holman Squat to Left-Arm Overhead Press,Resistance Band Overhead Squat,0.4407,No description available,Strength,Quadriceps,leg,Dumbbell,Intermediate,,https://fitnessprogramer.com/wp-content/uploads/2023/01/Resistance-Band-Overhead-Squat.gif,6c2a38c2-9520-4626-ab08-a4ec03ec9070,7c0f7a80-e2d9-4680-a312-57beeafefbb7
Holman Weighted Lunge Jump to Floor Lunge Jump,Side Lunge,0.4525,No description available,Strength,Quadriceps,leg,Dumbbell,Intermediate,,https://fitnessprogramer.com/wp-content/uploads/2021/05/Side-Lunge-Stretch.gif,300f46b2-1741-4654-880c-655ef7c72f8c,3eb59696-2e13-40df-9181-556addf0e6b7
Holman Alternating Weighted Lunge Jump to Chest Press,Band Alternate Incline Chest Press,0.4378,No description available,Strength,Quadriceps,chest,Dumbbell,Intermediate,,https://fitnessprogramer.com/wp-content/uploads/2022/02/Band-Alternate-Incline-Chest-Press-.gif,ca52dbce-de87-46d4-9cb2-f1365dd16890,e6e66831-9199-4530-8377-829d8ac05518
Holman Weighted Burpee to Overhead Alternating Reverse Lunge,Burpees,0.3981,No description available,Strength,Quadriceps,leg,Dumbbell,Intermediate,,https://fitnessprogramer.com/wp-content/uploads/2021/02/burpees.gif,ebd1ef36-40ee-4090-a3c6-1a7b366c1e74,c4d195ea-2a3c-4736-bb0a-9fda9cb275a6
Holman Weighted 180 Jump to Chest Press,Weighted One Arm Pull-up,0.3916,No description available,Strength,Quadriceps,back,Dumbbell,Intermediate,,https://fitnessprogramer.com/wp-content/uploads/2022/01/Weighted-One-Arm-Pull-up.gif,2133a2d3-39c9-41d2-a8e1-ea3a723d66c7,e63af0a7-b130-4082-91df-a731e97d7b52
Holman Alternating Side Squat Overhead Press,Seated Alternating Dumbbell Curl,0.4131,No description available,Strength,Quadriceps,biceps,Dumbbell,Intermediate,,https://fitnessprogramer.com/wp-content/uploads/2022/06/Seated-dumbbell-alternating-curl.gif,f6736148-6d7c-4a07-bb81-1641ea285a17,98334714-b20d-4c97-a9d9-e544e51a0c02
Holman Right Lunge with Right Biceps Curl,Right Cross,0.4973,No description available,Strength,Quadriceps,cardio,Dumbbell,Intermediate,,https://fitnessprogramer.com/wp-content/uploads/2022/08/Right-Cross-Boxing.gif,5cb7a760-ea44-4b46-b843-995dcec9fd16,72f06398-7971-453e-b797-3f496f5e49d6
Holman Left Lunge with Left Biceps Curl,Band Biceps Curl,0.3761,No description available,Strength,Quadriceps,biceps,Dumbbell,Intermediate,,https://fitnessprogramer.com/wp-content/uploads/2022/02/Band-Biceps-Curl.gif,38da1504-9dd7-4950-a992-d5a3377261d7,13a520d2-95de-46be-8459-8dfd750c168c
Holman Squat Thrust to Alternating Front Raise,Dumbbell Seated Alternate Front Raise,0.4855,No description available,Strength,Quadriceps,shoulders,Dumbbell,Intermediate,,https://fitnessprogramer.com/wp-content/uploads/2022/06/Dumbbell-Seated-Alternate-Front-Raises.gif,8d950e31-d23f-4947-b54f-202e10c1b9b6,347ffac5-3425-42df-8d15-6d0b7c8c1f64
Dumbbell racked reverse lunge,Dumbbell Reverse Curl,0.5349,"The dumbbell racked reverse lunge is a popular lower-body movement that targets the muscles of the quads, glutes, hamstrings, and hips. Holding dumbbells in the racked position further challenges the core and upper-back muscles to maintain posture while the lower body moves. Lunge variations are often performed for moderate to high reps, such as 8-12 reps per leg or more, as part of the lower-body portion of a workout. If this movement hurts your knees, try performing split squats instead.",Strength,Quadriceps,forearm,Dumbbell,Intermediate,,https://fitnessprogramer.com/wp-content/uploads/2021/04/dumbbell-reverse-curl.gif,68c3e629-1484-461a-a00a-26091fa239c4,f8299ede-2042-4e69-ae46-2756a4654f38
Total Fitness Dumbbell Reverse Lunge,Dumbbell Reverse Curl,0.4759,"The dumbbell reverse lunge is a great single-leg movement that strengthens and builds the quads, hamstrings, and glutes.",Strength,Quadriceps,forearm,Dumbbell,Intermediate,,https://fitnessprogramer.com/wp-content/uploads/2021/04/dumbbell-reverse-curl.gif,f8789186-8369-44f0-a8be-6708b378bd88,f8299ede-2042-4e69-ae46-2756a4654f38
Total Fitness Dumbbell Step-Up,Dumbbell Lateral Step Up,0.4245,"The dumbbell step-up is a great exercise for building lower-body strength and power. The dumbbell version is better for intermediate and advanced lifters than beginners, who should begin by performing these unweighted.",Strength,Quadriceps,leg,Dumbbell,Intermediate,,https://fitnessprogramer.com/wp-content/uploads/2021/06/Dumbbell-Lateral-Step-Up.gif,fb059a5d-2925-46fb-b4a3-bb29ca05bf38,ebb0cda0-b848-4d3e-adaa-763586d8c69e
Single-arm dumbbell front squat,Two Arm Dumbbell Front Raise,0.5665,"The single-arm dumbbell front squat is an exercise that targets the quads, glutes, and hamstrings, as well as the upper body. It also challenges oblique strength due to the offset loading. It can be performed in strength and muscle-focused workouts, in circuit training, or as part of a larger dumbbell complex with movements like single-arm dumbbell clean and presses.",Strength,Quadriceps,shoulders,Dumbbell,Intermediate,,https://fitnessprogramer.com/wp-content/uploads/2021/08/Two-Arm-Dumbbell-Front-Raise.gif,c4b97223-7581-4c63-a6d5-668c4192cd66,8e1201b7-9f4c-4ba4-b86b-baedd0de135b
King Maker Weighted Jump Squat,Weighted One Arm Pull-up,0.3968,"The dumbbell jump squat takes a classic bodybuilding move, the squat, and adds a plyometric element, the jump. It builds not only lower-body strength but also explosiveness.",Strength,Quadriceps,back,Dumbbell,Intermediate,,https://fitnessprogramer.com/wp-content/uploads/2022/01/Weighted-One-Arm-Pull-up.gif,2492821a-b834-4d11-b925-da6db546965a,e63af0a7-b130-4082-91df-a731e97d7b52
3D dumbbell lunge,Dumbbell Rear Lunge,0.6482,"The 3D dumbbell lunge is a sequence of lower-body exercises that target the muscles of the glutes, quads, and hamstrings from a variety of angles. It consists of one curtsy lunge with each leg, followed by one reverse lunge with each leg. This lunge variation is most commonly performed for multiple rounds as part of a lower-body circuit or workout.",Strength,Quadriceps,leg,Dumbbell,Intermediate,,https://fitnessprogramer.com/wp-content/uploads/2021/05/Dumbbell-Rear-Lunge.gif,dafe5a64-2d42-4950-9dcc-b7a818d3647a,26c032ef-04a8-441d-9d62-f88743f1c78e
Dumbbell jump squat with rotation,Push-up With Rotation,0.6724,"The dumbbell jump squat with rotation is a popular movement combining an explosive lower-body movement with extra upper-body loading in the form of dumbbells held in the hands. Each jump ends with the body turned 90 degrees, adding a rotational power component to the lift. It is usually performed with light weights for high reps in fat-loss and conditioning workouts.",Strength,Quadriceps,chest,Dumbbell,Intermediate,,https://fitnessprogramer.com/wp-content/uploads/2023/01/push-up-with-rotation.gif,371b5754-7ebb-466f-80ac-267601d55542,84dfdcf9-d3c2-41cf-8573-f963edda6896
MetaBurn Dumbbell Wide Squat to Rack,Dumbbell Jump Squat,0.4014,No description available,Strength,Quadriceps,leg,Dumbbell,Intermediate,,https://fitnessprogramer.com/wp-content/uploads/2022/04/Dumbbell-Jump-Squat.gif,ef0ea4ef-b022-40bd-8b87-d8ca0dc3d9e2,dae716b9-bb97-45a8-bf34-e53b51de4a5d
MetaBurn Reverse Lunge To High Pull,Reverse Lunge Knee Lift,0.4561,No description available,Strength,Quadriceps,leg,Dumbbell,Intermediate,,https://fitnessprogramer.com/wp-content/uploads/2021/05/Reverse-Lunge-Knee.gif,4b452cdb-ce67-4680-a891-94f2c4cabe47,3e48993e-f83b-402f-aea0-25c09d188936
MetaBurn Reverse Lunge With Overhead Raise,Bent-Over Barbell Reverse Raise,0.436,No description available,Strength,Quadriceps,trapezius,Dumbbell,Intermediate,,https://fitnessprogramer.com/wp-content/uploads/2021/04/Bent-Over-Barbell-Reverse-Raise.gif,06250489-75e0-4cd8-995b-56939db93926,e338059c-723f-435f-80da-e15472c6710f
MetaBurn Squat to Triceps Extension,Exercise Ball Triceps Extension,0.6409,No description available,Strength,Quadriceps,triceps,Dumbbell,Intermediate,,https://fitnessprogramer.com/wp-content/uploads/2021/08/Exercise-Ball-Supine-Triceps-Extension.gif,a90b9294-5536-4d63-bf2a-ce08afaf4679,f7741646-5f3f-4da4-b335-50cdc187bb19
30 Legs Dumbbell Goblet Squat,Banded Kettlebell Goblet Squat,0.5659,No description available,Strength,Quadriceps,leg,Dumbbell,Intermediate,,https://fitnessprogramer.com/wp-content/uploads/2022/10/Banded-Kettlebell-Goblet-Squat.gif,e18345a3-5287-48f4-9880-d18157541a2d,f3e02379-68e9-49d4-88aa-1dd487b6f676
30 Legs Dumbbell Squat,Dumbbell Jump Squat,0.5878,No description available,Strength,Quadriceps,leg,Dumbbell,Intermediate,,https://fitnessprogramer.com/wp-content/uploads/2022/04/Dumbbell-Jump-Squat.gif,94030597-ba1d-4d2f-965a-ead15e0536b7,dae716b9-bb97-45a8-bf34-e53b51de4a5d
Dumbbell step-down reverse lunge,Dumbbell Reverse Curl,0.5875,"The dumbbell step-down reverse lunge is an exercise targeting the lower body, particularly the glutes and hamstrings. The front foot is slightly elevated during this movement, making the subsequent step-down more pronounced and difficult. These are usually performed for time or for relatively high reps, such as 10 reps or more per side.",Strength,Quadriceps,forearm,Dumbbell,Intermediate,,https://fitnessprogramer.com/wp-content/uploads/2021/04/dumbbell-reverse-curl.gif,242eef78-3c1c-4631-ac22-b0b8d9f6c60f,f8299ede-2042-4e69-ae46-2756a4654f38
Single Leg Push-off,Single Arm Push-up,0.5845,No description available,Plyometrics,Quadriceps,triceps,Other,Beginner,,https://fitnessprogramer.com/wp-content/uploads/2021/09/Single-Arm-Push-up.gif,da5a4531-7816-4dfb-ac65-08100ec2da78,f38f07ce-2322-41ca-b7f6-c9b26c639508
Bear crawl sled drag,Dragon Flag,0.2257,"The bear crawl sled drag is an advanced variation of the bear crawl exercise involving added resistance from a sled or other weight. If no sled is available, other viable options include dragging chain, a barbell plate, or a tire. The bear crawl sled drag is an intense full-body movement that targets the cardiovascular system as well as a wide range of muscle groups, particularly the shoulders, core, and legs. It can be done in short bursts for power or circuit training, or for longer durations as cardiovascular conditioning.",Strongman,Quadriceps,abs,Other,Intermediate,,https://fitnessprogramer.com/wp-content/uploads/2022/07/Leg-Raise-Dragon-Flag.gif,d3dced41-38cb-4eab-a570-f0b5645e54c7,a11d9b9c-56e7-4d55-bfb0-469290027bdd
Bicycling,Bicycle Crunch,0.5266,No description available,Cardio,Quadriceps,abs,Other,Intermediate,,https://fitnessprogramer.com/wp-content/uploads/2021/02/Bicycle-Crunch.gif,a2ccd6f1-4973-4568-ad13-4b978129c8d9,49c2f0e2-7654-4e0e-b0e0-f4884ced1f57
Hex-bar deadlift,Trap Bar Deadlift,0.5963,"The hex bar deadlift is a variety of deadlift performed in a hexagonal barbell also known as a trap bar. The bar is held with a parallel (palms in) grip outside of the legs. It is biomechanically different from a barbell deadlift in that it lines up with a lifter's center of gravity, rather than placing the weight in front of their body. It activates all of the same muscle groups as conventional or sumo deadlifts, including the glutes, quads, hamstrings, lower back, lats, upper back, and grip.",Strength,Quadriceps,leg,Other,Intermediate,,https://fitnessprogramer.com/wp-content/uploads/2021/06/Trap-Bar-Deadlift.gif,42b8b419-b801-418a-ba6f-f1b9e4c1f3be,66700117-6bbe-4be3-8787-6c8b8b22bef3
Skating,Skater,0.4662,No description available,Cardio,Quadriceps,leg,Other,Beginner,,https://fitnessprogramer.com/wp-content/uploads/2021/02/Skater.gif,f9817ba8-f6c4-4a42-8307-b7d7de7a72f1,895f2f42-55ee-404f-8c30-8cb36110c190
Weighted sissy squat,Bodyweight Kneeling Sissy Squat,0.6085,"The weighted sissy squat is an exercise primarily targeting the quadriceps. In sissy squats, the knees travel over the toes, placing the quads under a fairly extreme stretch. They are usually performed for moderate to high reps as part of a lower-body training session.",Strength,Quadriceps,abs,Other,Intermediate,,https://fitnessprogramer.com/wp-content/uploads/2023/02/Bodyweight-Kneeling-Sissy-Squat.gif,2f70c14c-b317-4a7a-ba12-19eb61a3bc70,b3afd68f-c80e-429f-aa52-0e9abb597ca8
Yoke Walk,Banded Walk,0.3702,No description available,Strongman,Quadriceps,leg,Other,Beginner,,https://fitnessprogramer.com/wp-content/uploads/2022/02/Banded-Walk.gif,29150c78-0566-4ce2-b4c6-6ae48334507c,f7e8fd4a-aecd-48cc-83d4-a8bea534520b
Front Cone Hops (or hurdle hops),Front to Side Plank,0.3005,No description available,Plyometrics,Quadriceps,abs,Other,Beginner,,https://fitnessprogramer.com/wp-content/uploads/2021/05/Front-to-Side-Plank.gif,5882151a-107d-4d1d-a0d9-9ab06accc51a,cb995e4b-5fb7-4454-8df9-b1a6aad2ac76
Weighted Squat,Weighted One Arm Pull-up,0.6219,No description available,Strength,Quadriceps,back,Other,Beginner,,https://fitnessprogramer.com/wp-content/uploads/2022/01/Weighted-One-Arm-Pull-up.gif,e1c98f0d-5b26-4252-945f-2e27ecbc294c,e63af0a7-b130-4082-91df-a731e97d7b52
Bench skip,High Knee Skips,0.5671,"The bench skip is an explosive lower-body exercise that involves alternating the position of the feet on top of a bench. It primarily targets the muscles of the lower body, but is also a serious cardiovascular challenge. It is often performed for high reps or for time as part of a fat-loss or athleticism-focused workout or circuit.",Plyometrics,Quadriceps,abs,Other,Intermediate,,https://fitnessprogramer.com/wp-content/uploads/2021/02/High-Knee-Skips_Cardio.gif,443727fe-aba4-477f-b517-0da46fc310ee,065e0c52-b937-4143-9afb-c5dbe30751f0
Sled Push,Push Press,0.3447,"The sled push is a conditioning exercise that targets the cardiovascular system and the muscles of the lower body. It involves pushing a sled along a turf or other flat surface either for time or distance. Depending on your type of equipment, you may be pushing handles or straps in front of the sled. It can be used as part of a dynamic warm-up or for power training, as a finisher, or as part of a conditioning workout or circuit.",Strongman,Quadriceps,shoulders,Other,Intermediate,,https://fitnessprogramer.com/wp-content/uploads/2021/02/push-press-1.gif,0f521e70-5aa2-4971-9d9c-a189bea24562,6a02c8c4-7276-44bb-84e2-a2036b46e735
Barbell squat with plate slide,Wall Slides,0.4939,"The barbell squat with plate slide is an exercise targeting the quadriceps, with the plate slide also working the adductors and abductors. It can help you get more total-leg and hip development out of squats, but is probably not the sort of thing you want to do with a seriously heavy load on your back.",Strength,Quadriceps,shoulders,Other,Intermediate,,https://fitnessprogramer.com/wp-content/uploads/2021/02/wall-slide.gif,e5e007c1-210a-4f53-bcff-e64d99a4b28c,e332ebc9-cde0-4f65-9e79-fa2dacf0d047
Suspended split squat,Banded Split Squat,0.6031,"The suspended split squat is a single-leg squat variation performed with the rear leg in a suspension strap system. This allows the rear leg to move slightly more naturally than it would be able to on a bench. The exercise targets the quads, hamstring, and glute muscles on the front leg, but also taxes and stretches the quads on the rear leg.",Strength,Quadriceps,leg,Other,Intermediate,,https://fitnessprogramer.com/wp-content/uploads/2022/10/Banded-Split-Squat.gif,77474e64-7dc6-4047-8b67-58c38d37f363,285e4980-f152-4cf8-9eb6-f54570adb255
Intermediate Hip Flexor and Quad Stretch,Standing Toe Flexor Stretch,0.4283,No description available,Stretching,Quadriceps,calf,Other,Beginner,,https://fitnessprogramer.com/wp-content/uploads/2022/02/Standing-Toe-Flexor-Stretch.gif,84e38d67-8b74-439a-b1db-b04fa2400af6,c0597dfa-3325-421b-8d46-fb2014aa4b4c
Sled Drag - Harness,Weighted Neck Harness Extension,0.4588,No description available,Strongman,Quadriceps,neck,Other,Intermediate,,https://fitnessprogramer.com/wp-content/uploads/2022/02/Weighted-Neck-Harness-Extension.gif,495344e5-c12c-4e63-8c5b-2326720de4c8,97daf8fa-19b0-44e4-bcee-7a9ca239094f
Conan's Wheel,Wheel Run,0.5608,No description available,Strongman,Quadriceps,cardio,Other,Beginner,,https://fitnessprogramer.com/wp-content/uploads/2021/09/Wheel-Run.gif,7ec82706-f0ad-41c0-afe2-43cafec60e60,d141898a-1e0a-4d8f-8b14-02a092f220b2
Single-Leg Hop Progression,Lever Single Leg Curl,0.2826,No description available,Plyometrics,Quadriceps,leg,Other,Beginner,,https://fitnessprogramer.com/wp-content/uploads/2021/06/Lever-Single-Leg-Curl.gif,0f4a7984-f4e0-4a46-bd32-3bf20c31413f,e312a666-db25-4cfa-9ea5-e37aee2e4b4f
Rickshaw Deadlift,Lever Deadlift,0.3944,No description available,Strongman,Quadriceps,leg,Other,Beginner,,https://fitnessprogramer.com/wp-content/uploads/2021/05/Lever-Deadlift.gif,63553d51-9fb9-466f-a17c-ce815d130cfb,6eeb5fb7-6217-40cb-8f1c-f7fddbb749b6
Single-cone sprint drill,Sprint,0.5924,"The single-cone sprint drill is an agility drill that involves moving quickly around a single cone. It demands that an athlete start, stop, and change directions all in a short period of time and a small space. It can be beneficial for football players and other athletes where quick changes of direction are important.",Plyometrics,Quadriceps,cardio,Other,Intermediate,,https://fitnessprogramer.com/wp-content/uploads/2023/06/sprint.gif,f23453fe-767c-47b9-9530-fcd451b9d665,5c9f8dad-5000-428b-99cd-87de9bbef577
Single-Leg Stride Jump,Astride Jumps,0.6154,No description available,Plyometrics,Quadriceps,cardio,Other,Beginner,,https://fitnessprogramer.com/wp-content/uploads/2021/05/Astride-Jumps.gif,b6785831-4504-45c5-8575-d62b98d29d5f,44382f68-bc31-4940-a11e-2e15994d6f05
Single-Leg Lateral Hop,Lateral Leg Swings,0.5807,No description available,Plyometrics,Quadriceps,leg,Other,Beginner,,https://fitnessprogramer.com/wp-content/uploads/2023/06/Lateral-Leg-Swings.gif,f96e5c22-75a7-4c5a-9b8c-3588800a863d,fc1d2ce9-4724-4c3e-8137-9479b73ab739
Sandbag Load,Plate Loaded Seated Row,0.1996,No description available,Strongman,Quadriceps,back,Other,Beginner,,https://fitnessprogramer.com/wp-content/uploads/2022/02/Plate-Loaded-Seated-Row.gif,58e81ebc-b7d9-459a-9a30-35503dec1ea3,3baa8ae6-c82b-47bf-b14c-928fa7aeafc2
Single-leg knee-tap squat,Single Knee To Chest,0.5312,"The single-leg knee-tap squat is a single-leg squat variation that involves “floating” the back leg over the ground on the descent until touching just the knee to the ground or a pad. It is similar to a lunge, but without touching the back foot to the ground. It is an intense strength and coordination challenge that can work in any strength- or athleticism-focused workout.",Strength,Quadriceps,leg,Other,Intermediate,,https://fitnessprogramer.com/wp-content/uploads/2022/10/Single-Knee-To-Chest-Stretch.gif,d4d8f4d2-cdd9-4ec0-99fe-da809b7f4b18,6d4de4e5-35f1-46ec-94a3-07ffce1825b6
Car Deadlift,Lever Deadlift,0.6291,No description available,Strongman,Quadriceps,leg,Other,Beginner,,https://fitnessprogramer.com/wp-content/uploads/2021/05/Lever-Deadlift.gif,82b29148-f2e1-4ba7-a613-8ba37ddd06ef,6eeb5fb7-6217-40cb-8f1c-f7fddbb749b6
Barbell Squat To A Box,Barbell Jump Squat,0.6316,No description available,Strength,Quadriceps,leg,Other,Beginner,,https://fitnessprogramer.com/wp-content/uploads/2023/01/Barbell-Jump-Squat.gif,f6c0e75b-a906-40bd-b851-565aa1e66f74,01935d80-eca9-4252-b639-b7d810cf5f37
Double Under,Double Leg Stretch,0.5009,No description available,Cardio,Quadriceps,abs,Other,Beginner,,https://fitnessprogramer.com/wp-content/uploads/2021/05/Double-Leg-Stretch.gif,f36eab59-4d85-41b1-8852-902863f3df68,423c16e9-9321-4652-b9ac-eba1ca55bdb6
Plate push,Plate Loaded Seated Row,0.4041,"The plate push is a conditioning exercise that targets the cardiovascular system and the muscles of the lower body. It involves pushing a plate along turf or another flat surface either for time or distance. It can be used as part of a dynamic warm-up or for power training, as a finisher, or as part of a conditioning workout or circuit.",Cardio,Quadriceps,back,Other,Intermediate,,https://fitnessprogramer.com/wp-content/uploads/2022/02/Plate-Loaded-Seated-Row.gif,8766c41c-1ac6-43c2-8481-1e1829a16ca1,3baa8ae6-c82b-47bf-b14c-928fa7aeafc2
Hybrid deadlift,Lever Deadlift,0.4322,"The hybrid deadlift is a version of the barbell deadlift in which the lifter's stance is wider than a conventional position, but narrower than a wide sumo deadlift. The feet are just outside the shoulders and grip placement is just inside of the legs. Many non-competitive lifters find this position to be more spine friendly and strong than either of the other traditional stances. This variation of the deadlift has all the same benefits as the others, and is capable of building serious full-body and posterior chain strength.",Strength,Quadriceps,leg,Other,Intermediate,,https://fitnessprogramer.com/wp-content/uploads/2021/05/Lever-Deadlift.gif,fc7701e4-fe62-481d-a36d-64a2056abc6e,6eeb5fb7-6217-40cb-8f1c-f7fddbb749b6
Boss Everline Suspension Side Run,High Knee Run,0.1804,No description available,Strength,Quadriceps,leg,Other,Intermediate,,https://fitnessprogramer.com/wp-content/uploads/2021/08/High-Knee-Run.gif,17d61b08-df37-4482-bde0-41f9a48df4d9,82e36660-5bb6-4c4c-8249-74d693040463
Boss Everline Lunge Sled Push,Side Lunge,0.2644,No description available,Strength,Quadriceps,leg,Other,Intermediate,,https://fitnessprogramer.com/wp-content/uploads/2021/05/Side-Lunge-Stretch.gif,26013dd1-f41a-40df-a894-fc344e851091,3eb59696-2e13-40df-9181-556addf0e6b7
Squat Bottom Position Hold,Calves Stretch Static Position,0.3785,No description available,Strength,Quadriceps,calf,Other,Intermediate,,https://fitnessprogramer.com/wp-content/uploads/2022/02/Calves-Stretch-Static-Position.gif,53e06032-de1e-4154-9f54-249e87731b48,9170a836-796b-4088-b962-f644e232c9f7
TRX Squat Jump,Dumbbell Jump Squat,0.5665,No description available,Strength,Quadriceps,leg,Other,Intermediate,,https://fitnessprogramer.com/wp-content/uploads/2022/04/Dumbbell-Jump-Squat.gif,e5b21bd5-7ceb-48fb-8c34-3b1fb9242464,dae716b9-bb97-45a8-bf34-e53b51de4a5d
Holman Towel Alternating Prisoner Reverse Lunge,Reverse Lunge Knee Lift,0.3406,No description available,Strength,Quadriceps,leg,Other,Intermediate,,https://fitnessprogramer.com/wp-content/uploads/2021/05/Reverse-Lunge-Knee.gif,44919e91-9e40-4b07-8bf1-13bf75b5df3f,3e48993e-f83b-402f-aea0-25c09d188936
Holman Weighted Burpee to Belly Touch,Burpees,0.4645,No description available,Strength,Quadriceps,leg,Other,Intermediate,,https://fitnessprogramer.com/wp-content/uploads/2021/02/burpees.gif,1929e46d-5e8b-42dc-b039-94fdba76f933,c4d195ea-2a3c-4736-bb0a-9fda9cb275a6
Holman Weighted Burpee to Front Punch,Weighted Front Plank,0.5564,No description available,Strength,Quadriceps,abs,Other,Intermediate,,https://fitnessprogramer.com/wp-content/uploads/2021/04/Weighted-Front-Plank.gif,f41fcaa9-9985-40c4-8a72-79541fdbea34,4a8855f4-0a2e-4eec-92e1-79c053954fd4
Holman Weighted Low Squat Punch,Weighted One Arm Pull-up,0.433,No description available,Strength,Quadriceps,back,Other,Intermediate,,https://fitnessprogramer.com/wp-content/uploads/2022/01/Weighted-One-Arm-Pull-up.gif,8685cf54-b581-43f0-91df-ead3a6ae5e61,e63af0a7-b130-4082-91df-a731e97d7b52
Holman Weighted Hook Punch to Squat Thrust,Hook Kick,0.4398,No description available,Strength,Quadriceps,cardio,Other,Intermediate,,https://fitnessprogramer.com/wp-content/uploads/2022/02/Hook-Kick-Kickboxing-with-boxing-bag.gif,fffae65d-80cc-4ebe-87dc-3d866ac5c574,d0e53fef-4ba0-47e9-acf6-b1769ea42db0
Holman Towel Alternating Side Lunge Squat,Side Lunge,0.4807,No description available,Strength,Quadriceps,leg,Other,Intermediate,,https://fitnessprogramer.com/wp-content/uploads/2021/05/Side-Lunge-Stretch.gif,5a44f55b-72de-4309-84f2-b85acf097b6b,3eb59696-2e13-40df-9181-556addf0e6b7
Holman Weighted Burpee to Renegade Side Punch,Push-Up to Renegade Row,0.5232,No description available,Strength,Quadriceps,full-body,Other,Intermediate,,https://fitnessprogramer.com/wp-content/uploads/2022/07/Push-Up-to-Renegade-Row.gif,272b2140-6ad5-43b0-96bf-bec2c800bce2,433ff47c-5be0-4bba-8051-44c08af82e1e
Holman Weighted Reverse Lunge to Knee-Up Overhead Press,Reverse Lunge Knee Lift,0.532,No description available,Strength,Quadriceps,leg,Other,Intermediate,,https://fitnessprogramer.com/wp-content/uploads/2021/05/Reverse-Lunge-Knee.gif,a73f7c92-07da-4f5d-9e58-d383ea622f0b,3e48993e-f83b-402f-aea0-25c09d188936
Holman Lunge Jump with Overhead Press,Overhead Shrug,0.4216,No description available,Strength,Quadriceps,trapezius,Other,Intermediate,,https://fitnessprogramer.com/wp-content/uploads/2022/07/overhead-shrug.gif,065c21f9-68e7-4a25-8ffb-4bbb86900bfc,8159eaa8-c8f5-4d75-bc53-2136a597dfe0
Holman Weighted Burpee to Belly Touch to Standing T,Standing Toe Touch,0.5123,No description available,Strength,Quadriceps,abs,Other,Intermediate,,https://fitnessprogramer.com/wp-content/uploads/2021/05/Standing-Toe-Touch.gif,fb1ab31b-582a-4d2e-a768-d22b52cccc9e,4578902b-0274-4155-933f-064178f5df34
Holman Weighted Squat Jump,Weighted One Arm Pull-up,0.4935,No description available,Strength,Quadriceps,back,Other,Intermediate,,https://fitnessprogramer.com/wp-content/uploads/2022/01/Weighted-One-Arm-Pull-up.gif,36e93673-1981-4ad9-b3ac-ec25768ca83e,e63af0a7-b130-4082-91df-a731e97d7b52
Holman Weighted Plie Squat,Plie Dumbbell Squat,0.6373,No description available,Strength,Quadriceps,leg,Other,Intermediate,,https://fitnessprogramer.com/wp-content/uploads/2023/01/Sumo-Plie-Dumbbell-Squat.gif,ead251e8-f82e-4b0c-9a2c-4df1b73e3bf8,f5309fa4-b28c-4d48-a78c-1f7e4d1f89f3
Holman Heels-Elevated Sissy Squat,Bodyweight Kneeling Sissy Squat,0.4161,No description available,Strength,Quadriceps,abs,Other,Intermediate,,https://fitnessprogramer.com/wp-content/uploads/2023/02/Bodyweight-Kneeling-Sissy-Squat.gif,7b13b5b0-c2dc-4184-8358-39a69e54a478,b3afd68f-c80e-429f-aa52-0e9abb597ca8
Holman Squat Jump to Overhead Press,Resistance Band Overhead Squat,0.4725,No description available,Strength,Quadriceps,leg,Other,Intermediate,,https://fitnessprogramer.com/wp-content/uploads/2023/01/Resistance-Band-Overhead-Squat.gif,3cbdde51-69d8-4f38-8844-d2bbd9722a4f,7c0f7a80-e2d9-4680-a312-57beeafefbb7
Holman 180 Jump to Overhead Press,Overhead Shrug,0.4303,No description available,Strength,Quadriceps,trapezius,Other,Intermediate,,https://fitnessprogramer.com/wp-content/uploads/2022/07/overhead-shrug.gif,91cb0e9e-839f-4c6a-9903-d96a19b2d9a6,8159eaa8-c8f5-4d75-bc53-2136a597dfe0
Holman Weighted Burpee to Row,Burpees,0.6031,No description available,Strength,Quadriceps,leg,Other,Intermediate,,https://fitnessprogramer.com/wp-content/uploads/2021/02/burpees.gif,1b1bf195-dbe5-42a9-894b-0a794f762fdc,c4d195ea-2a3c-4736-bb0a-9fda9cb275a6
Holman Weighted Burpee to 180 Jump,Burpees,0.5256,No description available,Strength,Quadriceps,leg,Other,Intermediate,,https://fitnessprogramer.com/wp-content/uploads/2021/02/burpees.gif,6ec17be0-0571-4e9b-a04b-53993329fc66,c4d195ea-2a3c-4736-bb0a-9fda9cb275a6
Holman Weighted 180 Jump,Weighted One Arm Pull-up,0.4633,No description available,Strength,Quadriceps,back,Other,Intermediate,,https://fitnessprogramer.com/wp-content/uploads/2022/01/Weighted-One-Arm-Pull-up.gif,eec38a73-8195-4dad-b340-382371014c7e,e63af0a7-b130-4082-91df-a731e97d7b52
Holman Weighted Narrow-Mid-Wide Hop,Narrow Grip Wall Push-Up,0.3912,No description available,Strength,Quadriceps,chest,Other,Intermediate,,https://fitnessprogramer.com/wp-content/uploads/2021/06/Narrow-Grip-Wall-Push-Up.gif,5eabb88c-be67-4704-8891-3a9af59af206,15862f22-744b-47da-bbcf-a9c65e484790
Holman Alternating Weighted Diagonal Burpee,Diagonal Neck Stretch,0.4532,No description available,Strength,Quadriceps,neck,Other,Intermediate,,https://fitnessprogramer.com/wp-content/uploads/2021/07/Diagonal-Neck-Stretch-360x360.png,4a45410a-60e1-42f5-9924-1df30726ca25,5ac027b6-d24d-455f-b331-c33688b01940
Holman Towel Burpee to Push-Up,Burpees,0.5837,No description available,Strength,Quadriceps,leg,Other,Intermediate,,https://fitnessprogramer.com/wp-content/uploads/2021/02/burpees.gif,b170dd3d-5853-448c-a35c-9b9b94e662ea,c4d195ea-2a3c-4736-bb0a-9fda9cb275a6
Holman Towel Right Side Squat,Towel Leg Curl,0.4771,No description available,Strength,Quadriceps,leg,Other,Intermediate,,https://fitnessprogramer.com/wp-content/uploads/2022/02/Towel-Leg-Curl.gif,a5af72ca-dc4f-4a11-a024-6150043c08c7,9d5e5834-3f74-4c5d-921e-04f3f4eadd6b
ACFT Sprint-drag-carry,Sprint,0.5459,"The sprint-drag-carry is a strength and endurance relay that is part of the new Army Combat Fitness Test or ACFT. It combines sprinting, reverse sled drag, side shuffle, and a farmer's carry to test overall strength and athletic conditioning. Practicing this relay as a drill is great for developing strenght, speed, endurance, and power, and can also be great conditioning work for lifters and athletes of all ability levels.",Strength,Quadriceps,cardio,Other,Intermediate,,https://fitnessprogramer.com/wp-content/uploads/2023/06/sprint.gif,44718de3-ddb5-4a09-87c2-d0ae2ffd2021,5c9f8dad-5000-428b-99cd-87de9bbef577
KV Cable Squat,Cable Curl,0.4321,No description available,Strength,Quadriceps,biceps,Cable,Intermediate,,https://fitnessprogramer.com/wp-content/uploads/2021/02/cable-curl.gif,d2b9be28-bb01-47c5-b6c6-5e2d1ccf5778,d791fbfe-5744-460f-815c-0b1a65d6b842
Leg Press,Seated Calf Press on Leg Press Machine,0.6201,The leg press is a machine exercise targeting the quadriceps. It’s favorite among lifters who prefer the seated position to standing with a load on the spine.,Strength,Quadriceps,calf,Machine,Intermediate,,https://fitnessprogramer.com/wp-content/uploads/2022/02/Seated-Calf-Press-on-Leg-Press-Machine.gif,561e124f-1937-4b8b-85b1-8ed82889c962,86131c04-9a3e-4c57-a623-ffcfc0b6dbd3
Narrow-stance leg press,Narrow Grip Wall Push-Up,0.5099,"The narrow-stance leg press is a machine-based exercise that targets the muscles of the legs. It emphasizes the quads, particularly the muscles of the outer quads and hips. It is often used as an accessory for squats, or as a muscle-building movement during lower-body training when it is usually performed for moderate to high reps, such as 8-12 reps per set or more.",Strength,Quadriceps,chest,Machine,Intermediate,,https://fitnessprogramer.com/wp-content/uploads/2021/06/Narrow-Grip-Wall-Push-Up.gif,9f34559e-1ed5-426c-9c49-63fade850682,15862f22-744b-47da-bbcf-a9c65e484790
Narrow Stance Hack Squats,Narrow Grip Wall Push-Up,0.4692,No description available,Strength,Quadriceps,chest,Machine,Beginner,,https://fitnessprogramer.com/wp-content/uploads/2021/06/Narrow-Grip-Wall-Push-Up.gif,2ca59247-28b3-4399-baea-f4045cb4c777,15862f22-744b-47da-bbcf-a9c65e484790
Stairmaster,Dumbbell Curl On Arm Blaster,0.2156,"The stair climber is a popular cardio machine found in most commercial gyms. Along with burning a ton of calories, the stair climber also helps build strength in the lower body, especially the glutes. It can work well at higher speeds for interval-style conditioning training, but also works well at slower paces for steady-state cardio.",Cardio,Quadriceps,biceps,Machine,Intermediate,,https://fitnessprogramer.com/wp-content/uploads/2021/08/Dumbbell-Curl-On-Arm-Blaster.gif,d03f75e0-5fbb-4540-bfab-49d39198aca9,61ff4d6f-89f8-426b-9f09-dbe676fe4392
Smith machine back squat,Smith Machine Hex Press,0.6146,"The Smith machine back squat is a machine-based exercise targeting the muscles of the lower body. The Smith machine mimics a barbell but provides more stability. This movement can be programmed in low reps for strength or higher reps for muscle and strength endurance. It is often performed for moderate to high reps, such as 8-12 reps per set or more, as part of a full-body or lower-body workout.",Strength,Quadriceps,chest,Machine,Intermediate,,https://fitnessprogramer.com/wp-content/uploads/2021/09/Smith-Machine-Hex-Press.gif,8a944eba-2c7e-43f5-8def-c9791a368641,792da8ae-239a-4d3f-9fde-449343848455
Seated Leg Press,Seated Bench Leg Pull-in,0.5645,"The seated leg press is a lower body exercise that targets the quads, adductors, glutes, and hamstrings.",Strength,Quadriceps,abs,Machine,Intermediate,,https://fitnessprogramer.com/wp-content/uploads/2021/02/Seated-Bench-Leg-Pull-in.gif,afecf492-6ad3-4d85-9cb9-e3fbe1ec9c77,cdbd6415-f592-42c0-8553-cc3eace30789
TBS Hack Squat,Reverse Hack Squat,0.6116,"The hack squat is a machine-based exercise that targets the muscles of the legs, particularly the quadriceps. It is often used as an accessory for squats, but can also be the main lower-body movement in a workout. It is often performed for moderate to high reps, such as 8-12 reps per set or more.",Strength,Quadriceps,leg,Machine,Intermediate,,https://fitnessprogramer.com/wp-content/uploads/2022/10/Reverse-Hack-Squat.gif,5c70ae20-462a-42dc-bba6-6a9d6a9ce1df,6b7eceba-370e-406f-8047-f59b495503d9
Leg Extensions - Gethin Variation,Seated Banded Leg Extension,0.5573,The leg extension is an isolation exercise for the quads.,Strength,Quadriceps,leg,Machine,Intermediate,,https://fitnessprogramer.com/wp-content/uploads/2022/07/Seated-Banded-Leg-Extension.gif,f71a2253-cb75-4cab-8235-f84482b4561f,5943caf3-9412-41de-ac94-2cb9938ebf98
Seated leg press-,Seated Bench Leg Pull-in,0.5645,"The seated leg press is a machine-based exercise that targets the quads, glutes, and hamstrings. It is similar in many ways to larger leg press machines, but often utilizes a selectorized weight stack rather than plate loading. Leg press variations are often used as an accessory for squats or deadlifts, but can also be the main lower-body movement in a workout. This movement is often performed for moderate to high reps, such as 8-12 reps per set or more.",Strength,Quadriceps,abs,Machine,Intermediate,,https://fitnessprogramer.com/wp-content/uploads/2021/02/Seated-Bench-Leg-Pull-in.gif,63289798-1a90-406a-af2c-02bc83e5a434,cdbd6415-f592-42c0-8553-cc3eace30789
Smith machine front squat,Smith Machine Hex Press,0.5866,"The Smith machine front squat is a machine-based exercise targeting the muscles of the lower body. The Smith machine mimics a barbell but provides more stability. This movement can be programmed in low reps for strength or higher reps for muscle and strength endurance. It is often performed for moderate to high reps, such as 8-12 reps per set or more, as part of a full-body or lower-body workout.",Strength,Quadriceps,chest,Machine,Intermediate,,https://fitnessprogramer.com/wp-content/uploads/2021/09/Smith-Machine-Hex-Press.gif,62f46f15-1c47-447a-b9b4-fad2d44f9598,792da8ae-239a-4d3f-9fde-449343848455
Machine Deadlift - Gethin Variation,Lever Deadlift,0.4959,No description available,Strength,Quadriceps,leg,Machine,Intermediate,,https://fitnessprogramer.com/wp-content/uploads/2021/05/Lever-Deadlift.gif,a83dae0d-14f4-4da0-8347-8d9e1e1e5471,6eeb5fb7-6217-40cb-8f1c-f7fddbb749b6
Single-leg hack squat,Reverse Hack Squat,0.5755,"The single-leg hack squat is a lower-body exercise mainly targeting the quads, performed one side at a time per set. It is often used as an accessory for squats, or as a muscle-building movement during lower-body training, and is usually performed for moderate to high reps, such as 8-12 reps per set or more.",Strength,Quadriceps,leg,Machine,Intermediate,,https://fitnessprogramer.com/wp-content/uploads/2022/10/Reverse-Hack-Squat.gif,ce3a60cb-5867-4b44-a29a-a17dcf68152a,6b7eceba-370e-406f-8047-f59b495503d9
Narrow-stance hack squat,Narrow Grip Wall Push-Up,0.4692,"The narrow-stance hack squat is a machine-based exercise that targets the muscles of the legs, particularly the quadriceps. It is often used as an accessory for squats, or as a muscle-building movement during lower-body training, and is usually performed for moderate to high reps, such as 8-12 reps per set or more.",Strength,Quadriceps,chest,Machine,Intermediate,,https://fitnessprogramer.com/wp-content/uploads/2021/06/Narrow-Grip-Wall-Push-Up.gif,df15ca04-461d-4e5f-b872-3963f4758802,15862f22-744b-47da-bbcf-a9c65e484790
Alternating Single-Leg Curl - Gethin Variation,Seated Alternating Dumbbell Curl,0.5637,No description available,Strength,Quadriceps,biceps,Machine,Intermediate,,https://fitnessprogramer.com/wp-content/uploads/2022/06/Seated-dumbbell-alternating-curl.gif,3e5d1ec4-17bb-4dee-87a3-4b228fa1cca3,98334714-b20d-4c97-a9d9-e544e51a0c02
Single-Leg Press - Gethin Variation,Lever Single Leg Curl,0.4439,"The single-leg leg press is an exercise targeting the quadriceps one leg at a time. Many lifters prefer the leg press to squatting for several reasons, including the perception that it’s safer for the spine.",Strength,Quadriceps,leg,Machine,Intermediate,,https://fitnessprogramer.com/wp-content/uploads/2021/06/Lever-Single-Leg-Curl.gif,4decd32e-f90b-4077-a717-da2f26dc7e38,e312a666-db25-4cfa-9ea5-e37aee2e4b4f
Hack Squat - Gethin Variation,Reverse Hack Squat,0.5793,"The hack squat is a machine-based exercise that targets the muscles of the legs, particularly the quadriceps. It is often used as an accessory for squats, but can also be the main lower-body movement in a workout. It is often performed for moderate to high reps, such as 8-12 reps per set or more.",Strength,Quadriceps,leg,Machine,Expert,,https://fitnessprogramer.com/wp-content/uploads/2022/10/Reverse-Hack-Squat.gif,8c32e138-2621-429c-8633-1aa18a809392,6b7eceba-370e-406f-8047-f59b495503d9
Leg Press - Gethin Variation,Push Press,0.3572,The leg press is a machine exercise targeting the quadriceps. It’s favorite among lifters who prefer the seated position to standing with a load on the spine.,Strength,Quadriceps,shoulders,Machine,Intermediate,,https://fitnessprogramer.com/wp-content/uploads/2021/02/push-press-1.gif,3aecdcf3-4aaf-41d1-97ed-35749ca719c6,6a02c8c4-7276-44bb-84e2-a2036b46e735
AM Leg Press,Push Press,0.4602,The leg press is a machine exercise targeting the quadriceps. It’s favorite among lifters who prefer the seated position to standing with a load on the spine.,Strength,Quadriceps,shoulders,Machine,Intermediate,,https://fitnessprogramer.com/wp-content/uploads/2021/02/push-press-1.gif,fd18bf78-8775-42be-bfb0-daa2f341a480,6a02c8c4-7276-44bb-84e2-a2036b46e735
UP Quad Extension,Exercise Ball Triceps Extension,0.5384,The leg extension is an isolation exercise for the quads.,Strength,Quadriceps,triceps,Machine,Intermediate,,https://fitnessprogramer.com/wp-content/uploads/2021/08/Exercise-Ball-Supine-Triceps-Extension.gif,8605d2f8-25f0-4a76-8f6e-ed4921d49472,f7741646-5f3f-4da4-b335-50cdc187bb19
UP Single-Leg Press,Single Calf Raise on Leg Press Machine,0.5853,"The single-leg leg press is an exercise targeting the quadriceps one leg at a time. Many lifters prefer the leg press to squatting for several reasons, including the perception that it’s safer for the spine.",Strength,Quadriceps,calf,Machine,Intermediate,,https://fitnessprogramer.com/wp-content/uploads/2022/02/Single-Calf-Raise-on-Leg-Press-Machine.gif,5d59b191-a41b-485a-8211-88a01bd9ac0b,360d3146-4dbe-4291-a7e5-dd55784dd81f
UP Leg Press,Seated Calf Press on Leg Press Machine,0.5788,The leg press is a machine exercise targeting the quadriceps. It’s favorite among lifters who prefer the seated position to standing with a load on the spine.,Strength,Quadriceps,calf,Machine,Intermediate,,https://fitnessprogramer.com/wp-content/uploads/2022/02/Seated-Calf-Press-on-Leg-Press-Machine.gif,ab1560a5-8bf3-464f-912d-638a4c3cae28,86131c04-9a3e-4c57-a623-ffcfc0b6dbd3
Pop Squat On Leg Press,Landmine Squat to Press,0.3296,No description available,Strength,Quadriceps,full-body,Machine,Intermediate,,https://fitnessprogramer.com/wp-content/uploads/2021/04/Landmine-Press.gif,e6281867-46fa-4f32-9f0f-876d28e823a8,25600b09-9cde-45e7-9a91-bb198174d5ed
King Maker Leg Press,Push Press,0.2757,The leg press is a machine exercise targeting the quadriceps. It’s favorite among lifters who prefer the seated position to standing with a load on the spine.,Strength,Quadriceps,shoulders,Machine,Intermediate,,https://fitnessprogramer.com/wp-content/uploads/2021/02/push-press-1.gif,fc015c2c-b97d-4996-9ec8-ddf353c94eb1,6a02c8c4-7276-44bb-84e2-a2036b46e735
Single-leg leg press,Lever Single Leg Curl,0.5966,"The single-leg leg press is a machine exercise targeting the leg muscles, including the quads, glutes, and hamstrings. The leg press is often used as an accessory for squats or deadlifts, but can also be the main lower-body movement in a workout. It is often performed for moderate to high reps, such as 8-12 reps per set or more.",Strength,Quadriceps,leg,Machine,Intermediate,,https://fitnessprogramer.com/wp-content/uploads/2021/06/Lever-Single-Leg-Curl.gif,25998189-0f47-49f5-a5e9-c77d2e98cf15,e312a666-db25-4cfa-9ea5-e37aee2e4b4f
King Maker Hack Squat,Reverse Hack Squat,0.4754,"The hack squat is a machine-based exercise that targets the muscles of the legs, particularly the quadriceps. It is often used as an accessory for squats, but can also be the main lower-body movement in a workout. It is often performed for moderate to high reps, such as 8-12 reps per set or more.",Strength,Quadriceps,leg,Machine,Intermediate,,https://fitnessprogramer.com/wp-content/uploads/2022/10/Reverse-Hack-Squat.gif,ae748a7b-1202-48a3-953a-fb7e3ab7a526,6b7eceba-370e-406f-8047-f59b495503d9
30 Legs Feet-High Leg Press,Side Lying Feet Raise,0.2911,No description available,Strength,Quadriceps,abs,Machine,Intermediate,,https://fitnessprogramer.com/wp-content/uploads/2022/06/Side-Lying-Feet-Raise.gif,0c77822d-c432-4840-9f69-c1d42b9c9ed0,05148618-7e6a-480d-aa82-b05143a722ae
30 Legs Leg Press,Push Press,0.3266,No description available,Strength,Quadriceps,shoulders,Machine,Intermediate,,https://fitnessprogramer.com/wp-content/uploads/2021/02/push-press-1.gif,9909258c-f360-4c68-a9e7-2bc1773e974d,6a02c8c4-7276-44bb-84e2-a2036b46e735
30 Legs Leg Press Calf Raise,Calf Raise,0.6171,No description available,Strength,Quadriceps,calf,Machine,Intermediate,,https://fitnessprogramer.com/wp-content/uploads/2021/02/Dumbbell-Calf-Raise.gif,48aa1a75-1f8f-42cd-bdc2-a49d8e439c5f,0866ac29-01d1-43fb-8df1-16fc2b499a60
30 Legs Lying Leg Curl,Banded Lying Leg Curl,0.5975,No description available,Strength,Quadriceps,leg,Machine,Intermediate,,https://fitnessprogramer.com/wp-content/uploads/2022/05/Lying-leg-curl.gif,d2ad8c29-1132-4a11-a96e-2064450c83bd,4a195fcc-19cc-455a-880f-2ed3e4a8bf73
30 Legs Single-Leg Leg Extension,Seated Banded Leg Extension,0.5143,No description available,Strength,Quadriceps,leg,Machine,Intermediate,,https://fitnessprogramer.com/wp-content/uploads/2022/07/Seated-Banded-Leg-Extension.gif,db7b1baf-51c0-4dcc-8b70-ab4a1ff8944a,5943caf3-9412-41de-ac94-2cb9938ebf98
30 Legs Single-Leg Leg Press,Lever Single Leg Curl,0.5163,No description available,Strength,Quadriceps,leg,Machine,Intermediate,,https://fitnessprogramer.com/wp-content/uploads/2021/06/Lever-Single-Leg-Curl.gif,385c81ad-2ac8-4287-b1e8-2f543130b697,e312a666-db25-4cfa-9ea5-e37aee2e4b4f
30 Legs Single-Leg Lying Leg Curl,Lever Single Leg Curl,0.5981,No description available,Strength,Quadriceps,leg,Machine,Intermediate,,https://fitnessprogramer.com/wp-content/uploads/2021/06/Lever-Single-Leg-Curl.gif,f1fa2d50-a03f-4ef2-b48b-3b1c024fd771,e312a666-db25-4cfa-9ea5-e37aee2e4b4f
30 Legs Smith Machine Split Squat,Split Jump Squat,0.505,No description available,Strength,Quadriceps,cardio,Machine,Intermediate,,https://fitnessprogramer.com/wp-content/uploads/2021/05/Split-Squat.gif,9a93992b-4b25-48a8-bee8-9a1e304bacda,1035332e-76b7-4da0-a715-6f4b4c0a90b4
30 Legs Smith Machine Squat,Smith Machine Hex Press,0.5653,No description available,Strength,Quadriceps,chest,Machine,Intermediate,,https://fitnessprogramer.com/wp-content/uploads/2021/09/Smith-Machine-Hex-Press.gif,669f00b1-1b14-4013-b21f-8554d1b407f4,792da8ae-239a-4d3f-9fde-449343848455
Side-to-side box skip,Side Bent,0.4816,"The side-to-side box skip is an explosive lower-body exercise that involves jumping laterally over a bench or box, landing with one foot on top of the surface, and then switching positions. It primarily targets the muscles of the lower body, but is also a serious cardiovascular challenge. It is often performed for high reps or for time as part of a fat-loss or athleticism-focused workout or circuit.",Plyometrics,Quadriceps,abs,Body Only,Intermediate,,https://fitnessprogramer.com/wp-content/uploads/2022/12/Side-Bent.gif,35f88304-68c7-43cf-966e-75e71785d1aa,d4789325-4dfd-4a1e-b00a-3b969ef4b375
Trail Running/Walking,Backward Running,0.4272,No description available,Cardio,Quadriceps,cardio,Body Only,Intermediate,,https://fitnessprogramer.com/wp-content/uploads/2021/08/Backwards-Running.gif,cca72f17-b7e4-43db-918e-a826016fb5f5,3b915144-8c58-4e0b-8b03-c17cd2ff6d68
Arms-crossed jump squat,Dumbbell Jump Squat,0.3876,"The arms-crossed jump squat is an explosive version of the jump squat. Crossing your arms eliminates any extra power that could come from swinging your arms, making the movement extra strict and challenging for the lower body. It can be performed for time or reps and is especially effective in a fat-loss or athleticism-focused circuit or workout.",Strength,Quadriceps,leg,Body Only,Intermediate,,https://fitnessprogramer.com/wp-content/uploads/2022/04/Dumbbell-Jump-Squat.gif,e6e0b83d-2cdc-428e-aef3-ae09bc6cc1ae,dae716b9-bb97-45a8-bf34-e53b51de4a5d
Alien Squat,Pin Squat,0.2432,No description available,Plyometrics,Quadriceps,leg,Body Only,Beginner,,https://fitnessprogramer.com/wp-content/uploads/2023/05/Pin-Squat.gif,3aa517dd-5ff0-448f-ba8a-907edfa635e4,40e8f867-df8f-43e2-86e7-ea3c819d1292
Rocket Jump,Jump Rope,0.2749,No description available,Plyometrics,Quadriceps,cardio,Body Only,Beginner,,https://fitnessprogramer.com/wp-content/uploads/2021/06/Jump-Rope.gif,fb452b4a-e6a0-499a-b90d-de2f79782c80,9121504d-2572-4920-abab-bd1d2c5fa088
Depth jump box jump,Box Jump 2 to 1,0.608,"The depth jump box jump is a plyometric exercise that entails jumping off one box, dropping into a squat, and then jumping up onto another box. These are all performed fluidly to complete one rep. Depth jumps have been a staple of high-level athletic programming for decades. They are usually performed for low reps with a focus on power and technique. If they hurt your knees or back, consider performing box jumps or squat jumps instead.",Plyometrics,Quadriceps,cardio,Body Only,Intermediate,,https://fitnessprogramer.com/wp-content/uploads/2023/02/Box-Jump-2-to-1.gif,e089ad60-9429-4a80-a63d-1ffd83c56792,28d8219a-a6bb-4a11-96c1-a69071e3561c
Over bench jump,Bench Side Bend,0.4252,The over bench jump is a plyometric exercise requiring only a weight bench to perform. It improves jumping ability and athleticism while burning a lot of calories.,Plyometrics,Quadriceps,abs,Body Only,Intermediate,,https://fitnessprogramer.com/wp-content/uploads/2021/05/Bench-Side-Bend.gif,c8fca8c3-c782-4515-b7c7-99884ee66438,d2b36800-6575-4d6b-abdb-26cf45de1c23
90-degree jump squat,45 Degree Incline Row,0.5524,"The 90-degree jump squat is an explosive bodyweight exercise that targets the muscles of the lower body, including the quads, glutes, and hamstrings, as well as the cardiovascular system. It can be performed for time or reps, usually in a fat-loss or athleticism-focused circuit workout.",Plyometrics,Quadriceps,trapezius,Body Only,Intermediate,,https://fitnessprogramer.com/wp-content/uploads/2021/02/45-Degree-Incline-Row.gif,62343868-6ebf-4a06-b783-378a210e0125,2fbec5bf-da5e-46e0-a726-47f97bd022fe
Lying quad stretch with band,Kneeling Quad Stretch,0.5804,"The lying quad stretch with band is a simple way to stretch a chronically tight muscle group of the lower body. It is common in stretching and yoga classes but can also be performed individually as part of a warm-up, paired with movements in a workout, or as part of a cool-down or recovery strategy.",Stretching,Quadriceps,leg,Body Only,Intermediate,,https://fitnessprogramer.com/wp-content/uploads/2021/05/Kneeling-Quad-Stretch.gif,ea9e4350-89ef-4218-9950-d080fde2f6e2,fc23aa89-db1c-4579-8806-752c87bb4c10
One Half Locust,Half Wipers,0.2617,No description available,Stretching,Quadriceps,abs,Body Only,Intermediate,,https://fitnessprogramer.com/wp-content/uploads/2021/02/Half-Wipers.gif,84d6be6c-cba7-4a1c-a2d9-0651edf9086c,2c50f129-3d2a-48e1-ab64-0f75eb7432c5
Looking At Ceiling,Kneeling Push-up,0.1007,No description available,Stretching,Quadriceps,chest,Body Only,Intermediate,,https://fitnessprogramer.com/wp-content/uploads/2022/01/Kneeling-Push-up.gif,4ca5ffb9-f6ec-40d7-ad94-ea0326abaa72,24f0d65d-5027-4c71-b95d-ff6221deb64b
On Your Side Quad Stretch,Kneeling Quad Stretch,0.4959,No description available,Stretching,Quadriceps,leg,Body Only,Intermediate,,https://fitnessprogramer.com/wp-content/uploads/2021/05/Kneeling-Quad-Stretch.gif,2b343fa8-55ab-4c7b-ac33-00dfa81ded52,fc23aa89-db1c-4579-8806-752c87bb4c10
On-Your-Back Quad Stretch,Kneeling Quad Stretch,0.4957,No description available,Stretching,Quadriceps,leg,Body Only,Intermediate,,https://fitnessprogramer.com/wp-content/uploads/2021/05/Kneeling-Quad-Stretch.gif,4c253c44-e27b-4c70-aa1e-e9b43599dd0f,fc23aa89-db1c-4579-8806-752c87bb4c10
Standing Elevated Quad Stretch,Standing Quadriceps Stretch,0.5624,No description available,Stretching,Quadriceps,leg,Body Only,Intermediate,,https://fitnessprogramer.com/wp-content/uploads/2021/08/Standing-Quadriceps-Stretch.gif,8786556b-e4fa-42ce-88ad-ec68b7c9c87a,0cecbd5b-c9c7-4561-af33-bda0e7c89ec9
Thigh killa,Thigh fly (Adductor Magnus Stretch),0.5364,"The thigh killa is a challenging lower-body bodyweight exercise that builds muscular endurance with a series of hops and bodyweight squats. It can be performed for time or reps, usually in a circuit workout or as a lower-body finisher.",Strength,Quadriceps,leg,Body Only,Intermediate,,https://fitnessprogramer.com/wp-content/uploads/2021/05/Adductor-Magnus-Stretch.gif,dcb2c310-985e-4244-9efe-de275e027aef,8d7ac388-5fcf-4024-a5fc-16ed6b904b27
Southpaw sprawl,Sprint,0.085,"The southpaw sprawl is a full-body movement that combines elements of a single-arm plank and a sprawl. It also has a rotational component, with a jumping leg-cross and torso twist in a single-arm plank position. It is a challenging move that trains balance, core strength, and many muscle groups, making it work well in a time-efficient bodyweight circuit workout.",Plyometrics,Quadriceps,cardio,Body Only,Intermediate,,https://fitnessprogramer.com/wp-content/uploads/2023/06/sprint.gif,70948440-b6a0-4885-bbb4-389ce7302faf,5c9f8dad-5000-428b-99cd-87de9bbef577
Stride Jump Crossover,Lever Crossovers,0.6178,No description available,Plyometrics,Quadriceps,chest,Body Only,Intermediate,,https://fitnessprogramer.com/wp-content/uploads/2021/09/Lever-Crossovers.gif,b74b03f0-0c08-4e50-81da-36ae4194e6ee,f4f9294c-0d59-4c9f-aa47-afa87f594ab1
Slide Jump Shot,Wall Slides,0.5339,No description available,Plyometrics,Quadriceps,shoulders,Body Only,Beginner,,https://fitnessprogramer.com/wp-content/uploads/2021/02/wall-slide.gif,16f89041-54a2-410e-b9cc-69e371032a31,e332ebc9-cde0-4f65-9e79-fa2dacf0d047
Sprawl frog kick,Frog Pose,0.3973,"The sprawl frog kick is an explosive bodyweight exercise that targets multiple muscle groups across the upper and lower body. It is similar to a traditional sprawl, but with an extra hop in the middle of each rep. It can be performed for time or reps in any fat-loss or athleticism-focused circuit or workout.",Plyometrics,Quadriceps,leg,Body Only,Intermediate,,https://fitnessprogramer.com/wp-content/uploads/2022/12/Frog-Pose-mandukasana.gif,eb6a9d1f-13a2-4c84-99ae-2e87273065ce,dcdd8da9-2410-4046-947d-51392f1ce878
Pop squat,Pin Squat,0.3372,"The pop squat is an explosive bodyweight exercise that targets the lower-body muscles, including the quads, glutes, and hamstrings. It is similar to a jump squat, but alternates between a narrow and wide stance with each jump. It can be performed for time or reps in power training and is also effective in any fat-loss or athleticism-focused workout.",Plyometrics,Quadriceps,leg,Body Only,Intermediate,,https://fitnessprogramer.com/wp-content/uploads/2023/05/Pin-Squat.gif,c4eac053-2d65-4a4a-a1dc-01bd6befbcc1,40e8f867-df8f-43e2-86e7-ea3c819d1292
Star Jump,Jump Rope,0.3514,No description available,Plyometrics,Quadriceps,cardio,Body Only,Beginner,,https://fitnessprogramer.com/wp-content/uploads/2021/06/Jump-Rope.gif,32fb84c7-a3ee-429a-a4ba-feeee0caf1ed,9121504d-2572-4920-abab-bd1d2c5fa088
Side Lunge Touching Heel,Standing Side Toe Touching,0.6324,"The side lunge cross-body heel-touch is a lower-body exercise targeting the quads, glutes, and hamstrings. The heel-touch adds a slight rotational challenge.",Strength,Quadriceps,leg,Body Only,Intermediate,,https://fitnessprogramer.com/wp-content/uploads/2022/04/Standing-Side-Toe-Touching.gif,8da2512b-d7a8-4f5f-8163-00636effcbcd,8f27b46d-c0ec-44c9-9064-9d08dcd96d0f
Lying Prone Quadriceps,Standing Quadriceps Stretch,0.6061,No description available,Stretching,Quadriceps,leg,Body Only,Beginner,,https://fitnessprogramer.com/wp-content/uploads/2021/08/Standing-Quadriceps-Stretch.gif,68d84527-bf01-4610-80f5-d5d802d19023,0cecbd5b-c9c7-4561-af33-bda0e7c89ec9
Fast Kick With Arm Circles,Fast Feet Run,0.3849,No description available,Cardio,Quadriceps,cardio,Body Only,Beginner,,https://fitnessprogramer.com/wp-content/uploads/2021/09/Fast-Feet-Run.gif,30092c03-0fb1-47e3-88c3-519dc67466a7,4c8fa481-45da-4163-9a72-7dbaf8a1f5f0
Defensive Slide,Wall Slides,0.4018,No description available,Cardio,Quadriceps,shoulders,Body Only,Beginner,,https://fitnessprogramer.com/wp-content/uploads/2021/02/wall-slide.gif,4dea9188-73a7-426f-abf9-2e903f3cad10,e332ebc9-cde0-4f65-9e79-fa2dacf0d047
Quick Leap,Leaning Cable Lateral Raise,0.0762,No description available,Plyometrics,Quadriceps,shoulders,Body Only,Intermediate,,https://fitnessprogramer.com/wp-content/uploads/2021/09/Leaning-Cable-Lateral-Raise.gif,fa580c0c-c34f-4add-98b7-ea6e15179dec,66d65609-ee3e-4cf3-9882-0f72abb10caf
Football Up-Down,Push-down,0.305,No description available,Cardio,Quadriceps,triceps,Body Only,Beginner,,https://fitnessprogramer.com/wp-content/uploads/2021/02/Pushdown.gif,81698c7f-8b26-47aa-b83e-73b717d33089,87a5b0c9-536a-45d6-8406-06cada37bc29
Jump lunge heel kick,Heel Touch Side Kick Squat,0.5054,"The jump lunge heel kick is a high-intensity, full-body exercise targeting the quads, glutes, and hamstrings. It combines a jump lunge with a standing hamstring stretch in a unique combo that also challenges balance. It can be performed for time or reps as part of a fat-loss or athleticism-focused circuit or workout.",Plyometrics,Quadriceps,leg,Body Only,Intermediate,,https://fitnessprogramer.com/wp-content/uploads/2022/12/Heel-Touch-Side-Kick-Squat.gif,9dd87df8-08f5-453a-9711-4d77e9a0acea,8ef3ab15-7c70-433e-8a21-b2da4e980941
Linear Depth Jump,Depth Jump to Hurdle Hop,0.4655,No description available,Plyometrics,Quadriceps,leg,Body Only,Intermediate,,https://fitnessprogramer.com/wp-content/uploads/2023/09/Depth-Jump-to-Hurdle-Hop.gif,b5402402-dc52-4c20-ba69-944688961e64,6187c20f-a9c0-4d10-9b5d-2524e7b7c82e
Slow Jog,Band Alternating Low Row with Twist,0.0784,No description available,Cardio,Quadriceps,back,Body Only,Beginner,,https://fitnessprogramer.com/wp-content/uploads/2022/02/Band-Alternating-Low-Row-with-Twist.gif,3eee8ba2-4210-469b-ae23-2e5907a5e719,b8f9d090-db14-4040-b418-530712f47504
Square Hop,Quarter Sit-up,0.159,No description available,Plyometrics,Quadriceps,abs,Body Only,Beginner,,https://fitnessprogramer.com/wp-content/uploads/2021/05/Quarter-Sit-up.gif,8cd2fa6b-26fb-4f5e-ad2f-e1ba06fe6b5e,1e8631e4-791b-4049-ab83-fb1cec77612f
In-out jump squat,Dumbbell Jump Squat,0.5815,"The in-out jump squat is a bodyweight squat variation that alternates wide and narrow jump squats. It targets the lower-body muscles, including the quads, glutes, adductors, and hamstrings, and also provides a serious cardiovascular challenge. It can be performed for time or reps and is especially effective in a fat-loss or athleticism-focused circuit or workout.",Plyometrics,Quadriceps,leg,Body Only,Intermediate,,https://fitnessprogramer.com/wp-content/uploads/2022/04/Dumbbell-Jump-Squat.gif,e86e2c8a-0879-48eb-a4b0-cb1f59a3c156,dae716b9-bb97-45a8-bf34-e53b51de4a5d
Gorilla squat,Pin Squat,0.2311,"The gorilla squat is a bodyweight sequence that combines two reverse lunges and a bodyweight squat. It could also be performed with dumbbells, kettlebells, or other weights. It targets most of the muscles of the lower body, including the quads, glutes, and hamstrings. It can be performed for time or reps in the lower-body portion of any workout.",Plyometrics,Quadriceps,leg,Body Only,Intermediate,,https://fitnessprogramer.com/wp-content/uploads/2023/05/Pin-Squat.gif,2940dd18-436b-48d1-8bb2-3b92c7d90dfc,40e8f867-df8f-43e2-86e7-ea3c819d1292
Burpee tuck jump,Burpees,0.6774,The burpee tuck jump is an explosive version of the burpee exercise that adds a tuck jump to the top of each rep. It can be performed for time or reps in any fat-loss or athleticism-focused circuit or workout.,Plyometrics,Quadriceps,leg,Body Only,Intermediate,,https://fitnessprogramer.com/wp-content/uploads/2021/02/burpees.gif,042d0e03-b769-4ed5-b337-ad880fa822f0,c4d195ea-2a3c-4736-bb0a-9fda9cb275a6
Jump Lunge To Feet Jack,Side Lunge,0.3715,No description available,Plyometrics,Quadriceps,leg,Body Only,Intermediate,,https://fitnessprogramer.com/wp-content/uploads/2021/05/Side-Lunge-Stretch.gif,a4482231-f8f4-4c1a-b3f6-0556cd29147a,3eb59696-2e13-40df-9181-556addf0e6b7
Reverse Lunge Rotation,Push-up With Rotation,0.5498,No description available,Strength,Quadriceps,chest,Body Only,Intermediate,,https://fitnessprogramer.com/wp-content/uploads/2023/01/push-up-with-rotation.gif,14ecd549-6da1-4ab0-92f9-e83998b6b415,84dfdcf9-d3c2-41cf-8573-f963edda6896
Alternating standing knee-pull stretch,Standing Triceps Stretch,0.5564,"The alternating standing knee-pull stretch targets range of motion in the hips, hamstrings, and lower back. It's a common movement in dynamic warm-ups for athletics or lower-body training, but can also be used to ""limber up"" for activity anytime.",Stretching,Quadriceps,triceps,Body Only,Intermediate,,https://fitnessprogramer.com/wp-content/uploads/2022/02/Triceps-Stretch.gif,5b18d9e1-2c19-442d-a6b8-fc0326cd9b7d,c23ba636-b2fa-4bc2-823c-36cb67605aed
Seal jack,Split Jacks,0.4141,"The seal jack is a variation on the jumping jack, one the most common calisthenic exercises on the planet. The difference between this movement and the jumping jack has to do with the arm motion. Instead of the arms coming together overhead, they come together in front of the body, like a seal clapping its fins.",Strength,Quadriceps,cardio,Body Only,Intermediate,,https://fitnessprogramer.com/wp-content/uploads/2021/09/Split-Jacks.gif,d08db554-60ac-4b3b-b09c-f301f7ed0e3a,60caa840-bb20-41c6-a12a-244f758cced1
Kneeling quad thoracic stretch,Kneeling Quad Stretch,0.679,"The kneeling quad thoracic stretch is a stretch targeting greater range of motion in your thoracic spine. It is commonly included in dynamic warm-ups or cool-downs, but can also be performed as full-body mobility work any time.",Strength,Quadriceps,leg,Body Only,Intermediate,,https://fitnessprogramer.com/wp-content/uploads/2021/05/Kneeling-Quad-Stretch.gif,6b512133-dbe1-4465-91a0-eac7502f4b51,fc23aa89-db1c-4579-8806-752c87bb4c10
Single-Leg Squat With Knee Tap,Single Knee To Chest,0.4909,"The single-leg knee-tap squat is a single-leg squat variation that involves “floating” the back leg over the ground on the descent until touching just the knee to the ground or a pad. It is similar to a lunge, but without touching the back foot to the ground. It is an intense strength and coordination challenge that can work in any strength- or athleticism-focused workout.",Strength,Quadriceps,leg,Body Only,Expert,,https://fitnessprogramer.com/wp-content/uploads/2022/10/Single-Knee-To-Chest-Stretch.gif,56504f80-344d-4313-9051-c4631b097169,6d4de4e5-35f1-46ec-94a3-07ffce1825b6
Walking lunge with hip extension,Exercise Ball Triceps Extension,0.3995,"The walking lunge with hip extension is a combination of two movements, both targeting the lower body. The added hip extension places more of an emphasis on the glutes. It is a great inclusion in a dynamic warm-up for the lower body, but can also be performed for time or reps in any workout.",Strength,Quadriceps,triceps,Body Only,Intermediate,,https://fitnessprogramer.com/wp-content/uploads/2021/08/Exercise-Ball-Supine-Triceps-Extension.gif,3904ceea-8f11-42b3-b16f-ec4712356373,f7741646-5f3f-4da4-b335-50cdc187bb19
Squat with alternating side leg raise,Alternate Leg Raises,0.6009,"The squat with alternating side leg raise is a bodyweight version of the squat, but with a lateral leg lift to add extra focus to the abductor muscles. It can be performed for time or for reps as part of a dynamic warm-up for the lower body, or in any lower-body portion of a workout.",Strength,Quadriceps,abs,Body Only,Intermediate,,https://fitnessprogramer.com/wp-content/uploads/2022/08/Alternate-Leg-Raises.gif,88c0cc75-a9f0-4321-89a7-b4f299bcbf2a,7ac62e73-c11b-48e9-87f9-e79d191a0e42
Lateral Squats,Lateral Step-up,0.65,"The lateral lunge is a lower-body bodyweight movement that works the quads, glutes, and hamstrings. It can also be performed holding dumbbells or other weights. It is often performed for reps as part of a dynamic warm-up or mobility routine but can also work in a circuit or other workouts.",Strength,Quadriceps,leg,Body Only,Intermediate,,https://fitnessprogramer.com/wp-content/uploads/2022/04/Lateral-Step-up.gif,8a6343e2-e07f-486d-9808-6f910fe9054e,f25eb653-a8a6-41bb-926c-0c4ca7370597
Walking lunge with twist,Twist With Resistance Band,0.365,"The walking lunge with twist is an exercise that targets the lower body and the obliques. The twist not only works the obliques, it also opens up the thoracic spine. It is a great inclusion in a dynamic warm-up for a lower-body or full-body workout, but can also be performed for time or reps in any workout.",Strength,Quadriceps,abs,Body Only,Intermediate,,https://fitnessprogramer.com/wp-content/uploads/2022/05/Twist.gif,9d7d8316-9be3-4382-a67c-1b6297d79764,a82498a8-41bc-4621-ae88-283649a512e4
Boss Everline Backward Lunge Walk,Backward Jump,0.5163,No description available,Strength,Quadriceps,leg,Body Only,Intermediate,,https://fitnessprogramer.com/wp-content/uploads/2021/05/Backward-Jumping.gif,c8cc7614-5df1-4862-8927-cc30d7d56d94,e64e36a9-7c46-4f49-99a7-1b181d7e02f1
Reverse Diagonal Skaters,Skater,0.5889,No description available,Strength,Quadriceps,leg,Body Only,Intermediate,,https://fitnessprogramer.com/wp-content/uploads/2021/02/Skater.gif,18467381-cae4-4951-a0fd-c7377ede679d,895f2f42-55ee-404f-8c30-8cb36110c190
FYR Air Squat,Hands In Air Dead Bug,0.3508,"The bodyweight squat is a fundamental exercise that strengthens the quads, glutes, and hamstrings. It can be performed as part of a dynamic warm-up, for time or reps during a workout, or for hip and spine mobility any time.",Strength,Quadriceps,abs,Body Only,Intermediate,,https://fitnessprogramer.com/wp-content/uploads/2021/02/Dead-Bug.gif,6ab1f378-18dc-4ece-a34b-00ad834f8023,62588b67-16bd-42af-bae3-60f919d19c67
Push-up sprawl tuck jump,Squat Tuck Jump,0.5612,"The push-up sprawl tuck jump is an explosive bodyweight sequence that combines three movements: the push-up, the sprawl, and the tuck jump. It is similar to a burpee, but with a tuck jump at the top. It can be performed for time or reps in any fat-loss or athleticism-focused circuit or workout.",Strength,Quadriceps,cardio,Body Only,Intermediate,,https://fitnessprogramer.com/wp-content/uploads/2022/02/Squat-Tuck-Jump.gif,e7f6c6b4-98ba-47b4-8753-7a59b77fee4b,1c327339-b798-4511-81c0-9b1d21ac998e
FYR Running Lunge,Backward Running,0.5508,"The running lunge is a dynamic exercise that targets the lower body. It combines elements of a reverse lunge with a step-up, in that the front leg fully extends and the rear leg flexes up in front of the body. It targets a wide range of muscles in the lower body, including the quads, glutes, and hamstrings. It can be performed for time or reps in any lower-body workout, or in a fat-loss or athleticism-focused circuit.",Strength,Quadriceps,cardio,Body Only,Intermediate,,https://fitnessprogramer.com/wp-content/uploads/2021/08/Backwards-Running.gif,35f567f0-cad2-4a2c-88bc-6f81e900fde5,3b915144-8c58-4e0b-8b03-c17cd2ff6d68
FYR Jumping Lunge,Jumping Pull-up,0.6529,"The alternating lunge jump is an explosive bodyweight exercise that targets the lower-body muscles, including the quads, glutes, and hamstrings. It can be performed for time or reps in power training, and is also effective in any fat-loss or athleticism-focused workout.",Strength,Quadriceps,back,Body Only,Intermediate,,https://fitnessprogramer.com/wp-content/uploads/2022/01/jumping-pull-up.gif,30808dae-793d-493b-b168-445d1e881ebd,c0c4ea00-7069-410c-a0fa-753e0d37c08b
FYR Sprawl Frog Kick,Frog Pose,0.3708,"The sprawl frog kick is an explosive bodyweight exercise that targets multiple muscle groups across the upper and lower body. It is similar to a traditional sprawl, but with an extra hop in the middle of each rep. It can be performed for time or reps in any fat-loss or athleticism-focused circuit or workout.",Strength,Quadriceps,leg,Body Only,Intermediate,,https://fitnessprogramer.com/wp-content/uploads/2022/12/Frog-Pose-mandukasana.gif,fde139eb-2d43-41f0-9638-a15f846afa18,dcdd8da9-2410-4046-947d-51392f1ce878
FYR Sprinter Burpee,Burpees,0.5413,No description available,Cardio,Quadriceps,leg,Body Only,Intermediate,,https://fitnessprogramer.com/wp-content/uploads/2021/02/burpees.gif,cc6d0e5b-1d8e-46fa-944c-ace3c76d6941,c4d195ea-2a3c-4736-bb0a-9fda9cb275a6
FYR Gorilla Squat,Pin Squat,0.2161,"The gorilla squat is a bodyweight sequence that combines two reverse lunges and a bodyweight squat. It could also be performed with dumbbells, kettlebells, or other weights. It targets most of the muscles of the lower body, including the quads, glutes, and hamstrings. It can be performed for time or reps in the lower-body portion of any workout.",Strength,Quadriceps,leg,Body Only,Intermediate,,https://fitnessprogramer.com/wp-content/uploads/2023/05/Pin-Squat.gif,154d02f6-b31c-408c-a8e7-4eee3abc9b3b,40e8f867-df8f-43e2-86e7-ea3c819d1292
Banded compass jump squat,Banded Split Squat,0.4233,"The banded compass jump squat is an explosive squat variation performed with a band around the thighs just above the knees. This increases muscle activation in the hips and glutes, while the squat targets the quads, hamstrings, and glutes. The landing for each jump is a 90-degree rotation from the starting position. The banded compass jump squat can be performed for low reps as a power-focused exercise, or for higher reps to build muscle in the lower body, challenge conditioning, and burn fat.",Strength,Quadriceps,leg,Body Only,Intermediate,,https://fitnessprogramer.com/wp-content/uploads/2022/10/Banded-Split-Squat.gif,d73a5ac8-b94f-425d-be77-fb40bac801b4,285e4980-f152-4cf8-9eb6-f54570adb255
In-out sprawl,Kneeling Leg Out Adductor Stretch,0.1647,"The in-out sprawl is a full-body movement that combines elements of a plank and a sprawl. It demands an explosive full-body jump from a plank position. It is a challenging move that trains balance, core strength, and many muscle groups, making it work well in a time-efficient bodyweight circuit workout.",Strength,Quadriceps,leg,Body Only,Intermediate,,https://fitnessprogramer.com/wp-content/uploads/2022/12/Kneeling-Leg-Out-Adductor-Stretch.gif,6ab36c55-0c8c-4e3b-9ad5-4094d963ca8a,53c72b19-0921-4c3e-b4c3-400ee8192bb6
Knee-tuck kick-up,Chin Tuck,0.5154,"The knee-tuck kick-up is a bodyweight movement that targets the muscles of the abs, the rectus abdominis or ""six-pack"" muscles in particular. It can be performed for time or reps in the ab-focused portion of any workout.",Strength,Quadriceps,neck,Body Only,Intermediate,,https://fitnessprogramer.com/wp-content/uploads/2021/06/Chin-Tuck.gif,85ac4d35-1542-449d-ac88-0a66769a630a,caba7fb1-2cb9-46bc-9e4b-03bcc34c02a2
Bear crawl donkey kick,Lever Donkey Calf Raise,0.4477,"The bear crawl donkey kick is a more advanced version of the bear crawl exercise that adds a donkey kick. It adds an extra coordination and shoulder challenge to an already intense full-body movement that targets the cardiovascular system as well as a wide range of muscle groups, the shoulders, core, and legs in particular. It can be done as a full-body warm-up, in short bursts for power or circuit training, or for longer durations as cardiovascular conditioning.",Strength,Quadriceps,calf,Body Only,Intermediate,,https://fitnessprogramer.com/wp-content/uploads/2021/09/Lever-Donkey-Calf-Raise.gif,96a832d9-2680-47c7-9f2f-66be0004a0c5,973fb2fc-aded-4d05-9958-df8963fa3faf
Southpaw sprawl with push-up,Push-up With Push-up Bars,0.2843,"The southpaw sprawl with push-up is a full-body movement that combines elements of a plank and a sprawl, with the addition of a push-up. It also has a rotational component, with a jumping leg-cross and torso twist in a straight-arm plank position. It is a challenging move that trains balance, core strength, and many muscle groups, making it work well in a time-efficient bodyweight circuit workout.",Strength,Quadriceps,chest,Body Only,Intermediate,,https://fitnessprogramer.com/wp-content/uploads/2021/10/Push-up-With-Push-up-Bars.gif,1480d523-1b59-4d37-841d-1ea292adf403,345a1ef0-7af8-4774-b19e-5ef064cf3138
Bouncing lunge,Side Lunge,0.3125,"The bouncing lunge is a bodyweight movement targeting the quads. It can be performed either for time or reps, and is often included as part of a fat-loss or athleticism-focused circuit workout.",Strength,Quadriceps,leg,Body Only,Intermediate,,https://fitnessprogramer.com/wp-content/uploads/2021/05/Side-Lunge-Stretch.gif,69765e69-28f5-4a43-9861-831f64002fa6,3eb59696-2e13-40df-9181-556addf0e6b7
FYR Alternating Lunge,Seated Alternating Dumbbell Curl,0.5422,"The forward lunge is a lower-body bodyweight exercise targeting the quads, glutes, and hamstrings. It can also be performed holding dumbbells or other weights. The forward lunge places more emphasis on the quads than other lunge variations. It can be performed for time or reps in the lower-body portion of any workout.",Strength,Quadriceps,biceps,Body Only,Intermediate,,https://fitnessprogramer.com/wp-content/uploads/2022/06/Seated-dumbbell-alternating-curl.gif,de9acc93-1dc1-4999-bb6b-cc064931d232,98334714-b20d-4c97-a9d9-e544e51a0c02
Seated Quad Contraction,Seated Scapular Retraction Exercise,0.4303,No description available,Strength,Quadriceps,trapezius,Body Only,Intermediate,,https://fitnessprogramer.com/wp-content/uploads/2022/02/Seated-Scapular-Retraction-Exercise.gif,64dc5142-cd4c-4744-b263-793552ddbe68,49d9f0ad-7677-4944-8858-8a636d578fcb
HM Squat with Alternating Leg Extension,Alternating Lying Dumbbell Triceps Extension,0.6464,No description available,Strength,Quadriceps,triceps,Body Only,Intermediate,,https://fitnessprogramer.com/wp-content/uploads/2022/02/Alternating-Lying-Dumbbell-Triceps-Extension.gif,c3d40839-c3b6-490d-9315-bc3b458ca05f,96563a53-691e-41b2-b896-eb7af2ce5af6
HM Air Squat,Hands In Air Dead Bug,0.3842,No description available,Strength,Quadriceps,abs,Body Only,Intermediate,,https://fitnessprogramer.com/wp-content/uploads/2021/02/Dead-Bug.gif,4866b853-8ce2-4a2c-90d8-0e0b7c3bc4b6,62588b67-16bd-42af-bae3-60f919d19c67
HM Alternating Jump Lunge,Seated Alternating Dumbbell Curl,0.523,No description available,Strength,Quadriceps,biceps,Body Only,Intermediate,,https://fitnessprogramer.com/wp-content/uploads/2022/06/Seated-dumbbell-alternating-curl.gif,6bd59d38-16f0-4033-8822-f6c9b79200bb,98334714-b20d-4c97-a9d9-e544e51a0c02
HM Alternating Lunge-In-Place,Run in Place,0.5746,No description available,Strength,Quadriceps,cardio,Body Only,Intermediate,,https://fitnessprogramer.com/wp-content/uploads/2021/09/Run-in-Place-exercise.gif,38971002-ecf5-48f0-a80b-ad9b9ce3f97b,7d35471f-6e8b-4b65-92d6-dc2c1bf92446
HM Alternating Side Lunge,Side Lunge,0.6217,No description available,Strength,Quadriceps,leg,Body Only,Intermediate,,https://fitnessprogramer.com/wp-content/uploads/2021/05/Side-Lunge-Stretch.gif,a3cebd0a-f2dc-4802-ba47-8b854d6116a1,3eb59696-2e13-40df-9181-556addf0e6b7
HM Sumo Pulse,Barbell Sumo Squat,0.4433,No description available,Strength,Quadriceps,leg,Body Only,Intermediate,,https://fitnessprogramer.com/wp-content/uploads/2021/02/Barbell-sumo-squat.gif,bbfab4a8-22ce-4a20-9c62-53c772a5d773,a028a56f-060b-4d8a-9403-d85ca3dc5614
HM Alternating Side-Kick,Seated Alternating Dumbbell Curl,0.5304,No description available,Strength,Quadriceps,biceps,Body Only,Intermediate,,https://fitnessprogramer.com/wp-content/uploads/2022/06/Seated-dumbbell-alternating-curl.gif,0ad04ecd-dc53-40f5-a50f-8f8ce7feb76e,98334714-b20d-4c97-a9d9-e544e51a0c02
HM Bear Stance Fire Hydrant,Standing Leg Curl With Resistance Band,0.2072,No description available,Strength,Quadriceps,leg,Body Only,Intermediate,,https://fitnessprogramer.com/wp-content/uploads/2022/05/Standing-leg-curl.gif,b1970717-40f7-4fec-8029-346cbce5c044,1c54fb08-1f6a-46cd-861d-f7b83af42261
HM Walking Frankenstein,Briskly Walking,0.253,No description available,Strength,Quadriceps,cardio,Body Only,Intermediate,,https://fitnessprogramer.com/wp-content/uploads/2021/09/Briskly-Walking.gif,2ca19950-38ff-4e4a-8135-0216a257c304,ad286116-a237-4249-b1a5-dec3f0ad2180
HM Walking Hip Stretch,90/90 Hip Stretch,0.4102,No description available,Stretching,Quadriceps,leg,Body Only,Intermediate,,https://fitnessprogramer.com/wp-content/uploads/2022/08/90-90-Hip-Stretch.gif,1fedd7c5-93f8-4f00-9895-3c7cd09db0f7,5341f435-6365-454c-b005-d18c758d367d
HM Wide Jump Squat,Dumbbell Jump Squat,0.5766,No description available,Strength,Quadriceps,leg,Body Only,Intermediate,,https://fitnessprogramer.com/wp-content/uploads/2022/04/Dumbbell-Jump-Squat.gif,32275523-f12b-4119-9693-0ccfefc4b706,dae716b9-bb97-45a8-bf34-e53b51de4a5d
HM Running Lunge,Backward Running,0.5775,No description available,Cardio,Quadriceps,cardio,Body Only,Intermediate,,https://fitnessprogramer.com/wp-content/uploads/2021/08/Backwards-Running.gif,b8a911f1-83e9-47e1-8cc4-90bf1f0d08bb,3b915144-8c58-4e0b-8b03-c17cd2ff6d68
HM Alternating Lunge Push-Up,Seated Alternating Dumbbell Curl,0.5253,No description available,Strength,Quadriceps,biceps,Body Only,Intermediate,,https://fitnessprogramer.com/wp-content/uploads/2022/06/Seated-dumbbell-alternating-curl.gif,a70ee524-8f19-484b-b682-f900f2dd6fb9,98334714-b20d-4c97-a9d9-e544e51a0c02
HM Comet,Isometric Pull-Up,0.1223,No description available,Strength,Quadriceps,back,Body Only,Intermediate,,https://fitnessprogramer.com/wp-content/uploads/2022/08/Isometric-Pull-Up.gif,8874c6f8-944a-42c3-80e6-5eaaed49bbde,a9ad607b-3b57-4be2-a936-8eadcf220576
HM Couch Stretch,Wrist Stretch,0.3841,No description available,Strength,Quadriceps,forearm,Body Only,Intermediate,,https://fitnessprogramer.com/wp-content/uploads/2023/03/Wrist-Stretch.gif,ad47e88c-89cf-46ea-aa4b-25dcaba6edc7,cc03cfaa-2c2d-4b31-b064-02fd10010250
HM Down Up,Push-down,0.6473,No description available,Strength,Quadriceps,triceps,Body Only,Intermediate,,https://fitnessprogramer.com/wp-content/uploads/2021/02/Pushdown.gif,0736d074-c28c-45c5-8018-0c45b364352c,87a5b0c9-536a-45d6-8406-06cada37bc29
HM Fragon,Dragon Flag,0.4339,No description available,Strength,Quadriceps,abs,Body Only,Intermediate,,https://fitnessprogramer.com/wp-content/uploads/2022/07/Leg-Raise-Dragon-Flag.gif,89bcbf64-648f-4cb7-a7b4-f248a7200bf4,a11d9b9c-56e7-4d55-bfb0-469290027bdd
HM Frankenstein,Front to Side Plank,0.0337,No description available,Strength,Quadriceps,abs,Body Only,Intermediate,,https://fitnessprogramer.com/wp-content/uploads/2021/05/Front-to-Side-Plank.gif,0a7bf462-c799-4a67-b422-0063381831de,cb995e4b-5fb7-4454-8df9-b1a6aad2ac76
HM Single-Leg Squat on Chair,Chair Dips,0.4997,No description available,Strength,Quadriceps,triceps,Body Only,Intermediate,,https://fitnessprogramer.com/wp-content/uploads/2021/04/CHAIR-DIPS.gif,17c4fa9d-b932-4723-ae81-f122322f4bd3,ba47be99-9bd7-4f48-bb63-32deb50b8497
HM Single-Leg Touchdown,Single Leg Step Down,0.4302,No description available,Strength,Quadriceps,leg,Body Only,Intermediate,,https://fitnessprogramer.com/wp-content/uploads/2021/10/Single-Leg-Step-Down.gif,8dd67cf2-f1aa-49ec-8c89-060afafee497,fc44ed97-003c-4bba-bc15-bf1beeb1c5f9
HM Squat Lunge,Side Lunge,0.5499,No description available,Strength,Quadriceps,leg,Body Only,Intermediate,,https://fitnessprogramer.com/wp-content/uploads/2021/05/Side-Lunge-Stretch.gif,5823dacb-37dd-4c23-bdd1-7ef49e512bc6,3eb59696-2e13-40df-9181-556addf0e6b7
HM Garland Pose,Bow Pose,0.3302,No description available,Strength,Quadriceps,abs,Body Only,Intermediate,,https://fitnessprogramer.com/wp-content/uploads/2021/02/Bow-Yoga-Pose.gif,bdd1eb22-d671-4c88-a6c6-05527f01c540,214acda1-4903-4c65-8a6c-9f5f69e5eba5
HM In-And-Out Squat,Pin Squat,0.3397,No description available,Strength,Quadriceps,leg,Body Only,Intermediate,,https://fitnessprogramer.com/wp-content/uploads/2023/05/Pin-Squat.gif,c8d27e6c-6a30-4c28-aac6-36268fc2b980,40e8f867-df8f-43e2-86e7-ea3c819d1292
HM In-And-Out Squat Jump,Dumbbell Jump Squat,0.5107,No description available,Strength,Quadriceps,leg,Body Only,Intermediate,,https://fitnessprogramer.com/wp-content/uploads/2022/04/Dumbbell-Jump-Squat.gif,087b29ec-a649-430a-b92d-87807af8bbd0,dae716b9-bb97-45a8-bf34-e53b51de4a5d
HM Right Calf-Spike Sumo Pulse,Barbell Sumo Squat,0.2954,No description available,Strength,Quadriceps,leg,Body Only,Intermediate,,https://fitnessprogramer.com/wp-content/uploads/2021/02/Barbell-sumo-squat.gif,03e8bb33-919a-41b0-aa0d-49f16c299a23,a028a56f-060b-4d8a-9403-d85ca3dc5614
HM Reverse Lunge with Kick,Reverse Plank Kicks,0.6213,No description available,Strength,Quadriceps,abs,Body Only,Intermediate,,https://fitnessprogramer.com/wp-content/uploads/2021/02/Reverse-Plank-Kicks.gif,0e9d4860-1b28-4060-b866-c4494bd37632,7b39b096-90a2-4e44-a42e-d420cfd90f84
HM Left Knee-Up,Leg Pull-in Knee-ups,0.3404,No description available,Strength,Quadriceps,abs,Body Only,Intermediate,,https://fitnessprogramer.com/wp-content/uploads/2021/02/Leg-Pull-In-Knee-ups.gif,2a9bd149-f71f-4c81-9e51-6f259cc47f56,f28adbbe-a65a-48d6-b030-b2c606d6e54d
HM Left-Leg Lunge And Kick-Out,Side Lunge,0.3354,No description available,Strength,Quadriceps,leg,Body Only,Intermediate,,https://fitnessprogramer.com/wp-content/uploads/2021/05/Side-Lunge-Stretch.gif,bd100a4d-59b7-4525-ab99-3dc376ea4ba8,3eb59696-2e13-40df-9181-556addf0e6b7
HM Mountain Pose,Bow Pose,0.3646,No description available,Strength,Quadriceps,abs,Body Only,Intermediate,,https://fitnessprogramer.com/wp-content/uploads/2021/02/Bow-Yoga-Pose.gif,6a6edfdd-b8aa-49f7-8196-d709e7b71a64,214acda1-4903-4c65-8a6c-9f5f69e5eba5
HM Butt Kickers,Butt Kicks,0.6735,No description available,Strength,Quadriceps,cardio,Body Only,Intermediate,,https://fitnessprogramer.com/wp-content/uploads/2021/10/Butt-Kicks.gif,f30670ae-b6ce-43ca-a133-eef8800b7106,092ae57a-9e86-4cf6-877e-6f55b0a9fc46
HM Right-Leg Lunge And Kick-Out,Side Lunge,0.3378,No description available,Strength,Quadriceps,leg,Body Only,Intermediate,,https://fitnessprogramer.com/wp-content/uploads/2021/05/Side-Lunge-Stretch.gif,6b75e5e0-2586-44bc-b7a9-ec4138d4a030,3eb59696-2e13-40df-9181-556addf0e6b7
HM Sumo Get-Up,Barbell Sumo Squat,0.4991,No description available,Strength,Quadriceps,leg,Body Only,Intermediate,,https://fitnessprogramer.com/wp-content/uploads/2021/02/Barbell-sumo-squat.gif,cd565e8c-424e-4f45-ba9a-80e4c9629f82,a028a56f-060b-4d8a-9403-d85ca3dc5614
High knees sprawl drill,High Knee Squat,0.4429,"The high knees sprawl drill is a full-body, cardio and strength-focused exercise. It can be performed for reps or time in a fast-paced circuit or other workout.",Strength,Quadriceps,leg,Body Only,Intermediate,,https://fitnessprogramer.com/wp-content/uploads/2021/11/High-Knee-Squat.gif,fae755b9-a440-49a9-93c2-16deea677564,e8184c36-3b8b-49dc-b23b-ad26c51d3830
UN Forward Lunge,Dumbbell Forward Leaning Lunge,0.6794,No description available,Strength,Quadriceps,leg,Body Only,Intermediate,,https://fitnessprogramer.com/wp-content/uploads/2022/09/dumbbell-forward-leaning-lunge.gif,157a175f-87bb-41c7-bcd5-7b1e1168dd12,d96b80f3-55ec-434d-ab76-5ae2d9e5b1d8
UN Front Foot Elevated Split Squat,Split Jump Squat,0.4612,No description available,Strength,Quadriceps,cardio,Body Only,Intermediate,,https://fitnessprogramer.com/wp-content/uploads/2021/05/Split-Squat.gif,5799ef8a-300d-4a23-bbee-77c7fabdac28,1035332e-76b7-4da0-a715-6f4b4c0a90b4
UNS Low Depth Jump,Depth Jump to Hurdle Hop,0.5131,No description available,Strength,Quadriceps,leg,Body Only,Intermediate,,https://fitnessprogramer.com/wp-content/uploads/2023/09/Depth-Jump-to-Hurdle-Hop.gif,a2df534f-f667-4747-a5e2-456f024c1539,6187c20f-a9c0-4d10-9b5d-2524e7b7c82e
UNS Forward-To-Reverse Lunge,Dumbbell Forward Leaning Lunge,0.5568,No description available,Strength,Quadriceps,leg,Body Only,Intermediate,,https://fitnessprogramer.com/wp-content/uploads/2022/09/dumbbell-forward-leaning-lunge.gif,d43f7073-6a42-4aa6-b43b-79c246c5963d,d96b80f3-55ec-434d-ab76-5ae2d9e5b1d8
Holman Towel Squat Thrust,Towel Leg Curl,0.4766,No description available,Strength,Quadriceps,leg,Body Only,Intermediate,,https://fitnessprogramer.com/wp-content/uploads/2022/02/Towel-Leg-Curl.gif,c7b06922-55ac-45a6-a4e8-07be763001ff,9d5e5834-3f74-4c5d-921e-04f3f4eadd6b
Holman Towel Alternating Prisoner Squat,Seated Alternating Dumbbell Curl,0.3479,No description available,Strength,Quadriceps,biceps,Body Only,Intermediate,,https://fitnessprogramer.com/wp-content/uploads/2022/06/Seated-dumbbell-alternating-curl.gif,4179a781-f2c9-47c8-a64b-ac8ef3b5a1c6,98334714-b20d-4c97-a9d9-e544e51a0c02
Holman Towel Alternating Lateral Lunge,Lateral Raise with Towel on Wall,0.5154,No description available,Strength,Quadriceps,shoulders,Body Only,Intermediate,,https://fitnessprogramer.com/wp-content/uploads/2023/06/Lateral-Raise-with-Towel-on-Wall.gif,e17f7369-22cf-416a-8d64-3f5887ad698c,511269a2-5923-45dd-9348-34d94d29c15d
Holman 180 Jump,Jump Rope,0.3285,No description available,Strength,Quadriceps,cardio,Body Only,Intermediate,,https://fitnessprogramer.com/wp-content/uploads/2021/06/Jump-Rope.gif,eaab2cc2-b180-4d0f-b061-7b832def35c1,9121504d-2572-4920-abab-bd1d2c5fa088
Holman Foot-Elevated Knee-Up to Squat,High Knee Squat,0.3765,No description available,Strength,Quadriceps,leg,Body Only,Intermediate,,https://fitnessprogramer.com/wp-content/uploads/2021/11/High-Knee-Squat.gif,f6113364-3004-4ab4-b003-579c61ea7857,e8184c36-3b8b-49dc-b23b-ad26c51d3830
Holman Feet-Elevated Squat Thrust,Barbell Thruster,0.291,No description available,Strength,Quadriceps,shoulders,Body Only,Intermediate,,https://fitnessprogramer.com/wp-content/uploads/2022/10/thruster.gif,0d76d4fa-b840-4340-ad30-fe05e7134754,b70eac51-1723-41ea-a555-a09190ed7c0d
Holman Hands-Elevated Lunge Jump,Side Lunge,0.3231,No description available,Strength,Quadriceps,leg,Body Only,Intermediate,,https://fitnessprogramer.com/wp-content/uploads/2021/05/Side-Lunge-Stretch.gif,0263ef82-c1f0-46d3-afda-12d72502349a,3eb59696-2e13-40df-9181-556addf0e6b7
Holman Hands-Elevated Jack to Split Jump,Split Jacks,0.5889,No description available,Strength,Quadriceps,cardio,Body Only,Intermediate,,https://fitnessprogramer.com/wp-content/uploads/2021/09/Split-Jacks.gif,51489040-87ed-4924-a0fb-bbfe4dba15ba,60caa840-bb20-41c6-a12a-244f758cced1
Holman Hands-Elevated Wide Squat Thrust,Barbell Thruster,0.2793,No description available,Strength,Quadriceps,shoulders,Body Only,Intermediate,,https://fitnessprogramer.com/wp-content/uploads/2022/10/thruster.gif,493f8f66-2686-47ad-a2c2-9c8c69b0cbaf,b70eac51-1723-41ea-a555-a09190ed7c0d
Holman Hands-Elevated Squat Thrust to Split Jack,Split Jacks,0.5278,No description available,Strength,Quadriceps,cardio,Body Only,Intermediate,,https://fitnessprogramer.com/wp-content/uploads/2021/09/Split-Jacks.gif,6a5df3aa-e89e-462a-bd4f-9c0eeba98fbe,60caa840-bb20-41c6-a12a-244f758cced1
Holman Squat Jump,Dumbbell Jump Squat,0.6396,No description available,Strength,Quadriceps,leg,Body Only,Intermediate,,https://fitnessprogramer.com/wp-content/uploads/2022/04/Dumbbell-Jump-Squat.gif,c8037706-3200-473e-9946-dd156f54089b,dae716b9-bb97-45a8-bf34-e53b51de4a5d
Holman Squat Pulse,Pin Squat,0.2819,No description available,Strength,Quadriceps,leg,Body Only,Intermediate,,https://fitnessprogramer.com/wp-content/uploads/2023/05/Pin-Squat.gif,ca6ca9f8-1a47-4625-87df-6e1253506293,40e8f867-df8f-43e2-86e7-ea3c819d1292
Holman Jump-Out Push-Up,Push-up With Push-up Bars,0.3485,No description available,Strength,Quadriceps,chest,Body Only,Intermediate,,https://fitnessprogramer.com/wp-content/uploads/2021/10/Push-up-With-Push-up-Bars.gif,07002359-9478-4af7-a8b8-815735717832,345a1ef0-7af8-4774-b19e-5ef064cf3138
Holman Alternating Forward Lunge,Dumbbell Forward Leaning Lunge,0.5476,No description available,Strength,Quadriceps,leg,Body Only,Intermediate,,https://fitnessprogramer.com/wp-content/uploads/2022/09/dumbbell-forward-leaning-lunge.gif,8e5457f2-3dc6-426e-8ec2-2b0813e4a6cd,d96b80f3-55ec-434d-ab76-5ae2d9e5b1d8
Holman Pilates Single-Leg Stretch,Teaser Pilates,0.4492,No description available,Strength,Quadriceps,abs,Body Only,Intermediate,,https://fitnessprogramer.com/wp-content/uploads/2021/08/Teaser-Pilates.gif,06599164-4aca-4cb5-bc81-1bb89a84ca0f,a7b05320-4918-4793-a576-ea5e2ff5a21f
Holman Alternating Reverse Prisoner Lunge,Reverse Lunge Knee Lift,0.3695,No description available,Strength,Quadriceps,leg,Body Only,Intermediate,,https://fitnessprogramer.com/wp-content/uploads/2021/05/Reverse-Lunge-Knee.gif,2a5dc117-4c51-4760-b9a4-23179798fb41,3e48993e-f83b-402f-aea0-25c09d188936
Holman Narrow-Wide Squat Jump to 180 Jump,Dumbbell Jump Squat,0.4666,No description available,Strength,Quadriceps,leg,Body Only,Intermediate,,https://fitnessprogramer.com/wp-content/uploads/2022/04/Dumbbell-Jump-Squat.gif,06cce68e-71ab-42f8-a3f7-f1284b7a4505,dae716b9-bb97-45a8-bf34-e53b51de4a5d
Holman 180 Jump to Lunge,Side Lunge,0.3866,No description available,Strength,Quadriceps,leg,Body Only,Intermediate,,https://fitnessprogramer.com/wp-content/uploads/2021/05/Side-Lunge-Stretch.gif,c806f17d-848a-4460-ab03-e19b3fac94c0,3eb59696-2e13-40df-9181-556addf0e6b7
Holman Imaginary Jump Rope,Jump Rope,0.4353,No description available,Strength,Quadriceps,cardio,Body Only,Intermediate,,https://fitnessprogramer.com/wp-content/uploads/2021/06/Jump-Rope.gif,c8465409-52e7-4ae9-8d9d-20fd6ea93ca9,9121504d-2572-4920-abab-bd1d2c5fa088
Holman Fast Feet with Hands Up,Fast Feet Run,0.6684,No description available,Strength,Quadriceps,cardio,Body Only,Intermediate,,https://fitnessprogramer.com/wp-content/uploads/2021/09/Fast-Feet-Run.gif,223ed4e4-8c2e-48ce-ba19-992dcbd630fe,4c8fa481-45da-4163-9a72-7dbaf8a1f5f0
Holman Hands-Elevated Alternating Lunge Jump,Seated Alternating Dumbbell Curl,0.444,No description available,Strength,Quadriceps,biceps,Body Only,Intermediate,,https://fitnessprogramer.com/wp-content/uploads/2022/06/Seated-dumbbell-alternating-curl.gif,88ce59a6-68d6-4bb9-adb6-8c5d086ee4cc,98334714-b20d-4c97-a9d9-e544e51a0c02
Holman Right Split Lunge,Split Jacks,0.4473,No description available,Strength,Quadriceps,cardio,Body Only,Intermediate,,https://fitnessprogramer.com/wp-content/uploads/2021/09/Split-Jacks.gif,1dc56ad3-c817-45c3-9983-740d862b7c4f,60caa840-bb20-41c6-a12a-244f758cced1
Holman Left Split Lunge,Split Jacks,0.4493,No description available,Strength,Quadriceps,cardio,Body Only,Intermediate,,https://fitnessprogramer.com/wp-content/uploads/2021/09/Split-Jacks.gif,acaa9b86-2312-4a32-964e-c86903a5d738,60caa840-bb20-41c6-a12a-244f758cced1
Holman Plyometric Jump,Zig Zag Hops Plyometric,0.6145,No description available,Strength,Quadriceps,leg,Body Only,Intermediate,,https://fitnessprogramer.com/wp-content/uploads/2021/05/Zig-Zag-Hops-Plyometric.gif,74edf8e1-7b6f-46b7-b292-37a93baf8fd1,f50323f4-bfd7-433e-b92d-1c55c4e2ef02
Holman Quad Touch Jump,Heel Touch,0.4328,No description available,Strength,Quadriceps,abs,Body Only,Intermediate,,https://fitnessprogramer.com/wp-content/uploads/2021/02/Heel-Touch.gif,b47fa994-6c4b-4ddc-9af9-284a6cf5c87d,db3605ce-6dc8-4b95-8ba0-80a8a93b2cac
Holman Skate,Skater,0.6359,No description available,Strength,Quadriceps,leg,Body Only,Intermediate,,https://fitnessprogramer.com/wp-content/uploads/2021/02/Skater.gif,8c8b5889-a4fe-4afd-a000-ac6863bc3572,895f2f42-55ee-404f-8c30-8cb36110c190
Holman Lunge Jump,Side Lunge,0.4845,No description available,Strength,Quadriceps,leg,Body Only,Intermediate,,https://fitnessprogramer.com/wp-content/uploads/2021/05/Side-Lunge-Stretch.gif,0099eca3-7b9b-4110-beef-c4404faf964d,3eb59696-2e13-40df-9181-556addf0e6b7
Holman Flying Squat Thrust,Barbell Thruster,0.3379,No description available,Strength,Quadriceps,shoulders,Body Only,Intermediate,,https://fitnessprogramer.com/wp-content/uploads/2022/10/thruster.gif,143514fa-e7ab-42b3-8219-7ab8bf8302e8,b70eac51-1723-41ea-a555-a09190ed7c0d
Holman 90-Degree Jump,45 Degree Incline Row,0.5487,No description available,Strength,Quadriceps,trapezius,Body Only,Intermediate,,https://fitnessprogramer.com/wp-content/uploads/2021/02/45-Degree-Incline-Row.gif,ddbcaf9b-6767-4f4f-8820-b8b24ec368a2,2fbec5bf-da5e-46e0-a726-47f97bd022fe
Holman Half Jack to 180 Jump,Split Jacks,0.2904,No description available,Strength,Quadriceps,cardio,Body Only,Intermediate,,https://fitnessprogramer.com/wp-content/uploads/2021/09/Split-Jacks.gif,77c5dcc7-7f7e-4730-910f-c9dadd98ccc9,60caa840-bb20-41c6-a12a-244f758cced1
Holman Quick Feet to Quad Touch Jump,Heel Touch,0.319,No description available,Strength,Quadriceps,abs,Body Only,Intermediate,,https://fitnessprogramer.com/wp-content/uploads/2021/02/Heel-Touch.gif,bd73dcaf-4918-4df5-945f-d92a799647b6,db3605ce-6dc8-4b95-8ba0-80a8a93b2cac
Holman Squat Thrust to Push-Up to Super Woman,Barbell Thruster,0.2466,No description available,Strength,Quadriceps,shoulders,Body Only,Intermediate,,https://fitnessprogramer.com/wp-content/uploads/2022/10/thruster.gif,38c9b1c7-74ec-4f46-8e35-c76132bac237,b70eac51-1723-41ea-a555-a09190ed7c0d
Holman Plyometric Jump to 180 Jump,Zig Zag Hops Plyometric,0.4929,No description available,Strength,Quadriceps,leg,Body Only,Intermediate,,https://fitnessprogramer.com/wp-content/uploads/2021/05/Zig-Zag-Hops-Plyometric.gif,aec9ba8a-22d5-461f-9bd9-8f759664c08e,f50323f4-bfd7-433e-b92d-1c55c4e2ef02
Holman Standing Heel Click to Hands Down Heel Click,Heel Touch,0.3912,No description available,Strength,Quadriceps,abs,Body Only,Intermediate,,https://fitnessprogramer.com/wp-content/uploads/2021/02/Heel-Touch.gif,aa22dda3-7b97-4c71-a562-5c79e74a9eeb,db3605ce-6dc8-4b95-8ba0-80a8a93b2cac
Holman Burpee to 180 Jump,Burpees,0.6201,No description available,Strength,Quadriceps,leg,Body Only,Intermediate,,https://fitnessprogramer.com/wp-content/uploads/2021/02/burpees.gif,35855d64-9e78-49d7-a1e1-2e49a9635a3d,c4d195ea-2a3c-4736-bb0a-9fda9cb275a6
Holman Traveling Low Jack to Belly Touch,Heel Touch,0.2946,No description available,Strength,Quadriceps,abs,Body Only,Intermediate,,https://fitnessprogramer.com/wp-content/uploads/2021/02/Heel-Touch.gif,b4544ffe-73ca-4445-a26b-b220a8622b04,db3605ce-6dc8-4b95-8ba0-80a8a93b2cac
Holman Flying Squat Thrust to Shoulder Tap,Lying Shoulder Press,0.4771,No description available,Strength,Quadriceps,shoulders,Body Only,Intermediate,,https://fitnessprogramer.com/wp-content/uploads/2021/09/Lying-Shoulder-Press.gif,a3b86727-50bb-451f-a0c5-6cda3b6a7954,fd54ec17-57dc-4621-8462-60cb4b2289b5
Holman Squat Jump to Alternating Side Lunge Jump,Dumbbell Jump Squat,0.4855,No description available,Strength,Quadriceps,leg,Body Only,Intermediate,,https://fitnessprogramer.com/wp-content/uploads/2022/04/Dumbbell-Jump-Squat.gif,4720d56e-f789-4e0f-a68d-57855ce63d9b,dae716b9-bb97-45a8-bf34-e53b51de4a5d
Holman Low Squat with Low Diagonal Dumbbell Punch,Diagonal Neck Stretch,0.4491,No description available,Strength,Quadriceps,neck,Body Only,Intermediate,,https://fitnessprogramer.com/wp-content/uploads/2021/07/Diagonal-Neck-Stretch-360x360.png,726d886e-0b7e-4719-9024-6447ff4e1227,5ac027b6-d24d-455f-b331-c33688b01940
Holman Right Leg Hop to Right Reverse Lunge,Right Cross,0.4791,No description available,Strength,Quadriceps,cardio,Body Only,Intermediate,,https://fitnessprogramer.com/wp-content/uploads/2022/08/Right-Cross-Boxing.gif,e5c8c404-2cb8-44e6-914b-d513016c480b,72f06398-7971-453e-b797-3f496f5e49d6
Holman Left Leg Hop to Left Reverse Lunge,Reverse Lunge Knee Lift,0.4059,No description available,Strength,Quadriceps,leg,Body Only,Intermediate,,https://fitnessprogramer.com/wp-content/uploads/2021/05/Reverse-Lunge-Knee.gif,f90f674d-17b8-49dc-aefb-4f84edd9a084,3e48993e-f83b-402f-aea0-25c09d188936
Holman Burpee to Open Stance,Burpees,0.5324,No description available,Strength,Quadriceps,leg,Body Only,Intermediate,,https://fitnessprogramer.com/wp-content/uploads/2021/02/burpees.gif,f208ace4-5d79-4a70-a128-046cd272a716,c4d195ea-2a3c-4736-bb0a-9fda9cb275a6
Holman Diagonal Squat Thrust to Renegade Forward Punch,Push-Up to Renegade Row,0.4252,No description available,Strength,Quadriceps,full-body,Body Only,Intermediate,,https://fitnessprogramer.com/wp-content/uploads/2022/07/Push-Up-to-Renegade-Row.gif,5f9d3819-7df4-4cea-aa19-7177a6bcff68,433ff47c-5be0-4bba-8051-44c08af82e1e
Holman Bear Crawl,Dumbbell Rear Lunge,0.0936,No description available,Strength,Quadriceps,leg,Body Only,Intermediate,,https://fitnessprogramer.com/wp-content/uploads/2021/05/Dumbbell-Rear-Lunge.gif,c1174ca1-b0a7-47ff-aafe-33d8812aad88,26c032ef-04a8-441d-9d62-f88743f1c78e
Holman Bear Crawl to Donkey Kick,Lever Donkey Calf Raise,0.4181,No description available,Strength,Quadriceps,calf,Body Only,Intermediate,,https://fitnessprogramer.com/wp-content/uploads/2021/09/Lever-Donkey-Calf-Raise.gif,e5309832-7187-461a-83e6-1e38351c9149,973fb2fc-aded-4d05-9958-df8963fa3faf
Holman Bear Crawl to Froggy Push-Up,Push-up With Push-up Bars,0.2224,No description available,Strength,Quadriceps,chest,Body Only,Intermediate,,https://fitnessprogramer.com/wp-content/uploads/2021/10/Push-up-With-Push-up-Bars.gif,634283cb-7544-42f0-8c6f-d3c8e02d2171,345a1ef0-7af8-4774-b19e-5ef064cf3138
Holman Bear Crawl to Shoulder Tap,Lying Shoulder Press,0.3715,No description available,Strength,Quadriceps,shoulders,Body Only,Intermediate,,https://fitnessprogramer.com/wp-content/uploads/2021/09/Lying-Shoulder-Press.gif,ebcd668a-28dd-4592-b669-1a39bcc963ec,fd54ec17-57dc-4621-8462-60cb4b2289b5
Holman Burpee to Tuck Jump,Burpees,0.6085,No description available,Strength,Quadriceps,leg,Body Only,Intermediate,,https://fitnessprogramer.com/wp-content/uploads/2021/02/burpees.gif,149f040c-706c-401d-863b-7b856424bbc5,c4d195ea-2a3c-4736-bb0a-9fda9cb275a6
Holman Burpee to Flying Squat Thrust to Tuck Jump,Squat Tuck Jump,0.5376,No description available,Strength,Quadriceps,cardio,Body Only,Intermediate,,https://fitnessprogramer.com/wp-content/uploads/2022/02/Squat-Tuck-Jump.gif,01f400f7-cb61-4bae-8d4a-3637785d7458,1c327339-b798-4511-81c0-9b1d21ac998e
Holman Forward Lunge to Reverse Lunge,Dumbbell Forward Leaning Lunge,0.5861,No description available,Strength,Quadriceps,leg,Body Only,Intermediate,,https://fitnessprogramer.com/wp-content/uploads/2022/09/dumbbell-forward-leaning-lunge.gif,a6f4494f-6f3c-439e-a863-006e1dbb1301,d96b80f3-55ec-434d-ab76-5ae2d9e5b1d8
Holman Renegade Lunge Jump,Dumbbell Renegade Row,0.6401,No description available,Strength,Quadriceps,back,Body Only,Intermediate,,https://fitnessprogramer.com/wp-content/uploads/2021/01/dumbbell-renegade-row-1.gif,b43e1d97-6995-42dd-b8a6-b9bf2b894e7e,2dc60d76-ae99-4710-bc00-d448a60ee821
Holman Squat Jump to Lunge Jump,Dumbbell Jump Squat,0.607,No description available,Strength,Quadriceps,leg,Body Only,Intermediate,,https://fitnessprogramer.com/wp-content/uploads/2022/04/Dumbbell-Jump-Squat.gif,a60dbe68-04c5-4e3a-a3f3-fb1ddccfbf2e,dae716b9-bb97-45a8-bf34-e53b51de4a5d
Holman Prisoner Reverse Lunge,Reverse Lunge Knee Lift,0.4253,No description available,Strength,Quadriceps,leg,Body Only,Intermediate,,https://fitnessprogramer.com/wp-content/uploads/2021/05/Reverse-Lunge-Knee.gif,8680d211-41f4-4b41-8edd-3b8c1079b9d6,3e48993e-f83b-402f-aea0-25c09d188936
Holman Wide-to-Narrow Squat Jump,Narrow Grip Wall Push-Up,0.4723,No description available,Strength,Quadriceps,chest,Body Only,Intermediate,,https://fitnessprogramer.com/wp-content/uploads/2021/06/Narrow-Grip-Wall-Push-Up.gif,5c0db94a-0265-4206-9817-282bd7dbf289,15862f22-744b-47da-bbcf-a9c65e484790
Holman Donkey Run,Lever Donkey Calf Raise,0.5418,No description available,Strength,Quadriceps,calf,Body Only,Intermediate,,https://fitnessprogramer.com/wp-content/uploads/2021/09/Lever-Donkey-Calf-Raise.gif,d5daedf0-448b-4d43-a41d-6de0a774a45e,973fb2fc-aded-4d05-9958-df8963fa3faf
Holman Weighted Wide-to-Narrow Squat Jump,Narrow Grip Wall Push-Up,0.4127,No description available,Strength,Quadriceps,chest,Body Only,Intermediate,,https://fitnessprogramer.com/wp-content/uploads/2021/06/Narrow-Grip-Wall-Push-Up.gif,6690f603-ff66-4b36-b592-dd49555c5eda,15862f22-744b-47da-bbcf-a9c65e484790
Holman Wide-to-Narrow Donkey Kick,Narrow Grip Wall Push-Up,0.4043,No description available,Strength,Quadriceps,chest,Body Only,Intermediate,,https://fitnessprogramer.com/wp-content/uploads/2021/06/Narrow-Grip-Wall-Push-Up.gif,a0654375-9d0a-447f-a67b-aed0e96c2e43,15862f22-744b-47da-bbcf-a9c65e484790
Holman Mule Kick,Butt Kicks,0.2626,No description available,Strength,Quadriceps,cardio,Body Only,Intermediate,,https://fitnessprogramer.com/wp-content/uploads/2021/10/Butt-Kicks.gif,8bb4a6bb-6a13-477c-ac7d-f442adb045b2,092ae57a-9e86-4cf6-877e-6f55b0a9fc46
Holman Goal Post to Squat,Pin Squat,0.2003,No description available,Strength,Quadriceps,leg,Body Only,Intermediate,,https://fitnessprogramer.com/wp-content/uploads/2023/05/Pin-Squat.gif,b64b7a59-cee6-4b4b-9d45-f3883b61749f,40e8f867-df8f-43e2-86e7-ea3c819d1292
Holman Frogger Squat to Heel Click,Heel Touch Side Kick Squat,0.3589,No description available,Strength,Quadriceps,leg,Body Only,Intermediate,,https://fitnessprogramer.com/wp-content/uploads/2022/12/Heel-Touch-Side-Kick-Squat.gif,93570348-49de-4e62-ae52-bb29e40fb49a,8ef3ab15-7c70-433e-8a21-b2da4e980941
Holman Stair Bear Crawl,Chair Dips,0.1084,No description available,Strength,Quadriceps,triceps,Body Only,Intermediate,,https://fitnessprogramer.com/wp-content/uploads/2021/04/CHAIR-DIPS.gif,6995d617-bbb5-4b5d-b0d3-2d62581cd83c,ba47be99-9bd7-4f48-bb63-32deb50b8497
Holman Burpee to Flying Squat Thrust,Burpees,0.5073,No description available,Strength,Quadriceps,leg,Body Only,Intermediate,,https://fitnessprogramer.com/wp-content/uploads/2021/02/burpees.gif,cf8ecb14-30c9-4a4e-abde-d9d7a23f6814,c4d195ea-2a3c-4736-bb0a-9fda9cb275a6
Holman Flying Squat Thrust to Push-Up,Barbell Thruster,0.3116,No description available,Strength,Quadriceps,shoulders,Body Only,Intermediate,,https://fitnessprogramer.com/wp-content/uploads/2022/10/thruster.gif,bdaaa68f-550d-4057-8710-a7a00c2be516,b70eac51-1723-41ea-a555-a09190ed7c0d
Holman Foot-Elevated Step-To-Lunge,Side Lunge,0.2893,No description available,Strength,Quadriceps,leg,Body Only,Intermediate,,https://fitnessprogramer.com/wp-content/uploads/2021/05/Side-Lunge-Stretch.gif,bbcd06b7-6874-4b90-b882-bff383895071,3eb59696-2e13-40df-9181-556addf0e6b7
Holman Split Lunge,Split Jacks,0.5199,No description available,Strength,Quadriceps,cardio,Body Only,Intermediate,,https://fitnessprogramer.com/wp-content/uploads/2021/09/Split-Jacks.gif,c7a6f445-92bc-42af-a62b-b80838a1587a,60caa840-bb20-41c6-a12a-244f758cced1
Holman Stair Climb,Legless Rope Climb,0.3452,No description available,Strength,Quadriceps,full-body,Body Only,Intermediate,,https://fitnessprogramer.com/wp-content/uploads/2022/02/Rope-Climb.gif,545fdc8b-40cd-4215-97e7-7c8d4c55b8b0,b7c3202e-6bd0-48d0-bf89-7b056b198995
Holman Right Reverse Lunge,Reverse Lunge Knee Lift,0.5622,No description available,Strength,Quadriceps,leg,Body Only,Intermediate,,https://fitnessprogramer.com/wp-content/uploads/2021/05/Reverse-Lunge-Knee.gif,50f99b66-b6b6-4812-94cc-f27bc3da3fcb,3e48993e-f83b-402f-aea0-25c09d188936
Holman Left Reverse Lunge,Reverse Lunge Knee Lift,0.5829,No description available,Strength,Quadriceps,leg,Body Only,Intermediate,,https://fitnessprogramer.com/wp-content/uploads/2021/05/Reverse-Lunge-Knee.gif,f44f3109-e146-432c-a1eb-8a7a0c618283,3e48993e-f83b-402f-aea0-25c09d188936
Holman Squat Tap to Hop,Chest Tap Push-up,0.2978,No description available,Strength,Quadriceps,chest,Body Only,Intermediate,,https://fitnessprogramer.com/wp-content/uploads/2022/07/Chest-Tap-Push-up.gif,d02d14bd-bdc0-4cc1-84b5-065e94b539ee,217692d0-56db-4183-a34b-75f42205c28d
Holman Squat Tap to Jump-Forward-Jump-Back,Dumbbell Jump Squat,0.4741,No description available,Strength,Quadriceps,leg,Body Only,Intermediate,,https://fitnessprogramer.com/wp-content/uploads/2022/04/Dumbbell-Jump-Squat.gif,4a5e179b-b33c-4502-87ba-6efb486e5da0,dae716b9-bb97-45a8-bf34-e53b51de4a5d
Holman Squat Hip Drive,Cable Rear Drive,0.577,No description available,Strength,Quadriceps,triceps,Body Only,Intermediate,,https://fitnessprogramer.com/wp-content/uploads/2021/09/Cable-Rear-Drive.gif,07803622-c40f-4fee-aae1-d0a7aa0d611f,7354c006-386d-4f3e-a8c6-ac2af65114ec
Holman Alternating Double Lunge Hop,Seated Alternating Dumbbell Curl,0.4151,No description available,Strength,Quadriceps,biceps,Body Only,Intermediate,,https://fitnessprogramer.com/wp-content/uploads/2022/06/Seated-dumbbell-alternating-curl.gif,b40a8fd5-233a-4098-8d99-eb16f8950f2e,98334714-b20d-4c97-a9d9-e544e51a0c02
Holman Right Reverse Lunge to Front Kick,Reverse Plank Kicks,0.4998,No description available,Strength,Quadriceps,abs,Body Only,Intermediate,,https://fitnessprogramer.com/wp-content/uploads/2021/02/Reverse-Plank-Kicks.gif,d8407049-43bc-4584-8025-02d6351dea52,7b39b096-90a2-4e44-a42e-d420cfd90f84
Holman Right Leg Forward Lunge Hop,Dumbbell Forward Leaning Lunge,0.5387,No description available,Strength,Quadriceps,leg,Body Only,Intermediate,,https://fitnessprogramer.com/wp-content/uploads/2022/09/dumbbell-forward-leaning-lunge.gif,0a3c25c4-0b61-49f4-9bf2-eb3508570e32,d96b80f3-55ec-434d-ab76-5ae2d9e5b1d8
Holman Right Squat Thrust,Barbell Thruster,0.3611,No description available,Strength,Quadriceps,shoulders,Body Only,Intermediate,,https://fitnessprogramer.com/wp-content/uploads/2022/10/thruster.gif,37e2f5cb-5c60-4a88-b5bf-d0fa39f9d768,b70eac51-1723-41ea-a555-a09190ed7c0d
Holman Left Reverse Lunge to Front Kick,Reverse Plank Kicks,0.5013,No description available,Strength,Quadriceps,abs,Body Only,Intermediate,,https://fitnessprogramer.com/wp-content/uploads/2021/02/Reverse-Plank-Kicks.gif,5ab1725c-2919-40a1-8070-ba536ce813db,7b39b096-90a2-4e44-a42e-d420cfd90f84
Holman Left Leg Forward Lunge Hop,Dumbbell Forward Leaning Lunge,0.5434,No description available,Strength,Quadriceps,leg,Body Only,Intermediate,,https://fitnessprogramer.com/wp-content/uploads/2022/09/dumbbell-forward-leaning-lunge.gif,7bd6b17f-28f3-4021-9e28-259dda3a7fa9,d96b80f3-55ec-434d-ab76-5ae2d9e5b1d8
Holman Left Side Diagonal Burpee,Diagonal Neck Stretch,0.5188,No description available,Strength,Quadriceps,neck,Body Only,Intermediate,,https://fitnessprogramer.com/wp-content/uploads/2021/07/Diagonal-Neck-Stretch-360x360.png,f8e41646-7a7a-4f56-a9b3-0c490cb93214,5ac027b6-d24d-455f-b331-c33688b01940
Holman Left Squat Thrust,Barbell Thruster,0.3626,No description available,Strength,Quadriceps,shoulders,Body Only,Intermediate,,https://fitnessprogramer.com/wp-content/uploads/2022/10/thruster.gif,6d7ad6b7-c470-47b8-86fb-db4956a73004,b70eac51-1723-41ea-a555-a09190ed7c0d
Holman Wide Squat Thrust,Barbell Thruster,0.3666,No description available,Strength,Quadriceps,shoulders,Body Only,Intermediate,,https://fitnessprogramer.com/wp-content/uploads/2022/10/thruster.gif,6068a608-2e74-4d2e-b20a-6b35c0c7f65e,b70eac51-1723-41ea-a555-a09190ed7c0d
Holman Alternating Single-Leg Hop to Squat to 180 Jump,Single Leg Box Jump,0.4174,No description available,Strength,Quadriceps,cardio,Body Only,Intermediate,,https://fitnessprogramer.com/wp-content/uploads/2023/02/Single-Leg-Box-Jump.gif,65b56726-f3a3-4d0b-929e-124995e5b149,31b8e99d-3de7-424c-bfa5-8f26e9a4c2c7
Holman Right Lunge Hop to Chest Press,Lever Chest Press,0.4091,No description available,Strength,Quadriceps,chest,Body Only,Intermediate,,https://fitnessprogramer.com/wp-content/uploads/2021/06/Lever-Chest-Press.gif,1b0fb29f-2eb2-47de-badc-78c80ed610f5,c0123679-27ae-42ae-8195-6360225763ae
Holman Left Lunge Hop to Overhead Press,Overhead Shrug,0.3923,No description available,Strength,Quadriceps,trapezius,Body Only,Intermediate,,https://fitnessprogramer.com/wp-content/uploads/2022/07/overhead-shrug.gif,fbe17a0a-9b4e-49d0-8573-566fe98c61c4,8159eaa8-c8f5-4d75-bc53-2136a597dfe0
Holman 180 Jump Hop Forward Hop Back,Dumbbell Forward Leaning Lunge,0.3359,No description available,Strength,Quadriceps,leg,Body Only,Intermediate,,https://fitnessprogramer.com/wp-content/uploads/2022/09/dumbbell-forward-leaning-lunge.gif,1446ec52-f003-405d-9bbf-ab3ca148439e,d96b80f3-55ec-434d-ab76-5ae2d9e5b1d8
Holman Right Split Squat,Split Jump Squat,0.6322,No description available,Strength,Quadriceps,cardio,Body Only,Intermediate,,https://fitnessprogramer.com/wp-content/uploads/2021/05/Split-Squat.gif,1842a565-a215-4dab-a0a4-7aa7ad619410,1035332e-76b7-4da0-a715-6f4b4c0a90b4
Holman Left Split Squat,Split Jump Squat,0.6351,No description available,Strength,Quadriceps,cardio,Body Only,Intermediate,,https://fitnessprogramer.com/wp-content/uploads/2021/05/Split-Squat.gif,8a26aea7-2e45-4cb8-baa3-cf749a5d1c71,1035332e-76b7-4da0-a715-6f4b4c0a90b4
Holman Double Squat Pulse to 180 Jump,Double Leg Stretch,0.3688,No description available,Strength,Quadriceps,abs,Body Only,Intermediate,,https://fitnessprogramer.com/wp-content/uploads/2021/05/Double-Leg-Stretch.gif,dc59d7e3-0047-43a1-a7e9-842341da5ed2,423c16e9-9321-4652-b9ac-eba1ca55bdb6
Holman Towel Left Side Squat,Towel Leg Curl,0.494,No description available,Strength,Quadriceps,leg,Body Only,Intermediate,,https://fitnessprogramer.com/wp-content/uploads/2022/02/Towel-Leg-Curl.gif,f9d71c9c-fcd4-4df5-9f56-bc816cac63cc,9d5e5834-3f74-4c5d-921e-04f3f4eadd6b
Holman Alternating Lunge Jump,Seated Alternating Dumbbell Curl,0.4955,No description available,Strength,Quadriceps,biceps,Body Only,Intermediate,,https://fitnessprogramer.com/wp-content/uploads/2022/06/Seated-dumbbell-alternating-curl.gif,97a0df4f-68a6-4ac0-ae6b-605990330972,98334714-b20d-4c97-a9d9-e544e51a0c02
Holman Lunge Jump to Squat Jump,Dumbbell Jump Squat,0.607,No description available,Strength,Quadriceps,leg,Body Only,Intermediate,,https://fitnessprogramer.com/wp-content/uploads/2022/04/Dumbbell-Jump-Squat.gif,386a416e-70aa-430b-b80f-a1995ef58c15,dae716b9-bb97-45a8-bf34-e53b51de4a5d
Holman Burpee with Belly Touch,Burpees,0.5127,No description available,Strength,Quadriceps,leg,Body Only,Intermediate,,https://fitnessprogramer.com/wp-content/uploads/2021/02/burpees.gif,07506933-9593-4274-85ac-d9a279c43149,c4d195ea-2a3c-4736-bb0a-9fda9cb275a6
Bootstrapper squat,Trap Bar Jump Squat,0.2113,"The bootstrapper squat is a movement that improves mobility, muscular strength, and flexibility in the hips and hamstrings. It is usually performed as part of a dynamic warm-up for the lower body to mobilize the hips and improve squat form.",Strength,Quadriceps,leg,Body Only,Intermediate,,https://fitnessprogramer.com/wp-content/uploads/2023/02/trap-bar-jump-squat.gif,500b849e-1efa-47a8-b4c4-a679f118cb83,9a1d277b-228d-45a2-aac6-62d94d8c9397
Total Fitness Broad Jump,Single Leg Broad Jump,0.5544,"The broad jump is an explosive lower-body exercise. It is a common way to measure explosive hip and lower-body strength in athletes. The more explosive you are, the farther you'll be able to jump.",Strength,Quadriceps,cardio,Body Only,Intermediate,,https://fitnessprogramer.com/wp-content/uploads/2021/05/Single-Leg-Broad-Jump.gif,708cdd39-8efe-490e-8c02-aa9e068bdc6f,4c6895d9-f1bc-4132-93b2-ea486f4ab1ad
Total Fitness Lateral Lunge,Lateral Step-up,0.385,"The lateral lunge is a lower-body bodyweight movement that works the quads, glutes, and hamstrings. It can also be performed holding dumbbells or other weights. It is often performed for reps as part of a dynamic warm-up or mobility routine but can also work in a circuit or other workouts.",Strength,Quadriceps,leg,Body Only,Intermediate,,https://fitnessprogramer.com/wp-content/uploads/2022/04/Lateral-Step-up.gif,1145b518-10d7-4413-94f3-bbbc4ff5aa31,f25eb653-a8a6-41bb-926c-0c4ca7370597
Lateral shuffle,Boxer Shuffle Cardio,0.5275,"The lateral shuffle is a common exercise in sports training and gym classes. It involves taking steps to one side and then steps to the other side. It can be performed as part of a circuit for athletes of any level, but is also a great movement for beginners.",Strength,Quadriceps,cardio,Body Only,Intermediate,,https://fitnessprogramer.com/wp-content/uploads/2022/02/Boxer-Shuffle-Cardio.gif,cee87c42-2d48-444a-9306-e6360fcba714,12817b43-118f-4d90-b6cd-a19fea9de762
Total Fitness Skip,High Knee Skips,0.3638,"The skip is an exercise that builds power and explosiveness in the legs. It's commonly performed by children and in gym classes, but is also great for working the legs and hip flexors, making it a favorite warm-up for athletes who need to explode vertically.",Strength,Quadriceps,abs,Body Only,Intermediate,,https://fitnessprogramer.com/wp-content/uploads/2021/02/High-Knee-Skips_Cardio.gif,ff218b40-ced4-49bd-b1f2-ad5a321b9e26,065e0c52-b937-4143-9afb-c5dbe30751f0
Total Fitness Spider Lunge,Spider Plank,0.4416,"The spider lunge stretch is a lower-body stretch targeting the hips, groin, and quads. It can be part of a dynamic warm-up or mobility work performed anytime.",Strength,Quadriceps,cardio,Body Only,Intermediate,,https://fitnessprogramer.com/wp-content/uploads/2021/05/Spider-Plank.gif,6830adf3-ec59-4899-a795-d381c540952d,aa1762fc-b40e-4645-8b93-cd6890bbcce5
Spider lunge stretch,Spider Plank,0.5866,"The spider lunge stretch is a lower-body stretch targeting the hips, groin, and quads. It can be part of a dynamic warm-up or mobility work performed anytime.",Strength,Quadriceps,cardio,Body Only,Intermediate,,https://fitnessprogramer.com/wp-content/uploads/2021/05/Spider-Plank.gif,1d3154fa-42d2-448b-a208-e95dfc9467ac,aa1762fc-b40e-4645-8b93-cd6890bbcce5
Spider lunge with T-rotation,Push-up With Rotation,0.6089,"The spider lunge with T-rotation is an exercise that produces a deep stretch in the glutes and hamstrings while also rotating and mobilizing the thoracic spine region. It is a great movement to include in a dynamic warm-up, or as mobility work anytime.",Strength,Quadriceps,chest,Body Only,Intermediate,,https://fitnessprogramer.com/wp-content/uploads/2023/01/push-up-with-rotation.gif,ec1f48e3-15e2-4766-ba9b-84f5a8696975,84dfdcf9-d3c2-41cf-8573-f963edda6896
Vertical jump,Elliptical Machine,0.2723,"The vertical jump is an explosive lower-body exercise that is a common way to measure explosive hip and lower-body strength in athletes. The more explosive you are, the higher you'll be able to jump.",Strength,Quadriceps,cardio,Body Only,Intermediate,,https://fitnessprogramer.com/wp-content/uploads/2021/10/Elliptical-Machine.gif,6933bbc9-c04e-47cc-8b1d-587a20e9897d,a727d14d-9fd4-407b-8b14-d0df09f951c0
King Maker Burpee,Burpees,0.6169,"The burpee is a high-intensity exercise that recruits the entire body to build strength and aerobic capacity. It is common in CrossFit workouts and group fitness classes, but can also be performed for time or reps in any fat-loss or athleticism-focused circuit or workout.",Strength,Quadriceps,leg,Body Only,Intermediate,,https://fitnessprogramer.com/wp-content/uploads/2021/02/burpees.gif,72f90cc1-35b2-4155-ba82-3289d2618594,c4d195ea-2a3c-4736-bb0a-9fda9cb275a6
King Maker Explosive High Jump,Lever High Row,0.1813,"The tuck jump is a vertical jump, an explosive lower-body exercise that is a common way to measure explosive hip and lower-body strength in athletes. The more explosive you are, the higher you'll be able to jump.",Strength,Quadriceps,shoulders,Body Only,Intermediate,,https://fitnessprogramer.com/wp-content/uploads/2023/06/Lever-High-Row.gif,f873d59b-f805-44ec-8fed-d151cfd97a20,cf16dd8b-fbed-438b-8413-4d5ca26cb12e
Muscle Beach Skip,Muscle-Up,0.6461,No description available,Strength,Quadriceps,back,Body Only,Intermediate,,https://fitnessprogramer.com/wp-content/uploads/2021/05/Muscle-up-vertical-bar.gif,e3b3afe0-b9f0-4489-aa8b-bc63900fe6ee,fceec3f1-0c92-4b15-aa9b-359efc715037
Muscle Beach Broad Jump,Single Leg Broad Jump,0.5677,No description available,Strength,Quadriceps,cardio,Body Only,Intermediate,,https://fitnessprogramer.com/wp-content/uploads/2021/05/Single-Leg-Broad-Jump.gif,4056cd8b-514d-41d0-9f46-442c73ad6118,4c6895d9-f1bc-4132-93b2-ea486f4ab1ad
Muscle Beach Sprint,Muscle-Up,0.6051,No description available,Strength,Quadriceps,back,Body Only,Intermediate,,https://fitnessprogramer.com/wp-content/uploads/2021/05/Muscle-up-vertical-bar.gif,69be8c46-5130-4c70-a3c5-e07f13201f04,fceec3f1-0c92-4b15-aa9b-359efc715037
Muscle Beach Front Kick,Muscle-Up,0.6302,No description available,Strength,Quadriceps,back,Body Only,Intermediate,,https://fitnessprogramer.com/wp-content/uploads/2021/05/Muscle-up-vertical-bar.gif,6d763a67-231a-4ea1-aef6-c2fdcfaf15aa,fceec3f1-0c92-4b15-aa9b-359efc715037
Muscle Beach Side Kick,Muscle-Up,0.6509,No description available,Strength,Quadriceps,back,Body Only,Intermediate,,https://fitnessprogramer.com/wp-content/uploads/2021/05/Muscle-up-vertical-bar.gif,3663ff87-f95c-4a1c-9a2c-3d0db321048c,fceec3f1-0c92-4b15-aa9b-359efc715037
Muscle Beach Spin Kick,Muscle-Up,0.6042,No description available,Strength,Quadriceps,back,Body Only,Intermediate,,https://fitnessprogramer.com/wp-content/uploads/2021/05/Muscle-up-vertical-bar.gif,4088d38e-e8dc-477d-8a7f-bb0a176fb1ae,fceec3f1-0c92-4b15-aa9b-359efc715037
Muscle Beach Freestyle Kick,Muscle-Up,0.4631,No description available,Strength,Quadriceps,back,Body Only,Intermediate,,https://fitnessprogramer.com/wp-content/uploads/2021/05/Muscle-up-vertical-bar.gif,bbf7c77b-6ca2-4a5f-9c81-97d1b47b6825,fceec3f1-0c92-4b15-aa9b-359efc715037
MetaBurn Alternating Curtsy Lunge To Squat,Curtsy Squat,0.6085,No description available,Strength,Quadriceps,leg,Body Only,Intermediate,,https://fitnessprogramer.com/wp-content/uploads/2021/05/Curtsey-Squat.gif,92f4da07-b619-4550-bbe3-b094b4be0a95,d1c2a015-10a4-4086-91fa-0da9a08b8f43
MetaBurn Alternating Curtsy Lunge With High Knee,Curtsy Squat,0.4585,No description available,Strength,Quadriceps,leg,Body Only,Intermediate,,https://fitnessprogramer.com/wp-content/uploads/2021/05/Curtsey-Squat.gif,4d6e8f15-637d-4990-ac1a-190c220f9592,d1c2a015-10a4-4086-91fa-0da9a08b8f43
MetaBurn Alternating Diagonal Sprawl,Diagonal Neck Stretch,0.446,No description available,Strength,Quadriceps,neck,Body Only,Intermediate,,https://fitnessprogramer.com/wp-content/uploads/2021/07/Diagonal-Neck-Stretch-360x360.png,b3cec36f-fff3-4b7e-af77-ecc18ef54ae4,5ac027b6-d24d-455f-b331-c33688b01940
MetaBurn Alternating Lateral Sprawl,Alternate Dumbbell Lateral Raise,0.4709,No description available,Strength,Quadriceps,shoulders,Body Only,Intermediate,,https://fitnessprogramer.com/wp-content/uploads/2022/12/Alternate-Dumbbell-Lateral-Raise.gif,b438a68e-e246-45b4-abd9-0be758f58ca6,f90261df-04dc-4514-85c3-56cfebe312d3
MetaBurn Curtsy Lunge,Curtsy Squat,0.6071,No description available,Strength,Quadriceps,leg,Body Only,Intermediate,,https://fitnessprogramer.com/wp-content/uploads/2021/05/Curtsey-Squat.gif,ab9435ee-7c93-4b87-b2de-0227b460a3f8,d1c2a015-10a4-4086-91fa-0da9a08b8f43
MetaBurn Frogger,Frog Pose,0.2036,No description available,Strength,Quadriceps,leg,Body Only,Intermediate,,https://fitnessprogramer.com/wp-content/uploads/2022/12/Frog-Pose-mandukasana.gif,6ab069a7-44aa-4b02-a1db-a97298b5b3f8,dcdd8da9-2410-4046-947d-51392f1ce878
MetaBurn High Knee Rotation,Kneeling Back Rotation,0.4879,No description available,Strength,Quadriceps,shoulders,Body Only,Intermediate,,https://fitnessprogramer.com/wp-content/uploads/2022/02/Kneeling-Back-Rotation-Stretch.gif,3b7e7cb0-b154-47b4-9db8-acc0b20c78b7,a6bcdc6a-d1bc-45d8-9c70-cca1deb8fc0e
MetaBurn Star Jump,Jump Rope,0.2465,No description available,Strength,Quadriceps,cardio,Body Only,Intermediate,,https://fitnessprogramer.com/wp-content/uploads/2021/06/Jump-Rope.gif,67277c86-ba8b-40f3-ab30-675cc48e08f1,9121504d-2572-4920-abab-bd1d2c5fa088
MetaBurn Tuck Jump With Knee Slap,Squat Tuck Jump,0.4509,No description available,Strength,Quadriceps,cardio,Body Only,Intermediate,,https://fitnessprogramer.com/wp-content/uploads/2022/02/Squat-Tuck-Jump.gif,93fc6a36-e79c-463b-8f1c-b27dc496260e,1c327339-b798-4511-81c0-9b1d21ac998e
MetaBurn Lateral Bounding Hop,Lateral Step-up,0.3426,No description available,Strength,Quadriceps,leg,Body Only,Intermediate,,https://fitnessprogramer.com/wp-content/uploads/2022/04/Lateral-Step-up.gif,bc6a776b-5354-428d-a7d5-7bcaff88f55c,f25eb653-a8a6-41bb-926c-0c4ca7370597
MetaBurn Double Lunge,Double Leg Stretch,0.4293,No description available,Strength,Quadriceps,abs,Body Only,Intermediate,,https://fitnessprogramer.com/wp-content/uploads/2021/05/Double-Leg-Stretch.gif,629a5637-bfa3-4ad3-b22a-55fa1a13e2d4,423c16e9-9321-4652-b9ac-eba1ca55bdb6
Robertson Sprinter Step-Up,Band Assisted Sprinter Run,0.4034,No description available,Strength,Quadriceps,cardio,Body Only,Intermediate,,https://fitnessprogramer.com/wp-content/uploads/2021/10/Band-Assisted-Sprinter-Run.gif,51466a5a-9106-403f-823e-4a9a4564a64a,ed59aa64-2b9a-4588-9966-6bbe0de17738
FYR2 Front Kick-Through,Dumbbell Pull Through,0.5643,No description available,Strength,Quadriceps,leg,Body Only,Intermediate,,https://fitnessprogramer.com/wp-content/uploads/2022/10/Dumbbell-Pull-Through.gif,458514f8-66c9-4303-8650-412d99692d0e,6f11ebfc-6925-40ba-9a49-9018351b7d48
Lunge high-knee clap,Clap Push-Up,0.5573,"The lunge high-knee clap is a full-body, cardio-based exercise with emphasis on the lower body. It includes a clap under the front leg to make the movement more powerful and strict. It can be performed either for time or reps and is a great inclusion in a fat-loss or athleticism-focused circuit workout.",Strength,Quadriceps,chest,Body Only,Intermediate,,https://fitnessprogramer.com/wp-content/uploads/2021/06/Clap-Push-Up.gif,7e4c8c81-7465-4a02-888a-bffee1f15ca0,1b413405-5d21-4122-bd90-2946d06d06bb
FYR2 Plyo Split Squat,Split Jump Squat,0.5741,No description available,Strength,Quadriceps,cardio,Body Only,Intermediate,,https://fitnessprogramer.com/wp-content/uploads/2021/05/Split-Squat.gif,4b82db36-8340-4a45-b4de-e23905cad36f,1035332e-76b7-4da0-a715-6f4b4c0a90b4
FYR2 Reverse Burpee,Burpees,0.6656,No description available,Strength,Quadriceps,leg,Body Only,Intermediate,,https://fitnessprogramer.com/wp-content/uploads/2021/02/burpees.gif,2dcd2d40-11e6-40d9-9aa9-0793128c2b5e,c4d195ea-2a3c-4736-bb0a-9fda9cb275a6
FYR2 Reverse Burpee Tuck Jump,Burpees,0.5394,No description available,Strength,Quadriceps,leg,Body Only,Intermediate,,https://fitnessprogramer.com/wp-content/uploads/2021/02/burpees.gif,f706a7f5-ad58-4947-83f2-cc81b3bd84a0,c4d195ea-2a3c-4736-bb0a-9fda9cb275a6
FYR2 Sprawlee,Sprint,0.1065,No description available,Strength,Quadriceps,cardio,Body Only,Intermediate,,https://fitnessprogramer.com/wp-content/uploads/2023/06/sprint.gif,002c34fc-535e-4906-95b0-83918ac02cba,5c9f8dad-5000-428b-99cd-87de9bbef577
FYR2 Squat Hold,Squat Hold Calf Raise,0.5775,No description available,Strength,Quadriceps,calf,Body Only,Intermediate,,https://fitnessprogramer.com/wp-content/uploads/2021/12/Squat-Hold-Calf-Raise.gif,5768f91d-a704-450b-9a82-37a006dd655d,278ecda6-1d60-4f62-a099-80c7f84b78d9
FYR2 Squat Jump,Dumbbell Jump Squat,0.6219,No description available,Strength,Quadriceps,leg,Body Only,Intermediate,,https://fitnessprogramer.com/wp-content/uploads/2022/04/Dumbbell-Jump-Squat.gif,e4ab23df-7508-498a-a273-4bb99c02f8f2,dae716b9-bb97-45a8-bf34-e53b51de4a5d
FYR2 Squat Pulse,Pin Squat,0.2764,No description available,Strength,Quadriceps,leg,Body Only,Intermediate,,https://fitnessprogramer.com/wp-content/uploads/2023/05/Pin-Squat.gif,0ad4fb73-ce4c-4432-bd4f-4a842fc988e3,40e8f867-df8f-43e2-86e7-ea3c819d1292
Sprinter burpee,Burpees,0.5736,The sprinter burpee is an explosive version of the burpee exercise that adds a sprinter jump to the top of each rep. It can be performed for time or reps in any fat-loss or athleticism-focused circuit or workout.,Strength,Quadriceps,leg,Body Only,Intermediate,,https://fitnessprogramer.com/wp-content/uploads/2021/02/burpees.gif,7163daca-7ebf-48a3-bee1-e37cedde6b7d,c4d195ea-2a3c-4736-bb0a-9fda9cb275a6
Shuttle run training,High Knee Run,0.1992,"Shuttle run training is an athletic conditioning drill that’s great for developing speed and power, as well as changing direction. It’s a favorite of football and basketball players, but it can also be great conditioning work for lifters and athletes of all ability levels.",Strength,Quadriceps,leg,Body Only,Intermediate,,https://fitnessprogramer.com/wp-content/uploads/2021/08/High-Knee-Run.gif,62deba0c-ff30-434d-a3e5-7fe8c4a69043,82e36660-5bb6-4c4c-8249-74d693040463
Medicine ball ninja,Medicine Ball Push-Up,0.6602,"The medicine ball ninja is a dynamic medicine ball movement that challenges both the upper and lower body, while also elevating the heart rate. It's a great movement to include in medicine ball or bodyweight circuit training to increase fatigue and burn serious calories while hammering the muscles of the legs.",Plyometrics,Quadriceps,triceps,Medicine Ball,Intermediate,,https://fitnessprogramer.com/wp-content/uploads/2022/08/Medicine-Ball-Push-Up.gif,c9bfc6a1-76ba-4798-a43a-7061e53851e4,14d97bf8-6a88-4499-93b6-517de2bc984a
FYR Air Ball Plus Medicine Ball Jumping Sprawl,Medicine Ball Push-Up,0.54,"The medicine ball air ball to jumping sprawl is a series of bodyweight and medicine ball movement strung together into a single sequence. They collectively target virtually every muscle in the body, as well as seriously challenging the cardiovascular system. It can be a single-movement workout if done for high reps, or part of a larger circuit workout.",Strength,Quadriceps,triceps,Medicine Ball,Intermediate,,https://fitnessprogramer.com/wp-content/uploads/2022/08/Medicine-Ball-Push-Up.gif,b601a0db-7715-490f-96d7-3f1f6813671f,14d97bf8-6a88-4499-93b6-517de2bc984a
Medicine ball cowboy squat,Medicine Ball Push-Up,0.5548,"The medicine ball cowboy squat is an explosive exercise targeting the lower body, although several upper-body muscles play important supporting roles. The move involves performing jumping squats while holding a medicine ball overhead. It's commonly performed as part of a bodyweight and medicine ball circuit focused on fat loss or athleticism.",Strength,Quadriceps,triceps,Medicine Ball,Intermediate,,https://fitnessprogramer.com/wp-content/uploads/2022/08/Medicine-Ball-Push-Up.gif,00cc7215-3388-4e87-9a07-96a6d32cb42c,14d97bf8-6a88-4499-93b6-517de2bc984a
Medicine ball jumping jill,Medicine Ball Push-Up,0.5898,"The medicine ball jumping jill is an explosive medicine ball exercise that is similar to a jumping jack but performed holding a medicine ball between the hands. It can be performed for time or reps in a dynamic warm-up or fat-loss or conditioning circuit, usually paired with other bodyweight or medicine ball movements.",Strength,Quadriceps,triceps,Medicine Ball,Intermediate,,https://fitnessprogramer.com/wp-content/uploads/2022/08/Medicine-Ball-Push-Up.gif,e09779fa-8235-4f2a-b9ff-6644a2a5663b,14d97bf8-6a88-4499-93b6-517de2bc984a
Alternate Leg Diagonal Bound,Alternate Leg Raises,0.4897,No description available,Plyometrics,Quadriceps,abs,Bodyweight,Beginner,,https://fitnessprogramer.com/wp-content/uploads/2022/08/Alternate-Leg-Raises.gif,7db64d9f-afd4-4ee4-aa4f-8242a0a41112,7ac62e73-c11b-48e9-87f9-e79d191a0e42
Sit Squats,L-Sit,0.5967,No description available,Stretching,Quadriceps,abs,Bodyweight,Beginner,,https://fitnessprogramer.com/wp-content/uploads/2021/09/L-Sit.gif,6b77382f-a0e6-4b5e-9be0-cbabe8d66b0f,f070c4e6-8561-4185-9b8f-2bdef417535d
Frog Hops,Frog Pose,0.4761,No description available,Stretching,Quadriceps,leg,Bodyweight,Beginner,,https://fitnessprogramer.com/wp-content/uploads/2022/12/Frog-Pose-mandukasana.gif,b8550fb4-a061-4507-bb81-ab5241588752,dcdd8da9-2410-4046-947d-51392f1ce878
Dumbbell lateral hop to sprint,Sprint,0.6407,"The dumbbell lateral hop to sprint is a multi-part explosive exercise combining weighted hops with weighted sprinting. Adding dumbbells adds a challenge to the core and shoulders. Because balance can be a challenge, it is usually performed with relatively light weights, often as a component of fat-loss or athletic training.",Plyometrics,Quadriceps,cardio,Bodyweight,Intermediate,,https://fitnessprogramer.com/wp-content/uploads/2023/06/sprint.gif,6229e6a0-029d-4162-86d4-a3c0f87b5b23,5c9f8dad-5000-428b-99cd-87de9bbef577
Smith machine lunge sprint,Sprint,0.6384,"The Smith machine lunge sprint is a lower-body power exercise performed with the bar of a Smith machine on the back. It is similar to an alternating jump lunge or ""scissor lunge,"" but with added weight. The contained bar of the Smith machine makes it safer and less of a balance challenge than using a free weight.",Strength,Quadriceps,cardio,Bodyweight,Intermediate,,https://fitnessprogramer.com/wp-content/uploads/2023/06/sprint.gif,bd3b9f76-4780-4f18-9f62-7560d1a7558e,5c9f8dad-5000-428b-99cd-87de9bbef577
Bosu Ball Squat,High Knee Lunge on Bosu Ball,0.6112,No description available,Strength,Quadriceps,leg,Exercise Ball,Beginner,,https://fitnessprogramer.com/wp-content/uploads/2023/09/High-Knee-Lunge-on-Bosu-Ball.gif,e874312c-ecfe-4632-b674-4760f685a184,8f3200e7-aa54-41dc-a0f3-bbd137aea68a
Back Flyes - With Bands,Low Chest Fly With Resistance Band,0.3162,No description available,Strength,Shoulders,chest,Bands,Beginner,,https://fitnessprogramer.com/wp-content/uploads/2022/05/Low-fly.gif,6d6f649b-92f5-40e2-b90f-e39403f544cb,de285455-6818-4d2a-9dc1-841196107f60
Lateral Raise - With Bands,Lever Lateral Raise,0.6765,No description available,Strength,Shoulders,shoulders,Bands,Beginner,,https://fitnessprogramer.com/wp-content/uploads/2021/09/Lever-Lateral-Raise.gif,40d896e8-6cd4-48be-a803-f0794adc78bf,bb7532e7-4072-4b58-a913-c80c64fc5069
Shoulder Press - With Bands,Lying Shoulder Press,0.6676,No description available,Strength,Shoulders,shoulders,Bands,Beginner,,https://fitnessprogramer.com/wp-content/uploads/2021/09/Lying-Shoulder-Press.gif,b1e57a08-0825-4b6f-ac73-de67cd55a64a,fd54ec17-57dc-4621-8462-60cb4b2289b5
FYR Band Pull-Apart,Resistance Band Pull Apart,0.6702,No description available,Strength,Shoulders,trapezius,Bands,Intermediate,,https://fitnessprogramer.com/wp-content/uploads/2022/12/Resistance-Band-Pull-Apart.gif,91fc7125-9659-4b1f-8d9b-05f6dd68cf8c,94fec8d9-09e7-43b1-9067-d862f6e489cf
Rusin Banded Over-And-Back,Banded Leg Curl,0.4049,No description available,Strength,Shoulders,leg,Bands,Intermediate,,https://fitnessprogramer.com/wp-content/uploads/2022/10/Banded-Leg-Curl.gif,0e3f581d-8dd3-4167-89ff-17beed090956,3d57c3ea-e3b0-4e30-b7a6-0a26ed859c6e
Rusin Banded Face Pull,Face Pull,0.5815,No description available,Strength,Shoulders,shoulders,Bands,Intermediate,,https://fitnessprogramer.com/wp-content/uploads/2021/02/Face-Pull.gif,74571dc7-972f-474e-bdc9-e97e426008a4,149d8fec-f067-4a12-b7fc-7f6402210f82
Jordan Shallow Band-Resisted Thread the Needle,Resistance Band Overhead Squat,0.2139,No description available,Strength,Shoulders,leg,Bands,Intermediate,,https://fitnessprogramer.com/wp-content/uploads/2023/01/Resistance-Band-Overhead-Squat.gif,bc3c44e3-d5c1-4662-b1b1-3a49e1beb3f9,7c0f7a80-e2d9-4680-a312-57beeafefbb7
30 Shoulders Seated Banded Barbell Shoulder Press,Lying Shoulder Press,0.6517,No description available,Strength,Shoulders,shoulders,Bands,Intermediate,,https://fitnessprogramer.com/wp-content/uploads/2021/09/Lying-Shoulder-Press.gif,dd34572e-d7b8-473f-a7a4-92561f1cd94b,fd54ec17-57dc-4621-8462-60cb4b2289b5
Staggered-stance band shoulder press,Resistance Band Seated Shoulder Press,0.5158,"The staggered-stance band shoulder press is a deltoid exercise and a variation of the band shoulder press. The dynamic tension of the band forces the core to stabilize the body, and the staggered-stance provides more stability and relieves tension on the back. It can be performed in low reps, such as 5-8 reps per set, to build shoulder strength, or for higher reps to build muscle and for conditioning. It can work as the main focus of a shoulder day but is also popular as an accessory movement to the bench press or barbell military press.",Strength,Shoulders,shoulders,Bands,Intermediate,,https://fitnessprogramer.com/wp-content/uploads/2021/08/Resistance-Band-Seated-Shoulder-Press.gif,745e2858-37e9-4bca-b430-89d9ae053c11,af6fde11-1809-4c8e-b712-91fc3bc9981c
Single-arm banded landmine press,Landmine Squat to Press,0.6587,"The single-arm banded landmine press is an upper-body exercise that uses an angled barbell anchored at floor level in a landmine device. It can also be performed by sticking a barbell in the corner of a room, preferably in a towel to protect the walls. The band adds constant tension and dynamic resistance to the exercise. The movement focuses primarily on the muscles of the shoulders or deltoids and can be trained in traditional muscle and strength-focused rep ranges or for higher reps.",Strength,Shoulders,full-body,Bands,Intermediate,,https://fitnessprogramer.com/wp-content/uploads/2021/04/Landmine-Press.gif,efeae7ee-9f91-4e15-b54c-8ee4710b7e54,25600b09-9cde-45e7-9a91-bb198174d5ed
Band front raise rear fly row combo,Ez-Bar Incline Front Raise,0.3665,"The band front raise rear fly row combo is a combination of three different shoulder exercises to build and strengthen the anterior, middle deltoids, and posterior portions of the shoulders. It requires a continuous loop band to provide constant, dynamic tension throughout the movement. In addition to the front and rear delts, this exercise works the arms, chest, back, and core, making it a great time-efficient shoulder burnout or accessory movement on an upper-body day.",Strength,Shoulders,shoulders,Bands,Intermediate,,https://fitnessprogramer.com/wp-content/uploads/2021/09/Incline-Front-Raise.gif,9969d56f-1416-4406-a9f0-862f61e30ae5,74eab0c1-0a99-4cc6-8736-d77ea2ff025d
Jordan Shallow Foam Roller Thoracic Extension,Foam Roller Quads,0.3625,No description available,Strength,Shoulders,leg,Foam Roll,Intermediate,,https://fitnessprogramer.com/wp-content/uploads/2022/02/Foam-Roller-Quads.gif,a59a3da1-ea81-40ee-9053-4488e7ba3a7a,255003b1-c03b-4079-9f69-9fed9cc6d0a6
Jordan Shallow Thread the Needle (with Foam Roller),The Box Jump,0.1506,No description available,Strength,Shoulders,leg,Foam Roll,Intermediate,,https://fitnessprogramer.com/wp-content/uploads/2015/07/The-Box-Jump.gif,a7802fc0-97e6-4334-a855-97fac9c146b0,6d667b81-439a-4b67-ad33-d34fdf9cb910
Snatch-Grip Behind-The-Neck Overhead Press,Seated Behind Neck Press,0.577,No description available,Strength,Shoulders,shoulders,Barbell,Beginner,,https://fitnessprogramer.com/wp-content/uploads/2021/05/Seated-Behind-the-Neck-Press.gif,b1b55252-67e7-4234-978c-161040a5f6cd,2d4afa82-63a7-47aa-9fa9-c4348949a933
Standing Bradford press,Dumbbell Standing Palms In Press,0.3341,"The standing Bradford press is an obscure yet effective shoulder exercise that alternates front presses with behind-the-neck presses. It can be used as a warm-up for other press variations on a shoulder day, or as a muscle-building movement on its own in a shoulder or upper-body focused workout. It is usually performed for relatively high reps, such as 8-15 reps per set or higher, or just to the point of fatigue.",Strength,Shoulders,shoulders,Barbell,Intermediate,,https://fitnessprogramer.com/wp-content/uploads/2021/09/Dumbbell-Standing-Palms-In-Press.gif,c2e97aca-ca46-4006-96ca-529dd6d92508,d47c32be-1913-4330-803b-c3792d082d3b
Bradford/Rocky Presses,Push Press,0.1252,No description available,Strength,Shoulders,shoulders,Barbell,Beginner,,https://fitnessprogramer.com/wp-content/uploads/2021/02/push-press-1.gif,73947a49-5434-4829-b90b-316a0580b75f,6a02c8c4-7276-44bb-84e2-a2036b46e735
Machine Shoulder (Military) Press,Lying Shoulder Press,0.654,The machine shoulder press is an upper body exercise targeting the deltoids.,Strength,Shoulders,shoulders,Barbell,Intermediate,,https://fitnessprogramer.com/wp-content/uploads/2021/09/Lying-Shoulder-Press.gif,fe230480-eb2b-44e9-9872-347fd56fa952,fd54ec17-57dc-4621-8462-60cb4b2289b5
Overhead bar front raise,Ez-Bar Incline Front Raise,0.5485,"The overhead bar front raise is an exercise targeting the muscles of the traps (trapezius), especially the upper traps, as well as the front or anterior shoulders. It can also be performed with a weight plate or dumbbell, providing a neutral grip that may be more shoulder-friendly for some lifters. Overhead raises are most common for high reps (at least 8-12 reps per set or higher) on a shoulder, trap, or other upper-body-focused muscle-building day.",Strength,Shoulders,shoulders,Barbell,Intermediate,,https://fitnessprogramer.com/wp-content/uploads/2021/09/Incline-Front-Raise.gif,156e19cb-4131-4330-8205-814d5e227931,74eab0c1-0a99-4cc6-8736-d77ea2ff025d
Incline barbell shoulder protraction,Scapular Protraction and Retraction,0.5948,"The incline barbell shoulder protraction is an upper-body movement that targets strength and mobility in the scapula or shoulder blades. This can help increase pressing strength and prevent injury. It also helps develop the serratus anterior, an often-neglected muscle around the ribcage that can aid in shoulder health and upper-body muscle definition. Because it targets such small muscles, this exercise is usually performed with light weight for high reps, such as 8-12 reps per set or more.",Strength,Shoulders,trapezius,Barbell,Intermediate,,https://fitnessprogramer.com/wp-content/uploads/2021/10/Scapular-Protraction-and-Retraction.gif,9280df3b-dd43-458c-94b9-f40979822793,75feb98c-d1ac-4c55-b54e-ac51229aa44e
Behind-the-head push-press,Behind the Head Military Press | Gymstick,0.5886,The behind-the-head push-press is an overhead press variation in which the barbell starts in the back rack position and is pushed overhead with assistance from the lower body. It is most often seen in training for Olympic weightlifting. It can be part of a barbell complex or performed for low reps focusing on power and movement quality.,Olympic Weightlifting,Shoulders,shoulders,Barbell,Intermediate,,https://fitnessprogramer.com/wp-content/uploads/2022/05/Standing-Behind-Head-Military-Press.gif,d41314e4-3f19-4650-96e3-a2e684d4a041,e565dac0-1209-4ca7-b748-4939b8b80ca6
Rack Delivery,Front Rack PVC Stretch,0.2011,No description available,Olympic Weightlifting,Shoulders,shoulders,Barbell,Beginner,,https://fitnessprogramer.com/wp-content/uploads/2023/06/PVC-Front-Rack-Stretch.gif,9e888b62-25f3-4298-9a3d-396f114448eb,6695b936-2eaf-42ae-a5a5-b3184be4ece9
Smith Incline Shoulder Raise,Dumbbell Incline T-Raise,0.5339,No description available,Strength,Shoulders,shoulders,Barbell,Beginner,,https://fitnessprogramer.com/wp-content/uploads/2021/09/Dumbbell-Incline-T-Raise.gif,30f03cf9-c669-4042-b46c-f27aa412bf6c,706b314d-76c2-48f9-97db-e752c894d44d
Tall Muscle Snatch,Muscle-Up,0.6374,No description available,Olympic Weightlifting,Shoulders,back,Barbell,Beginner,,https://fitnessprogramer.com/wp-content/uploads/2021/05/Muscle-up-vertical-bar.gif,db02d390-310f-45d4-891d-1464a09b37b2,fceec3f1-0c92-4b15-aa9b-359efc715037
Axle Clean And Press,Barbell Clean and Press,0.5912,No description available,Strongman,Shoulders,shoulders,Barbell,Beginner,,https://fitnessprogramer.com/wp-content/uploads/2021/04/Barbell-Clean-and-Press-.gif,a4b308e6-9236-4cb1-8a0e-84d8aa9e2267,2f3ffb1c-0668-409c-970e-b54f7d7ec2b0
Jerk Balance,Step Up Single Leg Balance with Bicep Curl,0.4773,No description available,Olympic Weightlifting,Shoulders,leg,Barbell,Beginner,,https://fitnessprogramer.com/wp-content/uploads/2021/06/Step-Up-Single-Leg-Balance-with-Bicep-Curl.gif,fbba7500-320e-4453-a3cc-007d007e8d11,b4d5896e-1f11-4de7-a5ab-3339df66f39b
Seated EZ-bar shrug,Dip Shrugs (Serratus Shrugs),0.5749,"The seated EZ-bar shrug is an exercise targeting the trapezius muscle, that V-shaped muscle that forms a triangle where the shoulders meet the neck. It is usually performed for moderate to high reps during an upper-body or shoulders and traps-focused workout.",Strength,Shoulders,trapezius,Barbell,Intermediate,,https://fitnessprogramer.com/wp-content/uploads/2022/02/Dip-Shrugs.gif,ec407b0d-bbde-462b-b95c-44499f92a07d,7c3ad67d-a7f7-49bf-9723-b31e20dfc0cb
Paul Carter Barbell Seated Military Press,Bodyweight Military Press,0.4984,"The seated barbell shoulder pressis a classic exercise for building muscle and strengthening the shoulders, particularly but not exclusively the front heads. The triceps also play a significant roles in pressing the barbell overhead.",Strength,Shoulders,trapezius,Barbell,Intermediate,,https://fitnessprogramer.com/wp-content/uploads/2021/04/Bodyweight-Military-Press.gif,1490b8ac-0483-4037-b409-056fb5caaef3,abc4d2a6-87d6-4886-a960-7a6cba1be70c
Single-arm barbell lateral raise,Bent Arm Lateral Raise,0.6785,"The single-arm barbell lateral raise is an isolation exercise targeting the shoulders. It is more challenging than using a dumbbell and has an instability component that may make the deltoid muscles work harder. It is generally performed one side at a time for moderate to high reps, such as 8-15 reps per set, as part of a shoulder-focused workout.",Strength,Shoulders,shoulders,Barbell,Intermediate,,https://fitnessprogramer.com/wp-content/uploads/2021/06/Dumbbell-Bent-Arm-Laterl-Raise.gif,2784b7b6-ae74-4e12-9dbd-275133c3d305,dd370050-347b-4aa0-8407-e86b2f498fa3
AM Barbell Shoulder Press,Lying Shoulder Press,0.6513,"The standing barbell shoulder press is a compound movement used to build size and strength in the shoulders. The shoulder press can be trained as a strength lift or in traditional muscle-building rep ranges as part of full-body, shoulder-focused, or upper-body training.",Strength,Shoulders,shoulders,Barbell,Intermediate,,https://fitnessprogramer.com/wp-content/uploads/2021/09/Lying-Shoulder-Press.gif,c5d841c4-1590-4adc-b7b2-dffff8695795,fd54ec17-57dc-4621-8462-60cb4b2289b5
Standing barbell shoulder press,Standing Reverse Shoulder Stretch,0.606,"The standing barbell shoulder press is a compound movement used to build size and strength in the shoulders. The shoulder press can be trained as a strength lift or in traditional muscle-building rep ranges as part of full-body, shoulder-focused, or upper-body training.",Strength,Shoulders,shoulders,Barbell,Intermediate,,https://fitnessprogramer.com/wp-content/uploads/2021/04/Standing-Reverse-Shoulder-Stretch.gif,5be6c23f-d434-49e2-99c8-9b0dd814395a,b301f22b-dcba-4d54-95b8-f9b7f41f428d
Single-arm incline cable cross-over,Single-Arm Cable Crossover,0.6519,"The single-arm incline cable cross-over is an isolation movement that uses a cable stack and a bench to target the upper part of the pectoral muscles. Working the chest one side at a time allows you to focus on balance between the sides of your chest and really feel the chest muscles contracting. It is common in upper-body and chest-focused muscle-building workouts, often in combination with other presses or flyes to target the chest from different angles.",Strength,Shoulders,chest,Barbell,Intermediate,,https://fitnessprogramer.com/wp-content/uploads/2021/10/Single-Arm-Cable-Crossover.gif,50a90f13-4331-45cf-9cfd-2391ee48680b,2de19d29-1bb7-458d-8017-3fa0433b84d9
Barbell bear complex,Squat mobility Complex,0.474,"The barbell bear complex is a series of barbell lifts that run together in a single sequence: a barbell power clean, front squat, push-press, back squat, and another push-press from behind the neck. It trains the entire body for both building strength and improving conditioning. It is often performed for rounds, either with or without rest between rounds.",Strength,Shoulders,leg,Barbell,Intermediate,,https://fitnessprogramer.com/wp-content/uploads/2022/07/Squat-mobility-Complex.gif,6314061f-fd85-47ea-8202-2948ec939011,171d9840-f8d1-4545-b1a1-950692fe4488
30 Shoulders Barbell Shrug,Dumbbell Shrug,0.5629,No description available,Strength,Shoulders,trapezius,Barbell,Intermediate,,https://fitnessprogramer.com/wp-content/uploads/2021/04/Dumbbell-Shrug.gif,ee04db1c-c6e8-4b51-aea5-941fbfadce3b,7f955f2e-f06f-4fbd-9f15-4f0990d7dcbf
30 Shoulders Incline Face-Up Straight-Bar Front Raise,Ez-Bar Incline Front Raise,0.6077,No description available,Strength,Shoulders,shoulders,Barbell,Intermediate,,https://fitnessprogramer.com/wp-content/uploads/2021/09/Incline-Front-Raise.gif,e116994e-04fe-44ca-8d73-48a1398bc5cb,74eab0c1-0a99-4cc6-8736-d77ea2ff025d
30 Shoulders Standing Behind-The-Head Shoulder Press,Shoulder Stretch Behind Back,0.6427,No description available,Strength,Shoulders,shoulders,Barbell,Intermediate,,https://fitnessprogramer.com/wp-content/uploads/2021/04/Shoulder-Stretch-Behind-Back.gif,9e463e5e-1945-4f8c-92bf-b572eddd54bd,f1fbae8f-b6a8-4ebf-b20a-92e6a8f2527e
30 Shoulders Standing Barbell Press,Standing Reverse Shoulder Stretch,0.5912,No description available,Strength,Shoulders,shoulders,Barbell,Intermediate,,https://fitnessprogramer.com/wp-content/uploads/2021/04/Standing-Reverse-Shoulder-Stretch.gif,dceb9ce4-76ab-4395-8000-0e8b1f4fd977,b301f22b-dcba-4d54-95b8-f9b7f41f428d
FYR2 Wide Overhead Press,Overhead Shrug,0.4777,No description available,Strength,Shoulders,trapezius,Barbell,Intermediate,,https://fitnessprogramer.com/wp-content/uploads/2022/07/overhead-shrug.gif,2184794a-f645-4773-9098-59c8e33e187b,8159eaa8-c8f5-4d75-bc53-2136a597dfe0
Single-arm kettlebell push-press,Single Arm Push-up,0.6423,"The single-arm kettlebell push-press is a popular kettlebell movement that involves performing a press with help from the muscles of the lower body. It is preceded by a clean at the start of each set, and optionally you can perform a clean between each rep. It can be trained in traditional strength or muscle-building rep ranges, in circuit or fat-loss training, or as part of a larger kettlebell combination or complex.",Strength,Shoulders,triceps,Kettlebells,Intermediate,,https://fitnessprogramer.com/wp-content/uploads/2021/09/Single-Arm-Push-up.gif,8f1baae4-d028-4553-be99-dca42734cb0a,f38f07ce-2322-41ca-b7f6-c9b26c639508
Two-Arm Kettlebell Military Press,Bodyweight Military Press,0.5799,No description available,Strength,Shoulders,trapezius,Kettlebells,Beginner,,https://fitnessprogramer.com/wp-content/uploads/2021/04/Bodyweight-Military-Press.gif,90be2d82-d290-421a-90c4-5e86c27e1458,abc4d2a6-87d6-4886-a960-7a6cba1be70c
Alternating Kettlebell Press,Seated Alternating Dumbbell Curl,0.534,No description available,Strength,Shoulders,biceps,Kettlebells,Beginner,,https://fitnessprogramer.com/wp-content/uploads/2022/06/Seated-dumbbell-alternating-curl.gif,b250ddcc-3f2b-4e7f-bb42-77b3ca3e2ebc,98334714-b20d-4c97-a9d9-e544e51a0c02
Kettlebell pirate ship,Kettlebell Deadlift,0.3413,"The kettlebell pirate ship is a rotational shoulder and core-focused kettlebell movement. It demands the lifter raise the kettlebell to the side in both directions, emphasizing core strength in the transverse abdominis and obliques in particular. It is best learned with a light weight, using controlled movements in both directions.",Strength,Shoulders,leg,Kettlebells,Intermediate,,https://fitnessprogramer.com/wp-content/uploads/2021/06/kettlebell-deadlift.gif,f4e37dd0-de97-427a-a3d5-991d8a4eaf32,8e29e022-7883-4513-bc53-36f27d0c4836
Double Kettlebell Push Press,Kettlebell Clean and Press,0.5304,"The double-kettlebell push-press is a popular kettlebell movement that involves performing a press with help from the muscles of the lower body. It is preceded by a double clean at the start of each set, and optionally you can perform a clean between each rep. It can be trained in traditional strength or muscle-building rep ranges, in circuit or fat-loss training, or as part of a larger kettlebell combination or complex.",Strength,Shoulders,shoulders,Kettlebells,Intermediate,,https://fitnessprogramer.com/wp-content/uploads/2023/06/Kettlebell-Clean-and-Press.gif,8914a6ca-251c-4bc5-9d95-25987117345c,81b02317-719c-41cc-8325-1fd9fa2fd9a5
Kettlebell Seated Press,Kettlebell Clean and Press,0.6229,No description available,Strength,Shoulders,shoulders,Kettlebells,Beginner,,https://fitnessprogramer.com/wp-content/uploads/2023/06/Kettlebell-Clean-and-Press.gif,09c8ef31-ee92-4284-9d5e-78dd10fa9ca6,81b02317-719c-41cc-8325-1fd9fa2fd9a5
Double Kettlebell Jerk,Kettlebell Clean and Jerk,0.6535,No description available,Strength,Shoulders,shoulders,Kettlebells,Beginner,,https://fitnessprogramer.com/wp-content/uploads/2021/06/Kettlebell-Clean-and-Jerk.gif,b141996b-1f5c-41ab-8c59-d74051d5d1af,333eb782-0876-47b1-bfc3-4bdee70ba0f4
Double-kettlebell windmill,Dumbbell Windmill,0.6565,"The double-kettlebell windmill is an advanced kettlebell exercise emphasizing core strength and shoulder and hip mobility and stability. Because it involves holding one weight overhead while holding another under the torso, it builds strength across the core and stability in the shoulders. It doesn't work well in a metcon or conditioning setting, and shouldn't be performed under intense fatigue.",Strength,Shoulders,abs,Kettlebells,Intermediate,,https://fitnessprogramer.com/wp-content/uploads/2022/07/Dumbbell-Windmill.gif,42168258-96a3-4998-a8ad-fdf8af6b130d,edaad500-79d5-415e-a618-a82fb0576867
One-Arm Kettlebell Split Jerk,Kettlebell Clean and Jerk,0.6226,No description available,Strength,Shoulders,shoulders,Kettlebells,Beginner,,https://fitnessprogramer.com/wp-content/uploads/2021/06/Kettlebell-Clean-and-Jerk.gif,eb1da737-634b-46cb-b70e-f93c26eab10d,333eb782-0876-47b1-bfc3-4bdee70ba0f4
Kettlebell upright row,Barbell Upright Row,0.6799,"The kettlebell upright row is an exercise targeting the muscles of the traps (trapezius), as well as the posterior muscles of the shoulders or deltoid muscles. It is common as a light- or moderate-weight accessory movement in upper-body or shoulder training, usually in rep ranges of 8-12 or more. It may not be appropriate for some people, depending on their shoulder health.",Strength,Shoulders,shoulders,Kettlebells,Intermediate,,https://fitnessprogramer.com/wp-content/uploads/2021/02/barbell-uprightrow.gif,d3b51e16-caeb-48ca-bc28-8cb37f574562,d377423d-52d5-4a7f-8472-bbe7caab55d0
Kettlebell upright row and press,Kettlebell Clean and Press,0.6117,"The kettlebell upright row and press is a combination of two popular kettlebell movements in a single sequence. This combination can be performed for time or for reps, often as circuit-style training for conditioning or fat loss, or in a kettlebell complex or flow.",Strength,Shoulders,shoulders,Kettlebells,Intermediate,,https://fitnessprogramer.com/wp-content/uploads/2023/06/Kettlebell-Clean-and-Press.gif,c33959af-ed8a-4531-9a37-84c697b5bf2b,81b02317-719c-41cc-8325-1fd9fa2fd9a5
Double-kettlebell push-press,Kettlebell Clean and Press,0.5304,"The double-kettlebell push-press is a popular kettlebell movement that involves performing a press with help from the muscles of the lower body. It is preceded by a double clean at the start of each set, and optionally you can perform a clean between each rep. It can be trained in traditional strength or muscle-building rep ranges, in circuit or fat-loss training, or as part of a larger kettlebell combination or complex.",Strength,Shoulders,shoulders,Kettlebells,Intermediate,,https://fitnessprogramer.com/wp-content/uploads/2023/06/Kettlebell-Clean-and-Press.gif,65a9389d-14ca-4ffd-8426-9522ac851722,81b02317-719c-41cc-8325-1fd9fa2fd9a5
HM Kettlebell Z-Press,Kettlebell Clean and Press,0.6787,No description available,Strength,Shoulders,shoulders,Kettlebells,Intermediate,,https://fitnessprogramer.com/wp-content/uploads/2023/06/Kettlebell-Clean-and-Press.gif,93b89f08-4124-4003-9b73-2292f5d0dd1f,81b02317-719c-41cc-8325-1fd9fa2fd9a5
Taylor Half-Kneeling Kettlebell Halo,Tall Kneeling One Arm Kettlebell Press,0.4543,No description available,Strength,Shoulders,shoulders,Kettlebells,Intermediate,,https://fitnessprogramer.com/wp-content/uploads/2021/06/Half-Kneeling-One-Arm-Kettlebell-Press.gif,a564798e-c9e8-4433-9d03-c713e3b124ea,884080d3-42d5-4cfd-8d81-d431d2d17433
Taylor Towel Kettlebell Farmer's Walk,Towel Leg Curl,0.3209,No description available,Strength,Shoulders,leg,Kettlebells,Intermediate,,https://fitnessprogramer.com/wp-content/uploads/2022/02/Towel-Leg-Curl.gif,f9c714fd-4da5-4d58-bafa-a84c0851178f,9d5e5834-3f74-4c5d-921e-04f3f4eadd6b
FYR2 Double-Kettlebell Alternating Press,Seated Alternating Dumbbell Curl,0.427,No description available,Strength,Shoulders,biceps,Kettlebells,Intermediate,,https://fitnessprogramer.com/wp-content/uploads/2022/06/Seated-dumbbell-alternating-curl.gif,940cf666-4929-450e-a2e3-dd8825d42f81,98334714-b20d-4c97-a9d9-e544e51a0c02
FYR2 Double-Kettlebell Thruster,Barbell Thruster,0.5588,No description available,Strength,Shoulders,shoulders,Kettlebells,Intermediate,,https://fitnessprogramer.com/wp-content/uploads/2022/10/thruster.gif,442cf415-c46b-44b3-9661-7e0bcddf305a,b70eac51-1723-41ea-a555-a09190ed7c0d
FYR2 Half-Kneeling Kettlebell Clean,Kettlebell Clean and Press,0.5724,No description available,Strength,Shoulders,shoulders,Kettlebells,Intermediate,,https://fitnessprogramer.com/wp-content/uploads/2023/06/Kettlebell-Clean-and-Press.gif,0458d959-ddd3-440c-8474-fb92362d8dd9,81b02317-719c-41cc-8325-1fd9fa2fd9a5
FYR2 Kettlebell High Pull to Overhead Press,Kettlebell Clean and Press,0.447,No description available,Strength,Shoulders,shoulders,Kettlebells,Intermediate,,https://fitnessprogramer.com/wp-content/uploads/2023/06/Kettlebell-Clean-and-Press.gif,25bb8ce7-f45c-49e1-9f3e-796aa9241e35,81b02317-719c-41cc-8325-1fd9fa2fd9a5
FYR2 Single-Arm Kettlebell Press,One-Arm Kettlebell Chest Press,0.6142,No description available,Strength,Shoulders,chest,Kettlebells,Intermediate,,https://fitnessprogramer.com/wp-content/uploads/2022/10/One-Arm-Kettlebell-Chest-Press-on-the-Bench.gif,dbc9027d-7c36-4350-89c6-0ed0cd77aed2,b886495b-9a96-4318-b26c-75b86d3c4c95
FYR2 Ascending-Rep High-Pull-Press Complex,Squat mobility Complex,0.3191,No description available,Strength,Shoulders,leg,Kettlebells,Intermediate,,https://fitnessprogramer.com/wp-content/uploads/2022/07/Squat-mobility-Complex.gif,bab76ec7-3dc3-49b9-b247-7de1d6c6160d,171d9840-f8d1-4545-b1a1-950692fe4488
Single-arm palm-in dumbbell shoulder press,Dumbbell Standing Palms In Press,0.6041,"The single-arm palm-in dumbbell shoulder press builds the shoulder muscles but with two major differences from the standard dumbbell shoulder press. It's done one arm at a time and the wrist stays neutral throughout the movement. It can be performed standing or seated. A single dumbbell press can be pursued as a strength goal, or trained in traditional muscle-building rep ranges such as 8-15 reps per set or more.",Strength,Shoulders,shoulders,Dumbbell,Intermediate,,https://fitnessprogramer.com/wp-content/uploads/2021/09/Dumbbell-Standing-Palms-In-Press.gif,d1c06e51-63c5-419f-ada3-c5ecb5822c5c,d47c32be-1913-4330-803b-c3792d082d3b
Power Partials,Power Lunge,0.4394,No description available,Strength,Shoulders,leg,Dumbbell,Beginner,,https://fitnessprogramer.com/wp-content/uploads/2023/09/power-lunge.gif,e17cccf6-9898-431a-879e-32f7368a3bc5,22f07b63-9fdb-4fc5-b572-32f00b6ec6db
Overhead dumbbell front raise,Seated Dumbbell Front Raise,0.6475,"The overhead dumbbell front raise takes the dumbbell front raise one step further, extending the motion all the way above the head. In addition to the shoulders, it activates and strengthens the muscles of the traps and upper back. It is usually performed for moderate to high reps, such as 8-15 reps or more. It can be part of a dynamic upper-body warm-up, performed as a muscle-building upper-body movement, or as a burnout movement on shoulder day.",Strength,Shoulders,shoulders,Dumbbell,Intermediate,,https://fitnessprogramer.com/wp-content/uploads/2021/10/seated-dumbbell-front-raise.gif,343fcc54-1b5f-4b4a-9efe-07a39d65cbf1,16c6bcd5-057f-40bf-90d0-c7143ee19d15
Seated dumbbell shoulder press,Resistance Band Seated Shoulder Press,0.6165,"The seated dumbbell shoulder press is a popular exercise for building muscle and strength in the shoulders. The triceps also work hard in this lift. Many lifters find using dumbbells to be more comfortable and shoulder-friendly for this press variation than a barbell. This can be the primary pressing movement on an upper-body or shoulder day, or an effective accessory movement later in a workout.",Strength,Shoulders,shoulders,Dumbbell,Intermediate,,https://fitnessprogramer.com/wp-content/uploads/2021/08/Resistance-Band-Seated-Shoulder-Press.gif,608a9226-4ccf-41b9-a4f5-03992f8a74fd,af6fde11-1809-4c8e-b712-91fc3bc9981c
Single-arm incline rear delt raise,Barbell Rear Delt Raise,0.6163,"The single-arm incline rear delt raise is an upper-body exercise targeting the posterior deltoids or shoulder muscles, as well as the postural muscles of the upper back. Training each side independently can help correct imbalances in size, strength, and shoulder stability. Because it targets such small muscles, this exercise is usually performed with light weight for high reps, such as 10-15 reps per set or more.",Strength,Shoulders,trapezius,Dumbbell,Intermediate,,https://fitnessprogramer.com/wp-content/uploads/2021/04/Barbell-Rear-Delt-Raise.gif,44803ac6-91c3-4fb4-9e48-6292e9987d05,0b16970a-06c6-4d19-a465-1fbcd43afe95
Alternating Deltoid Raise,Alternate Leg Raises,0.4487,The dumbbell front raise to lateral raise combines two exercises that build and strengthen the middle deltoids and the anterior deltoids of the shoulders.,Strength,Shoulders,abs,Dumbbell,Intermediate,,https://fitnessprogramer.com/wp-content/uploads/2022/08/Alternate-Leg-Raises.gif,906a8089-959e-4bb9-ab2e-584642647982,7ac62e73-c11b-48e9-87f9-e79d191a0e42
Single-arm standing shoulder press,Standing Reverse Shoulder Stretch,0.586,"The single-arm standing shoulder press is a popular exercise to build size and strength the shoulders and triceps. Most lifters find they can go heavier (per arm) on this movement than if they are pressing two dumbbells simultaneously, making it an effective strength movement as well as a muscle-building movement in higher reps.",Strength,Shoulders,shoulders,Dumbbell,Intermediate,,https://fitnessprogramer.com/wp-content/uploads/2021/04/Standing-Reverse-Shoulder-Stretch.gif,35762c88-2d97-4b25-be0c-2ae4ecf2cc84,b301f22b-dcba-4d54-95b8-f9b7f41f428d
Reverse Flyes With External Rotation,Cable External Shoulder Rotation,0.6107,No description available,Strength,Shoulders,shoulders,Dumbbell,Beginner,,https://fitnessprogramer.com/wp-content/uploads/2021/04/Cable-External-Shoulder-Rotation.gif,5e099108-84b3-41fb-b35e-4aa6dbd32492,cee59a4d-27cd-4eb6-8908-d100ba9e49ed
Single-arm side lying rear fly,Dumbbell Side Lying Rear Delt Raise,0.5376,"The single-arm side lying rear fly is an upper-body exercise that targets the rear deltoid of the shoulder. By performing the movement lying on a bench, it eliminates momentum from the rest of the body. This movement is usually performed for moderate to high reps, such as 8-12 reps per set or more, as part of the upper-body or shoulder-focused portion of a workout.",Strength,Shoulders,shoulders,Dumbbell,Intermediate,,https://fitnessprogramer.com/wp-content/uploads/2021/09/Dumbbell-Side-Lying-Rear-Delt-Raise.gif,245bad8e-6de4-4d43-b3f6-f54d1fff97cf,6505f037-4390-40f3-8fb9-fa5e06d1a9d1
See-Saw Press (Alternating Side Press),Push Press,0.2911,No description available,Strength,Shoulders,shoulders,Dumbbell,Beginner,,https://fitnessprogramer.com/wp-content/uploads/2021/02/push-press-1.gif,f1003731-7e3f-40ab-9994-bf7071362622,6a02c8c4-7276-44bb-84e2-a2036b46e735
Dumbbell shoulder press with body rotation,Dumbbell Lying External Shoulder Rotation,0.6188,"The dumbbell shoulder press with body rotation is a twist on the traditional dumbbell shoulder press. Rather than pressing straight overhead, you twist your torso and hips to the side during each rep. It hits the deltoid muscles just like a shoulder press, but adds a challenge to the core, hips, and back muscles. Due to the potential balance challenge of twisting and pressing at the same time, it is commonly performed with light to moderate weights.",Strength,Shoulders,shoulders,Dumbbell,Intermediate,,https://fitnessprogramer.com/wp-content/uploads/2021/09/Dumbbell-Lying-External-Shoulder-Rotation.gif,db02bb0d-e336-4ade-9611-8fcbbff8097c,2c0ea801-40a0-4071-aa33-39cdf169bf62
Dumbbell Fix Dumbbell Military Press,Dumbbell Z Press,0.5825,No description available,Strength,Shoulders,shoulders,Dumbbell,Intermediate,,https://fitnessprogramer.com/wp-content/uploads/2022/12/Dumbbell-Z-Press.gif,6dabaa1e-2bc8-4aec-90db-fe3fa4048009,5ae2f6ba-b82c-41c2-bb30-075a1ce5efde
Dumbbell Fix Standing Dumbbell Arnold Press,Dumbbell Z Press,0.5712,No description available,Strength,Shoulders,shoulders,Dumbbell,Intermediate,,https://fitnessprogramer.com/wp-content/uploads/2022/12/Dumbbell-Z-Press.gif,4aaab850-7e77-4907-9c60-f8bf845da5e3,5ae2f6ba-b82c-41c2-bb30-075a1ce5efde
Paul Carter Rear-Delt Fly,Cable Rear Delt Fly,0.5826,"The seated rear delt fly is an upper-body exercise that targets the real deltoid of the shoulder. By performing the movement seated, it eliminates momentum from the rest of the body. This movement is usually performed for moderate to high reps, such as 8-12 reps per set or more, as part of the upper-body or shoulder-focused portion of a workout.",Strength,Shoulders,shoulders,Dumbbell,Intermediate,,https://fitnessprogramer.com/wp-content/uploads/2021/02/cable-rear-delt-fly.gif,2a419248-4e79-48ef-b66a-a844bf58f3c2,5744718f-2277-4072-a9e8-d079d3c8bd73
FYR Dumbbell Shoulder Press,Lying Shoulder Press,0.6447,The standing dumbbell shoulder press is a classic deltoid-builder (especially the front deltoids) that’s ubiquitous in gyms around the world. Performing the move standing up as opposed to seated allows for more weight to be used.,Strength,Shoulders,shoulders,Dumbbell,Intermediate,,https://fitnessprogramer.com/wp-content/uploads/2021/09/Lying-Shoulder-Press.gif,7c648cde-c287-4287-9bab-c2e892ddcd21,fd54ec17-57dc-4621-8462-60cb4b2289b5
FYR Single-Arm Dumbbell Press,Single Dumbbell Close-grip Press,0.6055,"The single-arm standing shoulder press builds shoulder muscle but with two major differences from the standard seated dumbbell shoulder press. It’s done one arm at a time, as well as standing, which may allow more weight to be used.",Strength,Shoulders,chest,Dumbbell,Intermediate,,https://fitnessprogramer.com/wp-content/uploads/2021/10/Single-Dumbbell-Close-grip-Press.gif,bb115282-900f-4e0c-ba25-0e26ea852b74,d284c05a-e512-4750-86a1-8dda5e2afa7e
FYR Dumbbell Tempo L-Raise,Dumbbell Raise,0.4946,"The dumbbell lateral raise is an upper body isolation exercise for building shoulder strength and muscle. It's a staple strength training move and is a great option for accessory work on upper body training days. This exercise particularly focuses on the lateral or medial head of the deltoid, making them appear wider and more developed.",Strength,Shoulders,shoulders,Dumbbell,Intermediate,,https://fitnessprogramer.com/wp-content/uploads/2021/04/Dumbbell-Raise.gif,5f69e089-f36a-4bd0-8ed6-cb28691346d3,ea4a4d10-0692-48ec-ab4d-32f848726548
Dumbbell seesaw shoulder press,Lying Shoulder Press,0.4791,"The dumbbell seesaw shoulder press is an exercise targeting the deltoids and triceps. The difference between this movement and the alternating shoulder press is that both dumbbells keep moving throughout each rep, rather than having one weight be stationary while the other moves. This piston-style pressing increases time under tension and may allow you to complete more total reps than with alternating reps.",Strength,Shoulders,shoulders,Dumbbell,Intermediate,,https://fitnessprogramer.com/wp-content/uploads/2021/09/Lying-Shoulder-Press.gif,d64b46eb-faa2-4a9b-8db7-1c54161d8440,fd54ec17-57dc-4621-8462-60cb4b2289b5
FYR Dumbbell Military Press to Dumbbell High Pull to V-up,Dumbbell V-up,0.5621,No description available,Strength,Shoulders,abs,Dumbbell,Intermediate,,https://fitnessprogramer.com/wp-content/uploads/2021/10/Dumbbell-V-up.gif,952d9d4d-f0da-45e6-a966-f5feecbd318b,a76d8e2a-9efb-483d-a8f0-f61498c2f4ec
Surfer sprawl,Sprint,0.0952,"The surfer sprawl is an explosive bodyweight exercise that targets multiple muscle groups across the upper and lower body. It is similar to a burpee, but instead of jumping at the top, you end in a ""surfer position,"" alternating sides with each rep. It can be performed for time or reps in any fat-loss or athleticism-focused circuit or workout. The surfer position offers a unique way to challenge the body by staying in a low position rather than standing up after the plank.",Strength,Shoulders,cardio,Dumbbell,Intermediate,,https://fitnessprogramer.com/wp-content/uploads/2023/06/sprint.gif,25112fb2-1559-43c9-9167-d496317167a8,5c9f8dad-5000-428b-99cd-87de9bbef577
Standing One-Arm Shoulder Press - Gethin Variation,Standing Reverse Shoulder Stretch,0.5385,"The single-arm standing shoulder press builds shoulder muscle but with two major differences from the standard seated dumbbell shoulder press. It’s done one arm at a time, as well as standing, which may allow more weight to be used.",Strength,Shoulders,shoulders,Dumbbell,Intermediate,,https://fitnessprogramer.com/wp-content/uploads/2021/04/Standing-Reverse-Shoulder-Stretch.gif,08d90296-6c47-40a2-9743-07554a4f446c,b301f22b-dcba-4d54-95b8-f9b7f41f428d
Incline Rear-Delt Fly - Gethin Variation,Cable Rear Delt Fly,0.6284,"The incline dumbbell reverse fly is an upper-body exercise targeting the posterior or rear deltoids, as well as the postural muscles of the upper back. Because it targets such small muscles, this exercise is usually performed with light weight for high reps, such as 10-15 reps per set or more.",Strength,Shoulders,shoulders,Dumbbell,Intermediate,,https://fitnessprogramer.com/wp-content/uploads/2021/02/cable-rear-delt-fly.gif,b55b80f2-b393-4bbd-878f-f6b3a7f93d41,5744718f-2277-4072-a9e8-d079d3c8bd73
Incline Bench Rear Dumbbell Fly - Gethin Variation,Dumbbell Incline T-Raise,0.5107,"The incline dumbbell reverse fly is an upper-body exercise targeting the posterior or rear deltoids, as well as the postural muscles of the upper back. Because it targets such small muscles, this exercise is usually performed with light weight for high reps, such as 10-15 reps per set or more.",Strength,Shoulders,shoulders,Dumbbell,Intermediate,,https://fitnessprogramer.com/wp-content/uploads/2021/09/Dumbbell-Incline-T-Raise.gif,a58dc1bd-0672-4e8f-8de4-99a08ea13074,706b314d-76c2-48f9-97db-e752c894d44d
Single-arm dumbbell arc row,Dumbbell Row,0.5325,"The single-arm dumbbell arc row is an exercise for building the latissimus dorsi, or lat, muscles of the back. This variation has more of an arcing shape than the traditional single-arm dumbbell row, which may increase the mind-muscle connection and hit the back from a different angle. You probably won't be able to go as heavy on this as on a traditional row.",Strength,Shoulders,back,Dumbbell,Intermediate,,https://fitnessprogramer.com/wp-content/uploads/2021/02/Dumbbell-Row.gif,ba2a48d2-4acf-48f1-9706-ce097c48ff7f,1f92fb46-9209-4e46-ae09-323a5b0fc443
Incline Rear Delt Raises - Gethin Variation,Barbell Rear Delt Raise,0.617,"The incline dumbbell reverse fly is an upper-body exercise targeting the posterior or rear deltoids, as well as the postural muscles of the upper back. Because it targets such small muscles, this exercise is usually performed with light weight for high reps, such as 10-15 reps per set or more.",Strength,Shoulders,trapezius,Dumbbell,Intermediate,,https://fitnessprogramer.com/wp-content/uploads/2021/04/Barbell-Rear-Delt-Raise.gif,dfa56232-d4e0-4c46-b484-485241ec5e44,0b16970a-06c6-4d19-a465-1fbcd43afe95
HM Single-Leg Overhead Dumbbell Press,Dumbbell Single Leg Deadlift,0.5086,No description available,Strength,Shoulders,erector-spinae,Dumbbell,Intermediate,,https://fitnessprogramer.com/wp-content/uploads/2022/09/Dumbbell-Single-Leg-Deadlift.gif,6963c8a2-4f56-4ea4-b46b-05d796e5c1d0,250aa910-5d36-46aa-b174-4e806462ddc4
6 Way Shoulder Raise,Dumbbell 6 Way Raise,0.6521,No description available,Strength,Shoulders,shoulders,Dumbbell,Intermediate,,https://fitnessprogramer.com/wp-content/uploads/2022/02/Dumbbell-6-Ways-Raise.gif,3ea28837-e877-4b92-824b-ccaf6296f99b,d58f159a-ee45-4349-ba58-5610f939705f
AM Front Raise,Seated Dumbbell Front Raise,0.6327,"The alternating dumbbell front raise is an isolation movement that targets the shoulders. By using one arm at a time, you can use more weight than when you use both arms at once. Bodybuilders use this exercise to zero in on the front shoulders, but the simple movement also makes it great for people new to lifting weights.",Strength,Shoulders,shoulders,Dumbbell,Intermediate,,https://fitnessprogramer.com/wp-content/uploads/2021/10/seated-dumbbell-front-raise.gif,a153e235-519a-40f2-9a6c-299b0178a68c,16c6bcd5-057f-40bf-90d0-c7143ee19d15
UP Seated Dumbbell Overhead Press,Seated EZ-Bar Overhead Triceps Extension,0.5236,"The seated dumbbell shoulder pressis an exercise for building muscle and strengthening the shoulders, particularly but not exclusively the front heads. The triceps also assist. Some lifters feel that using dumbbells versus a barbell reduced injury risk.",Strength,Shoulders,triceps,Dumbbell,Intermediate,,https://fitnessprogramer.com/wp-content/uploads/2021/06/Seated-EZ-Bar-Overhead-Triceps-Extension.gif,1fe52d46-fd88-44b8-bf44-003b9e17862b,1dcc6265-6ce5-474d-ac78-841a5b8b0062
CM Forward Shoulder Press,Lying Shoulder Press,0.5035,No description available,Strength,Shoulders,shoulders,Dumbbell,Intermediate,,https://fitnessprogramer.com/wp-content/uploads/2021/09/Lying-Shoulder-Press.gif,510db6c3-3f25-4155-858e-0513e1a3b701,fd54ec17-57dc-4621-8462-60cb4b2289b5
Dumbbell Halo,Dumbbell V-up,0.4632,No description available,Strength,Shoulders,abs,Dumbbell,Intermediate,,https://fitnessprogramer.com/wp-content/uploads/2021/10/Dumbbell-V-up.gif,7736a05f-ba8a-4036-949c-70b14643e2dd,a76d8e2a-9efb-483d-a8f0-f61498c2f4ec
Standing Dumbbell Scap Raise,Dumbbell Raise,0.5674,No description available,Strength,Shoulders,shoulders,Dumbbell,Intermediate,,https://fitnessprogramer.com/wp-content/uploads/2021/04/Dumbbell-Raise.gif,f9a8fb8f-dc64-400b-b479-ec2eefd397dd,ea4a4d10-0692-48ec-ab4d-32f848726548
Holman Overhead Press,Overhead Shrug,0.5545,No description available,Strength,Shoulders,trapezius,Dumbbell,Intermediate,,https://fitnessprogramer.com/wp-content/uploads/2022/07/overhead-shrug.gif,bf98b0fd-7f82-40bc-8cd8-ca60a5890a6c,8159eaa8-c8f5-4d75-bc53-2136a597dfe0
Holman Slow Weighted Half Jack to Overhead Press,Weighted Seated Calf Raise,0.3479,No description available,Strength,Shoulders,calf,Dumbbell,Intermediate,,https://fitnessprogramer.com/wp-content/uploads/2021/10/Weighted-Seated-Calf-Raise.gif,727581be-0834-423b-b8a6-7058a03a4a7a,bf86664f-c085-400b-bf9a-116e775868d8
Holman Slow Arnold Press,Half Arnold Press,0.6722,No description available,Strength,Shoulders,shoulders,Dumbbell,Intermediate,,https://fitnessprogramer.com/wp-content/uploads/2021/10/Half-Arnold-Press.gif,2ae1333c-f041-403e-859c-016fe7da69df,d63dd4d1-f5b1-420a-acc8-e3e59cb6e0cf
Holman Boat Arnold Press with Feet Push-Out,Half Arnold Press,0.5242,No description available,Strength,Shoulders,shoulders,Dumbbell,Intermediate,,https://fitnessprogramer.com/wp-content/uploads/2021/10/Half-Arnold-Press.gif,8a110e06-b3cd-443e-adc6-d1e03cc9be75,d63dd4d1-f5b1-420a-acc8-e3e59cb6e0cf
Holman Dumbbell Hip Drive to Overhead Press,Cable Rear Drive,0.4543,No description available,Strength,Shoulders,triceps,Dumbbell,Intermediate,,https://fitnessprogramer.com/wp-content/uploads/2021/09/Cable-Rear-Drive.gif,2e830306-76bb-4de6-992e-ac670840c66f,7354c006-386d-4f3e-a8c6-ac2af65114ec
Holman Squat Thrust to Alternating Renegade Triceps Press,Push-Up to Renegade Row,0.4869,No description available,Strength,Shoulders,full-body,Dumbbell,Intermediate,,https://fitnessprogramer.com/wp-content/uploads/2022/07/Push-Up-to-Renegade-Row.gif,d81057be-fdc8-48dd-8aa7-36049e85abb4,433ff47c-5be0-4bba-8051-44c08af82e1e
Holman Cheer Press,Push Press,0.266,No description available,Strength,Shoulders,shoulders,Dumbbell,Intermediate,,https://fitnessprogramer.com/wp-content/uploads/2021/02/push-press-1.gif,1ef72de0-b9b7-4b0c-a9d3-30e41d612579,6a02c8c4-7276-44bb-84e2-a2036b46e735
Holman Left Arm Press with Right Arm Hold,Single Arm Arnold Press,0.3153,No description available,Strength,Shoulders,shoulders,Dumbbell,Intermediate,,https://fitnessprogramer.com/wp-content/uploads/2022/12/Single-Arm-Arnold-Press.gif,a61de0f5-ee3b-43cc-a640-5679ef49136c,1cac241c-51c2-47e9-bfe8-0872a9905ee2
Holman Right Arm Press with Left Arm Hold,Single Arm Arnold Press,0.3153,No description available,Strength,Shoulders,shoulders,Dumbbell,Intermediate,,https://fitnessprogramer.com/wp-content/uploads/2022/12/Single-Arm-Arnold-Press.gif,c4d7a2d1-fcda-494c-8327-c69dbea94f0a,1cac241c-51c2-47e9-bfe8-0872a9905ee2
Holman Left Front Raise with Right Hold,Squat Hold Calf Raise,0.404,No description available,Strength,Shoulders,calf,Dumbbell,Intermediate,,https://fitnessprogramer.com/wp-content/uploads/2021/12/Squat-Hold-Calf-Raise.gif,17ec6582-0db5-4435-bc6d-0796cebb0d52,278ecda6-1d60-4f62-a099-80c7f84b78d9
Holman Right Front Raise with Left Hold,Squat Hold Calf Raise,0.404,No description available,Strength,Shoulders,calf,Dumbbell,Intermediate,,https://fitnessprogramer.com/wp-content/uploads/2021/12/Squat-Hold-Calf-Raise.gif,79e9e56c-17ab-4d65-8160-ac69c08daa1c,278ecda6-1d60-4f62-a099-80c7f84b78d9
Holman Alternating Front Raise to Side Raise,Dumbbell Seated Alternate Front Raise,0.5778,No description available,Strength,Shoulders,shoulders,Dumbbell,Intermediate,,https://fitnessprogramer.com/wp-content/uploads/2022/06/Dumbbell-Seated-Alternate-Front-Raises.gif,082cee5b-4518-4b48-b7e1-3342c908d82f,347ffac5-3425-42df-8d15-6d0b7c8c1f64
Holman Heavy Right Arm Overhead Press,Overhead Shrug,0.3945,No description available,Strength,Shoulders,trapezius,Dumbbell,Intermediate,,https://fitnessprogramer.com/wp-content/uploads/2022/07/overhead-shrug.gif,0cf95488-60b1-4939-aa57-030b1868bdfb,8159eaa8-c8f5-4d75-bc53-2136a597dfe0
Holman Heavy Left Arm Overhead Press,Overhead Shrug,0.3956,No description available,Strength,Shoulders,trapezius,Dumbbell,Intermediate,,https://fitnessprogramer.com/wp-content/uploads/2022/07/overhead-shrug.gif,e5792d09-1922-44d7-ba55-bdf47cf56557,8159eaa8-c8f5-4d75-bc53-2136a597dfe0
Holman Right Arm Heavy Overhead Press,Overhead Shrug,0.3945,No description available,Strength,Shoulders,trapezius,Dumbbell,Intermediate,,https://fitnessprogramer.com/wp-content/uploads/2022/07/overhead-shrug.gif,57107c8c-a338-442f-88f3-85db57bbe9e9,8159eaa8-c8f5-4d75-bc53-2136a597dfe0
Holman Right Diagonal Lunge to Overhead Press,Diagonal Neck Stretch,0.4836,No description available,Strength,Shoulders,neck,Dumbbell,Intermediate,,https://fitnessprogramer.com/wp-content/uploads/2021/07/Diagonal-Neck-Stretch-360x360.png,bde5e26a-e7b6-46a1-a75c-988c7a5fb596,5ac027b6-d24d-455f-b331-c33688b01940
Holman Left Arm Heavy Overhead Press,Overhead Shrug,0.3956,No description available,Strength,Shoulders,trapezius,Dumbbell,Intermediate,,https://fitnessprogramer.com/wp-content/uploads/2022/07/overhead-shrug.gif,1028fe49-6100-47ab-986c-73fdd997cc6c,8159eaa8-c8f5-4d75-bc53-2136a597dfe0
Holman Weighted Palms-In Overhead Press,Dumbbell Standing Palms In Press,0.4278,No description available,Strength,Shoulders,shoulders,Dumbbell,Intermediate,,https://fitnessprogramer.com/wp-content/uploads/2021/09/Dumbbell-Standing-Palms-In-Press.gif,193e6155-fd6c-4ae8-bea2-a9131ab90660,d47c32be-1913-4330-803b-c3792d082d3b
Dumbbell racked carry,Zercher Carry,0.3706,"The dumbbell racked carry involves carrying dumbbells for time or distance, while holding them close to the shoulders in a front-racked position. Similar to a dumbbell farmer's carry, it can be a challenging finisher to any workout, or work well in fat-loss circuit training or as an accessory movement to heavy lifts like the deadlift.",Strength,Shoulders,full-body,Dumbbell,Intermediate,,https://fitnessprogramer.com/wp-content/uploads/2023/01/zercher-carry.gif,f575a78d-0775-4db2-b4a8-f076ada456c2,8e863510-cd7d-42b3-9f50-49999fad8562
Total Fitness Dumbbell Farmer's Carry,Zercher Carry,0.2815,"The dumbbell farmer's walk or carry is an exercise with roots in competitive strongman training, but which is also popular in CrossFit and functional training. It can be a challenging finisher to any workout, or work well in fat-loss circuit training or as an accessory movement to heavy lifts like the deadlift.",Strength,Shoulders,full-body,Dumbbell,Intermediate,,https://fitnessprogramer.com/wp-content/uploads/2023/01/zercher-carry.gif,8b5b33a8-1f4c-4cb7-8401-d3f82d4cf69a,8e863510-cd7d-42b3-9f50-49999fad8562
Single-arm dumbbell racked carry,Single Arm Push-up,0.3481,"The single-arm dumbbell racked carry involves carrying a single dumbbell for time or distance, while holding it close to the shoulders in a front-racked position. Similar to a dumbbell farmer's carry, it can be a challenging finisher to any workout, or work well in fat-loss circuit training or as an accessory movement to heavy lifts like the deadlift.",Strength,Shoulders,triceps,Dumbbell,Intermediate,,https://fitnessprogramer.com/wp-content/uploads/2021/09/Single-Arm-Push-up.gif,1cd38d0f-97a7-4847-9c39-49f3c97311a5,f38f07ce-2322-41ca-b7f6-c9b26c639508
Jordan Shallow Dumbbell Pull-Over,Dumbbell Pullover,0.3159,No description available,Strength,Shoulders,chest,Dumbbell,Intermediate,,https://fitnessprogramer.com/wp-content/uploads/2021/02/Dumbbell-Pullover.gif,a39d1888-2582-4287-b486-9fe5fd7daf0f,64c151cc-5799-46b7-aadc-3ede821b53e5
King Maker Dumbbell Lateral Raise,Dumbbell 4 Way Lateral Raise,0.6046,"The dumbbell lateral raise is an upper body isolation exercise for building shoulder strength and muscle. It's a staple strength training move and is a great option for accessory work on upper body training days. This exercise particularly focuses on the lateral or medial head of the deltoid, making them appear wider and more developed.",Strength,Shoulders,shoulders,Dumbbell,Intermediate,,https://fitnessprogramer.com/wp-content/uploads/2022/02/Dumbbell-4-Ways-Lateral-Raise.gif,5be96ffd-778c-4f02-86c0-a1f952d61bb9,e6feac33-1ef0-40b8-a22e-be00c01a6fd2
Dumbbell shadow boxing,Jab Boxing,0.5095,"Dumbbell shadow boxing is a more advanced version of a popular conditioning exercise. By adding a pair of lightweight dumbbells, you can greatly increase the challenge to both the shoulders and cardiovascular system.",Strength,Shoulders,cardio,Dumbbell,Intermediate,,https://fitnessprogramer.com/wp-content/uploads/2022/10/Jab-Boxing.gif,04befae3-0632-4b7e-aebd-09fb834c269a,ed8fd6da-d775-4eef-9538-2fa313807257
King Maker Dumbbell Farmer's Carry,Zercher Carry,0.3108,"The dumbbell farmer's walk or carry is an exercise with roots in competitive strongman training, but which is also popular in CrossFit and functional training. It can be a challenging finisher to any workout, or work well in fat-loss circuit training or as an accessory movement to heavy lifts like the deadlift.",Strength,Shoulders,full-body,Dumbbell,Intermediate,,https://fitnessprogramer.com/wp-content/uploads/2023/01/zercher-carry.gif,5380663a-01ab-48f1-a1bc-f1e83e1a81e9,8e863510-cd7d-42b3-9f50-49999fad8562
30 Shoulders Alternating Dumbbell Front Raise,Dumbbell Seated Alternate Front Raise,0.6334,No description available,Strength,Shoulders,shoulders,Dumbbell,Intermediate,,https://fitnessprogramer.com/wp-content/uploads/2022/06/Dumbbell-Seated-Alternate-Front-Raises.gif,29a49fc0-0ee9-4d07-a98a-247396e622d2,347ffac5-3425-42df-8d15-6d0b7c8c1f64
30 Shoulders Dumbbell Front Raise,Seated Dumbbell Front Raise,0.6439,No description available,Strength,Shoulders,shoulders,Dumbbell,Intermediate,,https://fitnessprogramer.com/wp-content/uploads/2021/10/seated-dumbbell-front-raise.gif,db3af9a6-3393-4da7-91ab-c3a7bf96cc0a,16c6bcd5-057f-40bf-90d0-c7143ee19d15
30 Shoulders Dumbbell Lateral Raise,Dumbbell 4 Way Lateral Raise,0.6577,No description available,Strength,Shoulders,shoulders,Dumbbell,Intermediate,,https://fitnessprogramer.com/wp-content/uploads/2022/02/Dumbbell-4-Ways-Lateral-Raise.gif,24a6ef37-e944-4113-8e14-3b5436c71090,e6feac33-1ef0-40b8-a22e-be00c01a6fd2
30 Shoulders Incline Face-Down Dumbbell Reverse Fly,Incline Reverse Grip Dumbbell Row,0.5659,No description available,Strength,Shoulders,back,Dumbbell,Intermediate,,https://fitnessprogramer.com/wp-content/uploads/2021/06/Incline-Reverse-Grip-Dumbbell-Row.gif,b7efa100-ece8-41c0-9400-b48940e44015,09b2f493-42f5-4dbd-9798-af0df65b70b8
30 Shoulders Seated Dumbbell Side Raise,Seated Dumbbell Front Raise,0.5965,No description available,Strength,Shoulders,shoulders,Dumbbell,Intermediate,,https://fitnessprogramer.com/wp-content/uploads/2021/10/seated-dumbbell-front-raise.gif,06835354-89cd-4619-a841-8b020602d516,16c6bcd5-057f-40bf-90d0-c7143ee19d15
30 Shoulders Neutral-Grip Arnold Press,Half Arnold Press,0.5136,No description available,Strength,Shoulders,shoulders,Dumbbell,Intermediate,,https://fitnessprogramer.com/wp-content/uploads/2021/10/Half-Arnold-Press.gif,fdd6659f-22b1-4e4b-8fc1-a784ab97bfb9,d63dd4d1-f5b1-420a-acc8-e3e59cb6e0cf
30 Shoulders Standing Dumbbell Upright Row,One-Arm Dumbbell Upright Row,0.6178,No description available,Strength,Shoulders,trapezius,Dumbbell,Intermediate,,https://fitnessprogramer.com/wp-content/uploads/2022/12/One-Arm-Dumbbell-Upright-Row.gif,49c63485-ba5e-4cc3-94cf-e10aaeaa7ab9,6ef19bf5-2f1a-4bdb-aad7-6ca1052c37a2
MetaBurn 3-Way Shoulder Raise,Dumbbell 6 Way Raise,0.4493,No description available,Strength,Shoulders,shoulders,Dumbbell,Intermediate,,https://fitnessprogramer.com/wp-content/uploads/2022/02/Dumbbell-6-Ways-Raise.gif,771c49ca-825b-4003-9a5e-3dbb5653fb24,d58f159a-ee45-4349-ba58-5610f939705f
MetaBurn Dumbbell Overhead Press,Dumbbell Z Press,0.4538,No description available,Strength,Shoulders,shoulders,Dumbbell,Intermediate,,https://fitnessprogramer.com/wp-content/uploads/2022/12/Dumbbell-Z-Press.gif,7101078b-2839-4351-a0b3-40de9ddfdd98,5ae2f6ba-b82c-41c2-bb30-075a1ce5efde
RG Seated Dumbbell Shoulder Press,Resistance Band Seated Shoulder Press,0.5658,No description available,Strength,Shoulders,shoulders,Dumbbell,Intermediate,,https://fitnessprogramer.com/wp-content/uploads/2021/08/Resistance-Band-Seated-Shoulder-Press.gif,2426fa70-7d1b-444e-b8a1-5468c613b502,af6fde11-1809-4c8e-b712-91fc3bc9981c
FYR2 Dumbbell Cross-Body Front Raise,Cross Body Push-up,0.5662,No description available,Strength,Shoulders,full-body,Dumbbell,Intermediate,,https://fitnessprogramer.com/wp-content/uploads/2022/02/Cross-Body-Push-up_Plyometric.gif,dce4bd12-5b59-46c6-a04c-ec4797c31d8b,bc4c077f-0fd8-42c4-b9e6-dbfabf81d8ec
FYR2 Lateral Raise Hold,Lever Lateral Raise,0.6237,No description available,Strength,Shoulders,shoulders,Dumbbell,Intermediate,,https://fitnessprogramer.com/wp-content/uploads/2021/09/Lever-Lateral-Raise.gif,2f989f08-1383-40a3-acb0-81f09e5d1fbe,bb7532e7-4072-4b58-a913-c80c64fc5069
FYR2 Seesaw Dumbbell Military Press,Bodyweight Military Press,0.5112,No description available,Strength,Shoulders,trapezius,Dumbbell,Intermediate,,https://fitnessprogramer.com/wp-content/uploads/2021/04/Bodyweight-Military-Press.gif,83c2d7c6-cb42-4fbd-9f8c-25ffc7f5bb54,abc4d2a6-87d6-4886-a960-7a6cba1be70c
FYR2 Single-Dumbbell Halo,Dumbbell Single Leg Deadlift,0.4173,No description available,Strength,Shoulders,erector-spinae,Dumbbell,Intermediate,,https://fitnessprogramer.com/wp-content/uploads/2022/09/Dumbbell-Single-Leg-Deadlift.gif,3d3ee2c2-0aa8-4520-a4bc-7820cd79724c,250aa910-5d36-46aa-b174-4e806462ddc4
FYR2 Single-Dumbbell Overhead Press,Single Dumbbell Close-grip Press,0.4936,No description available,Strength,Shoulders,chest,Dumbbell,Intermediate,,https://fitnessprogramer.com/wp-content/uploads/2021/10/Single-Dumbbell-Close-grip-Press.gif,fb29a3da-6697-47e3-ad7c-d5460a97be85,d284c05a-e512-4750-86a1-8dda5e2afa7e
Car driver,Cable Rear Drive,0.4934,"The car driver is a variation of the plate front raise exercise where the lifter holds a weight plate in front of them and twists it from side to side, similar to a steering wheel. It targets the muscles of the shoulders, the front or anterior deltoids in particular, but is also challenging to the core and upper-back muscles. It can provide variety in a shoulder-focused muscle-building workout or as part of an upper-body or full-body circuit.",Strength,Shoulders,triceps,Other,Intermediate,,https://fitnessprogramer.com/wp-content/uploads/2021/09/Cable-Rear-Drive.gif,f064789e-081c-4ec9-8879-20ec62e612a4,7354c006-386d-4f3e-a8c6-ac2af65114ec
Front Plate Raise,Seated Dumbbell Front Raise,0.5538,"The plate front raise is a variation of the dumbbell front raise where the lifter holds a weight plate between two hands, rather than using a dumbbell, barbell, or other weight. It can provide variety in a shoulder-focused muscle-building workout, or as part of an upper body or full-body circuit.",Strength,Shoulders,shoulders,Other,Intermediate,,https://fitnessprogramer.com/wp-content/uploads/2021/10/seated-dumbbell-front-raise.gif,ea0a08bf-4cc8-499d-a38b-778a36a26e07,16c6bcd5-057f-40bf-90d0-c7143ee19d15
Circus Bell,Belt Squat,0.1041,No description available,Strongman,Shoulders,leg,Other,Beginner,,https://fitnessprogramer.com/wp-content/uploads/2023/01/belt-squat.gif,52ce8702-d57f-45f6-82e6-108541cc8d7c,a2747479-2fe9-4020-b227-9245e98ad9ff
Landmine Linear Jammer,Landmine T-Bar Row,0.5087,"The linear jammer is an explosive pressing movement performed using an angled barbell anchored at floor level in a landmine device. It can also be performed by sticking a barbell in the corner of a room, preferably in a towel to protect the walls. The linear jammer involves pressing the weight into the air, then catching it with the other hand. The movement focuses primarily on the muscles of the shoulders or deltoids. It can be trained in traditional muscle and strength-focused rep ranges, for lower reps with a focus on explosive pressing power, or for higher reps.",Strength,Shoulders,back,Other,Intermediate,,https://fitnessprogramer.com/wp-content/uploads/2021/04/t-bar-rows.gif,bd7f40f4-a83e-47b7-8df5-b9231792a78d,312b27ba-1889-4235-8036-586c8eb680cb
Crucifix,Half Cross Crunch,0.0665,No description available,Strongman,Shoulders,abs,Other,Beginner,,https://fitnessprogramer.com/wp-content/uploads/2022/07/Half-Cross-Crunch.gif,41909920-7701-4fd6-8311-17f7c092d9e9,a1fe3b75-fd0f-4642-8f44-4ed4322c6fab
Chair Upper Body Stretch,Lying Upper Body Rotation,0.4909,No description available,Stretching,Shoulders,shoulders,Other,Beginner,,https://fitnessprogramer.com/wp-content/uploads/2022/02/Lying-Upper-Body-Rotation.gif,4b39629e-9c03-4924-a92d-782c3c53ff1b,63f8b844-4b90-46eb-ad43-2bbd8a32b00b
Sled Reverse Flye,Reverse Push-up,0.4465,No description available,Strength,Shoulders,chest,Other,Intermediate,,https://fitnessprogramer.com/wp-content/uploads/2021/09/Reverse-Push-up.gif,9fed9709-cc9e-4e57-a5b0-4ca4749ef280,2ec56c32-419c-4165-a9f5-9296af05f660
Plate shoulder circle big to small,Plate Loaded Shoulder Press,0.3573,"The plate shoulder circle big to small is an exercise targeting the shoulder complex. Typically, this is considered a warm-up move rather than a working exercise. It warms up the shoulder joint and works small and hard-to-attack muscles such as the rotator cuff group.",Strength,Shoulders,shoulders,Other,Intermediate,,https://fitnessprogramer.com/wp-content/uploads/2022/04/Plate-Loaded-Shoulder-Press.gif,d8538613-03a8-44a0-8f92-a368fb372919,e316f3e0-623f-48c5-a7cf-e11dba0e7ba5
Sled Overhead Backward Walk,Backward Jump,0.5875,No description available,Strength,Shoulders,leg,Other,Beginner,,https://fitnessprogramer.com/wp-content/uploads/2021/05/Backward-Jumping.gif,b0acdb5a-5036-48b7-a7ae-d44efc17896c,e64e36a9-7c46-4f49-99a7-1b181d7e02f1
Standing suspended rear delt fly,Cable Rear Delt Fly,0.5216,"The standing suspended rear delt fly is a bodyweight movement targeting the shoulders and upper back using a suspension strap system or gymnastic rings. It can be performed for time or reps as part of a dynamic warm-up for an upper-body strength workout, or in the workout itself either in traditional muscle-building rep ranges or for higher reps.",Strength,Shoulders,shoulders,Other,Intermediate,,https://fitnessprogramer.com/wp-content/uploads/2021/02/cable-rear-delt-fly.gif,0ebc56a6-8538-46be-b6f2-9a22e46e6913,5744718f-2277-4072-a9e8-d079d3c8bd73
Towel dumbbell front raise,Seated Dumbbell Front Raise,0.659,The towel dumbbell front raise is a variation of the dumbbell front raise that involves hanging a dumbbell from a towel held in the hands. It could also be performed with a kettlebell or weight plate. It can provide variety in a shoulder-focused muscle-building workout or as part of an upper-body or full-body circuit.,Strength,Shoulders,shoulders,Other,Intermediate,,https://fitnessprogramer.com/wp-content/uploads/2021/10/seated-dumbbell-front-raise.gif,dea426a1-55c6-43ee-89ab-8c65fa87c188,16c6bcd5-057f-40bf-90d0-c7143ee19d15
Reach-roll-lift combo,Plank Leg Lift,0.2731,"The reach-roll-lift combo is a mobility drill for the upper back and shoulders. It can be part of a dynamic warm-up for upper-body workouts, or as postural training anytime.",Stretching,Shoulders,abs,Other,Intermediate,,https://fitnessprogramer.com/wp-content/uploads/2021/02/Plank-Leg-Lift.gif,98cbd792-e239-4f2e-b7a8-473e0171f1b1,15199dde-d1fe-43d4-8f35-fb1cde80c774
Squat Press Shoulder Press - Gethin Variation,Lying Shoulder Press,0.6395,No description available,Strength,Shoulders,shoulders,Other,Intermediate,,https://fitnessprogramer.com/wp-content/uploads/2021/09/Lying-Shoulder-Press.gif,0798f309-af02-4496-984b-413263a2af01,fd54ec17-57dc-4621-8462-60cb4b2289b5
Bent-over plate rear delt raise,Barbell Rear Delt Raise,0.6191,"The bent-over plate rear delt raise is an exercise targeting the rear heads of the shoulders, or deltoids. You can also use dumbbells or other light weights for a similar effect. This movement is usually performed as part of a dynamic warm-up or as a high-rep burnout movement on a shoulder or back day.",Strength,Shoulders,trapezius,Other,Intermediate,,https://fitnessprogramer.com/wp-content/uploads/2021/04/Barbell-Rear-Delt-Raise.gif,1bd21505-189c-4293-8c20-2838a1fd4459,0b16970a-06c6-4d19-a465-1fbcd43afe95
Holman Slow Overhead Press,Overhead Shrug,0.4626,No description available,Strength,Shoulders,trapezius,Other,Intermediate,,https://fitnessprogramer.com/wp-content/uploads/2022/07/overhead-shrug.gif,04cd4c23-d769-4bc3-a285-42c3d52014a9,8159eaa8-c8f5-4d75-bc53-2136a597dfe0
30 Shoulders Plate Front Raise,Plate Loaded Shoulder Press,0.5134,No description available,Strength,Shoulders,shoulders,Other,Intermediate,,https://fitnessprogramer.com/wp-content/uploads/2022/04/Plate-Loaded-Shoulder-Press.gif,0e1d2c49-39fb-4fb6-839f-9f0151547958,e316f3e0-623f-48c5-a7cf-e11dba0e7ba5
Seated cable shoulder press,Kneeling Cable Shoulder Press,0.6654,"The seated cable shoulder press is a multijoint machine-based exercise that focuses on the deltoid or shoulder muscles, as well as the triceps. It's most common in muscle-building workouts and rep ranges, usually 8-12 reps or more.",Strength,Shoulders,shoulders,Cable,Intermediate,,https://fitnessprogramer.com/wp-content/uploads/2022/02/Kneeling-Cable-Shoulder-Press.gif,cfb0ead3-c6b8-438a-95b1-8d83643be3f4,6cfbc2f2-4c48-4ae2-9104-037d7675e3b4
Standing Low-Pulley Deltoid Raise,Lever Standing Leg Raise,0.3689,"The single-arm cable lateral raise is an isolation exercise targeting the shoulders, specifically the medial deltoid. This movement also hits the traps and upper back, and allows you to focus on each side independently. Because grip is a limitation, it is usually performed for moderate to high reps, like at least 8-12 reps per set, as part of an upper body or shoulders-focused workout.",Strength,Shoulders,leg,Cable,Intermediate,,https://fitnessprogramer.com/wp-content/uploads/2021/09/Lever-Standing-Leg-Raise.gif,a048faab-0e69-4d0c-94f5-e13cd100d9d1,ad8c7835-90fa-49a3-8ced-18400d2b1d30
Standing crossed-cable rear delt fly,Cable Rear Delt Fly,0.6431,"The standing crossed-cable rear delt fly is an isolation exercise for the rear deltoids. It is usually performed for moderate to high reps, at least 8-12 reps per set, as part of an upper-body or shoulder-focused workout.",Strength,Shoulders,shoulders,Cable,Intermediate,,https://fitnessprogramer.com/wp-content/uploads/2021/02/cable-rear-delt-fly.gif,d5e8d181-c925-46e9-b3a6-065e4311887e,5744718f-2277-4072-a9e8-d079d3c8bd73
Alternating Cable Shoulder Press,Alternating Shoulder Flexion,0.6601,No description available,Strength,Shoulders,shoulders,Cable,Beginner,,https://fitnessprogramer.com/wp-content/uploads/2023/06/Back-to-Wall-Alternating-Shoulder-Flexion.gif,0daa9845-26d6-4ecf-8811-5da6d0043ce4,c0e633fd-f3b3-414d-9faf-9820ccfc20fb
Single-arm lying cable front raise,Two Arm Cable Front Raise,0.6576,"The single-arm lying cable front raise is an isolation exercise for the shoulders, performed lying on the back, either on a bench or the ground, and lifting the cable over the torso one arm at a time. This movement is usually performed for moderate to high reps for a burn and pump as part of a shoulder-focused workout.",Strength,Shoulders,shoulders,Cable,Intermediate,,https://fitnessprogramer.com/wp-content/uploads/2021/08/Two-Arm-Cable-Front-Raise.gif,8735022e-48b5-4e5e-a9b5-fff52690bf6b,fbe8bc0b-9ab3-4455-ae65-ccbd32bb7234
One-Arm Cable Side Raise - Gethin Variation,Side Arm Raises,0.6393,"The single-arm cable lateral raise is an isolation exercise targeting the shoulders, specifically the medial deltoid. This movement also hits the traps and upper back, and allows you to focus on each side independently. Because grip is a limitation, it is usually performed for moderate to high reps, like at least 8-12 reps per set, as part of an upper body or shoulders-focused workout.",Strength,Shoulders,shoulders,Cable,Intermediate,,https://fitnessprogramer.com/wp-content/uploads/2021/02/arm-circles.gif,c86b6bf9-8b68-4293-accc-a932a88a8f26,7568c6c0-c056-4ec5-8a28-d5edf17ebb61
Rope Face Pull - Gethin Variation,Face Pull,0.6766,"The standing face pull is an isolation exercise primarily targeting the rear deltoids, traps, and upper back. It is most often performed with a rope attachment.",Strength,Shoulders,shoulders,Cable,Intermediate,,https://fitnessprogramer.com/wp-content/uploads/2021/02/Face-Pull.gif,ef279dc5-c282-47ec-9669-270303a2221c,149d8fec-f067-4a12-b7fc-7f6402210f82
30 Shoulders Cable Rope Face Pull,Face Pull,0.5956,No description available,Strength,Shoulders,shoulders,Cable,Intermediate,,https://fitnessprogramer.com/wp-content/uploads/2021/02/Face-Pull.gif,d376c1e9-4f3a-4ade-a096-2f9ee50fa690,149d8fec-f067-4a12-b7fc-7f6402210f82
30 Shoulders Cable Straight-Bar Front Raise,Straight Bar Dip,0.5034,No description available,Strength,Shoulders,full-body,Cable,Intermediate,,https://fitnessprogramer.com/wp-content/uploads/2022/01/Straight-Bar-Dip.gif,55821899-3f15-49ce-9faa-62b1df21a94f,27e268e4-b829-4ddf-8c8e-679378df19fd
30 Shoulders High Cable Reverse Fly,Lever Reverse Shoulder Press,0.6145,No description available,Strength,Shoulders,shoulders,Cable,Intermediate,,https://fitnessprogramer.com/wp-content/uploads/2021/09/Lever-Reverse-Shoulder-Press.gif,2f1e5474-eaea-407b-bf60-034671f068bd,2232f55d-5d75-4f7d-bcca-222b09763f69
30 Shoulders Single-Arm Cable Front Raise,Two Arm Cable Front Raise,0.6083,No description available,Strength,Shoulders,shoulders,Cable,Intermediate,,https://fitnessprogramer.com/wp-content/uploads/2021/08/Two-Arm-Cable-Front-Raise.gif,9dab9739-761f-42cf-8a9d-38cce264fe66,fbe8bc0b-9ab3-4455-ae65-ccbd32bb7234
RG Single-Arm Cross-Body Cable Front Raise,Two Arm Cable Front Raise,0.551,No description available,Strength,Shoulders,shoulders,Cable,Intermediate,,https://fitnessprogramer.com/wp-content/uploads/2021/08/Two-Arm-Cable-Front-Raise.gif,a17fbf29-13d6-462b-8a1b-539646cbc762,fbe8bc0b-9ab3-4455-ae65-ccbd32bb7234
Machine shoulder press,Lying Shoulder Press,0.654,"The machine shoulder press is a machine-based exercise targeting the deltoid muscles. It approximates the motion of a free-weight shoulder press, but uses a selectorized weight-stack or plate-loaded machine. Many such machines also allow you to choose between different grips and grip widths. Machine shoulder presses are often done for moderate to high reps, such as 8-12 reps per set or more, as part of the upper-body or shoulder-focused portion of a workout.",Strength,Shoulders,shoulders,Machine,Intermediate,,https://fitnessprogramer.com/wp-content/uploads/2021/09/Lying-Shoulder-Press.gif,335417d9-a002-407c-9c5b-364d47dfe391,fd54ec17-57dc-4621-8462-60cb4b2289b5
Reverse Machine Flyes,Reverse Grip Machine Row,0.6691,"The machine rear delt fly is an exercise targeting the rear head of the shoulder muscle or deltoids, as well as the muscles of the upper back. It's sort of the reverse of the machine chest fly, and is sometimes performed on the same machine, but facing the opposite direction. Because it targets such small muscles, this exercise is usually performed with light weight for high reps, such as 10-15 reps per set or more.",Strength,Shoulders,back,Machine,Intermediate,,https://fitnessprogramer.com/wp-content/uploads/2021/08/Reverse-Grip-Machine-Row.gif,66d46068-d7b1-4a38-8e28-a06ab6087666,a96949ef-2344-4dc8-bb4c-efa7423622c5
Single-arm Smith machine upright row,Single Arm Upright Row | Gymstick,0.5554,"The single-arm Smith machine upright row is an upper-body exercise targeting the muscles of the traps and shoulders. This movement is often performed for moderate to high reps, such as 8-12 reps per set or more, as part of an upper-body or shoulder-focused workout.",Strength,Shoulders,trapezius,Machine,Intermediate,,https://fitnessprogramer.com/wp-content/uploads/2022/05/Standing-Single-Arm-Upright-Row.gif,e32d368d-3f70-42dd-a98a-f5ed752acc3c,6c929c1e-91bb-49d1-ad46-62f3f1a5eef0
Smith Machine Behind-The-Neck Press - Gethin Variation,Seated Behind Neck Press,0.5999,"The Smith machine behind-the-neck press is a machine-based exercise targeting the deltoids. The Smith machine mimics a barbell but provides more stability. This movement can be programmed in low reps for strength or higher reps for muscle and strength endurance. It is often performed for moderate to high reps, such as 8-12 reps per set or more, as part of a shoulder or upper-body focused workout.",Strength,Shoulders,shoulders,Machine,Intermediate,,https://fitnessprogramer.com/wp-content/uploads/2021/05/Seated-Behind-the-Neck-Press.gif,329d9244-a2e7-49c7-be9f-3f0bf687d227,2d4afa82-63a7-47aa-9fa9-c4348949a933
30 Shoulders Smith Machine Behind-The-Head Press,Shoulder Stretch Behind Back,0.5314,No description available,Strength,Shoulders,shoulders,Machine,Intermediate,,https://fitnessprogramer.com/wp-content/uploads/2021/04/Shoulder-Stretch-Behind-Back.gif,d10a859a-e9be-4afa-b77f-3a1abc06db9e,f1fbae8f-b6a8-4ebf-b20a-92e6a8f2527e
Shoulder Circles,Lying Shoulder Press,0.4559,No description available,Stretching,Shoulders,shoulders,Body Only,Intermediate,,https://fitnessprogramer.com/wp-content/uploads/2021/09/Lying-Shoulder-Press.gif,894f77ac-a57e-464b-a4da-46a4ef1c8e75,fd54ec17-57dc-4621-8462-60cb4b2289b5
Cross-body shoulder stretch,Across Chest Shoulder Stretch,0.6577,"The cross-body shoulder stretch targets increased flexibility in the shoulders. It is a common inclusion in upper-body dynamic warm-ups prior to training or sports, but can also be performed anytime to ""limber up"" the upper body.",Stretching,Shoulders,shoulders,Body Only,Intermediate,,https://fitnessprogramer.com/wp-content/uploads/2021/04/Across-Chest-Shoulder-Stretch.gif,f2794325-134c-4539-b443-1b19c9e6f2f4,f47e0736-635b-426f-b691-2cbf3a6eec39
Seated Front Deltoid,Seated Dumbbell Front Raise,0.4462,No description available,Stretching,Shoulders,shoulders,Body Only,Beginner,,https://fitnessprogramer.com/wp-content/uploads/2021/10/seated-dumbbell-front-raise.gif,eedf0da8-911b-4342-b951-4757f14333b7,16c6bcd5-057f-40bf-90d0-c7143ee19d15
Shoulder Raise,Lying Shoulder Press,0.5978,No description available,Stretching,Shoulders,shoulders,Body Only,Intermediate,,https://fitnessprogramer.com/wp-content/uploads/2021/09/Lying-Shoulder-Press.gif,a19d2e66-7e43-463f-820b-36f3ab961e5d,fd54ec17-57dc-4621-8462-60cb4b2289b5
Hand Stand Push-Up,Handstand,0.5005,"The handstand push-up is an exercise targeting the shoulders, although other muscles assist in the completion of the reps. It is common in both CrossFit workouts and advanced bodyweight or calisthenics training. Given the degree of difficulty, beginners will want to progress to this move.",Strength,Shoulders,full-body,Body Only,Intermediate,,https://fitnessprogramer.com/wp-content/uploads/2021/02/handstand-holds.gif,64861d06-f3c9-4a87-9955-340d1fc342ed,e9ab7611-3c6f-4904-8e22-aa7e6ee43beb
Return Push from Stance,Standing Leg Curl With Resistance Band,0.2453,No description available,Plyometrics,Shoulders,leg,Body Only,Intermediate,,https://fitnessprogramer.com/wp-content/uploads/2022/05/Standing-leg-curl.gif,3d4a8167-ddbd-461c-84e9-517b7b7b6efd,1c54fb08-1f6a-46cd-861d-f7b83af42261
Wall shoulder tap,Lying Shoulder Press,0.4963,"The wall shoulder tap is a bodyweight shoulder exercise that is a popular movement for gymnasts, cheerleaders, and other athletes who need to spend a lot of time in dynamic handstand movements. Beginning in a handstand position with toes touching the wall, one hand is raised to touch the opposing shoulder. This continues in alternating fashion for the duration of the set.",Strength,Shoulders,shoulders,Body Only,Intermediate,,https://fitnessprogramer.com/wp-content/uploads/2021/09/Lying-Shoulder-Press.gif,dda23bcf-4249-424d-9d42-469d24687e0f,fd54ec17-57dc-4621-8462-60cb4b2289b5
Bear crawl shoulder tap,Lying Shoulder Press,0.4021,"The bear crawl shoulder tap is a variation of the bear crawl that involves touching the opposing shoulder while in a static bear crawl hold. It adds an extra coordination and core challenge to an already intense full-body movement that targets the cardiovascular system as well as a wide range of muscle groups. It can be done as a full-body warm-up, or as part of a bodyweight circuit or flow.",Strength,Shoulders,shoulders,Body Only,Intermediate,,https://fitnessprogramer.com/wp-content/uploads/2021/09/Lying-Shoulder-Press.gif,432b52ba-91ca-4776-a417-ab5c5bd77563,fd54ec17-57dc-4621-8462-60cb4b2289b5
Bear crawl fire feet,Side Lying Feet Raise,0.263,"Bear crawl fire feet is a variation of the bear crawl that involves running in place while in a static bear crawl hold. It adds an extra coordination and full-body challenge to an already intense full-body movement that targets the cardiovascular system as well as a wide range of muscle groups. It can be done as a full-body warm-up, or as part of a bodyweight circuit or flow.",Cardio,Shoulders,abs,Body Only,Intermediate,,https://fitnessprogramer.com/wp-content/uploads/2022/06/Side-Lying-Feet-Raise.gif,3a83a3d0-2d8c-4733-a411-e37e5a02c024,05148618-7e6a-480d-aa82-b05143a722ae
Wall sprawl,Wall Ball,0.448,"The wall sprawl is a bodyweight exercise targeting the shoulders, although numerous other muscles are recruited to complete the exercise. From an all-fours position, you kick up onto the wall, then back down. It's a serious cardiovascular challenge that is usually performed as part of a fat-loss or athleticism-focused workout.",Plyometrics,Shoulders,full-body,Body Only,Intermediate,,https://fitnessprogramer.com/wp-content/uploads/2023/01/wall-ball.gif,7fea1d9c-39f7-42c1-a6bc-2b6d3c9a1014,c4798cba-e21b-4ad8-abfc-c7e63fdfd0a6
Bent Over Shoulder Y,Lever Shoulder Press,0.5585,"The lying rear delt Y works the shoulders, specifically the rear heads. The range of motion differs from the lying rear delt fly. At the midpoint, the arms and torso form a Y—hence the name.",Stretching,Shoulders,shoulders,Body Only,Intermediate,,https://fitnessprogramer.com/wp-content/uploads/2021/04/Lever-Shoulder-Press.gif,49f10c0b-3f8f-40eb-ba09-7196e9bda002,4513304e-34f6-4e79-a6e7-f8cdd3210c5c
Shoulder L,Lying Shoulder Press,0.6723,"The bent-over shoulder rotation is an upper-body exercise that helps strengthen the muscles around the rotator cuff for a stable shoulder joint. It is usually performed as part of a dynamic warm-up for the shoulders. It can be performed with body weight, light dumbbells or weight plates, or bands.",Strength,Shoulders,shoulders,Body Only,Intermediate,,https://fitnessprogramer.com/wp-content/uploads/2021/09/Lying-Shoulder-Press.gif,6dfc55fe-c517-4167-aa3a-aa1135806db7,fd54ec17-57dc-4621-8462-60cb4b2289b5
Shoulder Dislocation Stretch-Dowel,Towel Shoulder Stretch,0.503,No description available,Stretching,Shoulders,shoulders,Body Only,Intermediate,,https://fitnessprogramer.com/wp-content/uploads/2021/10/Stretch-With-Towel.gif,d651c50b-738f-4d16-9fc4-b0c0e4845b0f,1a572294-0132-4cbf-b25f-f5da09fcbd33
PVC Shoulder Stretch,Towel Shoulder Stretch,0.6315,No description available,Stretching,Shoulders,shoulders,Body Only,Intermediate,,https://fitnessprogramer.com/wp-content/uploads/2021/10/Stretch-With-Towel.gif,e87658f9-e2c7-45b2-8e10-5b6c9764267b,1a572294-0132-4cbf-b25f-f5da09fcbd33
HM Shoulder Stretch on Floor,Towel Shoulder Stretch,0.603,No description available,Stretching,Shoulders,shoulders,Body Only,Intermediate,,https://fitnessprogramer.com/wp-content/uploads/2021/10/Stretch-With-Towel.gif,4c2e151d-fbec-41d7-b787-57ee09e32d6d,1a572294-0132-4cbf-b25f-f5da09fcbd33
HM Shoulder Tap,Lying Shoulder Press,0.5556,No description available,Stretching,Shoulders,shoulders,Body Only,Intermediate,,https://fitnessprogramer.com/wp-content/uploads/2021/09/Lying-Shoulder-Press.gif,79ad2fab-a2ab-46c0-9df1-1958b21549a6,fd54ec17-57dc-4621-8462-60cb4b2289b5
HM Hand-On-Wall Stretch,Corner Wall Stretch,0.4888,No description available,Strength,Shoulders,shoulders,Body Only,Intermediate,,https://fitnessprogramer.com/wp-content/uploads/2022/07/Corner-Wall-Stretch.gif,68a4e5b3-c3c1-4e7d-9dce-64f1157b4015,b11f4b99-3e45-4a66-a769-5b489d0b0e3c
HM Jumping Arm Circle,Jumping Pull-up,0.554,No description available,Strength,Shoulders,back,Body Only,Intermediate,,https://fitnessprogramer.com/wp-content/uploads/2022/01/jumping-pull-up.gif,37ec9d9f-80cb-4f11-ace5-8b41f1db8a6e,c0c4ea00-7069-410c-a0fa-753e0d37c08b
Kipping Clapping Pull-Up,Kipping Handstand Push-up,0.54,No description available,Strength,Shoulders,full-body,Body Only,Intermediate,,https://fitnessprogramer.com/wp-content/uploads/2023/07/kipping-handstand-push-up.gif,c5b16bcf-fc07-4735-89e9-0dd1b3b03c41,21aa8db1-39b2-4300-8254-53672f7147bc
Holman Kneeling Overhead Press to Donkey Kick,Kneeling Push-up,0.4065,No description available,Strength,Shoulders,chest,Body Only,Intermediate,,https://fitnessprogramer.com/wp-content/uploads/2022/01/Kneeling-Push-up.gif,3e131456-70b8-437b-9e16-db89e8e26e1b,24f0d65d-5027-4c71-b95d-ff6221deb64b
Floor angel,Floor Crunch,0.4554,The floor angel is a stretch targeting shoulder mobility and activation of the shoulder stabilizer muscles. It also targets a range of postural muscles in the upper back.,Strength,Shoulders,abs,Body Only,Intermediate,,https://fitnessprogramer.com/wp-content/uploads/2021/05/Floor-Crunch.gif,d6d890ff-a25d-4a8a-9661-1d2a7288883d,99342b9b-e469-4a44-b8f7-7ada342d78e8
Standing Two-Arm Overhead Throw,Medicine Ball Overhead Throw,0.519,No description available,Plyometrics,Shoulders,shoulders,Medicine Ball,Beginner,,https://fitnessprogramer.com/wp-content/uploads/2023/09/Medicine-Ball-Overhead-Throw.gif,c2fe75ee-27ec-48b2-82e6-8c83200e778f,44d24be7-8581-4b4a-adbb-fb8cd88f49d8
Incline anti-gravity shoulder press,Lying Shoulder Press,0.3688,"The incline anti-gravity shoulder press is an upper-body exercise targeting the shoulders and upper back. It works the rear delts and upper-back muscles isometrically to hold the weight up, while dynamically training the lateral and front delts. Because of the challenge of holding the weight up, this press variation is usually performed with relatively light weights for moderate reps, such as 8-12 reps per set or more, as part of upper-body or shoulder training.",Strength,Shoulders,shoulders,E-Z Curl Bar,Intermediate,,https://fitnessprogramer.com/wp-content/uploads/2021/09/Lying-Shoulder-Press.gif,12b05bf4-2ae0-4cc7-a971-de53b43ecfb6,fd54ec17-57dc-4621-8462-60cb4b2289b5
30 Shoulders EZ-Bar Front Raise,Ez-Bar Incline Front Raise,0.6188,No description available,Strength,Shoulders,shoulders,E-Z Curl Bar,Intermediate,,https://fitnessprogramer.com/wp-content/uploads/2021/09/Incline-Front-Raise.gif,b4a24ca0-631c-4459-9b20-37246a238a80,74eab0c1-0a99-4cc6-8736-d77ea2ff025d
Side Wrist Pull,Wrist Stretch,0.5684,No description available,Stretching,Shoulders,forearm,Bodyweight,Beginner,,https://fitnessprogramer.com/wp-content/uploads/2023/03/Wrist-Stretch.gif,e875dfce-a7c0-4a8b-8027-029244f3b705,cc03cfaa-2c2d-4b31-b064-02fd10010250
Elbow Circles,Elbow Reverse Push-Up,0.409,No description available,Stretching,Shoulders,trapezius,Bodyweight,Beginner,,https://fitnessprogramer.com/wp-content/uploads/2021/08/Elbow-Reverse-Push-Up.gif,26646ab7-2897-4edc-896d-556b836ad109,520d8604-9839-4930-a896-f3dedb8911a6
Kneeling Arm Drill,Kneeling Push-up,0.5778,No description available,Plyometrics,Shoulders,chest,Bodyweight,Beginner,,https://fitnessprogramer.com/wp-content/uploads/2022/01/Kneeling-Push-up.gif,7c42b01b-4670-4e15-a25f-702ed1b2b06c,24f0d65d-5027-4c71-b95d-ff6221deb64b
Bent-over shoulder rotation,Cable External Shoulder Rotation,0.6387,"The bent-over shoulder rotation is an upper-body exercise that helps strengthen the muscles around the rotator cuff for a stable shoulder joint. It is usually performed as part of a dynamic warm-up for the shoulders. It can be performed with body weight, light dumbbells or weight plates, or bands.",Strength,Shoulders,shoulders,Exercise Ball,Intermediate,,https://fitnessprogramer.com/wp-content/uploads/2021/04/Cable-External-Shoulder-Rotation.gif,27a634d3-969e-4b12-a19c-c55fca202bfd,cee59a4d-27cd-4eb6-8908-d100ba9e49ed
Band overhead triceps press,Seated EZ-Bar Overhead Triceps Extension,0.572,"The band overhead triceps press is a dynamic arm exercise utilizing a looped exercise band. It could also be performed with an exercise band with handles. It targets the triceps muscles and can be performed for time or reps, either in traditional muscle-building rep ranges such as 12-15 reps per set, or higher rep ranges such as 30, 50, or more.",Strength,Triceps,triceps,Bands,Intermediate,,https://fitnessprogramer.com/wp-content/uploads/2021/06/Seated-EZ-Bar-Overhead-Triceps-Extension.gif,e9d9b827-62cc-4ab2-97f8-94c2de0ee07d,1dcc6265-6ce5-474d-ac78-841a5b8b0062
Band straight-arm pull-down,Rope Straight Arm Pulldown,0.6328,"The band straight-arm pull-down is a non-gym or at home variation of the straight-arm lat pull-down performed using a cable stack machine. It can either be performed in an athletic upright stance, or slightly bent over. It both stretches and contracts the muscles of the lats (latissimus dorsi) as well as providing additional activation to the other upper back muscles and the core. Because the triceps are also isometrically involved in the movement, it is usually performed for higher reps, such as 8-15 reps or more.",Strength,Triceps,back,Bands,Intermediate,,https://fitnessprogramer.com/wp-content/uploads/2021/06/Rope-Straight-Arm-Pulldown.gif,e057d740-6c38-4b66-a3d8-842685c48bd0,ba4cd88c-dd37-4864-9d39-49e09a80a206
Single-arm band kick-back,Single Arm Push-up,0.4921,"The single-arm band kick-back is an isolation exercise that targets the triceps. This is a common burnout move performed for moderate to high reps, such as 8-12 reps per set or more, as part of an upper-body or arm-focused workout.",Strength,Triceps,triceps,Bands,Intermediate,,https://fitnessprogramer.com/wp-content/uploads/2021/09/Single-Arm-Push-up.gif,865e08d7-fc82-423d-b5c6-7056c387f3ec,f38f07ce-2322-41ca-b7f6-c9b26c639508
Incline EZ-bar skullcrusher,Barbell Reverse Grip Skullcrusher,0.6729,The incline EZ-bar skullcrusher is a popular exercise targeting the triceps muscles. The incline angle helps to target the long head of the triceps in particular. This exercise is usually performed for moderate to high reps as part of an upper-body or arm-focused workout.,Strength,Triceps,triceps,Barbell,Intermediate,,https://fitnessprogramer.com/wp-content/uploads/2022/02/Barbell-Reverse-Grip-Skullcrusher-1.gif,e9a8579c-68ff-4208-af64-fa9b5412406e,8a39119a-8323-415d-92cb-b2cd46517e4b
Bench Press - Powerlifting,Power Lunge,0.3065,No description available,Powerlifting,Triceps,leg,Barbell,Intermediate,,https://fitnessprogramer.com/wp-content/uploads/2023/09/power-lunge.gif,5b8f945d-844e-4275-b864-45f095f492af,22f07b63-9fdb-4fc5-b572-32f00b6ec6db
Behind-the-head skullcrusher,Barbell Reverse Grip Skullcrusher,0.5878,"The behind-the-head skullcrusher is a variation on a triceps exercise that has been a staple of bodybuilders for decades. In this version, instead of the bar coming down lightly to the forehead, the bar tracks over the top of the head without touching it. Skullcrushers are usually performed for moderate to high reps, such as 8-12 reps per set or more, as part of an upper-body or arm-focused workout. If a straight bar is uncomfortable for your wrists or elbows, try using an angled EZ-bar.",Strength,Triceps,triceps,Barbell,Intermediate,,https://fitnessprogramer.com/wp-content/uploads/2022/02/Barbell-Reverse-Grip-Skullcrusher-1.gif,cdd8080d-071d-409b-9517-b563cded978f,8a39119a-8323-415d-92cb-b2cd46517e4b
Bench Press with Chains,Wide-Grip Reverse Bench Press,0.3574,No description available,Powerlifting,Triceps,chest,Barbell,Beginner,,https://fitnessprogramer.com/wp-content/uploads/2022/10/Wide-Grip-Reverse-Bench-Press.gif,3530a912-4100-4126-b4ef-a7c1d5979236,91ab2d2b-47ab-4b71-b875-e710a86a6592
Pin Presses,Pin Squat,0.4832,No description available,Powerlifting,Triceps,leg,Barbell,Beginner,,https://fitnessprogramer.com/wp-content/uploads/2023/05/Pin-Squat.gif,26da66b1-d6cc-457b-be01-ef561e928baf,40e8f867-df8f-43e2-86e7-ea3c819d1292
JM Press With Bands,Standing incline chest press With Resistance Band,0.374,No description available,Strength,Triceps,chest,Barbell,Beginner,,https://fitnessprogramer.com/wp-content/uploads/2022/05/Standing-incline-chest-press.gif,dfe38884-66df-4b74-adea-065ecce55ccc,05fb9322-bee8-484d-a7dd-d832ecf796fa
JM Press,Push Press,0.4426,No description available,Strength,Triceps,shoulders,Barbell,Beginner,,https://fitnessprogramer.com/wp-content/uploads/2021/02/push-press-1.gif,32a079d5-c74e-4e1e-8913-201335632f9e,6a02c8c4-7276-44bb-84e2-a2036b46e735
Floor Press with Chains,Floor Crunch,0.4403,No description available,Powerlifting,Triceps,abs,Barbell,Beginner,,https://fitnessprogramer.com/wp-content/uploads/2021/05/Floor-Crunch.gif,9752c1b0-6a52-4b90-ab9a-36cf407da692,99342b9b-e469-4a44-b8f7-7ada342d78e8
FYR2 Sprawl Over Kettlebell,Kettlebell Deadlift,0.4,No description available,Strength,Triceps,leg,Kettlebells,Intermediate,,https://fitnessprogramer.com/wp-content/uploads/2021/06/kettlebell-deadlift.gif,c1f7d3b2-6828-4152-ba79-7ac74d4accb7,8e29e022-7883-4513-bc53-36f27d0c4836
Dumbbell floor press,Dumbbell Z Press,0.6203,"The dumbbell floor press is a multijoint pressing exercise performed lying on the floor. It can be performed either with the knees bent or flat. The floor press limits the range of motion you would achieve with a regular dumbbell bench press, but still targets the chest, triceps, and anterior delts. This allows you to press more weight than in a dumbbell bench press, and perhaps put less stress on the shoulders.",Powerlifting,Triceps,shoulders,Dumbbell,Intermediate,,https://fitnessprogramer.com/wp-content/uploads/2022/12/Dumbbell-Z-Press.gif,04ef5107-2361-42e4-a5fb-12a00c32cac8,5ae2f6ba-b82c-41c2-bb30-075a1ce5efde
Seated triceps press,Seated Dumbbell Triceps Extension,0.5961,"The seated triceps press is a popular arm-building exercise that targets the triceps with a single dumbbell held by both hands, extending it up behind your head. While you can go surprisingly heavy on this movement, it is usually performed for moderate to high reps, such as 8-12 reps per set or more, as part of the upper-body or arm-focused portion of a workout. If you're going heavy, having someone help get the weight into position is a good idea.",Strength,Triceps,triceps,Dumbbell,Intermediate,,https://fitnessprogramer.com/wp-content/uploads/2021/06/Seated-Dumbbell-Triceps-Extension.gif,5a23bfbf-5409-47a2-8101-ffc1df6cd4d3,ef4b5448-d6bd-4e18-a061-5199cfefed95
Double-arm triceps kick-back,Double Arm Dumbbell Curl,0.5131,"The double-arm triceps kick-back is a popular movement to increase size and strength of the triceps. It is usually performed for moderate to high reps, at least 8-12 reps, as part of an upper-body or arm-focused workout.",Strength,Triceps,biceps,Dumbbell,Intermediate,,https://fitnessprogramer.com/wp-content/uploads/2022/04/Double-Arm-Dumbbell-Curl.gif,cbbb6738-48e2-4f83-8814-d36e26b426b5,9a0b4f7b-ed5a-4617-b0c0-0076c5b8d54f
One Arm Supinated Dumbbell Triceps Extension,Seated Dumbbell Triceps Extension,0.6501,No description available,Strength,Triceps,triceps,Dumbbell,Beginner,,https://fitnessprogramer.com/wp-content/uploads/2021/06/Seated-Dumbbell-Triceps-Extension.gif,5f5bcb28-ad95-496c-aaa8-9baad6589687,ef4b5448-d6bd-4e18-a061-5199cfefed95
Standing Bent-Over One-Arm Dumbbell Triceps Extension,One Arm Lying Triceps Extension,0.6692,The single-arm triceps kick-back is an isolation move from a bent-over position used to increase size and strength of the triceps.,Strength,Triceps,triceps,Dumbbell,Intermediate,,https://fitnessprogramer.com/wp-content/uploads/2021/04/One-Arm-Lying-Triceps-Extension.gif,8bffea39-ba37-4f48-8248-5b921b6572f7,419978d9-136d-479b-b67d-d551eb5a5f83
PJR Pull-Over,Lever Pullover,0.2674,No description available,Strength,Triceps,back,Dumbbell,Intermediate,,https://fitnessprogramer.com/wp-content/uploads/2022/02/Lever-Pullover-plate-loaded.gif,3cbe8824-c7fe-4da6-9980-21db1ab4e356,aa30f113-54a3-41d2-b775-0b281850272d
Paul Carter Dumbbell Kick-Back,Dumbbell V-up,0.3077,The single-arm triceps kick-back is an isolation move from a bent-over position used to increase size and strength of the triceps.,Strength,Triceps,abs,Dumbbell,Intermediate,,https://fitnessprogramer.com/wp-content/uploads/2021/10/Dumbbell-V-up.gif,3b2029b7-7d4a-47b4-bdfc-dd470d4e9653,a76d8e2a-9efb-483d-a8f0-f61498c2f4ec
Dumbbells-together incline bench press,Incline Dumbbell Hammer Press,0.4633,"The dumbbells-together incline bench press is an exercise targeting the pectoral muscles, particularly the upper pecs. Squeezing the dumbbells together forces the chest muscles to work hard during the entire press. This press variation is usually performed for moderate to high reps, such as 8-12 reps per set or more, as part of upper-body or chest-focused training.",Strength,Triceps,chest,Dumbbell,Intermediate,,https://fitnessprogramer.com/wp-content/uploads/2021/06/Incline-Dumbbel-Hammer-Press.gif,9e081ed6-fe10-48c3-ac61-1910cfc59043,ab30e968-8688-40f8-8344-a3eeffda7fa1
Dumbbell Crush Press,Dumbbell Push Press,0.6574,No description available,Strength,Triceps,full-body,Dumbbell,Intermediate,,https://fitnessprogramer.com/wp-content/uploads/2023/10/Dumbbell-Push-Press.gif,d42ae933-4313-437a-9fb6-1849f8c751fe,67ec3ca5-3fd7-44a3-b2a3-1909bf68e4aa
Holman Hovering Renegade Triceps Press,Dumbbell Renegade Row,0.4944,No description available,Strength,Triceps,back,Dumbbell,Intermediate,,https://fitnessprogramer.com/wp-content/uploads/2021/01/dumbbell-renegade-row-1.gif,cffeb1a5-1948-422e-9106-3f3243395c66,2dc60d76-ae99-4710-bc00-d448a60ee821
Holman Heavy Triceps Press to Overhead Press,Seated EZ-Bar Overhead Triceps Extension,0.411,No description available,Strength,Triceps,triceps,Dumbbell,Intermediate,,https://fitnessprogramer.com/wp-content/uploads/2021/06/Seated-EZ-Bar-Overhead-Triceps-Extension.gif,126bb332-4317-4446-a622-6ea1c3c07ed8,1dcc6265-6ce5-474d-ac78-841a5b8b0062
Total Fitness Close-Grip Dumbbell Press,Close-Grip Dumbbell Press,0.6742,"The close-grip dumbbell bench press puts a spin on a mainstay of workout enthusiasts worldwide. It’s a classic move for building a bigger, stronger chest. The difference here is that the dumbbells are held closer together.",Strength,Triceps,triceps,Dumbbell,Intermediate,,https://fitnessprogramer.com/wp-content/uploads/2021/10/Close-Grip-Dumbbell-Press.gif,65cc69e7-6c6b-4a45-9da1-bb8a5415fe46,7c957a16-ecf7-471c-a2b7-427fa5338f90
Dumbbell row to triceps kick-back,Dumbbell Row,0.528,"The dumbbell row to triceps kick-back is a dumbbell complex that combines two movements that collectively target the muscles of the lats (latissimus dorsi), upper back, and triceps. It also isometrically targets the core, hamstrings, and glutes. It is usually performed one rep of each movement at a time, although you could perform more reps of each, or increase the reps in successive rounds (e.g., 1 rep in round 1, 2 reps in round 2, etc.). No matter how you structure the sets and reps, it is a time-efficient way to hit two crucial upper-body muscles in any workout.",Strength,Triceps,back,Dumbbell,Intermediate,,https://fitnessprogramer.com/wp-content/uploads/2021/02/Dumbbell-Row.gif,929e13ca-b273-4879-9015-54917aef4941,1f92fb46-9209-4e46-ae09-323a5b0fc443
Rolling triceps press,Rolling Like a Ball,0.5284,"The rolling triceps press is a dynamic triceps exercise that is popular as a bench press accessory movement among powerlifters. It can be done in traditional muscle-building rep ranges, such as 8-12 reps per set, or for very high reps of 50-100 reps per set to boost triceps size and strength. It can be performed on a bench or on the floor if a bench is unavailable.",Strength,Triceps,erector-spinae,Dumbbell,Intermediate,,https://fitnessprogramer.com/wp-content/uploads/2022/07/Rolling-Like-a-Ball-crab.gif,ba142991-d94c-4c1b-aceb-a7127e957afb,4f020962-b060-4373-9467-c08a74cf460c
MetaBurn Skullcrusher to Ab Crunch,Barbell Reverse Grip Skullcrusher,0.5816,No description available,Strength,Triceps,triceps,Dumbbell,Intermediate,,https://fitnessprogramer.com/wp-content/uploads/2022/02/Barbell-Reverse-Grip-Skullcrusher-1.gif,6736524a-1162-4199-a972-1a0f793b35b2,8a39119a-8323-415d-92cb-b2cd46517e4b
30 Arms Dumbbell Kick-Back,Dumbbell V-up,0.4008,No description available,Strength,Triceps,abs,Dumbbell,Intermediate,,https://fitnessprogramer.com/wp-content/uploads/2021/10/Dumbbell-V-up.gif,92b45f36-d885-49d6-bfda-8ea5921c6cf4,a76d8e2a-9efb-483d-a8f0-f61498c2f4ec
30 Arms BFR Dumbbell Kick-Back,Dumbbell V-up,0.3424,No description available,Strength,Triceps,abs,Dumbbell,Intermediate,,https://fitnessprogramer.com/wp-content/uploads/2021/10/Dumbbell-V-up.gif,d409b03d-2ac7-4270-a04a-0c8648dc2f9d,a76d8e2a-9efb-483d-a8f0-f61498c2f4ec
Dumbbell saw triceps skullcrusher,Dumbbell Skull Crusher,0.6462,"The dumbbell saw triceps skullcrusher is a variation of the classic skullcrusher triceps exercise that has been a staple of bodybuilders for decades. It combines a dumbbell skullcrusher with a dumbbell shoulder press. It is usually performed for moderate to high reps, such as 8-12 reps per set or more, as part of an upper-body or arm-focused workout.",Strength,Triceps,triceps,Dumbbell,Intermediate,,https://fitnessprogramer.com/wp-content/uploads/2021/06/Dumbbell-Skull-Crusher.gif,fb556f4d-b666-428a-9ba1-65b1ee950521,8c7c4324-bb83-4829-8296-808581149a63
Chain Handle Extension,Exercise Ball Triceps Extension,0.3949,No description available,Powerlifting,Triceps,triceps,Other,Beginner,,https://fitnessprogramer.com/wp-content/uploads/2021/08/Exercise-Ball-Supine-Triceps-Extension.gif,ed5c8284-62d1-4935-a22c-10b7a71e6dc7,f7741646-5f3f-4da4-b335-50cdc187bb19
Body Triceps Press Using Flat Bench,Flat Bench Hyperextension,0.3064,The bodyweight triceps press is an arm movement that involves performing overhead presses in a face-down position on a Smith machine or other raised bar. It is a surprisingly difficult movement that hammers all three heads of the triceps and can easily be scaled upward or downward in difficulty by moving the bar.,Strength,Triceps,erector-spinae,Other,Intermediate,,https://fitnessprogramer.com/wp-content/uploads/2021/04/Flat-Bench-Hyperextension.gif,7d000886-51e3-4a0d-a1ab-0e6fce21443d,7068fffc-8964-4979-801e-16c6986d2167
Suspended Triceps Press,Triceps Dips,0.3252,No description available,Strength,Triceps,triceps,Other,Beginner,,https://fitnessprogramer.com/wp-content/uploads/2021/02/Triceps-Dips.gif,a0349a03-058f-489a-9327-9661792fb7bb,1839170f-a6c2-46e8-be63-73bb7cea1572
Seated triceps push-down,Push-down,0.6149,The seated triceps push-down is a triceps exercise that is performed with a rope attachment. The seated position helps eliminate the use of momentum. It is usually performed for moderate to high reps as part of the arm-focused portion of a workout.,Strength,Triceps,triceps,Other,Intermediate,,https://fitnessprogramer.com/wp-content/uploads/2021/02/Pushdown.gif,da7028c4-7de1-453e-a507-3efbfdf7a6b8,87a5b0c9-536a-45d6-8406-06cada37bc29
Holman Overhead Weighted Triceps Press,Seated EZ-Bar Overhead Triceps Extension,0.4919,No description available,Strength,Triceps,triceps,Other,Intermediate,,https://fitnessprogramer.com/wp-content/uploads/2021/06/Seated-EZ-Bar-Overhead-Triceps-Extension.gif,a3997f86-003c-42d7-8e6a-8ed1794ff689,1dcc6265-6ce5-474d-ac78-841a5b8b0062
30 Arms Weighted Triceps Dip,Lever Triceps Dip,0.4981,No description available,Strength,Triceps,triceps,Other,Intermediate,,https://fitnessprogramer.com/wp-content/uploads/2021/04/Lever-Overhand-Triceps-Dip.gif,9e069d57-25f8-4a74-9383-281951bec68d,7329da09-f3e1-428a-a698-aa0710b50468
Dip Machine,Machine Fly,0.6736,"The dip machine is a machine exercise that mimics a triceps dip, a bodyweight exercise performed on parallel bars or on a pull-up and dip station. It targets the triceps first, but also stretches and strengthens the chest and shoulders. Dips with a triceps focus are usually performed with an upright torso, the knees bent and crossed, and the arms close to the body. Dips can be performed for low reps for strength or higher reps for muscle growth.",Strength,Triceps,chest,Cable,Intermediate,,https://fitnessprogramer.com/wp-content/uploads/2021/05/10301301-Lever-Pec-Deck-Fly_Chest_720.gif,1f029243-06be-42cd-b7ce-2410783232b9,99cc8f1a-ea7d-40d4-bb8a-13ab1ad2439d
Paul Carter Overhead Rope Triceps Extension,Seated EZ-Bar Overhead Triceps Extension,0.6095,"The rope overhead triceps extension is a single-joint exercise focused on the triceps and using a cable stack with a rope handle. The overhead position targets the long head of the triceps in particular. Many lifters save this move for last in their triceps workout, performing it for moderate to high reps, like at least 8-12 reps or higher.",Strength,Triceps,triceps,Cable,Intermediate,,https://fitnessprogramer.com/wp-content/uploads/2021/06/Seated-EZ-Bar-Overhead-Triceps-Extension.gif,36bace68-29e0-487c-bbf0-08e2dd5f884f,1dcc6265-6ce5-474d-ac78-841a5b8b0062
TBS Rope Cable Push-Down,Push-down,0.5756,"The cable rope push-down is a popular exercise targeting the triceps muscles. It's easy to learn and perform, making it a favorite for everyone from beginners to advanced lifters. It is usually performed for moderate to high reps, such as 8-12 reps or more per set, as part of an upper-body or arm-focused workout.",Strength,Triceps,triceps,Cable,Intermediate,,https://fitnessprogramer.com/wp-content/uploads/2021/02/Pushdown.gif,398666e5-d6d2-4a71-90f1-0229617adbb4,87a5b0c9-536a-45d6-8406-06cada37bc29
Single-arm cable triceps kick-back,Cable Tricep Kickback,0.6054,"The single-arm cable triceps kick-back is an isolation exercise that targets the triceps. This is a common burnout move performed for moderate to high reps, such as 8-12 reps per set or more, as part of an upper-body or arm-focused workout.",Strength,Triceps,triceps,Cable,Intermediate,,https://fitnessprogramer.com/wp-content/uploads/2021/02/Cable-Tricep-Kickback.gif,305e5f0d-96fe-42c3-bdc2-297db5d80d23,20ae6935-5061-41e9-b3a4-061fbb22ea21
Reverse-grip cable straight-bar push-down,Cable Reverse Grip EZ-bar Biceps Curl,0.5617,"The reverse-grip cable straight-bar push-down is a twist on the popular cable straight-bar push-down. The difference has to do with how the hands are positioned holding the bar: the palms facing up rather than down. Because grip will be a limiting factor, this movement is usually performed for moderate to high reps, such as 8-12 reps per set or higher.",Strength,Triceps,biceps,Cable,Intermediate,,https://fitnessprogramer.com/wp-content/uploads/2022/02/Cable-Reverse-Grip-EZ-bar-Biceps-Curl.gif,aaf4e5d5-6063-468e-99c7-c38df0dc828e,a65a79f7-78f2-4300-acfc-af6f45964174
Reverse-Grip Cable Triceps Pushdown - Gethin Variation,One Arm Reverse Pushdown,0.6456,"The reverse-grip cable straight-bar push-down is a twist on the popular cable straight-bar push-down. The difference has to do with how the hands are positioned holding the bar: the palms facing up rather than down. Because grip will be a limiting factor, this movement is usually performed for moderate to high reps, such as 8-12 reps per set or higher.",Strength,Triceps,triceps,Cable,Intermediate,,https://fitnessprogramer.com/wp-content/uploads/2021/02/One-Arm-Reverse-Push-Down.gif,f266c94f-3771-40eb-acf2-e52671e4c129,09bced0c-22ba-4a56-bfce-1b3026631d10
Triceps Overhead Extension with Rope - Gethin Variation,Seated EZ-Bar Overhead Triceps Extension,0.6761,The overhead triceps extension is an isolation exercise that is performed with a cable. It is usually performed for moderate to high reps as part of the arm-focused portion of a workout.,Strength,Triceps,triceps,Cable,Intermediate,,https://fitnessprogramer.com/wp-content/uploads/2021/06/Seated-EZ-Bar-Overhead-Triceps-Extension.gif,097c9d09-911d-41c6-90a3-374aee9857e9,1dcc6265-6ce5-474d-ac78-841a5b8b0062
Cable rope push-down,Push-down,0.6606,"The cable rope push-down is a popular exercise targeting the triceps muscles. It's easy to learn and perform, making it a favorite for everyone from beginners to advanced lifters. It is usually performed for moderate to high reps, such as 8-12 reps or more per set, as part of an upper-body or arm-focused workout.",Strength,Triceps,triceps,Cable,Intermediate,,https://fitnessprogramer.com/wp-content/uploads/2021/02/Pushdown.gif,7f8c518f-8e01-414f-bcc1-018909c6dfe1,87a5b0c9-536a-45d6-8406-06cada37bc29
Cable straight-bar push-down,Straight Bar Dip,0.6171,"The cable straight-bar push-down is a popular gym exercise for targeting the triceps. It is usually performed for moderate to high reps, such as 8-12 reps or more per set, as part of an upper-body or arm-focused workout.",Strength,Triceps,full-body,Cable,Intermediate,,https://fitnessprogramer.com/wp-content/uploads/2022/01/Straight-Bar-Dip.gif,f29fac54-ada7-430f-a1a9-05069343ad62,27e268e4-b829-4ddf-8c8e-679378df19fd
Straight-arm bar pull-down,Rope Straight Arm Pulldown,0.6478,"The straight-arm bar pull-down is a variation of the straight-arm lat pull-down performed using a cable stack machine. It can either be performed in an athletic upright stance, or slightly bent over. It both stretches and contracts the muscles of the lats (latissimus dorsi) as well as providing additional activation to the other upper back muscles and the core. Because the triceps are also isometrically involved in the movement, it is usually performed for higher reps, such as 8-15 reps or more.",Strength,Triceps,back,Cable,Intermediate,,https://fitnessprogramer.com/wp-content/uploads/2021/06/Rope-Straight-Arm-Pulldown.gif,5cbdb1ef-fb43-47c6-93d6-44fbeeaae97c,ba4cd88c-dd37-4864-9d39-49e09a80a206
AM Bar Triceps Push-Down,Push-down,0.6342,"The cable straight-bar push-down is a popular gym exercise for targeting the triceps. It is usually performed for moderate to high reps, such as 8-12 reps or more per set, as part of an upper-body or arm-focused workout.",Strength,Triceps,triceps,Cable,Intermediate,,https://fitnessprogramer.com/wp-content/uploads/2021/02/Pushdown.gif,00dc048a-2f9b-4df2-a625-e908098fae17,87a5b0c9-536a-45d6-8406-06cada37bc29
UP Triceps Extension Straight-Bar Push-Down,Exercise Ball Triceps Extension,0.6257,"The cable straight-bar push-down is a popular gym exercise for targeting the triceps. It is usually performed for moderate to high reps, such as 8-12 reps or more per set, as part of an upper-body or arm-focused workout.",Strength,Triceps,triceps,Cable,Intermediate,,https://fitnessprogramer.com/wp-content/uploads/2021/08/Exercise-Ball-Supine-Triceps-Extension.gif,50cc3633-3614-4c5f-bb51-ce8fa8cb14b0,f7741646-5f3f-4da4-b335-50cdc187bb19
30 Arms Underhand Cable Straight-Bar Push-Down,EZ Bar Underhand Press,0.6264,No description available,Strength,Triceps,shoulders,Cable,Intermediate,,https://fitnessprogramer.com/wp-content/uploads/2021/06/EZ-Bar-Underhand-Press.gif,3861b62a-5db1-4c5d-922f-39085e44dd54,d53c437d-27e6-4b4c-a908-f6f9aedc81eb
30 Arms Cable V-Bar Push-Down,Push-down,0.5953,No description available,Strength,Triceps,triceps,Cable,Intermediate,,https://fitnessprogramer.com/wp-content/uploads/2021/02/Pushdown.gif,f560386e-fa0c-4915-872a-91eeca0a8fc7,87a5b0c9-536a-45d6-8406-06cada37bc29
30 Arms Cable Straight-Bar Push-Down,Straight Bar Dip,0.5433,No description available,Strength,Triceps,full-body,Cable,Intermediate,,https://fitnessprogramer.com/wp-content/uploads/2022/01/Straight-Bar-Dip.gif,5e4ab04e-b839-4f19-8a8d-17d6d0f7887f,27e268e4-b829-4ddf-8c8e-679378df19fd
30 Arms Cable Rope Push-Down,Push-down,0.5601,No description available,Strength,Triceps,triceps,Cable,Intermediate,,https://fitnessprogramer.com/wp-content/uploads/2021/02/Pushdown.gif,7486e489-b375-469e-aa55-8a80d98d097b,87a5b0c9-536a-45d6-8406-06cada37bc29
BFR underhand straight-bar push-down,EZ Bar Underhand Press,0.6452,"The blood flow restriction (BFR) underhand straight-bar push-down is an arm movement that builds triceps size and strength using a cable stack, straight-bar grip, and blood flow restriction bands. It is popular in high-rep ""pump""-style arm workouts. The bands should be placed as high as possible on your arms, at a tightness of no greater than 8 on a scale of 10. Most BFR workouts recommend using a far lighter weight than usual, perhaps as low as 25-50 percent of a normal working weight.",Strength,Triceps,shoulders,Cable,Intermediate,,https://fitnessprogramer.com/wp-content/uploads/2021/06/EZ-Bar-Underhand-Press.gif,7b2b8967-87b7-4305-91f3-7af58465e2ea,d53c437d-27e6-4b4c-a908-f6f9aedc81eb
BFR overhand straight-bar push-down,Straight Bar Dip,0.461,"The blood flow restriction (BFR) overhand straight-bar push-down is an arm movement that builds triceps size and strength using a cable stack, straight-bar grip, and blood flow restriction bands. It is popular in high-rep ""pump""-style arm workouts. The bands should be placed as high as possible on your arms, at a tightness of no greater than 8 on a scale of 10. Most BFR workouts recommend using a far lighter weight than usual, perhaps as low as 25-50 percent of a normal working weight.",Strength,Triceps,full-body,Cable,Intermediate,,https://fitnessprogramer.com/wp-content/uploads/2022/01/Straight-Bar-Dip.gif,0720d7f8-3260-4849-8d73-f8fe262ac9c7,27e268e4-b829-4ddf-8c8e-679378df19fd
BFR cable rope push-down,Push-down,0.551,"The blood flow restriction (BFR) cable rope push-down is an arm movement that builds triceps size and strength using a cable stack, rope grip, and blood flow restriction bands. It is popular in high-rep ""pump""-style arm workouts. The bands should be placed as high as possible on your arms, at a tightness of no greater than 8 on a scale of 10. Most BFR workouts recommend using a far lighter weight than usual, perhaps as low as 25-50 percent of a normal working weight.",Strength,Triceps,triceps,Cable,Intermediate,,https://fitnessprogramer.com/wp-content/uploads/2021/02/Pushdown.gif,5dfe6355-aa0e-4f88-a335-3e3692bb28bc,87a5b0c9-536a-45d6-8406-06cada37bc29
Triceps Pressdown,Triceps Dips,0.3336,No description available,Strength,Triceps,triceps,Cable,Intermediate,,https://fitnessprogramer.com/wp-content/uploads/2021/02/Triceps-Dips.gif,1c5c30c0-1c67-4e51-8611-d168225fd419,1839170f-a6c2-46e8-be63-73bb7cea1572
Smith machine end-grip shoulder press,Smith Machine Hex Press,0.5617,"The Smith machine end-grip shoulder press is a machine-based exercise targeting the shoulder muscles. It is performed holding the end of the bar in the Smith machine on the outside of the rack. It is usually performed for moderate to high reps, such as 8-12 reps per set or more, as part of an upper-body or shoulder-focused workout.",Strength,Triceps,chest,Machine,Intermediate,,https://fitnessprogramer.com/wp-content/uploads/2021/09/Smith-Machine-Hex-Press.gif,3a244b0f-3c32-44c9-8c06-965d16ed112f,792da8ae-239a-4d3f-9fde-449343848455
Assist machine triceps push-down,Push-down,0.4666,"The assist machine triceps push-down is a triceps-focused exercise that is performed on an assisted pull-up or dip station. It is performed by pressing downward on the knee pad of the machine, against the resistance of the weight. It approximates the motion of a triceps cable rope push-down, but with open hands. This variation is often performed for moderate to high reps, such as 8-12 reps per set or more, as part of upper-body or arm-focused training.",Strength,Triceps,triceps,Machine,Intermediate,,https://fitnessprogramer.com/wp-content/uploads/2021/02/Pushdown.gif,3b79288f-fa5e-458d-8604-61f8d4e6b49f,87a5b0c9-536a-45d6-8406-06cada37bc29
Smith machine close-grip bench press-,Incline Close-Grip Bench Press,0.6734,"The Smith machine close-grip bench press is a machine-based movement targeting the chest and triceps. The Smith machine mimics a barbell but provides more stability. This movement can be programmed in low reps for strength or higher reps for muscle and strength endurance. It is often performed for moderate to high reps, such as 8-12 reps per set or more, as part of a chest, arms, or upper-body focused workout.",Strength,Triceps,chest,Machine,Intermediate,,https://fitnessprogramer.com/wp-content/uploads/2022/04/Incline-Close-Grip-Bench-Press.gif,bb8f4f2e-7640-47a6-8c13-e3e83da66277,8fa2b59f-b296-4302-a934-622cc90c3bd5
Machine Triceps Extension - Gethin Variation,Exercise Ball Triceps Extension,0.6623,The machine triceps extension is an isolation exercise targeting the tricep muscles.,Strength,Triceps,triceps,Machine,Intermediate,,https://fitnessprogramer.com/wp-content/uploads/2021/08/Exercise-Ball-Supine-Triceps-Extension.gif,7946f937-6b4b-438d-9aac-4b29abbb660a,f7741646-5f3f-4da4-b335-50cdc187bb19
Weighted bench dip,Weighted One Arm Pull-up,0.524,The weighted bench dip is a highly effective exercise for building the triceps. The resistance comes from a combination of body weight and added weight—usually a weight plate.,Strength,Triceps,back,Body Only,Intermediate,,https://fitnessprogramer.com/wp-content/uploads/2022/01/Weighted-One-Arm-Pull-up.gif,f713df64-c6a0-4767-a633-bde228f55fdc,e63af0a7-b130-4082-91df-a731e97d7b52
Push-Ups - Close Triceps Position,Calves Stretch Static Position,0.4093,"The close push-up is an upper-body exercise that targets the chest, triceps, and shoulders. The close hand position places more emphasis on the triceps.",Strength,Triceps,calf,Body Only,Intermediate,,https://fitnessprogramer.com/wp-content/uploads/2022/02/Calves-Stretch-Static-Position.gif,5897a17e-98c6-4ce3-8c9b-8a678e6778db,9170a836-796b-4088-b962-f644e232c9f7
Feet-elevated bench dip,Bench Dips,0.3804,"The feet-elevated bench dip is a popular bodyweight exercise for building the triceps, chest, and shoulders. Elevating the feet brings more chest and shoulder into the movement, but also allows for extra weight on the hips. If these bother your shoulders, try performing them between two benches or chairs rather than on a single bench.",Strength,Triceps,triceps,Body Only,Intermediate,,https://fitnessprogramer.com/wp-content/uploads/2021/02/Bench-Dips.gif,f6b878c3-4ea3-46be-932c-6db5a89e29fa,74b48d10-06a9-43aa-bb07-90ed3aa44132
Bodyweight triceps press,Bodyweight Box Squat,0.6634,The bodyweight triceps press is an arm movement that involves performing overhead presses in a face-down position on a Smith machine or other raised bar. It is a surprisingly difficult movement that hammers all three heads of the triceps and the difficulty can easily be scaled up or down by moving the bar.,Strength,Triceps,leg,Body Only,Intermediate,,https://fitnessprogramer.com/wp-content/uploads/2022/07/Bodyweight-Box-Squat.gif,7d79095d-d8f1-476e-a6f9-d9842556fdb9,69b0e3dc-6a8c-48f8-b21b-35344273d03b
Standing Towel Triceps Extension,Standing Triceps Extension | Gymstick,0.6546,No description available,Strength,Triceps,triceps,Body Only,Beginner,,https://fitnessprogramer.com/wp-content/uploads/2022/05/Standing-Triceps-Extension.gif,8aa292ff-15c3-4e37-b1e9-faa76788426f,f5b959c4-bee3-491d-b4c4-11c2d3774b76
Overhead Triceps,Seated EZ-Bar Overhead Triceps Extension,0.664,No description available,Stretching,Triceps,triceps,Body Only,Beginner,,https://fitnessprogramer.com/wp-content/uploads/2021/06/Seated-EZ-Bar-Overhead-Triceps-Extension.gif,bb59ae2b-ba20-4097-a3cb-b66c8568cd4e,1dcc6265-6ce5-474d-ac78-841a5b8b0062
Russian Bar Dip,Ball Russian Twist throw with partner,0.4833,"The Russian dip is a chest-and-triceps building exercise that resembles the chest dip, albeit with a twist that makes it even harder and more taxing.",Strength,Triceps,abs,Body Only,Intermediate,,https://fitnessprogramer.com/wp-content/uploads/2022/09/Ball-Russian-Twist-throw-with-partner.gif,3f268c27-2213-4475-bda9-b49eaceefcae,a0b96102-09e9-4dc0-9760-e8bb089c7b9c
Straight-arm plank with kick-back,Reverse Plank Kicks,0.455,"The straight-arm plank with kick-back is a hybrid movement that trains the abdominal and triceps muscles simultaneously. It can address multiple muscle groups in a time-efficient muscle-building or circuit-style workout, while also providing an additional cardiovascular challenge.",Strength,Triceps,abs,Body Only,Intermediate,,https://fitnessprogramer.com/wp-content/uploads/2021/02/Reverse-Plank-Kicks.gif,006c69b7-9b63-4a0f-882c-da0aee371b45,7b39b096-90a2-4e44-a42e-d420cfd90f84
TBS Dip,Dip Shrugs (Serratus Shrugs),0.3607,The triceps dip is a machine version of an exercise that many lifters perform using parallel bars or two parallel benches. The machine is found in many gyms.,Strength,Triceps,trapezius,Body Only,Intermediate,,https://fitnessprogramer.com/wp-content/uploads/2022/02/Dip-Shrugs.gif,bb05d9a1-b285-4410-9400-2fbe6532c3ee,7c3ad67d-a7f7-49bf-9723-b31e20dfc0cb
Banded dip,Banded Leg Curl,0.6326,"The banded dip is a bodyweight exercise targeting the chest, triceps, and shoulders. This variation utilizes an exercise band to help support the lifter in the bottom part of the movement. This makes pushing out of the hole easier, and may combat the shoulder pain that some lifters feel when they perform dips. The top of the movement receives less help from the band, putting more stress on the triceps.",Strength,Triceps,leg,Body Only,Intermediate,,https://fitnessprogramer.com/wp-content/uploads/2022/10/Banded-Leg-Curl.gif,f74bbf9d-efac-4aaa-b15c-553be779116d,3d57c3ea-e3b0-4e30-b7a6-0a26ed859c6e
Bench Dip - Gethin Variation,Bench Dips,0.4958,"The bench dip is a highly effective exercise for building the triceps. The resistance comes from the body itself, rather than weight.",Strength,Triceps,triceps,Body Only,Intermediate,,https://fitnessprogramer.com/wp-content/uploads/2021/02/Bench-Dips.gif,a39d3b2b-4d31-496b-83f3-7b843843dede,74b48d10-06a9-43aa-bb07-90ed3aa44132
Bench dip,Bench Dips,0.6642,"The bench dip is a highly effective exercise for building the triceps. The resistance comes from the body itself, rather than added weight.",Strength,Triceps,triceps,Body Only,Intermediate,,https://fitnessprogramer.com/wp-content/uploads/2021/02/Bench-Dips.gif,f51dccbb-85f5-4377-8ee2-0a8d1efb1af5,74b48d10-06a9-43aa-bb07-90ed3aa44132
Holman Step Triceps Dip,Lever Triceps Dip,0.5809,No description available,Strength,Triceps,triceps,Body Only,Intermediate,,https://fitnessprogramer.com/wp-content/uploads/2021/04/Lever-Overhand-Triceps-Dip.gif,89669cdf-be58-4bf7-8060-a68981867d31,7329da09-f3e1-428a-a698-aa0710b50468
Holman Chair Triceps Dip,Chair Dips,0.5873,No description available,Strength,Triceps,triceps,Body Only,Intermediate,,https://fitnessprogramer.com/wp-content/uploads/2021/04/CHAIR-DIPS.gif,371ea458-4a18-4657-abb7-6be90858fefb,ba47be99-9bd7-4f48-bb63-32deb50b8497
Bodyweight Triceps Rope Press,Bodyweight Box Squat,0.6009,No description available,Strength,Triceps,leg,Body Only,Intermediate,,https://fitnessprogramer.com/wp-content/uploads/2022/07/Bodyweight-Box-Squat.gif,cc188827-0a2a-40c4-b0d8-6eb8c0459e17,69b0e3dc-6a8c-48f8-b21b-35344273d03b
Holman Heavy Triceps Overhead Press,Seated EZ-Bar Overhead Triceps Extension,0.4655,No description available,Strength,Triceps,triceps,Body Only,Intermediate,,https://fitnessprogramer.com/wp-content/uploads/2021/06/Seated-EZ-Bar-Overhead-Triceps-Extension.gif,09da0b26-63db-4666-835f-742532b2c45c,1dcc6265-6ce5-474d-ac78-841a5b8b0062
Holman Couch Triceps Dip,Lever Triceps Dip,0.4965,No description available,Strength,Triceps,triceps,Body Only,Intermediate,,https://fitnessprogramer.com/wp-content/uploads/2021/04/Lever-Overhand-Triceps-Dip.gif,48deeb7b-94b8-400a-b534-879216fe470a,7329da09-f3e1-428a-a698-aa0710b50468
FYR2 Triceps Push-Up,Triceps Dips,0.4599,No description available,Strength,Triceps,triceps,Body Only,Intermediate,,https://fitnessprogramer.com/wp-content/uploads/2021/02/Triceps-Dips.gif,6ef423ec-de9c-467e-bc04-5050b602008f,1839170f-a6c2-46e8-be63-73bb7cea1572
30 Arms Triceps Dip,Lever Triceps Dip,0.6227,No description available,Strength,Triceps,triceps,Body Only,Intermediate,,https://fitnessprogramer.com/wp-content/uploads/2021/04/Lever-Overhand-Triceps-Dip.gif,1ead0251-bcc9-40a5-916c-5c503461e1aa,7329da09-f3e1-428a-a698-aa0710b50468
30 Arms BFR Close-Grip Push-Up,Close Grip Knee Push-up,0.6403,No description available,Strength,Triceps,chest,Body Only,Intermediate,,https://fitnessprogramer.com/wp-content/uploads/2022/07/Close-Grip-Knee-Push-up.gif,b5d23713-3fc6-4cee-8010-883c60267331,a694cce5-f679-4977-8533-787fda435656
Decline EZ-bar skullcrusher,Barbell Reverse Grip Skullcrusher,0.6598,"The decline EZ-bar skullcrusher is a popular exercise targeting the triceps muscles. The angle of the bench creates a greater range of motion than flat bench skullcrushers, as well as targeting the lateral head of the muscle. This exercise is usually performed for moderate to high reps as part of an upper-body or arm-focused workout.",Strength,Triceps,triceps,E-Z Curl Bar,Intermediate,,https://fitnessprogramer.com/wp-content/uploads/2022/02/Barbell-Reverse-Grip-Skullcrusher-1.gif,555ff965-7abd-4c95-89de-82ce62c5aa88,8a39119a-8323-415d-92cb-b2cd46517e4b
Lying Close-Grip Barbell Triceps Press To Chin,Close Grip Chin Up,0.6498,No description available,Strength,Triceps,back,E-Z Curl Bar,Beginner,,https://fitnessprogramer.com/wp-content/uploads/2021/04/Close-Grip-Chin-Up.gif,fe0b835e-07fb-4c55-b9db-e90216cfee2f,f1e93faa-a361-4b3c-aa15-bf63b0d672d7
EZ-Bar Skullcrusher - Gethin Variation,Barbell Reverse Grip Skullcrusher,0.6753,"The EZ-bar skullcrusher is a popular exercise targeting the triceps muscles. The EZ-bar is used more often than a straight bar. As for the name, that’s worst-case scenario. The bar should actually come down behind the head. It is usually performed for moderate to high reps as part of an upper body or arms-focused workout. No need to chase a 1RM on this move!",Strength,Triceps,triceps,E-Z Curl Bar,Intermediate,,https://fitnessprogramer.com/wp-content/uploads/2022/02/Barbell-Reverse-Grip-Skullcrusher-1.gif,4ea4aef5-d99b-4145-b445-28276cd0a83c,8a39119a-8323-415d-92cb-b2cd46517e4b
30 Arms EZ-Bar Skullcrusher,Barbell Reverse Grip Skullcrusher,0.6797,No description available,Strength,Triceps,triceps,E-Z Curl Bar,Intermediate,,https://fitnessprogramer.com/wp-content/uploads/2022/02/Barbell-Reverse-Grip-Skullcrusher-1.gif,86d66386-0cfa-4307-8fa8-1764ede7b965,8a39119a-8323-415d-92cb-b2cd46517e4b
